position,velocity,acceleration
-297.1382470347972,19.444444444444443,-1.4771517342637707e-15
-294.8049137014639,19.444444444444443,0.0004339226367660045
-292.4715741196446,19.444496515160854,0.0008227536165594589
-290.13822269017317,19.44459524559484,0.0011709836022560872
-287.8048543985379,19.44473576362711,0.00148276692933061
-285.47146475505883,19.44491369565863,0.001761942853022645
-283.1380497396027,19.445125128800992,0.0020120556644123225
-280.804605750545,19.445366575480723,0.0022363737269033017
-278.4711295577057,19.445634940327952,0.0024379074818210488
-276.1376182589986,19.44592748922577,0.0026194264695217255
-273.80406924055035,19.44624182040211,0.0027834754101765742
-271.47048014005617,19.44657583745133,0.002932389386333811
-269.13684881315487,19.44692772417769,0.0030683081676674854
-266.80317330261596,19.44729592115781,0.003193189716495777
-264.46945181014513,19.44767910392379,0.0033088229112481363
-262.13568267062436,19.44807616267314,0.0034168395234823587
-259.80186432861444,19.44848618341596,0.00351872548282343
-257.46799531695757,19.448908430473896,0.003615831462819775
-255.13407423732764,19.449342330249433,0.0037093828196256046
-252.8000997425851,19.44978745618779,0.003800488914156564
-250.46607052080222,19.450243514857487,0.003890151847452519
-248.1319852808327,19.450710333079183,0.003979274637699385
-245.79784273930844,19.451187846035708,0.004068668866634673
-243.46364160895246,19.451676086299706,0.004159061821848903
-241.12938058810624,19.452175173718327,0.004251103160722016
-238.79505835137454,19.452685306097614,0.004345371120725264
-236.4606735412987,19.453206750632102,0.004442378300002411
-234.1262247609753,19.453739836028102,0.004542577031240368
-231.79171056754268,19.45428494527185,0.004646364370954491
-229.45712946646313,19.454842508996364,0.004754086725593737
-227.12247990653472,19.455412999403435,0.004866044134940449
-224.78776027557078,19.45599692469963,0.0049824942325954295
-222.45296889668987,19.456594824007542,0.005103655902473303
-220.11810402516397,19.45720726271584,0.005229712649513582
-217.78316384577593,19.457834828233782,0.0053608157020978925
-215.44814647064177,19.458478126118035,0.005497086862861732
-213.1130499374568,19.459137776541578,0.005638621123958869
-210.77787220812763,19.459814411076454,0.005785489062045743
-208.44261116775596,19.4605086697639,0.005937739027685479
-206.10726462394229,19.461221198447223,0.0060953991430801446
-203.77183030638096,19.461952646344393,0.00625847912150021
-201.4363058667203,19.462703663838973,0.006426971921062511
-199.10068887866396,19.4634749004695,0.006600855244958542
-196.76497683829209,19.464267003098893,0.006780092899565241
-194.42916716458245,19.46508061424684,0.006964636021369925
-192.09325720011412,19.465916370569406,0.007154424182963036
-189.75724421193758,19.46677490147136,0.007349386387911896
-187.42112539259702,19.46765682783791,0.00754944196371739
-185.0848978612922,19.468562760873557,0.007754501361610889
-182.74855866516776,19.469493301036948,0.007964466871314238
-180.41210478072037,19.470449037061506,0.008179233258588783
-178.07565089627298,19.471430545052538,0.00839513945411955
-175.73907923086668,19.472437961787033,0.008615245949363816
-173.40238667545225,19.473471791300955,0.008842820730057916
-171.06557006049613,19.474532929788563,0.009084092923799674
-168.7286261089215,19.47562302093942,0.009346553867580628
-166.39155134640876,19.47674460740353,0.009637512815425783
-164.05434199352032,19.477901108941378,0.00996332588205075
-161.71699386044736,19.479096708047223,0.01032922054499185
-159.3795022554817,19.480336214512622,0.010739227247994953
-157.0418619097402,19.48162492178238,0.011196269248096873
-154.70406691912632,19.482968474092154,0.01170225936132935
-152.36611070223526,19.484372745215513,0.012258392696092114
-150.0279859728094,19.485843752339044,0.012865617907515874
-147.6896847225287,19.487387626487944,0.013524780794790437
-145.35119820735017,19.48901060018332,0.014236028343290104
-143.01251693532816,19.490718923584517,0.01499901255864775
-140.67363066449803,19.492518805091553,0.01581330361287069
-138.33452840788703,19.494416401525097,0.016678462281884555
-135.995198439704,19.496417816998925,0.01759416925015175
-133.65562830166414,19.498529117308944,0.0185596217337791
-131.31580480758706,19.500756271917,0.01957357315650618
-128.97571405495702,19.50310510069578,0.02063436766987108
-126.63534144287352,19.505581224816165,0.021739750073329407
-124.29467169589559,19.508189994824964,0.02288693722646998
-121.9536888965166,19.51093642729214,0.024072611537432093
-119.61237652524154,19.513825140676634,0.02529305942777981
-117.27071750836035,19.516860307807967,0.02654434171797634
-114.9286942714234,19.520045628814124,0.027822517045690127
-112.5862887959657,19.523384330859606,0.02912366187952602
-110.24348267626254,19.52687917028515,0.03044395865357598
-107.90025717582833,19.530532445323576,0.031779764988698944
-105.5565932823895,19.53434601712222,0.03312757617685727
-103.21247176033484,19.538321326263443,0.03448403403916022
-100.86787320118323,19.54245941034814,0.03584596797107516
-98.52277807194146,19.54676092650467,0.03721038474164952
-96.1771667607609,19.55122617267367,0.0385744705709066
-93.83101962004005,19.55585510914218,0.03993549505649644
-91.48431700694299,19.56064736854896,0.04129075604916752
-89.13703932271711,19.56560225927486,0.04263756689483463
-86.78916705160412,19.570718767302242,0.04397322147227532
-84.44068079952785,19.575995553878915,0.04529496985083823
-82.09156133306239,19.581430950261016,0.04660004367110766
-79.74178961903107,19.58702295550155,0.047885654076599914
-77.39134686437089,19.59276923399074,0.04914894607912678
-75.040214556292,19.598667107520235,0.050387057000888816
-72.68837450338957,19.60471355436034,0.051597172204529335
-70.33580887686632,19.610905215024886,0.052776572644709335
-67.98250025106334,19.617238403742252,0.05392264234663724
-65.62843164261427,19.62370912082385,0.055032945177954345
-63.27358654811541,19.630313074245205,0.05610524236360804
-60.91794897920599,19.637045703328837,0.057137504534430686
-58.56150349480653,19.64390220387297,0.05812793033826086
-56.20423523034177,19.65087755551356,0.059074906927761225
-53.846129923680145,19.65796654434489,0.05997699724620826
-51.48717393835876,19.665163784014435,0.0608329340425483
-49.127354284277025,19.67246373609954,0.0616416142428399
-46.76665863594508,19.67986072980868,0.062402064170883856
-44.40507534836804,19.68734897750919,0.06311340646139248
-42.04259347106694,19.694922586284555,0.06377482669978754
-39.67920276071279,19.70257556548853,0.06438554608535149
-37.31489369285417,19.71030183101877,0.06494480528265097
-34.94965747313192,19.718095207652688,0.06545188218934463
-32.5834860482136,19.72594943351541,0.06590609754406884
-30.216372116191753,19.7338581652207,0.06630683571945943
-27.84830913636527,19.741814985507034,0.06665351804893999
-25.479291338104424,19.749813407672907,0.06694565834534166
-23.109313729183675,19.757846886674347,0.06718287754541097
-20.738372102782755,19.765908831979797,0.06736490783923905
-18.366463042945178,19.773992620920506,0.06749159640212947
-15.993583928434717,19.782091612488763,0.06756290366687012
-13.619732934936065,19.790199160928786,0.0675789054045427
-11.24490903562461,19.79830862957733,0.06753979034437109
-8.869112000075331,19.806413404418656,0.06744589341234357
-6.492342391545092,19.814506911628136,0.0672976487606759
-4.114601562149716,19.822582629479417,0.06709557741372844
-1.7358916466121856,19.830634098769064,0.06684027741048959
0.6437844452401018,19.838654932058322,0.0665324137815175
3.0244230370871006,19.846638821712105,0.06617270979874702
5.406019695692553,19.854579546887955,0.06576047217155705
7.788569241319108,19.86247080354854,0.06529342651230263
10.172065737744932,19.870306014730016,0.06476819587860218
12.556502459512533,19.878078198235446,0.06418088261250614
14.941871843300786,19.885779904148947,0.06352717744839646
17.32816543179866,19.893403165442756,0.06280297677250352
19.71537381165179,19.900939522655456,0.06200459897503424
22.103486554370445,19.90838007453246,0.06112895865522322
24.49249216331434,19.915715549571086,0.0601736817297392
26.882378029262867,19.922936391378656,0.059136857213743205
29.273130396228304,19.930032814244306,0.058016848562763595
31.66473433393762,19.93699483607184,0.056812268755085576
34.05717371426624,19.94381230832245,0.055521868654435216
36.45043119126493,19.950474932560983,0.05414428669246205
38.84448818317225,19.956972246964078,0.05267806695654552
41.23932485280794,19.963293614998864,0.05112163470019631
43.634920086607806,19.96942821116289,0.04947288115744548
46.03125147194735,19.97536495690178,0.04772898434616049
48.428295266775564,19.98109243502332,0.0458863365980727
50.82602635897836,19.98659879541509,0.0439406965407026
53.22441821442817,19.991871678999974,0.04188751397381577
55.62344281590816,19.996898180676833,0.03972222225583868
58.02307059758938,20.001664847347534,0.03744038476043107
60.42327037927109,20.006157693518787,0.03503779522825145
62.824009302493344,20.010362228946178,0.03251054671188103
65.22525276996689,20.014263494551603,0.029854950190270502
67.62696438931307,20.017846088574437,0.027067530108024193
70.02910591994201,20.0210941921874,0.02414498819960423
72.4316372230045,20.023991590771356,0.021083915366408277
74.83451621389706,20.026521660615327,0.01788049943318403
77.2376988131709,20.02866732054731,0.01453064064107463
79.64113889163657,20.030410997424237,0.011029983912236441
82.04478821132749,20.031734595493706,0.007374065466394938
84.44859636278673,20.032619483349674,0.003558419503915133
86.85251070078868,20.033046493690144,-0.000421348231006583
89.2564762800315,20.032995931902423,-0.004569481579575023
91.6604357918598,20.032447594112874,-0.008890184087435558
94.06432950315335,20.03138077202238,-0.013387711231482158
96.46809519579602,20.029774246674602,-0.018066474863181744
98.87166810539698,20.02760626969102,-0.022930891445255588
101.2749808577599,20.02485456271759,-0.027985284899863988
103.67796340528601,20.021496328529604,-0.03323389960853835
106.08054296470957,20.01750826057658,-0.0386809590335076
108.48264395597876,20.01286654549256,-0.04433065573170934
110.88418794143787,20.007546866804756,-0.05018715112342256
113.28509356545445,20.001524408669944,-0.056254489025816146
115.68527649449484,19.994773869986847,-0.06253652572917824
118.08464935889326,19.987269486899347,-0.06903687636957791
120.48312169732118,19.978985061735,-0.07575887591395633
122.88059990472938,19.969893996625323,-0.08270551733532955
125.27698718432441,19.959969334545082,-0.0898795610821939
127.67218350446983,19.94918378721522,-0.0972833230743319
130.06608555893564,19.9375097884463,-0.10491867325054484
132.4585867335492,19.924919547656234,-0.11278716556732028
134.84957707926793,19.911385087788155,-0.12088995946786821
137.2389432898025,19.896878292652012,-0.12922776619765405
139.62656868492076,19.881370960708292,-0.1378008814422383
142.01233320020575,19.864834854935225,-0.14660913040365386
144.39611338279798,19.847241759286785,-0.15565176645763873
146.7777823939124,19.82856354731187,-0.16492751444745687
149.15721001958983,19.808772245578176,-0.17443454394263985
151.5342626890592,19.787840100305058,-0.18417048740233555
153.9088035010958,19.765739641816776,-0.19413246731800124
156.28069225811382,19.742443745738615,-0.2043170847364357
158.64978550760245,19.717925695570244,-0.21472040318423918
161.01593659107087,19.692159247188137,-0.22533791343117052
163.37899570073344,19.665118697576396,-0.23616367686710646
165.7388099444426,19.636779056352342,-0.247188334383933
168.0952234312049,19.60711645622627,-0.2583992394747509
170.44807740595203,19.576108547489298,-0.269781249435386
172.79721043165074,19.54373479755705,-0.2813177883274544
175.14245860735758,19.509976662957754,-0.29299165960277473
177.4836558069125,19.47481766380542,-0.30478572315978564
179.82063392656917,19.438243377026247,-0.3166830349937327
182.15322313181233,19.400241412827,-0.32866696258176886
184.48125210135157,19.360801377317188,-0.3407211229404464
186.80454826662964,19.319914842564334,-0.35282904126089365
189.12293804773736,19.277575357613028,-0.36497387361297806
191.43624709065094,19.23377849277947,-0.3771379334549007
193.74430050978447,19.188521940764883,-0.38930234301794364
196.04692314267626,19.141805659602728,-0.4014468739461078
198.3439398218286,19.093632034729193,-0.4135499600656394
200.63517566599612,19.044006039521317,-0.42558877074384976
202.92045639073868,18.992935387032055,-0.4375395338857582
205.19960863718254,18.940430642965765,-0.44937790489916085
207.47246031433843,18.886505294377866,-0.46107924424416363
209.73884094966377,18.831175785068567,-0.47261891371777076
211.998582043872,18.774461515422434,-0.4839724799367907
214.2515174257227,18.71638481783002,-0.4951159099813546
216.49748360386232,18.656970908632257,-0.506025721127798
218.7363201128982,18.59624782209692,-0.5166791143242566
220.96786985154984,18.53424632837801,-0.5270540312853086
223.19197941095518,18.470999844623773,-0.5371291895884741
225.40849939231003,18.406544341873154,-0.5468840257124907
227.6172847133348,18.340918258787656,-0.556298541704137
229.81819490438934,18.27416243378316,-0.5653533351514576
232.01109439644333,18.206320033564985,-0.5740296056633405
234.19585280047113,18.137436480885384,-0.5823091686253666
236.37234517817737,18.06755938065034,-0.5901744621613276
238.5404523038554,17.99673844519098,-0.5976085743047168
240.7000609172783,17.925025416274416,-0.6045954873997772
242.85106396723123,17.852473957786444,-0.6111198885629112
244.9933608421656,17.779139571158893,-0.6171673521314004
247.12685759070467,17.705079488903124,-0.6227244466045219
249.25146712937305,17.63035255531058,-0.6277788096026105
251.3671094360103,17.555019098158265,-0.6323192004454814
253.4737117277893,17.479140794104808,-0.6363355838470586
255.57120862308187,17.40278052404316,-0.6398191804781517
257.65954228596706,17.32600222238578,-0.6427625278238025
259.73866255265335,17.248870719046927,-0.6451595407757656
261.80852703893896,17.171451574153835,-0.6470055547549449
263.8691012278374,17.09381090758324,-0.6482973162751459
265.9203585367474,17.016015229630224,-0.6490329478343567
267.96228036430307,16.9381312758901,-0.6492119309522221
269.9948561174099,16.860225844175833,-0.6488350807263206
272.01808321871096,16.782365634488674,-0.6479045203435086
274.0319670948496,16.704617092047453,-0.6464236468274561
276.03652114589534,16.62704625442816,-0.6443970985919046
278.0317666964267,16.54971860259713,-0.6418307673304521
280.0177329287384,16.472698910517476,-0.6387317853054211
281.9944567980005,16.396051096280825,-0.635108492258735
283.9619829295542,16.319838077209777,-0.6309703932779213
285.92036349881937,16.244121630016426,-0.6263281140648022
287.86965809442137,16.16896225632865,-0.6211933429813926
289.8099335651808,16.094419055170885,-0.6155787638438642
291.7412638518013,16.02054960350962,-0.6094979830428942
293.66372980422244,15.947409845544474,-0.6029654557106605
295.57741898568776,15.875053990859195,-0.5959963730006825
297.48242546459085,15.803534426099112,-0.5886065437599912
299.3788495957227,15.732901640847913,-0.5808121573909505
301.26679779262446,15.663204181961,-0.5726297002666936
303.1463822944598,15.594488617928997,-0.5640758954578423
305.01772092861125,15.526799510474056,-0.5551676549325756
306.88093686986815,15.460179391882148,-0.5459220773411898
308.736158396894,15.394668742601205,-0.5363564840254356
310.58351864600615,15.330305964518152,-0.5264884190791013
312.42315536174834,15.26712735422866,-0.5163356243086753
314.2552106442558,15.205167079311618,-0.5059158884479328
316.0798306937732,15.144457172697866,-0.49524697889632247
317.89716555449695,15.085027535230306,-0.48434662954818014
319.7073688587246,15.026905939684525,-0.47323253960482475
321.5105975714867,14.970118034931946,-0.46192236688610816
323.30701173567854,14.914687350905613,-0.45043372486836775
325.09677421778724,14.86063530392141,-0.4387840738465271
326.8800504542578,14.807981215059826,-0.42699069627162334
328.657008200065,14.756742331507231,-0.4150707600462566
330.42781727984584,14.70693384030168,-0.4030413263967932
332.19264934068207,14.658568881134064,-0.3909193262578861
333.9516776064182,14.611658561983118,-0.3787215240687282
335.70507663385615,14.56621197909487,-0.36646447254182174
337.45302207134756,14.522236242389852,-0.3541644655337999
339.19569042043435,14.479736506525796,-0.34183749803140295
340.93325880121745,14.438716006762029,-0.32949922822372835
342.66590472202887,14.39917609937518,-0.3171649441127171
344.3938058539539,14.361116306081655,-0.30484953591561753
346.1171398106837,14.32453436177178,-0.2925674842483361
347.8360839340963,14.28942626366198,-0.28033284656853014
349.55081508573574,14.255786322073757,-0.2681592388266553
351.26150944438456,14.223607213414558,-0.25605982011370526
352.9683423099943,14.192880035000913,-0.24404727506377616
354.6714879141944,14.16359436199326,-0.23213379635901057
356.3711192376336,14.135738306430179,-0.22033107321789847
358.06740783440523,14.109298577644031,-0.20865028207497072
359.7605236637225,14.084260543795034,-0.19710208395782663
361.4506349289779,14.060608293720096,-0.18569662425586345
363.1379079242243,14.038324698809392,-0.17444353451170178
364.8225068880814,14.017391474667988,-0.16335193585203117
366.50459386504156,13.997789242365744,-0.152430441401203
368.18432857412546,13.9794975893976,-0.14168716381992993
369.8618682848532,13.962495129739208,-0.1311297264557532
371.5373677004219,13.946759562564518,-0.12076526968614133
373.21097884792965,13.932267730202181,-0.11060045937531762
374.88285097555394,13.918995675077143,-0.10064149882373363
376.55313045656317,13.906918695218295,-0.09089414329943321
378.2219606999894,13.896011398022363,-0.08136371988579517
379.88948206775206,13.886247751636068,-0.0720551486909909
381.5558317979484,13.87760113379315,-0.06297295549957158
383.2211439340035,13.870044379133201,-0.054121282213257814
384.8855492594995,13.86354982526761,-0.04550389813070022
386.54917523853163,13.858089357491925,-0.03712420938424087
388.2121459614307,13.853634452365817,-0.028985264308312764
389.8745820957146,13.85015622064882,-0.0210897539679047
391.53660084219246,13.847625450172671,-0.013440018821219915
393.19831589621316,13.846012647914126,-0.006038055895467251
394.85983741396285,13.84528808120667,0.0011144747290279327
396.52127198370766,13.845421818174152,0.008016242980775254
398.18272260188854,13.846383767331846,0.01466624286437817
399.84428865396836,13.84814371647557,0.021063784758594918
401.50606589994544,13.850671370646602,0.027208487030295037
403.16814646442305,13.853936389090237,0.03310026594616961
404.8306188311139,13.857908421003778,0.03873932539284436
406.49356784163433,13.862557140050919,0.04412614619709968
408.15707469844045,13.86785227759457,0.049261476199576416
409.8212169717518,13.87376365473852,0.05414632031617626
411.48606861032044,13.88026121317646,0.05878193112592636
413.1516999559016,13.887315044911572,0.06316980009651933
414.818177761291,13.894895420923154,0.06731165035072749
416.48556521180177,13.90297281896524,0.07120942348701854
418.1539219500776,13.911517949783683,0.07486526789036126
419.8233041040516,13.920501781930525,0.07828152873688501
421.4937643178833,13.929895565378951,0.08146074110262129
423.1653517857288,13.939670854311265,0.08440562189189825
424.8381122882461,13.949799528938293,0.08711906362206831
426.51208823171874,13.96025381657294,0.08960411612022484
428.18731868970747,13.971006310507368,0.09186398228071284
429.86383944696837,13.982029988381054,0.09390201509125516
431.5416830455741,13.993298230192005,0.09572171473644683
433.2208788331971,14.004784835960379,0.09732672624434088
434.90145301351237,14.0164640431097,0.09872083627607862
436.5834286986855,14.02831054346283,0.09990796417297473
438.26682596390106,14.040299499163586,0.10089216248703181
439.9516619038007,14.05240655866203,0.10167762212817927
441.6379506908401,14.064607873317412,0.10226867218595427
443.3257036356382,14.076880113979726,0.10266977833431033
445.0149292493158,14.089200487379843,0.1028855406125693
446.7056333078014,14.101546752253352,0.10292068716923569
448.39781891807183,14.11389723471366,0.10278007606113357
450.09148658623747,14.126230843840995,0.10246869203089659
451.7866342874984,14.138527086884702,0.10199164087341607
453.48325753792454,14.150766083789511,0.10135414484648791
455.18134946797926,14.162928581171089,0.10056153403997774
456.8809008977198,14.174995965255887,0.09961923776015658
458.5819004135505,14.186950273787106,0.09853277731529876
460.28433444640496,14.198774207064941,0.0973077580955114
461.98818735125275,14.210451138036403,0.09594986063507639
463.6934414878171,14.221965121312612,0.09446482843180477
465.4000773023746,14.233300900724428,0.09285845911625736
467.10807341046154,14.24444391581838,0.09113659689250342
468.81740668035974,14.25538030744548,0.08930512429323634
470.5280523172532,14.266096922360667,0.08736995295198102
472.2399839479365,14.276581316714905,0.08533701512479823
473.9531737059423,14.28682175852988,0.08321225564884156
475.66759231696585,14.296807229207742,0.0810016236513116
477.3832091844708,14.3065274240459,0.07871106146428343
479.0999924753563,14.315972751421613,0.07634649665986
480.8179092055269,14.325134331020797,0.07391383446816645
482.5369253252494,14.334003991156976,0.07141895020297974
484.2570058041882,14.342574265181334,0.06886768168959838
485.97811471601,14.350838386984085,0.06626582176356376
487.7002153224481,14.358790285595713,0.06361911061579767
489.4232701567196,14.366424578869609,0.06093322808445112
491.1472411061839,14.373736566239742,0.05821378550048756
492.8720894941327,14.3807222204998,0.055466317408525645
494.5977761605927,14.387378178588824,0.0526962733514651
496.32426154202335,14.393701731391,0.049909054964916315
498.0515057497903,14.399690817986789,0.04711001340783572
499.7794686479487,14.405344019595729,0.04430444064312709
501.5081099303002,14.410660552472905,0.04149756130833928
503.23738919659695,14.415640259829905,0.03869452453061789
504.96726602777653,14.42028360277358,0.03590012347509965
506.69770006010936,14.424591617590591,0.033118973334964295
508.4286510542202,14.428565894390788,0.030355523951107164
510.16007896154713,14.432208557264921,0.027614053967297728
511.8919439884189,14.435522243740998,0.02489867225910674
513.6242066576679,14.43851008441209,0.022213317350935
515.3568278677973,14.441175682494203,0.01956175989803081
517.0897689496966,14.443523093681966,0.016947604638518406
518.8229917209384,14.445556806238589,0.014374292367586387
520.556458537687,14.4472817213227,0.011845103646742015
522.2901323442458,14.448703133760308,0.009363161086472015
524.023976720297,14.449826713090685,0.006931430250399755
525.7579559258679,14.450658484720734,0.004552718951400791
527.4920349440345,14.451204810994902,0.0022296752410720677
529.2261795213539,14.451472372023831,-3.521611611577546e-05
530.9603562059967,14.451468146089898,-0.002239637680228607
532.6945323835275,14.45119938956827,-0.0043814444157717096
534.4286763102757,14.450673616238378,-0.006458668119006989
536.1627571442243,14.449898576064097,-0.008469520828161594
537.896744973352,14.448882233564717,-0.010412397677353026
539.6306108413798,14.447632745843435,-0.01228587754530838
541.364326770881,14.446158440537998,-0.014088723693421023
543.0978657837455,14.444467793694788,-0.015819883182284524
544.8312019189889,14.442569407712913,-0.017478484900315
546.5643102479145,14.440471989524875,-0.01906383487529662
548.2971668866575,14.438184329339839,-0.02057541020634766
550.0297490061782,14.435715280115076,-0.022012852373668613
551.762034839792,14.433073737830236,-0.0233759595872633
553.4940036883316,14.430268622679765,-0.024664679942157704
555.2256359230532,14.427308861086706,-0.025879105170802243
556.9569129863836,14.424203368466209,-0.027019464547275218
558.6878173905995,14.420961032720536,-0.028086119270887524
560.4183327145261,14.417590698408029,-0.029079557565514134
562.148443598335,14.414101151500168,-0.030000391607584033
563.878135736515,14.410501104507258,-0.03084935577173852
565.6073958690558,14.40679918181465,-0.0316273026100601
567.3362117708735,14.403003905501443,-0.032335198648064216
569.0645722395337,14.399123681663674,-0.0329741201184627
570.7924670813334,14.395166787249458,-0.03354524779792368
572.5198870958033,14.391141357513707,-0.03404986166119125
574.2468240587049,14.387055374114365,-0.03448933548648597
575.9732707035986,14.382916653855986,-0.034865131214338256
577.6992207020613,14.378732838110265,-0.035178791577991905
579.4246686426345,14.374511383120906,-0.03543193300781495
581.149610008609,14.370259551159968,-0.035626238743136
582.8740411547482,14.365984402510792,-0.035763451775947815
584.5979592830495,14.361692788297677,-0.03584536759697626
586.3213624176452,14.35739134418604,-0.03587382827409464
588.0442493789476,14.353086484793149,-0.0358507160607566
589.7666197571227,14.348784398865858,-0.03577794734531989
591.4884738849867,14.34449104518442,-0.035657467149429016
593.2098128104088,14.340212149126488,-0.035491243321539745
594.930638268304,14.335953199927904,-0.035281261494707984
596.6509526522954,14.331719448548538,-0.03502952085549887
598.3707589861211,14.327515906045878,-0.03473802968909407
600.0900608948466,14.323347342483187,-0.034408801196405825
601.8088625759445,14.319218286339618,-0.03404384982527438
603.5271687703053,14.315133024360586,-0.03364518733536166
605.2449847332285,14.311095601880343,-0.03321481838176373
606.9623162054542,14.307109823674532,-0.03275473705169441
608.679169384295,14.30317925522833,-0.03226692295826283
610.3955508949224,14.299307224473338,-0.03175333769283163
612.1114677618592,14.295496823950199,-0.031215921412088926
613.8269273807332,14.291750913380747,-0.030656589651251665
615.5419374903389,14.288072122622598,-0.030077230002374406
617.2565061450537,14.284462855022314,-0.029479698792517415
618.9706416876563,14.280925291167211,-0.02886581843558118
620.6843527225964,14.277461392954942,-0.028237374525968275
622.397648089751,14.274072908011826,-0.027596113444430845
624.1105368387124,14.270761374398495,-0.026943740128418388
625.8230282036402,14.267528125583084,-0.026281916207900446
627.5351315787102,14.264374295638136,-0.025612257820579194
629.2468564941868,14.261300824699667,-0.0249363341588347
630.9582125931507,14.258308464600606,-0.024255666402127812
632.6692096089029,14.25539778463235,-0.02357172689902762
634.3798573430587,14.252569177404467,-0.02288593734754394
636.0901656443473,14.249822864922763,-0.022199668382460343
637.800144388138,14.247158904716867,-0.021514238827995844
639.509803456704,14.244577196057508,-0.020830915253080295
641.2191527202309,14.242077486227139,-0.020150911494384298
642.9282020185782,14.239659376847813,-0.01947538808756337
644.6369611437999,14.237322330277305,-0.01880545206999662
646.3454398234331,14.235065676028904,-0.018142156864239728
648.0536477045566,14.232888617205196,-0.017486501408419078
649.7615943386212,14.230790237036185,-0.016839430712392175
651.4692891670655,14.228769505350698,-0.016201835561425362
653.1767415077077,14.226825285083327,-0.015574553168817909
654.8839605419176,14.22495633870307,-0.014958367352390622
656.5909553025621,14.223161334620784,-0.014354008954537095
658.2977346627166,14.221438853546239,-0.013762156074692172
660.0043073251421,14.219787394817276,-0.013183434889782157
661.7106818125202,14.218205382630503,-0.012618420200824137
663.4168664584358,14.216691172206403,-0.012067636553402927
665.1228693991006,14.215243055819995,-0.011531558892732226
666.8286985657991,14.213859268752866,-0.011010613765674294
668.5343616780494,14.212537995100986,-0.010505180307305208
670.2398662374616,14.211277373464108,-0.01001559159198506
671.9452195222773,14.210075502473071,-0.009542135409134414
673.650428582574,14.208930446223976,-0.00908505562126728
675.3555002361209,14.207840239549423,-0.00864455357401198
677.0604410648668,14.20680289312054,-0.00822078940575682
678.7652574120413,14.20581639839185,-0.007813883552785974
680.4699553798483,14.204878732365515,-0.0074239177088874795
682.1745408277322,14.203987862240448,-0.007050935758449053
683.8790193712011,14.203141749949435,-0.006694945061728556
685.583396381195,14.202338356542027,-0.006355917881248581
687.2876769839801,14.201575646396277,-0.006033792953337443
688.9918660615476,14.200851591241877,-0.005728476819388052
690.6959682524966,14.20016417402355,-0.0054398451352352445
692.3999879533794,14.199511392607322,-0.005167744030783114
694.1039293204923,14.198891263323627,-0.004911991732695825
695.8077962720911,14.198301824315704,-0.004672379484459542
697.511592491009,14.19774113877757,-0.0044486737545430775
699.2153214276623,14.197207297927024,-0.004240617373722252
700.9189863034135,14.196698423842177,-0.004047931251463491
702.6225901142745,14.196212672092,-0.0038703157507461177
704.3261356349255,14.195748234201911,-0.003707451993415682
706.0296254230298,14.1953033399627,-0.003559002912039579
707.7330618238253,14.194876259613256,-0.003424615095046581
709.4364469749789,14.19446530580185,-0.0033039204362520828
711.1397828116751,14.194068835349501,-0.003196537090130406
712.843071071917,14.193685250898685,-0.0031020707813014404
714.5463133020249,14.19331300240493,-0.003020116083086467
716.2495108623135,14.19295058847496,-0.002950257404719192
717.9526649329305,14.192596557586393,-0.0028920705685998647
719.6557765198409,14.192249509118161,-0.0028451240506719025
721.3588464609351,14.191908094232081,-0.0028089801799427074
723.0618754322429,14.191571016610489,-0.002783196016279363
724.7648639542361,14.191237033088536,-0.00276732450692932
726.4678123982068,14.190904954147705,-0.0027609160394647847
728.1707209927044,14.190573644222969,-0.0027635189198412157
729.8735898300112,14.190242021952589,-0.002774680917166415
731.5764188726455,14.18990906024253,-0.002793949971144439
733.2792079598746,14.189573786245992,-0.0028208753370845938
734.9819568142241,14.189235281205542,-0.0028550083385456967
736.6846650479688,14.188892680204917,-0.002895903025539379
738.3873321695934,14.188545171841852,-0.0029431172587208055
740.0899575902145,14.188191997770806,-0.0029962135290884854
741.792540629947,14.187832452147315,-0.0030547600824162983
743.4950805242047,14.187465880937426,-0.0031183315521357085
745.1975764299171,14.18709168115117,-0.003186509673577526
746.9000274316553,14.18670929999034,-0.0032588835174256463
748.6024325476542,14.18631823396825,-0.003335050272636764
750.3047907357304,14.185918027935532,-0.003414615756364231
752.0071008990827,14.185508274044768,-0.0034971948700998046
753.7093618919681,14.185088610660356,-0.003582412073582575
755.4115725252474,14.184658721211527,-0.003669901851354141
757.1137315717928,14.184218332989364,-0.0037593093038428456
758.8158377717515,14.183767215872903,-0.0038502899738228186
760.5178898376562,14.183305181076044,-0.003942510308030791
762.2198864593853,14.18283207983908,-0.004035647808759772
763.9218263089659,14.18234780210203,-0.004128322882329474
765.6237080452182,14.18185240335615,-0.004217975078182637
767.3255303336209,14.181346246346768,-0.004301237008397329
769.0272918831826,14.18083009790576,-0.004374340645774402
770.7289914949313,14.180305177028266,-0.004433400007788112
772.4306281161747,14.179773169027332,-0.004474643342098981
774.132200896458,14.17923621182628,-0.004494669628549029
775.8337092418772,14.178696851470855,-0.0044905274324926435
777.5351528640537,14.178157988178956,-0.004459660106237171
779.2365318226351,14.177622828966207,-0.004399778315331407
780.9378465621111,14.177094855568367,-0.004308783085087469
782.6390979447792,14.176577801598157,-0.0041846688318931255
784.340287280971,14.176075641338329,-0.004025377767952493
786.0414163579316,14.175592596006174,-0.003828564380465258
787.7424874694523,14.175133168280519,-0.0035913997426127997
789.443503449646,14.174702200311405,-0.0033105549879965386
791.1444677136833,14.174304933712845,-0.002982194287682251
792.8453843057289,14.173947070398324,-0.002602098139797557
794.5462579541767,14.173634818621547,-0.0021658195445675185
796.2470941324112,14.1733749202762,-0.001668876586764914
797.9478991228444,14.173174655085788,-0.0011068642517133192
799.6486800814547,14.173041831375583,-0.00047555159141703216
801.3494451012198,14.172984765184612,0.0002290238953540574
803.0502032730419,14.173012248052055,0.0010104748766557071
804.7509647428082,14.173133505037255,0.0018720428216880904
806.4517407634127,14.173358150175858,0.0028166204845762586
808.1525437414338,14.173696144634008,0.0038467950863372504
809.8533872787898,14.174157760044368,0.0049649389586054185
811.5542862099951,14.1747535527194,0.006173196270498905
813.2552566363214,14.17549433627186,0.007473535418400521
814.9563159566741,14.17639116052207,0.008867800491661783
816.6574828959367,14.17745529658107,0.010357874250283658
818.3587775315265,14.178698241491103,0.011946371897711496
820.0602213205054,14.180131806118828,0.013636278316305593
821.7618371372397,14.181768159516785,0.015430624133068695
823.4636493163817,14.183619834412754,0.017332274140806042
825.1656836965112,14.18569970730965,0.019343816747974116
826.8679676613884,14.188020965319406,0.0214675016912037
828.5705301772267,14.19059706552235,0.023705207982493058
830.2734018250894,14.193441690480249,0.02605840680528595
831.9766148279471,14.196568699296883,0.02852826440539883
833.6802030718627,14.19999209102553,0.031115761209784945
835.3842021227857,14.203725982370704,0.033821538164917904
837.0886492406702,14.207784566950494,0.036645971886564425
838.7935833887043,14.21218208357688,0.039589334165603084
840.4990452387335,14.216932803676753,0.04265164520093315
842.2050771751748,14.222051001100866,0.04583269882388653
843.9117232953068,14.227550924959733,0.049132152532903046
845.619029406302,14.23344678326368,0.05254952649321261
847.3270430202937,14.239752726442866,0.0560839363559276
849.0358133474668,14.246482798805577,0.05973424015491906
850.7453912833236,14.253650907624166,0.06349906392240699
852.4558293922385,14.261270795294855,0.06737681192867882
854.1671818876738,14.269356012726297,0.07136566053032804
855.8795046092009,14.277919891989937,0.07546354844022572
857.5928549962397,14.286975517802764,0.07966817390703806
859.307292058376,14.296535698671608,0.08397699912518665
861.0228763422166,14.30661293856663,0.0883872528524494
862.7396698948446,14.317219408908924,0.0928959345540645
864.4577362239137,14.328366921055412,0.0974998291009931
866.1771402544404,14.340066900547532,0.10219552258068394
867.897948282506,14.352330363257215,0.10697940061812614
869.6202279260968,14.36516789133139,0.11184766775324556
871.3440480730566,14.37858961146178,0.11679637933601726
873.069478826432,14.392605176982103,0.12182148816925598
874.7965914476699,14.407223755562415,0.1269188669310896
876.5254582983374,14.422454019594145,0.13208432556466757
878.2561527806887,14.438304138661906,0.1373136257807794
879.9887492773281,14.454781773755599,0.14260249599859
881.7233230901788,14.471894073275429,0.14794664229094154
883.4599503789719,14.489647670350342,0.1533417540121028
885.198708099414,14.508048680831795,0.15878350770797234
886.9396739411138,14.527102701756752,0.1642675706315642
888.6829262653247,14.54681481023254,0.16978960330531737
890.4285440425526,14.567189562629178,0.1753452623025582
892.1766067900681,14.588230994105485,0.18093020359145276
893.9271945093608,14.60994261853646,0.18654008614616796
895.6803876235851,14.632327428874,0.19217057679512006
897.43626691505,14.655387898089414,0.19781736523026952
899.1949134628208,14.679125981917046,0.20347617242103053
900.9564085806508,14.70354312260757,0.20914275834476795
902.7208337553636,14.728640253608942,0.21481292954274456
904.4882705857967,14.754417805154072,0.22048253051075062
906.2588007224152,14.780875708815362,0.22614742870931673
908.0325058074731,14.80801340026048,0.2318035577442983
909.8094674155043,14.835829827189796,0.23744692963958525
911.589766994767,14.864323458746547,0.24307363908076918
913.3734858098167,14.89349229543624,0.24867986490315014
915.160704885269,14.923333879224618,0.2542618738895363
916.9515049507759,14.953845304091363,0.2598160248162065
918.7459663872669,14.985023227069307,0.2653387704692246
920.5441691745152,15.016863879525614,0.27082665936450345
922.3461928400583,15.049363078649355,0.27627633721274425
924.1521164094962,15.082516239114884,0.2816845483359656
925.96201835819,15.1163183849152,0.2870481332464094
927.7759765643798,15.15076416090477,0.29236402878384155
929.5940682636883,15.18584784435883,0.2976292693472415
931.4163700050113,15.2215633566805,0.30284098750185007
933.242957607813,15.257904275180723,0.30799641755287727
935.0739061208346,15.294863845287068,0.3130928969617543
936.9092897822691,15.33243499292248,0.31812786697939754
938.7491819814197,15.370610336960008,0.3230988730183772
940.5936552218549,15.409382201722213,0.32800356335877695
942.4427810860616,15.448742629325267,0.3328396884419006
944.2966302015806,15.488683391938295,0.3376051009750427
946.1552722086132,15.5291960040553,0.34229775625468484
948.0187757290998,15.570271734805862,0.3469157116701878
949.8872083372765,15.611901620206284,0.351457126130908
951.7606365317013,15.654076475341993,0.3559198831352899
953.6391257087423,15.696786861318229,0.36030133840748896
955.5227401321005,15.740023021927128,0.36459843998489705
957.4115428947317,15.783774834725316,0.36880787611385835
959.3055958748988,15.828031779858978,0.3729261902402119
961.2049596884818,15.872782922687804,0.37694997132480906
963.1096936392044,15.918016919246782,0.38087596812679575
965.019855669514,15.963722035421997,0.3847010665055736
966.9355023137646,16.009886163402665,0.3884223026640689
968.8566886533729,16.056496839722353,0.39203688065118414
970.7834682741395,16.103541265400494,0.39554219770821586
972.7158932259875,16.15100632912548,0.3989358234437605
974.6540139854826,16.19887862793873,0.4022155058397627
976.5978794208353,16.2471444886395,0.4053791470458492
978.547536759472,16.295789986285,0.40842471927361057
980.5030315578261,16.344800952597833,0.4113502100413682
982.4644076721379,16.394162977802797,0.4141535994191678
984.4317072294742,16.443861409733096,0.4168328920118447
986.4049705986422,16.493881356774516,0.4193861440349915
988.3842363614551,16.544207694058716,0.4218114761778818
990.3695412847421,16.594825071200063,0.42410709258777335
992.3609202932861,16.645717922310595,0.42627130170435795
994.3584064439633,16.69687047851512,0.42830253294535675
996.3620309013851,16.748266782468562,0.43019932325774224
998.3718229152813,16.799890701259493,0.43196030387472867
1000.3878097994325,16.85172593772446,0.4335842010697873
1002.4100169119595,16.903756041852834,0.4350698445414138
1004.4384676369818,16.955964423197802,0.4364161784787852
1006.4731833677656,17.008334364615255,0.4376222369350549
1008.5141834915195,17.06084903304746,0.43868710685805573
1010.5614853754852,17.113491485870426,0.43960990167360636
1012.6151043537897,17.166244674071258,0.4403897441249218
1014.6750537146783,17.21909144336625,0.44102575010840195
1016.7413446878822,17.272014533379256,0.44151701804807253
1018.8139864318878,17.324996575545025,0.4418626280405343
1020.8929860209531,17.37802009090989,0.4420616472187811
1022.9783484318623,17.431067488576144,0.44211314684260256
1025.0700765304914,17.484121066197257,0.44201621617435183
1027.168171058435,17.53716301213818,0.44176997281247377
1029.2726306198917,17.590175408875677,0.44137357082460965
1031.383451668957,17.64314023737463,0.44082620525702937
1033.5006284974418,17.696039382005473,0.4401271102323294
1035.6241532232825,17.748854635233354,0.4392755548491005
1037.7540157795106,17.801567701815245,0.43827083868748873
1039.8902039037284,17.85416020245774,0.437112289299106
1042.0327031280233,17.906613677173635,0.4357992594791924
1044.1814967692842,17.958909588311137,0.434331135654147
1046.3365659198814,18.011029324589636,0.43270734407234623
1048.497889438832,18.062954205878317,0.4309273562198076
1050.6654439435374,18.114665488624695,0.42899069384931054
1052.8392038021723,18.166144371886613,0.42689693260890155
1055.0191411267986,18.21737200379968,0.4246457063849313
1057.2052257672544,18.268329488565872,0.4222367112704789
1059.3974253058823,18.31899789391833,0.41966971321268165
1061.5957050531524,18.36935825950385,0.416944556310392
1063.800028044293,18.419391606261097,0.4140611738525711
1066.0103550370443,18.469078947123407,0.4110195992926417
1068.226644510699,18.518401299038523,0.40781997478501447
1070.4488526665837,18.567339696012723,0.40446256490602495
1072.6769334301052,18.615875203801448,0.40094775658569226
1074.9108384545614,18.663988934591732,0.39727605368585667
1077.1505171267124,18.711662061034033,0.39344806986421793
1079.3959165740366,18.75887582941774,0.38946452378745744
1081.6469816735666,18.805611572272234,0.38532624737898535
1083.9036550622393,18.851850721957714,0.38103419919713033
1086.1658771488742,18.89757482586137,0.376589474591055
1088.4335861279776,18.942765562812294,0.3719933156386014
1090.7067179955152,18.987404760688925,0.3672471299549348
1092.9852065667978,19.031474416283515,0.3623525018677427
1095.2689834967518,19.074956716507643,0.3573112038197406
1097.5579783027329,19.11783406096601,0.3521252098359911
1099.8521183900489,19.16008908614633,0.3467967019606686
1102.1513290803864,19.201704690381607,0.34132806878474337
1104.4555336432322,19.242664058635775,0.33572189262531843
1106.7646533302686,19.282950685750812,0.329980913702536
1109.0786074125588,19.322548395395117,0.32410805556185046
1111.3973132200063,19.36144136206254,0.31810641386730726
1113.7206861834538,19.399614131726615,0.31197917561747096
1116.048639879261,19.43705163280071,0.3057296915748094
1118.381086075197,19.473739195789687,0.29936156327617786
1120.7179347786916,19.509662583382827,0.2928786889850025
1123.0590942886977,19.544808026061027,0.28628528392771735
1125.404471251825,19.579162260132353,0.27958578029464465
1127.753970723041,19.61271255376771,0.2727846534154079
1130.107496229493,19.64544671217756,0.2658864390835272
1132.4649498349545,19.677353084867583,0.25889577729186025
1134.8262322051387,19.708420578142608,0.25181751055830476
1137.1912426745157,19.738638679409604,0.24465674010895427
1139.5598793160448,19.76799748822268,0.23741885298769586
1141.9320390146315,19.796487750581203,0.23010953269657122
1144.3076175447013,19.82410089450479,0.2227347599411899
1146.6865096520419,19.850829065697734,0.21530081369758014
1149.0686091399257,19.876665163341443,0.20781427548035142
1151.4538089595267,19.901602876399085,0.20028200619429193
1153.8420013046946,19.9256367171424,0.1927111234617717
1156.2330777107516,19.94876205195781,0.18510897716151362
1158.6269291569865,19.97097512921719,0.17748311934268413
1161.0234461724926,19.992273103538313,0.16984127933709697
1163.4225189449173,20.012654057058764,0.16219134434940002
1165.8240374317643,20.032117018380692,0.15454133615899387
1168.22789147397,20.05066197871977,0.1468993867780571
1170.6339709114163,20.06828990513314,0.13927371226826604
1173.0421657000322,20.08500275060533,0.1316725850444246
1175.452366030105,20.10080346081066,0.12410430601955101
1177.8644624454023,20.115695977533004,0.11657717674655133
1180.2783459627062,20.129685238742592,0.10909947103317276
1182.6939081913554,20.142777175266573,0.10167940899220705
1185.1110414523873,20.154978704345638,0.09432513324163752
1187.5296388969089,20.166297720334633,0.08704468294122847
1189.949594623349,20.17674308228758,0.07984596470039652
1192.3708037932236,20.186324598051627,0.07273672543442214
1194.7931627449898,20.19505300510376,0.06572450090128555
1197.2165691056023,20.202939945211913,0.05881660107993431
1199.6409218990277,20.209997937341505,0.05202008824499817
1202.0661216515086,20.216240347930906,0.04534177214516611
1204.4920704932604,20.221681360588327,0.038788199128260925
1206.918672256531,20.22633594448372,0.03236563867078301
1209.345832569869,20.230219821124212,0.026080068440128824
1211.7734589484037,20.23334942933703,0.019937168535067926
1214.201460879924,20.235741889561236,0.013942319348589995
1216.6297499066713,20.237414967883065,0.008100582872679328
1219.0582397028172,20.23838703782779,0.0024166966412373985
1221.4868461473566,20.238677041424737,-0.0031049518821434706
1223.9154873923276,20.238304447198878,-0.008460335210763456
1226.3440839259915,20.237289206973585,-0.013645793025302324
1228.7725586308284,20.23565171181055,-0.01865803908711678
1231.2008368362456,20.233412747120095,-0.02349416575179503
1233.6288463659,20.23059344722988,-0.02815164648088638
1236.0565175795675,20.227215249652172,-0.032628338216017926
1238.4837834095258,20.22329984906625,-0.03692248128549299
1240.9105793914139,20.218869151311992,-0.04103269526018159
1243.3368436895714,20.21394522788077,-0.04495797344091524
1245.762517116917,20.20855027106786,-0.04869767673331673
1248.1875431494452,20.20270654985986,-0.05225152824731421
1250.6118679354283,20.196436366470184,-0.055619605422272726
1253.0354402994049,20.18976201381951,-0.05880233021907941
1255.4582117410632,20.18270573419322,-0.061800401087244265
1257.8801364291664,20.17528968606275,-0.06461477215432812
1260.301171191494,20.167535913404233,-0.06724663730515794
1262.7212755011024,20.159466316927613,-0.06969741924383105
1265.1404114591337,20.151102626618353,-0.0719687585333011
1267.558543774328,20.142466375594356,-0.07406279588819138
1269.9756397393992,20.13357884008777,-0.07598196188239054
1272.3916692002097,20.124461004661885,-0.0777289558870231
1274.806604520769,20.115133529955443,-0.07930673705000175
1277.2204205443636,20.105616721509442,-0.08071850743141218
1279.6330945509446,20.095930500617673,-0.08196769631910251
1282.0446062110188,20.086094377059382,-0.08305794037199693
1284.454937536266,20.076127424214743,-0.08399306387076694
1286.8640728271719,20.06604825655025,-0.08477706305485203
1289.271998617958,20.05587500898367,-0.08541408586007684
1291.678703619036,20.04562531868046,-0.08590840895661574
1294.0841786572776,20.035316309605665,-0.08626441434504109
1296.4884166144302,20.024964579884262,-0.0864865727980349
1298.8914123640163,20.0145861911485,-0.08657942635612512
1301.2931627069543,20.004196659985766,-0.08654756693740578
1303.6936663061526,19.99381095195328,-0.08639561742744735
1306.092923620387,19.983443477861986,-0.08612823048531308
1308.4909368377305,19.97310809020375,-0.08575008280475284
1310.887709808555,19.962818080267176,-0.0852658674432168
1313.283247978187,19.95258617617399,-0.08468028662993378
1315.677558319328,19.9424245417784,-0.0839980450241048
1318.0706492643415,19.93234477637551,-0.08322384417909973
1320.4625306375065,19.922357915074016,-0.08236237402081913
1322.8532135873154,19.91247443019152,-0.08141831248319055
1325.2427105189383,19.902704232693537,-0.08039632031778632
1327.6310350268616,19.8930566742554,-0.07930103429735107
1330.0182018277721,19.88354055013972,-0.07813705738511749
1332.4042266937888,19.874164103253506,-0.07690895039691523
1334.7891263861793,19.864935029205874,-0.07562122106594561
1337.172918589684,19.85586048267796,-0.07427831256578049
1339.5556218476054,19.84694708517007,-0.07288459229978497
1341.9372554978258,19.838200934094093,-0.0714443427666871
1344.3178396099172,19.829627612962092,-0.06996175238560189
1346.6973949234728,19.82123220267582,-0.0684409124129863
1349.0759427877938,19.81301929318626,-0.06688581594833036
1351.4535051029761,19.80499299527246,-0.06530035139307357
1353.830104262409,19.79715695310529,-0.0636882985739994
1356.2057630967815,19.78951435727641,-0.062053326086844995
1358.5805048196546,19.782067958145987,-0.060398989987318005
1360.9543529746322,19.77482007934751,-0.05872873365467349
1363.327331384154,19.76777263130895,-0.05704588602386932
1365.699464099911,19.760927124986086,-0.05535366270033985
1368.0707753549093,19.754284685462046,-0.053655166545646914
1370.4412895171647,19.74784606547657,-0.051953387213472306
1372.811031045022,19.741611659010953,-0.0502512013825958
1375.1800244441033,19.73558151484504,-0.04855137172561286
1377.5482942258848,19.72975535023797,-0.046856547207320985
1379.9158648679133,19.72413256457309,-0.045169262939324675
1382.2827607756622,19.71871225302037,-0.04349193823246278
1384.6490062460246,19.713493220432476,-0.041826875760475744
1387.0146254324764,19.70847399534122,-0.04017626081708666
1389.3796423119172,19.70365284404317,-0.03854216161845201
1391.7440806532024,19.699027784648955,-0.03692652937828372
1394.1079639873603,19.69459660112356,-0.03533119844518191
1396.4713155794952,19.69035685731014,-0.03375788947240606
1398.8341584023724,19.68630591057345,-0.032208212807418014
1401.1965151116412,19.68244092503656,-0.030683670649104572
1403.5584080226456,19.67875888455867,-0.029185658493143096
1405.9198590887927,19.67525660553949,-0.02771546745642976
1408.2808898814574,19.67193074944472,-0.02627428815477766
1410.6415215713907,19.668777834866145,-0.024863210607014456
1413.0017749115748,19.665794249593304,-0.023483226948422215
1415.361670221526,19.662976262359493,-0.02213523378402821
1417.7212273730092,19.66032003430541,-0.020820034122416897
1420.080465777126,19.65782163021072,-0.019538340413300163
1422.4394043727511,19.655477029361123,-0.01829077833075281
1424.7980616162745,19.653282135961433,-0.017077889208922767
1427.1564554725899,19.651232789256362,-0.015900132336713186
1429.5146034073007,19.649324773375955,-0.014757887572306293
1431.8725223801057,19.647553826867277,-0.013651457209588441
1434.2302288393298,19.645915652002127,-0.012581068084201888
1436.5877387175701,19.64440592383202,-0.011546874160342275
1438.9450674284299,19.64302029893278,-0.010548958538992943
1441.3022298643018,19.6417544239081,-0.009587336265124763
1443.6592403951709,19.640603943556286,-0.00866195659119803
1446.0161128683976,19.639564508765343,-0.007772706077431908
1448.3728606094494,19.63863178403605,-0.006919411692522438
1450.7294964235336,19.637801454632946,-0.006101843665094646
1453.0860325980896,19.637069233393134,-0.005319717898110737
1455.4424809060968,19.636430867245362,-0.004572699586098834
1457.7988526101663,19.63588214329503,-0.0038604056426162483
1460.1551584673616,19.635418894617917,-0.0031824083421434406
1462.5114087347158,19.63503700561686,-0.002538237331746068
1464.8676131753898,19.634732417137048,-0.0019273833030366207
1467.2237810654462,19.634501131140684,-0.0013493002898088539
1469.5799212011832,19.634339215105907,-0.0008034081673110676
1471.9360419069958,19.63424280612583,-0.0002890952382587175
1474.2921510437309,19.634208114697238,0.00019427870778615796
1476.6482560174945,19.634231428142172,0.0006473799915716024
1479.0043637888716,19.63430911374116,0.001070899207033947
1481.3604808825205,19.634437621646004,0.001465549451470617
1483.716613397118,19.634613487580182,0.0018320635858702574
1486.0727670156275,19.634833335210487,0.0021711919583858115
1488.4289470158528,19.635093878245495,0.002483700535566721
1490.7851582812423,19.635391922309765,0.0027703678760066415
1493.1414053119195,19.635724366454884,0.003031983721120995
1495.497692235894,19.63608820450142,0.0032693471610232986
1497.8540228204342,19.636480526160742,0.0034832635393403193
1500.2104004835735,19.636898517785465,0.003674542568627179
1502.5668283057078,19.6373394628937,0.0038439968689893854
1504.923309041255,19.637800742517978,0.003992440730274731
1507.279845130357,19.638279835405612,0.004120687737175452
1509.6364387106057,19.63877431793407,0.004229549696557077
1511.9930916287578,19.639281863897658,0.004319834975969728
1514.3498054524255,19.639800244094776,0.004392347283483361
1516.7065814817167,19.640327325768794,0.00444788425525129
1519.063420760809,19.640861071879424,0.004487236395507324
1521.4203240894346,19.641399540246884,0.004511186624453695
1523.7772920342643,19.64194088264182,0.0045205090071579555
1526.1343249401814,19.642483343722677,0.004515968012875864
1528.491422941428,19.643025259884222,0.0044983170404206555
1530.848585972614,19.643565057929074,0.004468298192212007
1533.2058137795655,19.64410125371214,0.004426641110532809
1535.5631059300108,19.644632450645403,0.004374062037096832
1537.9204618240883,19.645157338089856,0.004311262819061009
1540.277880704659,19.645674689628144,0.004238930813026572
1542.6353616674144,19.646183361325708,0.004157737559912339
1544.9929036707736,19.646682289832896,0.004068338553961402
1547.3505055455535,19.64717049045937,0.00397137220400706
1549.7081660044087,19.64764705512385,0.003867460102353566
1552.0658836510236,19.648111150336135,0.003757206645063694
1554.4236569890638,19.648562015133543,0.0036411986081151602
1556.7814844308798,19.648998958966516,0.003520004802892891
1559.1393643059557,19.649421359542863,0.0033941755712517878
1561.4972948691009,19.649828660611412,0.0032642433053983073
1563.8552743083742,19.65022036980806,0.0031307222694497965
1566.2133007527511,19.650596056480396,0.002994108247599595
1568.5713722795288,19.650955349470106,0.002854878480913164
1570.9294869214652,19.651297934887815,0.0027134919951550735
1573.2876426736518,19.651623553927234,0.002570389263647835
1575.645837500123,19.651932000638872,0.0024259916009838306
1578.0040693401997,19.65222311963099,0.0022807013664980424
1580.3623361145555,19.652496803794968,0.0021349018927367346
1582.720635731011,19.652752992022098,0.001988958245624353
1585.0789660900537,19.652991667011573,0.001843217492844025
1587.437325090095,19.653212853110716,0.0016980079648057425
1589.7957106324684,19.653416614066494,0.0015536393964278204
1592.1541206261563,19.653603050794064,0.0014104029399573394
1594.5125529922516,19.65377229914686,0.001268571893494982
1596.871005668149,19.653924527774077,0.0011284016877375956
1599.229476611482,19.654059935976605,0.0009901307135901185
1601.587963803799,19.654178751662236,0.0008539805955843964
1603.9464652539984,19.654281229333705,0.0007201566686688037
1606.3049790015184,19.654367648133945,0.0005888484243698604
1608.6635031192945,19.65443830994487,0.00046022969501201104
1611.0220357164878,19.65449353750827,0.0003344591029822452
1613.380574940989,19.65453367260063,0.000211680482239531
1615.739118981701,19.654559074258497,9.202331432593801e-05
1618.0976660706121,19.654570117056217,-2.4396825785639174e-05
1620.4562144846589,19.654567189437124,-0.00013747753761188112
1622.8147625473914,19.65455069213261,-0.0002471292050006793
1625.1733086304473,19.654521036628008,-0.0003532742635662916
1627.5318511548426,19.65447864371638,-0.0004558470125733307
1629.8903885920886,19.65442394207487,-0.000554793101115934
1632.2489194651375,19.654357366902737,-0.000650068889745223
1634.607442349166,19.654279358635968,-0.000741641213577249
1636.9659558722021,19.65419036169034,-0.0008294873109601044
1639.324458715605,19.654090823213025,-0.0009135944019708916
1641.6829496143905,19.65398119188479,-0.0009939587279972689
1644.0414273574168,19.65386191683743,-0.0010705853934712287
1646.3998907874372,19.653733446590213,-0.001143487628900125
1648.758338801028,19.653596228074743,-0.0012126866032624948
1651.116770348397,19.653450705682353,-0.0012782108797463319
1653.475184433079,19.653297320376783,-0.0013400963635017368
1655.8335801115243,19.653136508813162,-0.0013983854100941705
1658.1919564925818,19.65296870256395,-0.0014531262827184035
1660.5503127368895,19.652794327410025,-0.0015043724379461664
1662.9086480561787,19.65261380271747,-0.001552182603469139
1665.2669617125048,19.652427540805057,-0.001596620161011181
1667.6252530174013,19.652235946385737,-0.001637752638814201
1669.9835213309675,19.65203941606908,-0.0016756515914307507
1672.341766060896,19.651838337878107,-0.0017103921174211794
1674.6999866614412,19.651633090824017,-0.0017420522237706951
1677.05818263234,19.651424044557164,-0.001770712346877617
1679.416353517687,19.651211559075538,-0.0017964556835138963
1681.774498904776,19.650995984393518,-0.0018193674478616188
1684.1326184229033,19.650777660299774,-0.0018395346501472905
1686.4907117421392,19.650556916141756,-0.001857045925234628
1688.8487785720763,19.650334070630727,-0.0018719913173063046
1691.206818660552,19.65010943167265,-0.001884462297279571
1693.5648317923528,19.649883296196975,-0.0018945512918469493
1695.9228177878965,19.649655950041954,-0.0019023511915226689
1698.2807765019015,19.64942766789897,-0.001907955366060927
1700.6387078220494,19.649198713255043,-0.0019114575798727053
1702.9966116676399,19.64896933834546,-0.0019129515540310764
1705.3544879882413,19.648739784158977,-0.0019125308601164338
1707.7123367623403,19.648510280455763,-0.0019102883679862701
1710.070157995995,19.648281045851604,-0.001906315727135386
1712.4279517214973,19.648052287964347,-0.0019007035741295999
1714.7857179960529,19.647824203535453,-0.001893541650088303
1717.143456900477,19.647596978537443,-0.001884918890984469
1719.5011685379015,19.647370788270525,-0.0018749228947545328
1721.858853032494,19.647145797523155,-0.0018632792385435196
1724.2165105281967,19.64692220401453,-0.0018486003288252896
1726.5741411926786,19.646700371975072,-0.0018284646713241663
1728.9317452373155,19.646480956214514,-0.0017997687043709105
1731.2893229520612,19.64626498396999,-0.0017590532164058945
1733.6468747501376,19.64605389758402,-0.0017027603847712765
1736.0044012178478,19.645849566337848,-0.0016274452372458995
1738.3619031658084,19.64565427290938,-0.0015298229054163
1740.7193816785575,19.64547069416073,-0.0014073716564805445
1743.0768381618568,19.64530180956195,-0.0012581480237779873
1745.4342743790041,19.645150831799096,-0.0010808581671852423
1747.79169247882,19.645021128819035,-0.00087448299137001
1750.1490950142784,19.64491619086007,-0.0006379089385811447
1752.5064849571816,19.64483964178744,-0.0003696171145885918
1754.863865714196,19.64479528773369,-6.769858438328557e-05
1757.221241148724,19.644787163903562,0.0002701647157966705
1759.5786156083923,19.644819583669456,0.0006466952742549799
1761.9359939584326,19.644897187102366,0.0010648798605703519
1764.293381620885,19.645024972685633,0.0015281463256438441
1766.6507846176073,19.64520835024471,0.00204027523489215
1769.0082096196368,19.6454531832729,0.002605188544277622
1771.3656640016295,19.64576580589821,0.003226819962718664
1773.7231558983374,19.64615302429374,0.0039089730071569595
1776.0806942612526,19.646622101054596,0.004655085869135489
1778.4382889133792,19.647180711358892,0.00546816615567587
1780.7959505987424,19.647836891297572,0.006350787745802715
1783.153691025698,19.648598985827068,0.007305157327635188
1785.5115229039973,19.649475604706385,0.008333111774417258
1787.869459976562,19.650475578119316,0.0094368119452564
1790.2275170459363,19.651607995552748,0.010618344348565907
1792.5857100054027,19.652882196874575,0.01187960761650486
1794.9440558690276,19.654307749788554,0.013222341019823391
1797.3025727990023,19.655894430710934,0.014647967459002497
1799.6612801306876,19.657652186806015,0.016157848050835238
1802.0201983931042,19.659591128572114,0.017753289402546217
1804.379349328533,19.661721523300418,0.01943555172485768
1806.738755911329,19.664053789507403,0.021205818661690693
1809.09844236607,19.666598487746807,0.02306522621900016
1811.4584341845996,19.669366314893086,0.025014828383791723
1813.8187581423867,19.67236809429914,0.02705552943196008
1816.1794423137026,19.675614757830978,0.029188026934162642
1818.5405160846424,19.679117321063078,0.031412755533715205
1820.90201016317,19.682886851727122,0.03372984465929529
1823.2639565853772,19.68693443308624,0.03613909987155619
1825.6263887173475,19.691271125070827,0.0386400082870029
1827.9893412523559,19.695907926065267,0.04123175951804336
1830.3528502034837,19.700855737207434,0.043913208172175776
1832.7169528919487,19.706125322188093,0.04668294206874074
1835.0816879306112,19.711727275236342,0.04953932848423717
1837.4470952036395,19.71767199465445,0.05248055992075056
1839.813215842998,19.72396966184494,0.055504670611091794
1842.1800922024195,19.730630222318272,0.05860954251061082
1844.5477678290977,19.737663367419547,0.061792927880266565
1846.916287433188,19.74507851876518,0.06505247881606764
1849.28569685544,19.75288481622311,0.06838575934135822
1851.6560430333868,19.761091107344072,0.0717902475222416
1854.0273739662682,19.76970593704674,0.07526333624010845
1856.399738678714,19.778737537395553,0.07880232558475508
1858.7731871832013,19.788193816465725,0.0824044198908991
1861.1477704411773,19.798082346852635,0.08606672961067251
1863.5235403227996,19.808410354405915,0.08978627576266783
1865.9005495653282,19.819184707497435,0.09355999780201177
1868.2788517302279,19.830411907233675,0.09738476403949066
1870.658501159096,19.842098078918415,0.10125737513277148
1873.039552928566,19.854248963934346,0.10517457850930356
1875.4220628042383,19.866869913355462,0.10913308314378117
1877.806087193841,19.879965883332716,0.11312956247209788
1880.191683099841,19.893541430829366,0.11716066572344824
1882.5789080715404,19.90760071071618,0.12122303051558367
1884.9678201568263,19.92214747437805,0.12531329376054384
1887.3584778537518,19.937185069629315,0.12942810044343694
1889.7509400621072,19.95271644168253,0.13356411070638868
1892.1452660351092,19.968744134967295,0.13771800636748321
1894.5415153313054,19.985270295731393,0.141886496615991
1896.939747766793,20.00229667532531,0.14606632212666862
1899.3400233678321,20.019824633980512,0.15025425805020273
1901.7424023239098,20.037855144946537,0.15444711593303642
1904.1469449413034,20.056388798858503,0.15864174532975162
1906.5537115971665,20.075425808298075,0.16283503580241473
1908.9627626941624,20.094966012594366,0.16702391935251495
1911.3741586156737,20.11500888291667,0.17120537316888634
1913.7879596816238,20.135553527696935,0.17537642222042105
1916.2042261049473,20.156598698363386,0.1795341472928917
1918.6230179487509,20.178142796038532,0.1836756926039943
1921.0443950842755,20.200183879151012,0.18779826863370025
1923.4684171497736,20.222719671387058,0.19189915415435316
1925.89514351034,20.24574756988558,0.19597569830137956
1928.3246332187261,20.269264653681745,0.20002535509646568
1930.756944977168,20.29326769629332,0.20404564257119512
1933.1921371007231,20.317753173401865,0.2080341701188454
1935.6302674815313,20.342717273816127,0.2119886033763862
1938.0713935543893,20.368155906221293,0.21590669415837774
1940.5155722631357,20.394064709520297,0.2197862485996623
1942.962860028278,20.420439059352255,0.2236251578897683
1945.4133127154005,20.447274078299028,0.22742136274447425
1947.8669856047964,20.474564641828366,0.23117288403999817
1950.3239333618158,20.502305387913164,0.23487779296315783
1952.7842100083653,20.530490723068745,0.2385342305397398
1955.2478688951335,20.559114830733513,0.2421403729615475
1957.7149626748214,20.588171675488898,0.24569446429814357
1960.18554327588,20.617655011204675,0.24919479076649156
1962.6596618772246,20.647558386096655,0.25263971817577185
1965.1373688835563,20.677875152277746,0.25602766878811395
1967.6187139018296,20.70859847253232,0.25935717124758956
1970.1037457185334,20.73972133308203,0.26262683257366826
1972.5925122785034,20.77123655299087,0.2658353682361515
1975.0850606648623,20.80313679717921,0.2689816136224352
1977.5814370805238,20.8354145908139,0.2720644812110875
1980.0816868314214,20.868062328559233,0.27508298774737117
1982.5858543108484,20.90107228708892,0.27803626469507137
1985.0939829852991,20.93443663885233,0.2809235122139181
1987.6061153819614,20.968147460318,0.28374402559141015
1990.1222930771996,21.00219674338897,0.28649720499443926
1992.6425566864064,21.036576407988303,0.2891825485358969
1995.166945855365,21.07127831381261,0.2917996416247459
1997.6954992530225,21.106294270807577,0.29434814820203453
2000.2282545655194,21.14161604859182,0.29682780471154413
2002.7652484913503,21.177235385157207,0.2992384161342824
2005.3065167375692,21.213143995093322,0.3015798530918509
2007.8520940169803,21.249333577464345,0.3038520497336038
2010.402014046276,21.285795823432377,0.30605500183067397
2012.9563095450878,21.322522423652057,0.3081887659234417
2015.5150122359262,21.35950507556287,0.31025345820380523
2018.0781528449936,21.396735490547325,0.3122492532447755
2020.6457611038593,21.434205400936698,0.3141763827396209
2023.2178657519717,21.471906566865453,0.31603513423235385
2025.7944945399954,21.509830782973335,0.31782584969107114
2028.3756742339522,21.547969884936265,0.31954892415531927
2030.9614306201445,21.586315755834903,0.3212048041683348
2033.5517885108447,21.624860332335103,0.32279398638918594
2036.146771750725,21.663595610701805,0.32431701639824156
2038.7464032240093,21.702513652669595,0.3257744871755715
2041.3507048623296,21.74160659113066,0.32716703735429487
2043.9596976532653,21.780866635613176,0.32849534937239283
2046.573401649539,21.82028607753786,0.3297601473610157
2049.1918359788433,21.859857295221182,0.33096219521963294
2051.81501885427,21.899572758647537,0.3321022946439306
2054.4429675853075,21.93942503400481,0.3331812830985475
2057.075698589388,21.979406787976636,0.3342000319691902
2059.7132274039454,22.019510791812937,0.33515944473226544
2062.355568698963,22.059729925180807,0.3360604555123067
2065.0027362899846,22.100057179842285,0.33690402774252387
2067.6547431515655,22.140485663171386,0.33769115240440056
2070.3116014311463,22.181008601459915,0.3384228461603199
2072.9733224633214,22.221619342999155,0.33910014947365696
2075.6399167844816,22.262311360935993,0.33972412534611485
2078.311394147794,22.303078255977525,0.34029585761290193
2080.9877635385114,22.343913758891073,0.3408164495762995
2083.6690331895784,22.38481173284023,0.34128702249654036
2086.355210597519,22.425766175539817,0.3417087140683792
2089.046302538584,22.466771221228022,0.34208267665874564
2091.7423150851314,22.507821142427073,0.3424100755433628
2094.4432536222225,22.548910351492275,0.3426920873822608
2097.1491228644018,22.590033401978147,0.3429298992574083
2099.8599268726393,22.631184989889036,0.34312470717442006
2102.575669071426,22.672359954749965,0.34327771447433614
2105.296352265996,22.713553280486884,0.3433901302049248
2108.0219786596545,22.754760096111475,0.34346316753464085
2110.752549871188,22.795975676215633,0.3434980420603755
2113.488066952334,22.837195441262878,0.3434959705356042
2116.2285304052857,22.878414957727152,0.3434581693789613
2118.973940200213,22.919629938052626,0.34338585375073344
2121.7242957927792,22.960836240502715,0.3432802366482939
2124.4795961416394,23.00202986890051,0.34314252755616453
2127.2398397259076,23.04320697220725,0.34297393115367236
2130.0050245625725,23.08436384394569,0.3427756460630688
2132.775148223846,23.12549692147326,0.34254886384672384
2135.5502078544228,23.166602785134867,0.3422947678937816
2138.330200188639,23.20767815728212,0.3420145321119563
2141.115121567513,23.248719901135555,0.3417093196972078
2143.904967955649,23.28972501949922,0.3413802818551991
2146.699734957989,23.33069065332184,0.3410285564666113
2149.4994178363877,23.371614080097835,0.34065526707446003
2152.3040115259996,23.412492712146772,0.3402615218446778
2155.113510651457,23.453324094768135,0.3398484126339695
2157.927909542829,23.49410590428421,0.3394170140963439
2160.7472022513434,23.53483594597577,0.3389683824783028
2163.5713825648604,23.575512151873166,0.3385035521374908
2166.400444023085,23.616132578129665,0.33802353486287035
2169.234379932461,23.65669540231321,0.3375293190463467
2172.0731833807386,23.697198920598773,0.33702186931308337
2174.9168472512106,23.737641544916343,0.336502126310952
2177.7653642366004,23.778021800073656,0.33597100639982186
2180.618726852609,23.818338320841633,0.3354294015953773
2183.47692745111,23.858589849033077,0.33487817923165514
2186.339958232994,23.898775230540874,0.3343181820021313
2189.2078112606587,23.93889341238113,0.33375022789108527
2192.0804784701445,23.97894343972806,0.3331751100510746
2194.9579516829117,24.01892445293419,0.33259359703155983
2197.840222617264,24.05883568457798,0.3320064328882567
2200.7272828994132,24.09867645652457,0.3314143369464953
2203.6191240741964,24.138446176958148,0.3308180048052188
2206.5157376154316,24.178144337534775,0.3302181102294437
2209.417114935936,24.217770510762307,0.32961530507830955
2212.3232473972275,24.257324347371704,0.3290102176508885
2215.2341263189123,24.29680557348981,0.3284034499700332
2218.1497429877313,24.336213987486214,0.327795577611834
2221.07008866623,24.375549456799636,0.3271871498963047
2223.9951546010457,24.414811914787194,0.32657868989050415
2226.92493203082,24.454001357574054,0.3259706948132388
2229.859412193729,24.493117840951644,0.3253636363556969
2232.798586334643,24.53216147731433,0.32475795994823237
2235.742445711921,24.571132432508115,0.324154084778407
2238.690981603822,24.610030922681524,0.3235524314136757
2241.644185314544,24.648857214451166,0.32295342423240425
2244.602048180278,24.687611625359054,0.3223574907441822
2247.564561575321,24.726294524248356,0.321765059352974
2250.531716918231,24.764906331370714,0.3211765563477786
2253.5035056779952,24.803447518132447,0.3205922523185242
2256.479919380171,24.84191858841067,0.32001178763088856
2259.46094961078,24.88032000292638,0.31943405957690274
2262.446588011131,24.918652090075607,0.31885749438092403
2265.43682626194,24.95691498940132,0.3182802851299182
2268.431656060668,24.99510862361691,0.31770047343847424
2271.431069095502,25.033232680429528,0.3171160679723693
2274.4350570171537,25.071286608586213,0.3165251478294886
2277.443611410184,25.10926962632575,0.3159259297988339
2280.456723765343,25.14718073790161,0.3153167691235565
2283.4743854538915,25.185018750196438,0.31469615316566213
2286.496587703915,25.22278228857632,0.31406268543464755
2289.5233215785443,25.260469810828475,0.31341504418439065
2292.554577955844,25.2980796161306,0.3127519575151744
2295.5903475097793,25.33560985103242,0.3120722145141635
2298.6306206919035,25.37305851677412,0.31137468626452836
2301.6753877139163,25.410423479125864,0.3106582487570592
2304.7246385314115,25.44770246897671,0.30992172810422186
2307.778362827689,25.484893076349216,0.309163905715795
2310.836549996851,25.52199274503511,0.308383557099254
2313.899189126255,25.55899877188702,0.30757945524351876
2316.9662689788815,25.59590830651624,0.3067503651304342
2320.0377779756636,25.632718350331892,0.30589504808781226
2323.1137041777033,25.66942575610243,0.3050122689638938
2326.1940352684355,25.706027228378098,0.3041008194012317
2329.278758535841,25.742519326706244,0.3031595304105448
2332.367860855046,25.77889847035551,0.3021872683118612
2335.4613286714884,25.815160942552936,0.30118292307131944
2338.559147984595,25.851302893321495,0.300145397992645
2341.6613043317934,25.887320341080613,0.2990736011056297
2344.767782772723,25.923209173213287,0.2979664393829745
2347.8785678735085,25.958965145939246,0.29682281698759727
2350.993643691021,25.994583883977757,0.29564163851776776
2354.1129937570986,26.03006088059989,0.29442182581383325
2357.2366010627707,26.06539149969755,0.293162327716972
2360.3644480427342,26.100570979023587,0.2918621255707872
2363.496516560217,26.13559443409208,0.2905202371348468
2366.632787892308,26.170456862548264,0.2891357193236558
2369.773242715814,26.2051531488671,0.28770767055515234
2372.917861093678,26.23967806933372,0.28623523364637915
2376.066622461998,26.274026297371286,0.2847175979077813
2379.219505617683,26.30819240912022,0.2831540014842795
2382.3764887067773,26.342170889298334,0.28154373416800627
2385.537549213493,26.375956137398493,0.27988613813157703
2388.702663949981,26.409542473974284,0.2781806082458435
2391.871809046858,26.442924146963787,0.2764265920778711
2395.0449599444937,26.47609533801313,0.2746235906916714
2398.222091385055,26.50905016889613,0.27277115987359407
2401.403177405323,26.541782708080962,0.270868912084717
2404.5881913302924,26.574286977531127,0.2689165156989077
2407.777105767596,26.606556959414995,0.2669136895016792
2410.969892602726,26.638586602155197,0.264860201673076
2414.1665229949845,26.670369826355966,0.26275587178251913
2417.366967374147,26.70190053096987,0.2606005742088464
2420.5711954378635,26.73317259987493,0.2583942384030813
2423.7791761498484,26.7641799084833,0.2561368425521844
2426.9908777388664,26.79491632958956,0.2538284189678386
2430.206267698417,26.825375739865702,0.2514690625551464
2433.4253127872007,26.85555202737232,0.2490589378487207
2436.647979030485,26.885439099914166,0.24659828396355987
2439.874231722475,26.915030893989794,0.24408741886256063
2443.104035429754,26.9443213842533,0.24152674368713253
2446.3373539958643,26.973304593495754,0.23891674584457984
2449.5741505470837,27.001974602997105,0.23625800113726875
2452.8143874994435,27.030325563133577,0.2335511757409661
2456.0580265670196,27.058351704222492,0.23079702988250972
2459.3050287715264,27.086047347808393,0.2279964195432324
2462.5553544532636,27.11340691815358,0.22515029666293954
2465.808963283442,27.140424953753133,0.2222597094889586
2469.0658142778925,27.16709611889181,0.21932580048096864
2472.3258658121595,27.193415214949525,0.2163498039681225
2475.5890756379536,27.2193771914257,0.2133330448271825
2478.8554009009245,27.24497715680496,0.2102769352982227
2482.124798159741,27.27021038904075,0.20718297139371708
2485.3972234064263,27.295072345607995,0.20405272558805254
2488.6726320878993,27.31955867267856,0.20088784348571637
2491.9509791286205,27.34366521389685,0.19769002291642074
2495.232218954288,27.367388016646817,0.19446099845239503
2498.5163055162857,27.390723336461104,0.19120253585052177
2501.803192316661,27.413667640763165,0.18791643068750474
2505.0928324335523,27.436217612445667,0.18460451613403317
2508.3851785470456,27.45837015438175,0.18126867847039135
2511.6801829655715,27.480122395798197,0.17791086405175005
2514.9777976530672,27.50147169948441,0.17453308202924653
2518.2779742570056,27.52241566932792,0.17113740326368074
2521.580664137325,27.54295215771956,0.16772596021751393
2524.8858183962516,27.563079272945664,0.1643009389981498
2528.193387909005,27.58279538562544,0.16086453806451
2531.5033233552804,27.60209913019318,0.1574189485549437
2534.8155752509037,27.620989404019774,0.1539663452725039
2538.130093979386,27.639465365452473,0.15050888309625265
2541.44682982324,27.657526431424024,0.1470487106300054
2544.7657329950107,27.675172276699627,0.14358799498317032
2548.0867536682144,27.692402836097607,0.14012893050423827
2551.409842008546,27.709218307758114,0.13667374080862635
2554.734948205477,27.72561915665515,0.13322467193037577
2558.062022504276,27.741606117286793,0.12978398642025096
2561.39101523835,27.757180195657224,0.12635395855654385
2564.721876861829,27.772342670684008,0.1229368657831778
2568.054557982311,27.78709509457799,0.11953498238966463
2571.38900939366,27.80143929246475,0.11615057423146034
2574.725182108756,27.815377361372526,0.11278589390179744
2578.063027392121,27.828911668640743,0.1094431749106351
2581.402496792358,27.842044849630017,0.10612462555972887
2584.7435421743135,27.854779804697184,0.10283242212722042
2588.086115750877,27.86711969535245,0.09956870249281617
2591.4301701143195,27.879067939651588,0.09633555950981679
2594.7756582670777,27.890628206792766,0.09313503501961765
2598.122533651893,27.90180441099512,0.08996911402288386
2601.470750181212,27.912600704677864,0.08683971923338385
2604.8202622657736,27.92302147098587,0.08374870580768627
2608.171024842292,27.933071315682792,0.080697855695019
2611.5229934001736,27.942755058366195,0.07768887408898342
2614.8761240071776,27.952077723256874,0.07472338588622451
2618.2303733339686,27.96104452956322,0.07180293380138678
2621.585698677516,27.969660881619387,0.06892897710062452
2624.9420579833104,27.977932358871463,0.0661028900845806
2628.299409866375,27.985864705681614,0.06332596116640321
2631.6577136310566,27.99346382102158,0.060599391991290524
2635.0169292895794,28.000735748060535,0.05792429677689472
2638.3770175793466,28.007686663673763,0.0553017023319383
2641.7379399789875,28.014322867953595,0.052732547733970916
2645.099658723142,28.020650773681673,0.05021768413070338
2648.4621368159837,28.026676895777356,0.04775787493993882
2651.825338043477,28.032407840770148,0.04535379624436644
2655.1892269843697,28.037850296319473,0.04300603768234745
2658.553769019928,28.043011020841355,0.04071510277287229
2661.918930342429,28.0478968331741,0.0384814096004599
2665.28467796241,28.052514602326156,0.036305291462624185
2668.650979714689,28.05687123730167,0.034186998809524624
2672.0178042631655,28.060973677158813,0.03212670057290209
2675.385121104425,28.064828881227562,0.030124486048545243
2678.752900570172,28.068443819553387,0.028180357352634227
2682.1211138285184,28.071825462435704,0.026294233471889045
2685.4897328840107,28.07498077045233,0.024465943821317965
2688.858730576465,28.07791668371089,0.022695218949865287
2692.2280805785103,28.080640109984873,0.020981689126580678
2695.5977573917085,28.083157912680065,0.019324885745471483
2698.96773634123,28.08547689896952,0.017724247424585404
2702.3379935691064,28.08760380866047,0.016179126769740832
2705.7085060261456,28.08954530387284,0.014688800341515117
2709.0792514626105,28.09130795991382,0.013252479374982945
2712.4502084178002,28.09289825743882,0.011869322673754635
2715.821356208693,28.09432257615967,0.010538448366902767
2719.1926749178324,28.095587189963698,0.009258946780493606
2722.564145380628,28.09669826357736,0.008029889656914264
2725.935749172257,28.097661850336188,0.006850339197819858
2729.3074685942975,28.098483891039926,0.00571935142212431
2732.6792866612222,28.09917021321058,0.004635979750574187
2736.0511870868077,28.09972653078065,0.0035992757506716467
2739.4231542705015,28.10015844387073,0.0026082857196238836
2742.795173283766,28.100471438157083,0.0016620458491973793
2746.167229856345,28.100670883658985,0.0007595788335642564
2749.5393103623837,28.10076203311901,-0.00010011222729782193
2752.911401806358,28.100750019651734,-0.0009180464880475081
2756.283491808716,28.10063985407317,-0.0016952608534055564
2759.655568591205,28.10043642277076,-0.002432799896201069
2763.0276209619374,28.100144486783215,-0.003131706738550952
2766.3996383003514,28.099768681974588,-0.0037930124883125966
2769.7716105421882,28.09931352047599,-0.0044177317900131515
2773.1435281646454,28.09878339266119,-0.005006860215655474
2776.515382171765,28.098182569435313,-0.005561373704741723
2779.887164080097,28.097515204590742,-0.00608222827340126
2783.2588659046482,28.096785337197932,-0.006570360782361098
2786.630480145112,28.09599689390405,-0.007026689870605005
2790.0019997723803,28.095153691119577,-0.0074521184436353635
2793.373418215315,28.09425943690634,-0.00784753580271821
2796.7447293477435,28.093317732610014,-0.008213819424742017
2800.1159274756565,28.092332074279046,-0.00855183636114734
2803.4870073245697,28.09130585391571,-0.008862444268534607
2806.8579640270395,28.090242360603487,-0.0091464925002177
2810.228793110312,28.08914478150346,-0.009404823117132434
2813.5994904840923,28.088016202729403,-0.009638271605124708
2816.97005242842,28.086859610136788,-0.009847667288732946
2820.3404755816364,28.08567789006214,-0.010033835742048932
2823.710756928444,28.084473829773096,-0.010197598975260642
2827.080893788017,28.083250117896064,-0.010339775282510549
2830.4508838021643,28.08200934486216,-0.010461178499490482
2833.820724923548,28.080754003442223,-0.010562616493640162
2837.190415403961,28.079486489462987,-0.010644890993547254
2840.5599537826965,28.07820910254376,-0.010708796743206605
2843.9293388750016,28.076924046934575,-0.010755120256614415
2847.2985697606337,28.075633432503782,-0.010784638492520628
2850.667645772534,28.07433927588468,-0.010798117354847392
2854.03656648564,28.073043501802097,-0.010796311541419853
2857.405331705856,28.071747944417126,-0.010779963691931994
2860.773941459186,28.070454348774096,-0.01074980394657837
2864.142395981039,28.069164372300506,-0.010706548921824417
2867.510695705715,28.067879586429886,-0.010650900923018613
2870.8788412560866,28.06660147831912,-0.010583547721583817
2874.246833433485,28.06533145259253,-0.010505162697367934
2877.614673207796,28.064070833068847,-0.010416403922344285
2880.982361707764,28.062820864598166,-0.010317914471792575
2884.349900211516,28.06158271486155,-0.010210322643724365
2887.717290137299,28.060357476144304,-0.010094241332555235
2891.0845330344364,28.059146167184398,-0.009970217296501539
2894.4516305744987,28.057949741108818,-0.00983872862831405
2897.818584543432,28.05676909367342,-0.009700189776460392
2901.1853968346727,28.055605070900246,-0.009554958578040418
2904.5520694431807,28.05445847587088,-0.009403343293525374
2907.918604460285,28.053330074675657,-0.009245894255943686
2911.2850040692465,28.052220567364945,-0.009083191227135246
2914.65127053733,28.051130584417688,-0.008915812304425794
2918.01740620746,28.05006068694116,-0.008744322483446762
2921.383413489893,28.049011368243146,-0.008569267882941732
2924.749294854082,28.047983056097195,-0.008391173808351724
2928.1150528208136,28.04697611524019,-0.008210541917351826
2931.4806899546425,28.04599085021011,-0.008027849509356715
2934.8462088566675,28.045027508268987,-0.007843548234576702
2938.2116121576596,28.044086282480837,-0.00765806321048921
2941.5769025115574,28.043167314895577,-0.00747179231649119
2944.942082589345,28.042270699817596,-0.007285106726308183
2948.307155073323,28.041396487010438,-0.007098351811886362
2951.6721226517643,28.040544684793012,-0.006911847846905738
2955.0369880139397,28.039715263051384,-0.006725891202825983
2958.401753845506,28.038908156107045,-0.006540756550059654
2961.766422824239,28.038123265321037,-0.0063566991057874694
2965.1309976160774,28.037360461428342,-0.006173956211109524
2968.4954808714488,28.03661958668301,-0.005992748737724574
2971.859875221851,28.035900456834483,-0.005813281966216148
2975.224183276671,28.03520286299854,-0.005635746843851431
2978.5884076202306,28.034526573377278,-0.00546032091073128
2981.952550809036,28.03387133486799,-0.00528716908499164
2985.31661536922,28.03323687457779,-0.005116444166324695
2988.680603794169,28.03262290127783,-0.004948286534140877
2992.0445185423227,28.03202910689373,-0.004782824693028812
2995.40836203515,28.031455167930567,-0.004620175468620714
2998.7721366553014,28.030900746874334,-0.004460444186804622
3002.1358447449265,28.030365493571917,-0.004303725095954186
3005.499488604155,28.029849046560404,-0.0041501009171381826
3008.8630704897423,28.029351034450347,-0.003999644017106027
3012.226592613876,28.028871077168294,-0.00385241669251909
3015.590057143136,28.02840878716519,-0.0037084712425921036
3018.953466197596,28.02796377061608,-0.003567850270526893
3022.3168218500696,28.027535628583617,-0.003430587488485477
3025.6801261254996,28.027123958085,-0.0032967078723852307
3029.0433810004697,28.026728353140314,-0.0031662282932170406
3032.4065884028464,28.02634840574513,-0.00303915909143006
3035.7697502115357,28.025983706654156,-0.0029155038836070155
3039.132868256334,28.02563384618812,-0.0027952612078849383
3042.4959443178764,28.025298414843174,-0.0026784244733836474
3045.8589801276576,28.02497700390637,-0.0025649819909745733
3049.2219773681263,28.02466920606745,-0.0024549175798590827
3052.5849376728543,28.024374615957868,-0.002348211424389607
3055.947862626769,28.02409283058694,-0.002244839672696738
3059.3107537664396,28.023823449826217,-0.002144775402385794
3062.6736125804186,28.023566076777932,-0.0020479876913702183
3066.036440509632,28.023320318254967,-0.0019544423573819897
3069.3992389478226,28.023085785172082,-0.001864102064976496
3072.7620092420434,28.022862092924285,-0.0017769266482121444
3076.1247526931943,28.0226488617265,-0.0016928731371908389
3079.4874705566017,28.022445716950035,-0.0016118960072483075
3082.8501640426357,28.022252289429165,-0.0015339468985673158
3086.212834317367,28.022068215801337,-0.0014589750040809122
3089.575482503263,28.02189313880085,-0.001386928204089416
3092.9381096799193,28.02172670741636,-0.0013177528354795863
3096.3007168848094,28.021568577076103,-0.0012513939559681097
3099.6633051140584,28.021418409801388,-0.001187795528612624
3103.0258753232347,28.021275874337956,-0.001126900149795211
3106.3884284281553,28.02114064631998,-0.0010686497232536261
3109.7509653057136,28.02101240835319,-0.0010129856691726191
3113.113486794716,28.020890850072888,-0.0009598488722563871
3116.475993696725,28.020775668208216,-0.0009091793408408543
3119.8384867769096,28.020666566687314,-0.0008609170529502984
3123.200966764912,28.020563256640962,-0.0008150013836378753
3126.563434355709,28.020465456474927,-0.0007713713006013756
3129.925890210486,28.020372891918853,-0.0007299648103249366
3133.2883349575163,28.020285296141616,-0.0006907200210586028
3136.6507691930533,28.02020240973909,-0.000653574633782728
3140.013193482222,28.020123980783033,-0.0006184664689137547
3143.375608359916,28.020049764806764,-0.0005853341486050311
3146.7380143316927,28.01997952470893,-0.0005541173556671371
3150.1004118746578,28.01991303062625,-0.000524756276910393
3153.462801438333,28.01985005987302,-0.0004971911212740828
3156.8251834455177,28.019790396938465,-0.0004713627518657073
3160.1875582931502,28.019733833408242,-0.00044721226613796594
3163.549926353159,28.019680167936304,-0.0004246817437891445
3166.912287973312,28.01962920612705,-0.00040371381649860396
3170.274643478047,28.01958076046907,-0.0003842520464055523
3173.6369931693034,28.0195346502235,-0.00036624079169734585
3176.99933732733,28.019490701328493,-0.00034962544885203334
3180.3616762114893,28.01944874627463,-0.00033435241728174464
3183.7240100610425,28.019408623984557,-0.00032036925709815834
3187.0863390959207,28.019370179673704,-0.0003076245202351602
3190.4486635174817,28.019333264731277,-0.0002960675855822145
3193.8109835092496,28.019297736621006,-0.00028564903353588215
3197.173299237644,28.019263458736983,-0.00027632056321531313
3200.5356108526926,28.0192303002694,-0.00026803471475082743
3203.897918488725,28.01919813610363,-0.0002607455450783713
3207.260222265057,28.01916684663822,-0.00025440806388297293
3210.6225222866537,28.019136317670554,-0.0002489782028587223
3213.9848186447744,28.019106440286212,-0.000244412532014395
3217.3471114176086,28.01907711078237,-0.00024066866158871324
3220.7094006709026,28.019048230542978,-0.00023770525293301506
3224.071686458568,28.019019705912626,-0.00023548187905976013
3227.4339688232776,28.01899144808714,-0.00023395947286132754
3230.796247797048,28.018963372950395,-0.00023310023901564083
3234.158523401802,28.018935400921713,-0.00023286724798559752
3237.5207956499125,28.018907456851956,-0.00023322498652200788
3240.8830645447347,28.018879469853573,-0.00023413849856617928
3244.245330081117,28.018851373233744,-0.0002355739186026309
3247.6075922459054,28.018823104363513,-0.00023749831487494737
3250.969851018429,28.018794604565727,-0.00023987975877301168
3254.332106370977,28.018765818994673,-0.00024268776231487984
3257.694358269256,28.018736696463197,-0.0002458927947675862
3261.0566066728315,28.018707189327824,-0.0002494662983069215
3264.418851535551,28.018677253372026,-0.000253380723522498
3267.7810928059557,28.018646847685204,-0.0002576094110976495
3271.143330427678,28.01861593455587,-0.00026212665122342854
3274.5055643398246,28.018584479357724,-0.00026690812706540664
3277.8677944773476,28.018552450382476,-0.00027193074909790754
3281.2300207713934,28.018519818692585,-0.0002771724103823092
3284.5922431496365,28.01848655800334,-0.0002826121344774479
3287.9544615365967,28.018452644547203,-0.0002882298810513736
3291.3166758539423,28.018418056961476,-0.000294006701164218
3294.6788860207776,28.018382776157335,-0.00029992466290246764
3298.0410919539163,28.018346785197785,-0.0003059667844098279
3301.40329356814,28.018310069183656,-0.000312117264907846
3304.7654907764418,28.018272615111865,-0.0003183611157834198
3308.127683490255,28.01823441177797,-0.00032468433498896387
3311.4898716196685,28.01819544965777,-0.0003310739570686144
3314.8520550736275,28.01815572078292,-0.0003375178819383717
3318.2142337601213,28.01811521863709,-0.00034400468640006143
3321.5764075863576,28.01807393807472,-0.00035052370158643065
3324.9385764589265,28.01803187523053,-0.00035706502510333494
3328.300740283954,28.017989027427518,-0.0003636193502372697
3331.6628989672454,28.01794539310549,-0.00037017803238928475
3335.025052414418,28.017900971741604,-0.00037673284820520595
3338.3872005310272,28.01785576379982,-0.0003832761216155769
3341.7493432226834,28.017809770665224,-0.0003898007297129993
3345.111480395163,28.01776299457766,-0.00039630005665638204
3348.4736119545123,28.01771543857086,-0.0004027678642111476
3351.835737807141,28.017667106427155,-0.0004091984970056203
3355.1978578599123,28.017618002607513,-0.0004155867086968559
3358.5599720202254,28.01756813220247,-0.00042368862320649647
3361.9220801960896,28.017517289567685,-0.0004380078814297977
3365.284182270838,28.017464728621913,-0.00046512003403100075
3368.6462780382726,28.017408914217828,-0.0005124277328399273
3372.0083671079788,28.017347422889888,-0.0005875318810191187
3375.3704487987256,28.017276919064166,-0.0006977956560786948
3378.732522029013,28.017193183585437,-0.0008498805663496707
3382.0945852110435,28.017091197917477,-0.0010495252449717885
3385.4566361547936,28.01696525488808,-0.0013017310751646937
3388.81867198538,28.01680904715906,-0.001611061669614119
3392.180689071039,28.016615719758708,-0.0019819552833419646
3395.5426829574103,28.016377885124708,-0.002418934731555102
3398.9046483036254,28.016087612956923,-0.0029264419897290046
3402.2665788171803,28.015736439918157,-0.0035099158114253156
3405.6284671899703,28.015315250020787,-0.004176008518742964
3408.9903050199728,28.014814128998538,-0.004933131435134274
3412.3520827154525,28.01422215322632,-0.005790752226448036
3415.7137893738395,28.013527262959148,-0.006758760743555296
3419.0754126453944,28.01271621166992,-0.007847751864410613
3422.436938590795,28.011774481446192,-0.009068519815027832
3425.798351528568,28.01068625906839,-0.010431600175340073
3429.159633879656,28.00943446704735,-0.011946932739869957
3432.520766015702,28.008000835118565,-0.013623663111844968
3435.881726115916,28.006365995545146,-0.01547021876828699
3439.2424900353817,28.004509569292953,-0.017494404745462804
3442.6030311836967,28.002410240723496,-0.019703673298164026
3445.9633204125835,28.000045799927715,-0.02210568335499512
3449.3233259085746,27.997393117925117,-0.024708055615511284
3452.6830130827257,27.994428151251256,-0.02751831180161527
3456.042344460876,27.991125953835063,-0.0305442851498343
3459.401279575336,27.987460639617083,-0.03379433035018033
3462.7597748520902,27.983405319975063,-0.03727715418956413
3466.1177834904875,27.978932061472314,-0.04100133714631571
3469.475255337864,27.974011901014755,-0.04497525846674992
3472.8321367659855,27.968614869998746,-0.04920719421792469
3476.1883705503856,27.962710006692596,-0.053705192793219995
3479.5438957511888,27.956265383557408,-0.05847692438352201
3482.8986475972156,27.949248152631384,-0.06352953467761302
3486.2525573755315,27.94162460847007,-0.06886960229872988
3489.605552328548,27.933360256194224,-0.0745031589095777
3492.9575555592914,27.924419877125075,-0.08043565329952272
3496.3084859445466,27.91476759872913,-0.08667186452227343
3499.658258056394,27.90436697498646,-0.09321586259544314
3503.0067820933923,27.893181071475006,-0.10007095761418157
3506.3539638219695,27.881172556561303,-0.10723966936434312
3509.6997045287567,27.868303796237583,-0.1147236525854604
3513.0439009843053,27.85453695792733,-0.1225237148700882
3516.3864454192567,27.83983411214292,-0.1306398778817011
3519.7272255127136,27.824157326797117,-0.1390714772324789
3523.0661243919294,27.80746874952922,-0.14781719827815526
3526.403020641873,27.789730685735844,-0.15687508162671251
3529.737788324161,27.77090567594064,-0.16624251955427938
3533.070297005274,27.750956573594127,-0.17591624546500112
3536.4004117941054,27.72984662413833,-0.1858923195797077
3539.7279933890018,27.707539545788762,-0.19616611393175065
3543.0528981344964,27.683999612116953,-0.2067322992577992
3546.3749780879507,27.659191736206015,-0.21758483767879863
3549.6940810962956,27.63308155568456,-0.22871698341230706
3553.010050882978,27.605635517675083,-0.2401212627668058
3556.3227271450987,27.576820966143067,-0.251789415305683
3559.631945661036,27.546606236306385,-0.26371241704876075
3562.937538409393,27.514960746260535,-0.2758803854932475
3566.239333698944,27.481855100001344,-0.2882824530888673
3569.5371563109443,27.447261205630678,-0.30090689509686036
3572.83082765562,27.411152378219054,-0.31374113387704633
3576.1201659410062,27.373503442153808,-0.3267713622687523
3579.4049863540645,27.334290878681557,-0.33998342579569446
3582.685101259506,27.293492867586075,-0.3533628770760874
3585.9603204036166,27.251089322336945,-0.3668949692985338
3589.230451122297,27.207061926021122,-0.3805645909656605
3592.4952985534196,27.161394175105244,-0.39435659510590376
3595.7546658544325,27.114071383692536,-0.40825571967929314
3599.0083544204754,27.06508069733102,-0.42224646756889833
3602.2561641041552,27.014411121222754,-0.43631324748052963
3605.497893438702,26.96205353152509,-0.4504404689583552
3608.7333398624846,26.908000675250086,-0.464612549119052
3611.9622999435146,26.8522471693558,-0.4788139134631555
3615.184569603837,26.79478949974022,-0.4930289999801032
3618.399944343806,26.735626019742607,-0.5072422842766096
3621.6082194661753,26.674756945629415,-0.5214383147564042
3624.8091902996507,26.612184347858648,-0.5356017591452867
3628.0026524213936,26.547912136761212,-0.5497174732613299
3631.188401877805,26.481946039969852,-0.5637705637517244
3634.3662354026014,26.414293572319647,-0.5777443619367337
3637.53595063128,26.344964248887237,-0.5916152949284595
3640.6973463411464,26.27397041349582,-0.6053537756853584
3643.850222790766,26.20132796041358,-0.6189274325483212
3646.9943821460156,26.12705666850778,-0.6323039011321218
3650.1296289462366,26.051180200371924,-0.6454527241559553
3653.255770570281,25.97372587347321,-0.658346258512855
3656.372617675098,25.89472432245167,-0.670959715395797
3659.4799845937923,25.814209156604175,-0.683270849440324
3662.577689692585,25.732216654671337,-0.6952592063103833
3665.6655556911455,25.64878554991409,-0.7069044263212708
3668.743409957135,25.563957018755538,-0.7181849802128764
3671.8110847993858,25.477774821129994,-0.7290776558427426
3674.8684177779214,25.390285502428867,-0.7395570719674522
3677.915252038213,25.301538653792772,-0.7495961351836323
3680.9514366766684,25.211587117570737,-0.7591664369359247
3683.976827130777,25.120487145138426,-0.7682389513473787
3686.991285588194,25.02829847097674,-0.77678496706879
3689.994681404711,24.935084274928485,-0.7847770299004277
3692.9868915177026,24.840911031340433,-0.7921899512612902
3695.9678008414635,24.74584823718908,-0.7990016023688826
3698.9373026299263,24.649968044904814,-0.8051931254416024
3701.895298795315,24.55334486985182,-0.8107491528772207
3704.841700179697,24.456054971506553,-0.8156579475644171
3707.7764267762777,24.358176017798822,-0.8199110844970181
3710.6994078984135,24.25978668765918,-0.8235030849376519
3713.6105823009325,24.160966317466663,-0.8264310093229088
3716.5098982590284,24.061794596347912,-0.82869375234648
3719.39731361059,23.962351346066335,-0.8302915844251268
3722.272795772118,23.86271635593532,-0.831225906510701
3725.1363217348303,23.762969247154036,-0.8314989602486026
3727.9878780444888,23.663189371924204,-0.8311133772384932
3730.8274607691196,23.563455766655586,-0.8300721201790612
3733.6550754611185,23.4638471122341,-0.8283788147210608
3736.4707371145864,23.364441654467573,-0.8260379610961023
3739.2744701131223,23.26531709913604,-0.8230551596590515
3742.0663081650187,23.166550479976955,-0.8194374311686563
3744.846294222616,23.068217988236718,-0.8151935687805931
3747.6144803812044,22.970394759983048,-0.8103342911801035
3750.3709277524026,22.873154645041435,-0.8048722859924236
3753.1157063098076,22.776569970722345,-0.7988221732357242
3755.8488947062942,22.680711309934058,-0.792200356673593
3758.5705800634864,22.585647267133226,-0.7850247848457073
3761.280857735542,22.49144429295174,-0.7773147135172795
3763.9798310506962,22.398166527329668,-0.7690905043030437
3766.667611033976,22.305875666813304,-0.7603734163142631
3769.3443161139935,22.214630856855592,-0.7511853431190393
3772.010071816816,22.124488615681308,-0.7415483985911746
3774.6650104506975,22.035502807850367,-0.731484656426359
3777.3092707876394,21.947724649079206,-0.7210159104837299
3779.942997745529,21.86120273982116,-0.7101635999430606
3782.566342074307,21.775983107827994,-0.6989486486507374
3785.1794600472467,21.692109269989906,-0.6873917970359538
3787.7825131596455,21.60962225434559,-0.6755136449731987
3790.375667830167,21.52856061694881,-0.663334610957872
3792.959095104201,21.448960463633863,-0.6508750356399813
3795.5329703598372,21.370855459357067,-0.638155258046131
3798.09747301496,21.29427682839153,-0.6251955262812158
3800.652786234367,21.219253365237787,-0.6120161497993435
3803.1990966381954,21.145811427261865,-0.5986376266555958
3805.736594009467,21.073974912063193,-0.5850807828020083
3808.2654709989147,21.00376521812695,-0.5713667901777487
3810.78592282509,20.93520120330562,-0.5575170390085405
3813.298146969487,20.868299158624595,-0.5435529647244477
3815.802342868522,20.80307280285766,-0.529495870534355
3818.298711604865,20.739533298393535,-0.5153667729999575
3820.787455600672,20.67768928563354,-0.501186252383008
3823.2687783149477,20.61754693534758,-0.48697437228576623
3825.7428839471895,20.559110010673287,-0.47275064337885614
3828.2099771484704,20.502379933467825,-0.4585339716804266
3830.6702627404866,20.447355856866174,-0.4443426184585301
3833.1239454433107,20.39403474265115,-0.43019415371030534
3835.571229612429,20.342411444205915,-0.4161054374061421
3838.0123189857336,20.292478791717176,-0.402092580106053
3840.4474164407397,20.24422768210445,-0.3881709671303954
3842.876723762592,20.197647166048803,-0.3743552172758728
3845.300441422518,20.152724539975697,-0.36065911747417495
3847.718768367315,20.109445445878798,-0.3470955864774262
3850.1319018208205,20.067793975501505,-0.33367653309794504
3852.5400370978805,20.027752791529753,-0.32041254485105836
3854.943367432864,19.989303286147628,-0.30731316093747313
3857.3420838272013,19.952425706835133,-0.2943871708108171
3859.7363749120213,19.917099246337834,-0.28164278085588984
3862.126426821582,19.88330211263513,-0.26908773391270624
3864.512423075098,19.851011584565605,-0.2567294045635835
3866.894544465246,19.820204056017975,-0.24457485054385475
3869.272968951968,19.790855073952713,-0.23263083549632835
3871.6478715608423,19.762939373693154,-0.22090383362254326
3874.0194242856855,19.73643091365845,-0.2094000207578595
3876.3877959953247,19.711302911167504,-0.1981252693733183
3878.7531523446646,19.687527878842705,-0.18708516864722158
3881.1156556901255,19.66507765860504,-0.17628497931437656
3883.475465009158,19.643923461087315,-0.1657295547421323
3885.8327358244887,19.62403591451826,-0.15542329407724007
3888.187620134231,19.60538511922899,-0.14537010789790636
3890.540266348539,19.58794070628124,-0.13557339264881885
3892.8908192332924,19.571671899163384,-0.12603601445777116
3895.239419861192,19.55654757742845,-0.11676029637204198
3897.5862055704833,19.542536341863805,-0.10774803213848776
3899.931309931507,19.529606578007186,-0.09900055015161853
3902.2748627208675,19.517726511988993,-0.09051873708704146
3904.616989902306,19.50686426353855,-0.08230307035184647
3906.9578136139307,19.49698789509633,-0.07435364966791298
3909.2974521613423,19.48806545713618,-0.06667022394151552
3911.6360200161985,19.480065030263198,-0.05925221404170645
3913.97362781983,19.472954764578194,-0.05209873318785509
3916.3103823915794,19.46670291659565,-0.0452086027404197
3918.646386741571,19.4612778842668,-0.03858036439255803
3920.981740087683,19.456648240539693,-0.03221228861807303
3923.316537876548,19.452782765905525,-0.026102381380306187
3925.6508718084565,19.449650480139887,-0.02024838930855082
3927.984829866073,19.447220673422862,-0.014647803853078045
3930.318496346884,19.445462936960492,-0.009297866588840003
3932.651951899319,19.444347192969833,-0.004195575572341615
3934.9852735624754,19.44384372390115,0.000662314447489359
3937.3185348093434,19.44392320163485,0.005279304359928341
3939.6518055935394,19.44455671815804,0.009659145727379394
3941.9851523997186,19.445715815645325,0.01380575903016426
3944.318638297596,19.447372506728946,0.017723160567257597
3946.6523229984036,19.449499285997017,0.021415411792266154
3948.9862629127233,19.45206913541209,0.024886591345623293
3951.3205112089727,19.455055526373563,0.028140789810698605
3953.6551178721375,19.458432421150846,0.031182116099708015
3955.9901297626757,19.462174275082813,0.03401470796263408
3958.325590675686,19.466256040038328,0.03664274779244105
3960.6615414004905,19.47065316977342,0.039070457348776025
3962.998019780863,19.475341624655275,0.041302116037917884
3965.3350607758216,19.480297878579826,0.043342126013234915
3967.672696521251,19.485498933701415,0.04519504409991885
3970.010956393295,19.490922338993403,0.046865616410108564
3972.3498670739746,19.496546212962617,0.0483588334668013
3974.68945261953,19.502349272978634,0.04967999044516644
3977.0297345322874,19.508310871832055,0.05083470950077251
3979.3707318369075,19.51441103697215,0.05182889870421338
3981.712461161344,19.520630504816655,0.052668752850961294
3984.054936821922,19.52695075515877,0.05336069746442585
3986.3981709125414,19.5333540388545,0.05391131683837411
3988.742173397204,19.539823396875107,0.054327237881029604
3991.0869522048292,19.54634266542083,0.05461500754052638
3993.43251332468,19.552896466325695,0.05478096616618331
3995.778860900639,19.55947018226564,0.054831132518249684
3998.1259973225106,19.566049918167828,0.054771108738227575
4000.4739233126907,19.572622451216414,0.05460593466887893
4002.8226380068368,19.57917516337668,0.05434034797101301
4005.172139026442,19.5856960051332,0.0539788628395152
4007.522422547058,19.59217346867394,0.05352590149234525
4009.873483363299,19.598596576853023,0.05298586203507167
4012.2253149525213,19.60495488029723,0.05236320891695352
4014.577909538157,19.611238465367265,0.05166262110217411
4016.931258154001,19.617437979899528,0.050889112536102205
4019.285350711589,19.62354467340386,0.05004798857123175
4021.6401760723975,19.629550432032406,0.04914470720863676
4023.995722124241,19.63544779689744,0.048184782289023315
4026.351975859869,19.641229970772123,0.04717371776081369
4028.708923456362,19.646890816903422,0.04611688549812786
4031.06655035439,19.652424843163196,0.045019450985628866
4033.4248413355695,19.657827177281472,0.043886294630761886
4035.7837805968434,19.663093532637163,0.042721960248519125
4038.14335182076,19.668220167866984,0.04153053942170512
4040.503538240904,19.67320383259759,0.04031562611371038
4042.864322700816,19.678041707731236,0.03908038745487732
4045.225687705744,19.682731354225822,0.03782763624157831
4047.587615468251,19.68727067057481,0.036559851158917356
4049.95008794872,19.69165785271388,0.035279339399374984
4052.3130868910457,19.695891373441807,0.033988394586411674
4054.6765938558588,19.699969980792176,0.0326894354687687
4057.040590253554,19.70389271304843,0.03138510793174138
4059.4050573791196,19.70765892600024,0.030078219799159096
4061.7699764502395,19.711268312376138,0.02877169733497138
4064.1353286477247,19.714720916056333,0.02746855264816049
4066.5010951576514,19.718017142374112,0.02617179876776347
4068.867257214736,19.721157758226244,0.024884350573911074
4071.2337961457233,19.724143880295113,0.023608934178457698
4073.600693411359,19.726976952396527,0.022348026693314874
4075.9679306456464,19.729658715599726,0.021103826749378912
4078.3354896915184,19.73219117480965,0.019878186439457338
4080.703352632496,19.734576557182386,0.018672534184092773
4083.0715018193578,19.73681726128448,0.01748786983954141
4085.4399198907117,19.738915805665222,0.016324908333365536
4087.8085897873916,19.740874794665228,0.015184192670135835
4090.1774947627514,19.742696897785645,0.014066228067894893
4092.5466183904855,19.744384845153792,0.012971608166934934
4094.9159445719038,19.745941438133826,0.011901089225444491
4097.28545754448,19.74736956884088,0.010855182027762129
4099.655141892741,19.748672190684214,0.009834432648590151
4102.024982555623,19.749852322602045,0.00883944411941308
4104.394964834335,19.750913055896376,0.007870867533050049
4106.7650744010425,19.751857560000342,0.00692938172699895
4109.135297308242,19.75268908580758,0.006015647810168194
4111.505619998539,19.753410963544802,0.005130260958140459
4113.876029314165,19.754026594859777,0.004273702972730023
4116.246512505548,19.754539439216504,0.003446299322808786
4118.617057238253,19.75495299513524,0.0026481424664496355
4120.987651597669,19.755270772231214,0.001879053155484484
4123.358284090337,19.75549625860987,0.0011385918556691096
4125.72894364137,19.75563288963255,0.00042610498724507807
4128.099619588126,19.75568402223102,-0.0002591785740991456
4130.470301670794,19.755652920802127,-0.0009180356300056176
4132.840980021289,19.755542756526527,-0.0015511712990976805
4135.211645152072,19.755356615970634,-0.002159153610527175
4137.582287945989,19.75509751753737,-0.0027423736209753534
4139.952899648094,19.75476843270285,-0.0033010931141727036
4142.323471860018,19.75437230152915,-0.0038354890927027826
4144.693996536202,19.753912042838024,-0.0043456861419294435
4147.064465981342,19.753390560500993,-0.004831756169188461
4149.434872848603,19.75281074976069,-0.005293756090902093
4151.805210138574,19.752175499029782,-0.0057317742669088356
4154.175471198458,19.751487686117752,-0.006145972497621656
4156.5456497207915,19.750750169418037,-0.006536634280065714
4158.915739741122,19.749965773304428,-0.006904233280650234
4161.285735633918,19.74913726531075,-0.0072494541009737404
4163.655632105755,19.748267330818635,-0.007573174211051518
4166.025424185454,19.747358549913308,-0.007876397614345177
4168.395107211443,19.746413382199588,-0.008160168497635387
4170.764676817307,19.745434161979873,-0.008425499834743904
4173.134128916745,19.744423101999704,-0.008673309498110984
4175.503459688985,19.74338230485993,-0.00890436784343121
4177.872665565567,19.74231378071872,-0.009119263941211021
4180.241743219253,19.741219469045777,-0.009318419661377012
4182.610689555539,19.740101258686412,-0.009502145895602061
4184.979501706581,19.73896100117894,-0.009670686968868821
4187.348177026723,19.737800518742674,-0.009824229465432115
4189.716713088972,19.73662161120682,-0.009962930006728207
4192.085107682316,19.735426059606013,-0.010086960581223199
4194.453358809469,19.734215624336265,-0.0101965491205274
4196.82146468439,19.7329920384418,-0.010292058757207272
4199.189423729003,19.731756991390935,-0.010374036957336434
4201.557234567969,19.730512106956056,-0.01044322594658958
4203.924896020804,19.729258919842465,-0.010500531375552477
4206.292407091185,19.7279988560774,-0.010546943671604418
4208.659766953914,19.726733222836806,-0.010583472512873494
4211.026974940654,19.725463206135263,-0.010611076665767103
4213.394030525391,19.72418987693537,-0.010630597013843246
4215.760933310623,19.72291420529371,-0.010642709363895596
4218.127683015258,19.72163708017004,-0.010647890386949374
4220.494279464879,19.720359333323607,-0.010646411786416073
4222.860722584877,19.719081763909237,-0.010638397467844772
4225.227012396546,19.717805156213096,-0.01062388025043539
4227.593149015292,19.716530290583044,-0.010602821535476504
4229.959132650161,19.715257951998787,-0.010575148497697749
4232.324963604401,19.713988934179064,-0.010540804911555757
4234.690642276502,19.712724037589677,-0.010499812689531231
4237.056169161013,19.711464060066934,-0.010452360525666508
4239.421544848221,19.710209776803854,-0.01039884787383512
4241.786770021437,19.708961915058993,-0.010339891638514129
4244.151845451244,19.70772112806237,-0.010276284184330926
4246.516771986612,19.70648797396025,-0.01020890890601016
4248.881550543488,19.70526290489153,-0.010138664912617433
4251.246182092074,19.704046265102015,-0.010066387253449589
4253.610667643887,19.7028382986316,-0.009992774871251383
4255.975008239722,19.70163916564705,-0.00991833205223648
4258.3392049396,19.700448965800785,-0.009843332876244544
4260.703258815496,19.699267765855634,-0.00976781241842864
4263.067170947399,19.698095628365422,-0.009691615928515506
4265.430942422803,19.696932634454,-0.00961447303947824
4267.794574338937,19.695778897689262,-0.009536023377330505
4270.15806780666,19.69463457488398,-0.009455872668855477
4272.521423955646,19.69349987016372,-0.00937365318253849
4274.884643940066,19.692375031781815,-0.009289110949957297
4277.247728943879,19.69126033846782,-0.00920219953700937
4279.610680184495,19.69015607452338,-0.009113130817776672
4281.973498913439,19.689062498825248,-0.009022387226941904
4284.336186413298,19.687979812358016,-0.008930675737401661
4286.698743990781,19.68690813126953,-0.00883882263709656
4289.061172966533,19.68584747255308,-0.0087476777820423
4291.42347466324,19.684797751219232,-0.008658023222742423
4293.785650393386,19.683758788432502,-0.008570484762735957
4296.147701447998,19.682730330260974,-0.008485458725753325
4298.509629087629,19.681712075213884,-0.008403064298302225
4300.871434536654,19.680703707498086,-0.008323140516816274
4303.233118981554,19.679704930636067,-0.008245295663826396
4305.59468357323,19.678715495156407,-0.008168999695818071
4307.956129432649,19.677735215192907,-0.008093610228262705
4310.3174576584715,19.676763981965514,-0.008018449060056542
4312.678669336307,19.67580176807831,-0.007942877769709315
4315.039765548477,19.674848622745944,-0.00786640075795083
4317.400747383206,19.67390465465499,-0.00778878416750889
4319.761615941765,19.67297000055489,-0.007710117758593106
4322.122372341832,19.67204478642386,-0.007630827022078761
4324.483017716202,19.67112908718121,-0.007551620000915597
4326.843553206664,19.6702228927811,-0.007473325622352724
4329.203979953798,19.66932609370642,-0.007396789957600892
4331.564299085043,19.668438478911508,-0.007322792014990818
4333.924511702512,19.66755974386971,-0.00725195880393509
4336.284618871777,19.66668950881324,-0.007184664823990751
4338.644621612834,19.66582734903436,-0.0071209610769906555
4341.004520894719,19.66497283370512,-0.007060573183273715
4343.364317634763,19.66412556492313,-0.007002966014161386
4345.724012702554,19.66328520900143,-0.006947446929519237
4348.083606927635,19.662451515369888,-0.006893195570980034
4350.443101109479,19.661624331901372,-0.006839352300978979
4352.802496029308,19.660803609625255,-0.00678510718734911
4355.1617924624625,19.65998939676277,-0.006729823114999549
4357.520991190074,19.659181817988973,-0.006673175138726661
4359.8800930082325,19.658381036972326,-0.006615217876256688
4362.239098732669,19.657587210827174,-0.006556395163343523
4364.598009197968,19.656800443407572,-0.006497448657786385
4366.956825251177,19.65602074956864,-0.0064392420456859355
4369.315547741126,19.65524804052316,-0.006382653267373215
4371.674177505988,19.654482122131075,-0.006328486434563681
4374.032715360644,19.653722703758927,-0.006277404344223971
4376.391162085095,19.65296941523762,-0.0062297997120498065
4378.749518414924,19.652221839272176,-0.006185709235758038
4381.107785035637,19.651479554163885,-0.0061448142623702386
4383.465962582137,19.6507421764524,-0.006106516170776159
4385.824051643312,19.65000939451191,-0.00607004863629609
4388.182052770653,19.649280988675553,-0.006034508481297157
4390.539966489294,19.648556847657797,-0.005998952303756211
4392.897793311013,19.647836973381345,-0.005962491733870296
4395.255533747819,19.647121474373282,-0.005924435993050743
4397.6131883247435,19.646410542054117,-0.005884442779818306
4399.97075758979,19.645704408920537,-0.0058425910723692125
4402.3282421188605,19.645003297991853,-0.0057993652413491055
4404.68564251462,19.644307374162892,-0.005755556549918629
4407.0429593995195,19.643616707376903,-0.005712075050253457
4409.4001934044045,19.642931258370872,-0.005669840818842589
4411.757345155409,19.642250877472613,-0.005629693719048927
4414.114415260706,19.641575314226326,-0.005592327055441322
4416.471404298413,19.640904234979672,-0.005558149684274053
4418.8283128066105,19.64023725701756,-0.00552719317968686
4421.185141277452,19.639573993836,-0.005499113569236362
4423.541890156713,19.63891410020769,-0.005473280945745717
4425.898559848738,19.6382573064942,-0.0054488955539033
4428.2551507255175,19.637603439027732,-0.005425017993616462
4430.611663138201,19.636952436868498,-0.005400669466393284
4432.968097430626,19.63630435653253,-0.005374928809842763
4435.32445395341,19.635659365075348,-0.005347107954944957
4437.680733077219,19.635017712120757,-0.005316894356260829
4440.036935202674,19.634379684798006,-0.0052844251746171755
4442.39306076485,19.63374555377705,-0.005250236446464074
4444.749110231303,19.633115525403475,-0.005215165217681648
4447.105084094352,19.632489705577353,-0.005180156062277293
4449.460982859021,19.63186808684988,-0.005146154018593175
4451.816807029443,19.63125054836765,-0.005114018067638551
4454.172557095248,19.630636866199534,-0.00508444882928031
4456.528233519191,19.63002673234002,-0.005057852892228127
4458.883836727072,19.62941978999295,-0.0050342492722144855
4461.239367101871,19.628815680080287,-0.005013274700608046
4463.59482498348,19.628214087116213,-0.004994279335627891
4465.950210673934,19.627614773595937,-0.004976442880449602
4468.305524446765,19.627017600450284,-0.004958807387159247
4470.660766558819,19.626422543563823,-0.004940379963708754
4473.015937264046,19.62582969796818,-0.004920230565177188
4475.3710368278025,19.62523927030036,-0.004897693004893384
4477.726065540239,19.62465154713977,-0.004872500538419754
4480.081023725896,19.62406684707516,-0.004844851952918179
4482.435911747545,19.623485464840808,-0.004815338251690532
4484.790730003326,19.622907624250605,-0.004784834356723947
4487.145478918236,19.622333444127797,-0.004754306810991085
4489.500158931532,19.621762927310478,-0.0047247127645221225
4491.854770482809,19.621195961778735,-0.004696914947212598
4494.209313998223,19.62063233198507,-0.004671606499712819
4496.563789878061,19.620071739205105,-0.004649174678126307
4498.9181984867655,19.61951383824373,-0.004629607416910286
4501.272540147354,19.6189582853537,-0.004612510776847698
4503.626815141597,19.618404784060477,-0.004597212149396251
4505.981023715684,19.61785311860255,-0.004582872136925935
4508.335166089917,19.61730317394612,-0.00456851842888329
4510.68924247079,19.616754951734652,-0.0045531507042969824
4513.043253064999,19.616208573650137,-0.004535853364848388
4515.397198093837,19.615664271246356,-0.00451600072528731
4517.751077806386,19.61512235115932,-0.00449338557550126
4520.104892488525,19.61458314489026,-0.004468271052810687
4522.458642465912,19.614046952363925,-0.004441301499167432
4524.812328100195,19.613513996184025,-0.004413377652985436
4527.165949779737,19.612984390865666,-0.004385472473967999
4529.519507906642,19.61245813416879,-0.004358539839790134
4531.873002882742,19.611935109388014,-0.0043334314396785735
4534.2264350958685,19.611415097615254,-0.004310818898667797
4536.579804907582,19.610897799347413,-0.004291053439496674
4538.933112643504,19.61038287293467,-0.004274085052859156
4541.286358588256,19.609869982728327,-0.00425948695799512
4543.639542986183,19.609358844293368,-0.004246563076859254
4545.9926660474985,19.608849256724145,-0.004234452752009752
4548.345727958305,19.608341122393902,-0.004222171769302093
4550.698728892992,19.607834461781586,-0.004208716871407392
4553.051669028406,19.607329415757018,-0.004193196136093896
4555.4045485582965,19.606826232220687,-0.004175026797641834
4557.757367706163,19.60632522900497,-0.004153936309798104
4560.1101267336435,19.605826756647794,-0.004129988585878025
4562.462825944442,19.60533115801749,-0.0041035079171870895
4564.815465683404,19.604838737067425,-0.0040749564679523065
4567.168046331852,19.60434974229127,-0.004044800711711934
4569.520568300926,19.603864366205865,-0.004014085440157998
4571.873032024871,19.603382675953046,-0.003983843736766203
4574.225437945985,19.602904614704634,-0.003954954093843491
4576.577786499749,19.602430020213372,-0.003927990093913345
4578.930078102175,19.601958661402104,-0.0039031399244604244
4581.282313141543,19.60149028461117,-0.003880211353096272
4583.634491975697,19.6010246592488,-0.0038587432656124183
4585.986614934806,19.60056161005693,-0.0038381251855240015
4588.338682328013,19.600101035034665,-0.0038176283164380845
4590.690694452218,19.599642919636693,-0.00379647410041465
4593.042651602575,19.599187342744642,-0.0037739756082909364
4595.394554083704,19.598734465671647,-0.003749714804803358
4597.7464022195845,19.598284499895072,-0.003723664864025089
4600.098196359572,19.597837660111388,-0.0036961939073000038
4602.449936878786,19.597394116842512,-0.0036679874349117097
4604.801624172806,19.596953958350323,-0.0036399294746930753
4607.153258647809,19.59651716681336,-0.0036129394110296573
4609.504840707827,19.596083614084037,-0.0035878940500695426
4611.856370741517,19.59565306679803,-0.0035655406132512725
4614.207849109533,19.59522520192444,-0.0035464247632387186
4616.559276133764,19.59479963095285,-0.003530759420647287
4618.910652089478,19.59437593982237,-0.003518380600921361
4621.261977202257,19.59395373415026,-0.0035087660706484398
4623.613251650355,19.593532682221785,-0.0035011622253553914
4625.964475572221,19.593112542754742,-0.0034946774855635814
4628.315649077352,19.592693181456475,-0.0034883267878922934
4630.666772259126,19.592274582241927,-0.0034811324138543246
4633.017845208996,19.591856846352265,-0.0034722839885759065
4635.368868030558,19.591440172273636,-0.0034613102460961938
4637.71984085123,19.591024815044104,-0.0034481822192321027
4640.070763829036,19.590611033177797,-0.003433285999848105
4642.421637153017,19.590199038857815,-0.0034173372684451883
4644.77246103768,19.5897889583856,-0.0034011989928722794
4647.123235712686,19.589380814506455,-0.0033857614883212287
4649.473961410427,19.588974523127856,-0.003371862908676288
4651.824638353202,19.588569899578815,-0.003360206607865725
4654.175266741152,19.58816667478587,-0.0033512746560981003
4656.525846742126,19.58776452182714,-0.003345204502162814
4658.876378484745,19.58736309728688,-0.0033417538842101203
4661.226862056419,19.586962086820773,-0.003340329668676082
4663.577297506838,19.58656124726053,-0.003340125603321405
4665.927684856509,19.58616043218813,-0.0033401891304107824
4668.278024108371,19.58575960949248,-0.0033394948477020897
4670.628315261511,19.585358870110756,-0.0033370459272107265
4672.978558325924,19.584958424599492,-0.0033320581777716908
4675.328753336876,19.58455857761816,-0.0033241242498493508
4677.67890036619,19.58415968270818,-0.0033133123483178642
4680.028999528115,19.583762085226383,-0.003300108203055064
4682.379050978342,19.583366072242015,-0.0032853186328593302
4684.729054907011,19.58297183400607,-0.0032698674345513702
4687.079011527092,19.582579449913926,-0.0032546939990689373
4689.428921061081,19.582188886634036,-0.0032406699134794885
4691.778783727477,19.581800006244418,-0.0032285215827958153
4694.128599728227,19.581412583654483,-0.003218733841508411
4696.478369238265,19.581026335593503,-0.003211429719981527
4698.828092398537,19.580640964027104,-0.003206346109878895
4701.17776931422,19.580256202493917,-0.0032028746769960695
4703.52740005852,19.579871857532677,-0.0032002117200025963
4705.876984681424,19.579487832126276,-0.003197412548331252
4708.226523221279,19.579104142620476,-0.0031934722343719526
4710.576015718394,19.57872092595235,-0.003187425094028373
4712.925462229508,19.578338434941067,-0.0031785537347525997
4715.274862841701,19.577957008492895,-0.0031665392793458983
4717.62421768272,19.577577023779373,-0.003151545134166076
4719.973526925573,19.577198838363273,-0.0031341404653559913
4722.322790786177,19.57682274150743,-0.0031151852884210352
4724.672009515159,19.57644891927282,-0.003095641307732319
4727.021183385471,19.576077442315892,-0.0030764745013671813
4729.3703126785485,19.575708265375727,-0.003058571480173225
4731.719397670394,19.575341236798106,-0.0030426597384722934
4734.0684386188095,19.57497611762949,-0.0030292031960158206
4736.4174357529255,19.574612613245968,-0.003018292337827644
4738.766389266515,19.574250418165427,-0.0030096302980294034
4741.115299316695,19.573889262529665,-0.0030025883562896385
4743.464166028199,19.57352895192691,-0.002996354733380822
4745.812989502429,19.573169389358906,-0.002989978436321125
4748.161769829153,19.57281059194655,-0.0029824581657305303
4750.510507100186,19.57245269696666,-0.002972848496677061
4752.859201423822,19.57209595514706,-0.0029604729044890223
4755.20785293844,19.57174069839852,-0.002945070394418858
4757.556461822248,19.57138728995119,-0.00292686883466891
4759.905028297042,19.57103606569103,-0.002906493306607588
4762.253552624925,19.570687286494238,-0.002884832449273127
4764.602035099304,19.570341106600324,-0.002862863622138385
4766.950476032096,19.569997562965668,-0.0028415587987185575
4769.2988757396515,19.56965657590982,-0.002821798546422361
4771.647234528761,19.569317960084252,-0.002804289181337023
4773.995552683971,19.56898144538249,-0.002789450242886106
4776.343830457417,19.568646711353345,-0.0027773143424958246
4778.69206806278,19.568313433632245,-0.0027675261681634174
4781.040265674816,19.567981330492064,-0.002759420689466608
4783.388423434475,19.56765020000933,-0.0027521657265511326
4785.7365414584765,19.567319940122143,-0.002744794903881449
4788.084619851291,19.56699056473368,-0.0027363037520030703
4790.432658719059,19.56666220828344,-0.00272577221878917
4792.780658184053,19.566335115617186,-0.002712573014110722
4795.128618397927,19.56600960685549,-0.002696513017577935
4797.47653955075,19.56568602529338,-0.0026778785128376025
4799.8244218737855,19.56536467987184,-0.0026573433400899965
4802.17226563537,19.56504579867103,-0.0026358111232982523
4804.520071131211,19.564729501336235,-0.0026142608244493835
4806.867838671371,19.5644157900373,-0.0025936559057789803
4809.2155685661755,19.564104551328608,-0.0025748556930869017
4811.563261112335,19.56379556864544,-0.0025585326431819223
4813.910916580572,19.56348854472826,-0.002545050939643904
4816.25853520594,19.5631831386155,-0.002534381314886093
4818.606117182573,19.562879012857714,-0.0025261049613520626
4820.953662664116,19.56257588026235,-0.0025195143339333216
4823.301171769747,19.56227353854228,-0.0025137498576911373
4825.648644594372,19.561971888559356,-0.0025078232619672727
4827.996081220999,19.56167094976792,-0.0025007205937328824
4830.343481734972,19.56137086329667,-0.002491539196516873
4832.690846238567,19.561071878593086,-0.00247969106580945
4835.038174863998,19.56077431566519,-0.0024650373191718437
4837.385467781878,19.560478511186886,-0.0024479151547638486
4839.732725203221,19.560184761368316,-0.0024290432658319516
4842.079947374586,19.559893276176414,-0.002409340830986594
4844.427134567727,19.559604155276695,-0.002389790719077527
4846.774287066361,19.559317380390407,-0.002371349792058088
4849.121405152007,19.55903281841536,-0.0023548598946524107
4851.468489090217,19.558750235228004,-0.0023409628367622934
4853.815539118445,19.558469319687593,-0.0023299683744706806
4856.162555436807,19.558189723482656,-0.0023217796430853254
4858.509538203625,19.557911109925485,-0.0023159043319470073
4860.8564875368165,19.55763320140565,-0.0023115906714465625
4863.203403520985,19.557355810525078,-0.002307946459069097
4865.550286218248,19.55707885694999,-0.002303960328504458
4867.897135681083,19.55680238171057,-0.002298609074369725
4870.243951966888,19.556526548621644,-0.002291011345755945
4872.590735152722,19.556251627260153,-0.0022806305025887697
4874.937485347993,19.555977951599843,-0.002267400218634879
4877.284202702185,19.555705863573607,-0.0022517255258802634
4879.630887405814,19.5554356565105,-0.002234382383227788
4881.977539684595,19.555167530624512,-0.0022163180431533733
4884.324159788271,19.554901572459332,-0.0021985304797309075
4886.670747976966,19.554637748801763,-0.0021819791544565583
4889.017304506822,19.55437591130323,-0.002167497511610226
4891.363829616179,19.554115811601836,-0.002155706752535216
4893.710323513571,19.55385712679153,-0.002146865780436859
4896.056786368786,19.553599502897878,-0.0021408112466487416
4898.403218309133,19.55334260554828,-0.002136984736056653
4900.749619421799,19.553086167379952,-0.0021345906594700515
4903.095989761885,19.552830016500817,-0.0021326972165445156
4905.442329363865,19.55257409283483,-0.0021302633134702214
4907.788638255005,19.552318461237213,-0.00212625082349454
4910.134916470353,19.552063311138394,-0.002119792196943235
4912.48116406769,19.55180893607476,-0.0021103952775317516
4914.827381140019,19.551555688641457,-0.002098064391613977
4917.173567822656,19.551303920914464,-0.0020832758954993373
4919.519724293165,19.551053927807004,-0.002066860299872702
4921.865850764502,19.550805904571018,-0.0020498034601497597
4924.211947473051,19.5505599281558,-0.002033129306745786
4926.55801466443,19.55031595263899,-0.0020178110357406093
4928.904052578747,19.5500738153147,-0.0020046828178921236
4931.2500614365845,19.549833253376555,-0.001994340367822019
4933.596041426989,19.549593932532417,-0.001986992445019115
4935.941992698893,19.549355493439016,-0.001982410971964236
4938.287915358106,19.54911760412238,-0.0019799935279839606
4940.633809470601,19.548880004899022,-0.0019789136297309285
4942.9796750711885,19.548642535263454,-0.001978204587129831
4945.32551217542,19.548405150713,-0.00197679939381322
4947.671320793505,19.54816793478574,-0.0019736478737582396
4950.01710094568,19.54793109704089,-0.001967893304023575
4952.362852677325,19.54769494984441,-0.001959086374440898
4954.708576071306,19.547459859479478,-0.0019472976296892666
4957.054271254444,19.547226183763915,-0.0019330697981469523
4959.399938396496,19.546994215388136,-0.0019172798491208375
4961.745577702342,19.546764141806243,-0.0019009485092650364
4964.091189399359,19.54653602798513,-0.0018851249819400854
4966.436773722717,19.546309812987296,-0.0018707981946741485
4968.782330900275,19.546085317203936,-0.001858802274775195
4971.1278611383395,19.545862260930964,-0.0018497067342294025
4973.473364609651,19.545640296122855,-0.001843666954500171
4975.818841445186,19.545419056088313,-0.0018403885810022486
4978.164291731917,19.545198209458594,-0.0018392234606673236
4980.5097155170515,19.544977502643313,-0.0018393037753485853
4982.8551128173685,19.54475678619027,-0.0018396203697164078
4985.200483631711,19.544536031745903,-0.0018390785325192872
4987.5458279555205,19.544315342322,-0.0018366199434341557
4989.891145796599,19.544094947928787,-0.0018314093432453985
4992.23643719035,19.543875178807596,-0.001823051657962145
4994.581702211807,19.54365641260864,-0.0018116924079063135
4996.9269409813205,19.54343900951969,-0.0017979485491260226
4999.272153662463,19.543223255693796,-0.0017827479661203975
5001.617340453146,19.543009325937863,-0.0017671473666177751
5003.962501572259,19.542797268253867,-0.0017522194593070713
5006.307637244449,19.54258700191875,-0.0017389668254066033
5008.6527476846795,19.5423783258997,-0.0017282197895534866
5010.997833083788,19.542170939524954,-0.0017205126602210245
5013.34289359653,19.541964478005728,-0.0017159372882535858
5015.687929333891,19.541758565531136,-0.0017141135994913847
5018.032940361754,19.541552871899196,-0.0017143318217584809
5020.377926706382,19.541347152080586,-0.001715674599995881
5022.722888364631,19.541141271128588,-0.001717086188590949
5025.067825317166,19.540935220785958,-0.0017174418653610674
5027.412737543661,19.540729127762113,-0.001715678806936576
5029.757625038992,19.54052324630528,-0.0017109926476505837
5032.102487828549,19.540317927187562,-0.0017030559212504967
5034.4473259798115,19.54011356047701,-0.0016921058048203737
5036.792139607069,19.539910507780434,-0.0016788469759405162
5039.1369288680025,19.539709046143322,-0.001664265569223556
5041.481693953539,19.539509334275014,-0.001649456588479268
5043.826435073653,19.539311399484397,-0.0016355153575893732
5046.1711524415905,19.539115137641488,-0.0016234529565526288
5048.515846258108,19.538920323286703,-0.0016140875739584298
5050.860516696902,19.538726632777827,-0.001607901051188285
5053.205163892835,19.538533684651686,-0.001604900746793701
5055.549787934993,19.53834109656207,-0.0016046216543614937
5057.894388866581,19.538148541963547,-0.0016062839787161893
5060.238966691616,19.5379557878861,-0.0016089141366676983
5062.583521386163,19.5377627181897,-0.0016114031624534818
5064.928052912345,19.537569349810205,-0.0016125953381663817
5067.272561234323,19.537375838369627,-0.0016114269606614133
5069.617046334927,19.537182467134347,-0.0016071307328328933
5071.961508230983,19.53698961144641,-0.0015994565061995488
5074.3059469843565,19.536797676665664,-0.0015887296660424934
5076.650362705556,19.53660702910574,-0.001575740834176323
5078.994755549049,19.536417940205638,-0.00156153185748005
5081.339125701874,19.53623055638274,-0.001547239105624939
5083.68347336864,19.536044887690064,-0.0015339858357382693
5086.027798755163,19.535860809389774,-0.0015227979421159315
5088.37210205229,19.53567807363672,-0.0015144872634255465
5090.716383421126,19.53549633516511,-0.0015094834110037391
5093.060642981346,19.53531519715579,-0.0015077084521707106
5095.404880805005,19.53513427214153,-0.001508631925296757
5097.7490969176615,19.534953236310493,-0.0015114143688842593
5100.093291306019,19.534771866586226,-0.0015150324451167509
5102.4374639300095,19.53459006269281,-0.0015183299682573635
5104.781614737532,19.534407863096618,-0.0015201242392616256
5107.125743681104,19.534225448187907,-0.0015193517181280832
5109.469850734887,19.534043125981732,-0.0015152840979569236
5111.813935910004,19.533861291889977,-0.0015077499658010436
5114.157999265031,19.53368036189408,-0.0014971622892036888
5116.502040908458,19.533500702419378,-0.0014843929125521473
5118.846060992749,19.53332257526987,-0.0014705360426208159
5121.190059701781,19.533146110944756,-0.0014567659440932988
5123.534037235095,19.532971299031466,-0.001444233472389906
5125.8779937909785,19.532797991014778,-0.0014339727211052867
5128.2219295499,19.532625914288246,-0.0014267818453237886
5130.565844659614,19.532454700466808,-0.001423035299828755
5132.909739223671,19.53228393623083,-0.0014225654473140293
5135.253613296019,19.532113228377153,-0.0014247654215281851
5137.597466883424,19.53194225652657,-0.0014287282729973725
5139.941299954207,19.53177080913381,-0.0014333794798934247
5142.285112451304,19.531598803596225,-0.001437517979088566
5144.628904307735,19.531426301438735,-0.0014399355866102186
5146.972675463908,19.53125350916834,-0.0014395649408093525
5149.316425885008,19.531080761375442,-0.0014357093892689147
5151.660155576374,19.53090847624873,-0.0014282712187970684
5154.003864593524,19.530737083702473,-0.0014177549799592932
5156.347553043568,19.530566953104877,-0.0014051062362584322
5158.691221077941,19.530398340356527,-0.0013914765853815726
5161.0348688787835,19.53023136316628,-0.0013780827871511388
5163.378496642364,19.530065993231823,-0.0013661080854208598
5165.7221045615515,19.529902060261573,-0.0013565980286935754
5168.065692808783,19.52973926849813,-0.0013503409411703738
5170.409261521003,19.52957722758519,-0.0013476509078785184
5172.752810788314,19.529415509476244,-0.0013482612552041862
5175.096340649451,19.52925371812562,-0.001351481082729143
5177.439851095626,19.529091540395694,-0.0013563338233165958
5179.783342080474,19.528928780336894,-0.0013616866296108586
5182.126813534114,19.52876537794134,-0.001366292298592588
5184.4702653794675,19.52860142286551,-0.0013689127192716359
5186.813697550211,19.528437153339198,-0.0013684792079759896
5189.157110008612,19.52827293583424,-0.0013643431120102128
5191.500502760912,19.5281092146608,-0.0013564911950243238
5193.843875866672,19.5279464357174,-0.0013455288175023854
5196.187229438958,19.5277849722593,-0.0013324877435461429
5198.530563635629,19.527625073730075,-0.0013185876199127836
5200.8738786444765,19.527466843215684,-0.001305096263968857
5203.217174665662,19.527310231664007,-0.0012932352367917563
5205.5604518934615,19.52715504343559,-0.0012840722003970078
5207.903710498674,19.527000954771545,-0.0012783812094441527
5210.246950613247,19.52684754902641,-0.0012764049307187266
5212.59017231913,19.526694380434723,-0.0012777923007737204
5214.933375644782,19.52654104535863,-0.0012817755652055859
5217.276560570225,19.526387232290805,-0.0012873135909245719
5219.6197270381,19.526232754659894,-0.0012932207391536093
5221.962874968659,19.526077568171196,-0.001298195927907377
5224.306004276839,19.525921784659847,-0.0013009640321571746
5226.649114890998,19.52576566897599,0.0
