position,velocity,acceleration
-124.02496734957839,19.444444444444443,5.037970041144035e-16
-121.69163401624506,19.444444444444443,0.0008214179556632893
-119.35828885449317,19.444543014599123,0.001643148396942011
-117.02492003140436,19.444740192406755,0.0024635086756634914
-114.69151573379062,19.445035813447834,0.003280914159560777
-112.35806419101299,19.44542952314698,0.0040938746649715274
-110.02455369644017,19.44592078810678,0.004900990982511466
-107.6909726275972,19.44650890702468,0.005700951494563327
-105.35730946505272,19.447193021204026,0.006492528883321299
-103.02355281009233,19.447972124670024,0.00727457692811887
-100.68969140122415,19.4488450739014,0.00804602739064441
-98.35571412956156,19.449810597188275,0.008805886986665736
-96.02161005312637,19.450867303626676,0.009553234442775303
-93.68736841011518,19.45201369175981,0.010287217636707254
-91.35297863117003,19.453248157876214,0.011007050819683534
-89.01843035069308,19.454569003974576,0.011712011919251492
-86.68371341724449,19.455974445404888,0.01240143992105219
-84.34881790306105,19.457462618195414,0.013074732327955476
-82.01373411273208,19.45903158607477,0.013731342694943468
-79.67845259106831,19.460679347198163,0.014370778238187868
-77.3429641301979,19.462403840586745,0.014992597516701258
-75.00725977592325,19.464202952288748,0.015596408184967695
-72.67133083337073,19.466074521270944,0.01618186481496964
-70.33516887196488,19.46801634504874,0.01674866678603607
-67.99876572975731,19.470026185063062,0.01729655624090459
-65.66211351713987,19.47210177181197,0.01782531610647835
-63.3252046199705,19.47424080974475,0.018334768177689385
-60.988031702139374,19.47644098192607,0.018824771262968585
-58.65058770760206,19.478699954477626,0.019295219389776217
-56.31286586190553,19.4810153808044,0.019746040068725327
-53.97485967323201,19.48338490561265,0.02017719261480569
-51.63656293298484,19.485806168726427,0.02058866652425717
-49.297969715939715,19.488276808709337,0.020980479905669622
-46.95907437998395,19.490794466298016,0.021352677963887404
-44.61987156546551,19.49335678765368,0.021705331535354772
-42.28035619417296,19.495961427437923,0.02203853567352865
-39.94052346796671,19.498606051718745,0.022352408283043773
-37.60036886708119,19.501288340712712,0.022647088801293246
-35.25988814811692,19.504005991368867,0.022922736926197694
-32.91907734174092,19.506756719800013,0.023179531388846594
-30.57793275011292,19.509538263566675,0.02341766876984502
-28.236450944054635,19.512348383819056,0.023637362358117205
-25.894628759978392,19.51518486730203,0.023838841051043114
-23.552463296591014,19.518045528228154,0.02402234829472397
-21.209951911388192,19.52092821002352,0.024188141063320588
-18.867092216954056,19.52383078695112,0.02433648887632243
-16.523882077080103,19.52675116561628,0.02446767285270532
-14.18031960271707,19.529687286358605,0.024581984800922926
-11.836403147772904,19.532637124534716,0.024679726343734967
-9.492131304769389,19.535598691695963,0.024761208076859643
-7.147502900369567,19.538570036665185,0.024826748760500537
-4.8028744959697445,19.541549246516446,0.024884568036225907
-2.457888586387771,19.544535394680793,0.02513497235804817
-0.11254433902607586,19.54755159136376,0.025646075223000227
2.233161851937575,19.55062912039052,0.026427659911912756
4.579237346384438,19.553800439579952,0.027464503880621622
6.9256933991340315,19.557096180045626,0.02873248968960966
9.272544940739508,19.56054407880838,0.030201026038957066
11.619810230196514,19.564168201933054,0.03183565167997328
13.96751041442848,19.56798848013465,0.0335981195495249
16.31566903204464,19.572020254480595,0.03545138750726012
18.66431146258231,19.576274420981466,0.037357770666527575
21.013464393100087,19.58075735346145,0.03928187259611113
23.36315527551546,19.585471178172984,0.04119643696651889
25.71341181689622,19.590414750608968,0.04307697562941096
28.064261586969295,19.595583987684495,0.04490296208994899
30.415731665491435,19.60097234313529,0.046660474194317396
32.76784834666767,19.606571600038606,0.048340063707554635
35.120636938672305,19.612372407683512,0.04993935554933897
37.47412162759433,19.61836513034943,0.05145636049180877
39.82832544323626,19.62453989360845,0.05288744246585894
42.183270230469276,19.630886386704354,0.054230453839739394
44.538976596873795,19.637394041165123,0.055482383682067045
46.89546388181361,19.64405192720697,0.05664097574882284
49.25275011307845,19.650848844296828,0.05770210411696114
51.610851974394066,19.657773096790862,0.05866089570551044
53.96978474600897,19.664812404275523,0.05951091028690147
56.32956223452203,19.67195371350995,0.060246628124343365
58.690196680143224,19.67918330888487,0.06086359610159264
61.05169867720941,19.686486940417062,0.06135836349406296
63.41407711005946,19.693849944036348,0.06172959429280174
65.77733910334382,19.701257495351484,0.06197707235227143
68.141490002786,19.708694744033757,0.06210150869764819
70.50653337207005,19.716146925077474,0.06210501575473688
72.87247100307935,19.723599526968044,0.06199095317493245
75.23930294631552,19.731038441349035,0.061763383099202464
77.6070275592774,19.73845004732094,0.061426540904231046
79.97564156495591,19.745821232229446,0.060984632423124074
82.34514011282344,19.75313938812022,0.06044260396011993
84.71551683939786,19.760392500595437,0.05980562434355028
87.08676393946932,19.767569175516662,0.05907828465943996
89.45887224053132,19.774658569675797,0.05826484672288142
91.83183126889242,19.781650351282543,0.05736935443415126
94.20562931104632,19.78853467381464,0.056395710007102
96.58025347190409,19.795302159015495,0.05534776921787649
98.95568973098595,19.801943891321642,0.054229407322770276
101.33192299794455,19.808451420200374,0.05304432671617125
103.70893716836859,19.814816739406314,0.05179621420840847
106.08671517709735,19.821032285111322,0.05048930726493835
108.4652390513107,19.827091001983113,0.049128053467956324
110.84448997154868,19.83298636839927,0.04771706204671649
113.22444833575659,19.838712415844874,0.04626119905382532
115.60509382565797,19.844263759731334,0.044765604723577865
117.98640547682574,19.849635632298163,0.043235152082679626
120.36836175270152,19.854823850548083,0.04167451449599866
122.75094061476729,19.859824792287604,0.0400881945674312
125.1341195898418,19.864635375635697,0.03848051900025628
127.51787583491809,19.869253037915726,0.03685564438141774
129.90218619946796,19.873675715241497,0.03521752131913049
132.28702728529694,19.877901817799792,0.03356988905437353
134.67237550343293,19.881930204486316,0.03191628666995482
137.0582071279713,19.88576015888671,0.030260079065241117
139.4444983470377,19.88939136837454,0.028604480527363783
141.83122531124263,19.892823906037822,0.02695256860995372
144.21836417996718,19.896058214271015,0.025307316263065656
146.6058911656797,19.899095092222584,0.023671595416858034
148.9937825767464,19.90193568367261,0.022048179223957548
151.38201485878713,19.904581465179483,0.020439739607547955
153.77056463460866,19.90703423393239,0.018848839029990377
156.15940874268054,19.90929609461599,0.017277918710303285
158.54852427403446,19.911369444861226,0.015729296821263263
160.93788860741782,19.913256960479778,0.014205160901738173
163.32747944267538,19.914961579787988,0.012707546305240758
165.71727483224993,19.916486485344617,0.011238324401175781
168.10725321049128,19.91783508427276,0.009799196620648633
170.497393420604,19.91901098786724,0.008391698541163277
172.88767473914805,19.920017991692177,0.007017207032044344
175.2780768981511,19.92086005653602,0.005676938927216336
177.66858010493544,19.921541289207287,0.004270085958325173
180.05916505964032,19.922053699522287,0.002692676489583817
182.449811503583,19.922376820701036,0.0008503550278856234
184.84049672206712,19.92247886330438,-0.001340389280900838
187.23119418566364,19.922318016590673,-0.003957485547715228
189.62187234765452,19.921843118324947,-0.007067077416021472
192.01249352185351,19.920995069035026,-0.010723983770102172
194.40301293013772,19.919708190982615,-0.014973278729619389
196.79337791305562,19.91791139753506,-0.019848070655898824
199.18352728075982,19.915529629056355,-0.02537193539218834
201.57339083624657,19.912484996809294,-0.03155996575303176
203.9628890358637,19.90869780091893,-0.03841797062937191
206.35193277197396,19.904087644443404,-0.04594922526273066
208.74042328930716,19.898573737411876,-0.05415401151918807
211.12825213779658,19.892075256029575,-0.06302651041712196
213.51530116852012,19.88451207477952,-0.07255223161878156
215.90144261749367,19.875805806985266,-0.08271891095500206
218.2865393143319,19.865879537670665,-0.09351263054035425
220.67044485885236,19.85465802200582,-0.10492078379646014
223.05300382149306,19.842067527950245,-0.11692932672542135
225.4340519248471,19.828036008743194,-0.12952227673484326
227.8134162458963,19.812493335535013,-0.14268130650620872
230.1909154461605,19.795371578754267,-0.15638589629320718
232.566360035611,19.77660527119908,-0.17061231864417964
234.9395526681549,19.756131792961778,-0.1853327808928248
237.31028848331033,19.73389185925464,-0.2005167649074416
239.6783555064209,19.70982984746575,-0.21613116659668916
242.04353508811678,19.683894107474146,-0.23213812284825475
244.4056023810137,19.656037532732356,-0.248498829427348
246.76432688494157,19.626217673201072,-0.2651731238275297
249.1194730057257,19.59439689834177,-0.2821184951626713
251.47080063352672,19.56054267892225,-0.2992953397172901
253.81806575499738,19.524627238156175,-0.3166648493049987
256.1610210235761,19.486627456239574,-0.3341885035311719
258.49941631832485,19.446524835815833,-0.3518280497673874
260.8329992986227,19.404305469843745,-0.36954424929069457
263.16151595500395,19.35996015992886,-0.3872980383232365
265.4847111741954,19.31348439533007,-0.4050499765712029
267.80232930163504,19.264878398141526,-0.4227624000942217
270.11411470941204,19.21414691013022,-0.4403982480607266
272.41981233862765,19.161299120362933,-0.45792070373033594
274.71916823307123,19.106348635915293,-0.4752933793131838
277.01193006938104,19.04931343039771,-0.4924811141068115
279.29784768102877,18.990215696704894,-0.5094498236598103
281.5766735646334,18.929081717865717,-0.5261676876442829
283.8481633707773,18.865941595348403,-0.5426046812408055
286.1120763622191,18.800829033599506,-0.5587325712100348
288.36817584625106,18.7337811250543,-0.5745251955969513
290.6162295812576,18.664838101582667,-0.5899583287629474
292.8560101534475,18.594043102131113,-0.6050090263719898
295.0872953257033,18.521442018966475,-0.6196574069107201
297.3098683679793,18.447083130137187,-0.6338842012492186
299.52351834359575,18.371017025987282,-0.6476714310468679
301.7280403867142,18.293296454261657,-0.6610035987688503
303.9232359612256,18.213976022409394,-0.6738673038456036
306.10891308391473,18.13311194594792,-0.6862511888629981
308.2848865174285,18.05076180328436,-0.698146058631702
310.4509779338226,17.966984276248557,-0.7095446083465512
312.60701604697243,17.88183892324697,-0.7204412577317084
314.7528367177621,17.795385972319167,-0.7308320977149668
316.8882830344404,17.707686120593372,-0.7407148683363179
319.0132053689116,17.618800336393015,-0.7500889418839474
321.12746140927874,17.52878966336694,-0.7589552577491194
323.23091616888274,17.437715032437044,-0.7673162376713051
325.3234419727752,17.345637083916486,-0.7751757207477535
327.4049184228452,17.252615997426755,-0.7825388688975417
329.4752323425364,17.15871133315905,-0.7893527593504073
331.5342777025155,17.063989002037,-0.7954440116513852
333.5819563827599,16.968535720638833,-0.8006480929600148
335.6181806692366,16.872457949483632,-0.8048258747854578
337.64287562317463,16.77587884450938,-0.8078625625505821
339.65598108451576,16.67893533700331,-0.8096668191367186
341.6574533249562,16.581775318706903,-0.810172057110324
343.647266363201,16.484554671853665,-0.8093354926483121
345.6254129238235,16.387434412735868,-0.8071369570878252
347.5919050533518,16.290577977885327,-0.8035771526546368
349.54677441069805,16.194148719566773,-0.7986749350227328
351.49007225704605,16.098307727364045,-0.7924659385359758
353.42186918432975,16.00321181473973,-0.7849957918435452
355.34225460209854,15.909012319718503,-0.7763214207993839
357.25133608046474,15.815853749222576,-0.7665043163122083
359.14923853037146,15.723873231265111,-0.7556043894435965
361.03610331812325,15.63320070453188,-0.7436861350364679
362.91208740266705,15.543958368327504,-0.7308143183871271
364.77736240686636,15.456260650121049,-0.7170528172456292
366.6321136848809,15.370214312051573,-0.7024647560312114
368.4765394023271,15.285918541327828,-0.6871131593870973
370.3108496272864,15.203464962201377,-0.6710647199588888
372.1352654227506,15.12293719580631,-0.6543863058742446
373.95001788624734,15.0444108391014,-0.6371443334130953
375.7553471869395,14.967953519091829,-0.6194056020851796
377.5515016092305,14.893624846841607,-0.6012370104213118
379.3387365908515,14.82147640559105,-0.5827051703898192
381.11731375952246,14.75155178514427,-0.5638756049367576
382.88749997373975,14.68388671255186,-0.5448114007814998
384.649566379246,14.618509344458081,-0.525571923961605
386.40378750058096,14.555440713582689,-0.5062163216796056
388.1504403862109,14.494694754981136,-0.48680049161027433
389.88980375680865,14.436278695987903,-0.46737670063492276
391.6221572003272,14.380193491911713,-0.4479933802374567
393.3477804193566,14.326434286283218,-0.4286951741717698
395.06695253371055,14.274990865382605,-0.40952263364628827
396.77995143755646,14.225848149345051,-0.39051297819507935
398.4870532154779,14.17898659196164,-0.37170112114404125
400.18853160651327,14.134382457424357,-0.35311951276783593
401.8846575014042,14.092008115892217,-0.334797624244778
403.5756984753113,14.051832400982843,-0.31676352073873176
405.26191836342923,14.013820778494194,-0.2990425652929361
406.94357685684855,13.977935670659042,-0.28165745769765893
408.62092913732766,13.944136775735323,-0.26462848397345096
410.2942255504159,13.912381357658509,-0.24797398558616618
411.9637113133349,13.882624479388168,-0.23171052856002128
413.62962625086146,13.854819215960966,-0.2158524697382878
415.29220455677677,13.828916919592372,-0.20041201988184879
416.95167458712785,13.80486747720655,-0.18539950607391398
418.60825868439264,13.78261953647768,-0.17082362712268903
420.26217302876995,13.762120701222958,-0.15669165085442724
421.9136275129167,13.743317703120427,-0.1430090414892944
423.56282563729116,13.726156618141712,-0.12977980324722868
425.20996443146817,13.710583041752043,-0.11700661278648264
426.8552343964784,13.696542248217666,-0.10469087059927752
428.49881946626454,13.683979343745753,-0.09283256062772464
430.140896987514,13.672839436470426,-0.08143061462090118
431.78163771989045,13.663067762715917,-0.07048304738776252
433.42120585141635,13.654609797029385,-0.05998704781054219
435.0597590270599,13.64741135129212,-0.0499390659302623
436.69744838921497,13.64141866338049,-0.04033527344567659
438.33441862882063,13.636578430567008,-0.031171378239670956
439.9708080404887,13.632837865178248,-0.022443345805295868
441.6067485843101,13.630144663681612,-0.014145830445028897
443.2423659439519,13.62844716402821,-0.00627280586070915
444.87777960363525,13.627694427324924,0.0011823262830575618
446.51310293491423,13.62783630647889,0.008227055702529292
448.1484432916917,13.628823553163194,0.014869557558916394
449.7839021180713,13.630607900070265,0.02111835300175299
451.41957506607974,13.633142102430476,0.02698221730462388
453.0555521183714,13.63637996850703,0.03247046415725124
454.69191771459225,13.6402764242059,0.03759204898187705
456.32875088549696,13.644787470083726,0.04235568545536188
457.96612538190703,13.64987015233837,0.04677069364330006
459.60410980018764,13.655482635575565,0.050846506097421675
461.2427677164567,13.661584216307256,0.054592701293450785
462.88215782241355,13.66813534046247,0.05801850515860253
464.52233406326906,13.675097561081502,0.06113349696626481
466.1633457705988,13.682433580717454,0.06394780274674594
467.80523780028494,13.690107317047064,0.0664714963217634
469.4480506783306,13.698083896605675,0.06871466855867431
471.0918207459233,13.706329656832716,0.07068742469654764
472.73658030474326,13.714812147796302,0.07239983114187197
474.3823577624788,13.723500127533326,0.07386190364503897
476.0291777777828,13.73236355597073,0.0750836348264319
477.6770614044993,13.741373592149902,0.07607497262075191
479.32602623555726,13.750502588864393,0.07684580623563154
480.976086546221,13.75972408561267,0.07740601443930412
482.6272534364945,13.769012807345385,0.0777654753147797
484.279534973376,13.778344664383159,0.07793396493963922
485.93293633310196,13.787696740175916,0.0779211120031623
487.5874599419231,13.797047273616295,0.07773640196219189
489.24310561475704,13.806375641851758,0.07738913882748649
490.89987069177926,13.815662338511057,0.07688842976748621
492.5577501724006,13.824888950083155,0.0762432198313995
494.2167368464105,13.834038136462922,0.0754622957126869
495.87682142278607,13.843093611948445,0.07455428554916564
497.5379926562199,13.852040126214344,0.07352764599828496
499.2002374713656,13.86086344373414,0.07239066844017306
500.8635410846137,13.86955032394696,0.07115147190510093
502.52788712348735,13.878088500575572,0.06981800368050012
504.1932577435564,13.886466661017232,0.06839804431768406
505.85963374287843,13.894674426335355,0.06689918132029438
507.5269946740387,13.90270232809379,0.06532883221450712
509.1953189534099,13.91054178795953,0.06369421955074454
510.8645839679651,13.91818509430562,0.06200234728875032
512.5347661792817,13.925625375980271,0.06025999605644335
514.2058412243994,13.932856575507044,0.05847374464088833
515.8777840134602,13.93987342486395,0.05664998056815084
517.5505688244439,13.946671422532129,0.05479488914998077
519.2241693951478,13.953246809230127,0.05291443498262529
520.8985590122554,13.959596541428041,0.051014354751994576
522.5737105972267,13.96571826399828,0.04910015252787501
524.2495967889065,13.971610282301626,0.04717706082370264
525.9261900227827,13.97727152960047,0.04525007707157228
527.6034626063348,13.982701538849058,0.04332396149381455
529.2813867909966,13.987900414228315,0.04140323608920213
530.959934840704,13.99286880255902,0.03949217674830969
532.6390790970111,13.997607863768817,0.03759481855662104
534.3187920406633,14.002119241995612,0.035714965282101344
535.9990463497028,14.006405037829463,0.03385618261631052
537.6798149542423,14.01046777974342,0.032021805448341
539.3610710878115,14.01431039639722,0.030214942635562382
541.0427883353792,14.017936189513488,0.02843848062160655
542.7249406781208,14.021348807188081,0.026695089951431716
544.4075025349833,14.024552217982253,0.02498722162448943
546.0904488011412,14.027550684577191,0.023317117216732505
547.7737548832904,14.030348738643198,0.021686809586925
549.4573967319276,14.03295115579363,0.020098137331076668
551.1413508706228,14.035362932273358,0.018552745996075697
552.8255944224956,14.037589261792887,0.017052128088661096
554.5101051339107,14.039635517163527,0.01559758755838096
556.1948613959703,14.041507227670532,0.014190245128684035
557.8798422632908,14.043210057085975,0.012831018401733358
559.5650274701411,14.044749779294182,0.011520621001604742
561.2503974436564,14.046132253814376,0.010259595866088725
562.9359333141141,14.047363405318306,0.00904832718508623
564.6216169227523,14.048449204580516,0.007887048647265242
566.307430827302,14.049395650418187,0.006775854832619121
567.9933583053522,14.050208752998103,0.0057147084566135965
569.6793833557119,14.050894518012896,0.0047034437582654486
571.3654906978735,14.051458931263888,0.0037417803610115797
573.0516657696252,14.051907944907208,0.0028293268273443285
574.737894723014,14.05224746412649,0.0019655959319083514
576.4241644187092,14.05248333563832,0.0011500033299490166
578.1104624189858,14.052621336037912,0.00038187347350977926
579.7967769793104,14.052667160854734,-0.0003395509537262156
581.483097038613,14.052626414740287,-0.0010151055589140028
583.1694122083818,14.052504602073217,-0.0016456960236345558
584.8557127606306,14.052307118550381,-0.0022323098904841444
586.5419896148567,14.052039241363524,-0.0027759972423079217
588.2282343238203,14.051706121694446,-0.003277856670683557
589.9144390584236,14.051312778893964,-0.003739042832044024
591.6005965918908,14.050864093754118,-0.004160749386340831
593.2867002831414,14.050364803827756,-0.004544207690431881
594.9727440596007,14.049819498904904,-0.004890741921948758
596.6587223994693,14.04923260987427,-0.005201741632033755
598.3446303126542,14.048608400878425,-0.005478621404296374
600.0304633207596,14.04795096630991,-0.005722758134339296
601.7162174367168,14.04726423533379,-0.0059354617967585415
603.4018891449568,14.04655197991818,-0.006118031743970159
605.087475382547,14.045817816108903,-0.006271758700905299
606.7729735204802,14.045065205064795,-0.006397934431609677
608.4583813450879,14.044297452933002,-0.006497845190478859
610.1436970394399,14.043517711510145,-0.006572765739378812
611.8289191648211,14.042728979621419,-0.006623969205713769
613.5140466423757,14.041934103316734,-0.006652719911239783
615.1990787347737,14.041135776927385,-0.0066602720968062246
616.884015028005,14.04033654427577,-0.006647868452931232
618.5688554133181,14.039538800061418,-0.006616741769095728
620.2536000693256,14.038744791049126,-0.006568109900795233
621.9382494442515,14.037956617861031,-0.006503172641327566
623.6228042383948,14.037176237144072,-0.006423109282675941
625.3072653868521,14.036405464030151,-0.006329072788551334
626.9916340425358,14.035645975295525,-0.006222188349573549
628.6759115595712,14.034899312693575,-0.006103547727802725
630.3600994770944,14.034166886966238,-0.005974209466714541
632.0441995035304,14.033449981830232,-0.005835199682322055
633.7282135013501,14.032749757868354,-0.00568750887776196
635.4121434722942,14.032067256803023,-0.005532089020497125
637.0959915431106,14.031403406120564,-0.005369860704319652
638.7797599518451,14.030759022836046,-0.005201707255100415
640.4634510345854,14.030134817965434,-0.005028472489495435
642.1470672127413,14.029531401266695,-0.004850969178787776
643.8306109808933,14.02894928496524,-0.004669975808886222
645.5140848950891,14.028388887868173,-0.004486237350698571
647.1974915616333,14.027850539386089,-0.004300458920115199
648.8808336263596,14.027334484315675,-0.004113314918478715
650.5641137644775,14.026840886525457,-0.003925443687900956
652.2473346708606,14.02636983328291,-0.0037374460842252294
653.9304990508546,14.025921339752802,-0.003549892782287582
655.613609611625,14.025495352618927,-0.0033633147175737284
657.2966690539392,14.025091754852818,-0.003178211818262152
658.9796800645216,14.024710369434628,-0.0029950474399322593
660.6626453088538,14.024350963741835,-0.0028142504457801627
662.3455674245029,14.024013253688342,-0.002636217667056107
664.0284490149454,14.023696907568295,-0.002461314135829435
665.7112926438537,14.023401549871997,-0.002289874873397417
667.3941008298383,14.02312676488719,-0.002122203743706918
669.0768760416247,14.022872100437946,-0.0019585747749874148
670.7596206936772,14.022637071464947,-0.0017992355718705344
672.442337142253,14.022421163196324,-0.0016444038601632902
674.1250276818365,14.022223834733104,-0.001494276145557822
675.8076945420045,14.022044521595637,-0.0013490217953451092
677.490339884596,14.021882638980196,-0.0012087860891043262
679.1729658012736,14.021737584649504,-0.0010736910542966918
680.8555743114315,14.021608741722988,-0.0009438368186997942
682.5381673604383,14.021495481304743,-0.0008193038510573614
684.2207468181948,14.021397164842616,-0.0007001506880521363
685.903314477976,14.02131314676005,-0.0005864188201369477
687.5858720555872,14.021242776501634,-0.0004781278650401792
689.2684211887673,14.02118540115783,-0.0003752806817982417
690.9509634369062,14.021140367476013,-0.0002778617864851189
692.6335002810034,14.021107024061635,-0.00018584410759381678
694.3160331238909,14.021084722768723,-9.918463401751438e-05
695.9985632906231,14.021072820612641,-1.7828737841301413e-05
697.6810920290966,14.021070681164101,5.829032331824255e-05
699.3636205108363,14.0210776760029,0.00012925076298526538
701.0461498319567,14.021093186094458,0.00019514130673117176
702.728681014288,14.021116603051265,0.00025606251803180895
704.4112150066542,14.021147330553429,0.0003121220274147957
706.0937526863206,14.021184785196718,0.00036343337177403124
707.7762948605442,14.02122839720133,0.00041012395916623285
709.4588422682084,14.02127761207643,0.0004523469088503021
711.1413955816575,14.021331893705492,0.000490256081822615
712.8239554089022,14.02139072443531,0.0005240127574299774
714.5065222958344,14.021453605966201,0.0005537752503708105
716.1890967285503,14.021520058996245,0.0005797066163856986
717.8716791356298,14.021589623790211,0.0006019645800442287
719.5542698904846,14.021661859539817,0.0006207185091900451
721.2368693136294,14.02173634576092,0.0006361256286311448
722.9194776751208,14.021812680836355,0.0006483439415435755
724.6020951968211,14.02189048210934,0.0006575328053297157
726.2847220546743,14.02196938604598,0.0006638385669569033
727.9673583809998,14.022049046674015,0.000667402108556913
729.6500042666007,14.022129134927042,0.0006683730430656157
731.332659762792,14.022209339692209,0.0006668933473708818
733.0153248835551,14.022289366893894,0.0006631038679084531
734.6979996075823,14.022368939358042,0.0006571470723744774
736.3806838803054,14.022447797006727,0.0006491576534008684
738.0633776159461,14.022525695925134,0.000639264695615783
739.7460806994571,14.022602407688607,0.0006276066471011124
741.4287929883798,14.022677720486259,0.0006143092134372277
743.1115143148381,14.022751437591872,0.0005995017567888497
744.7942444873491,14.022823377802686,0.0005833119041244171
746.4769832926854,14.022893375231181,0.000565869771542043
748.1597304977132,14.022961279603766,0.0005472954748336268
749.8424858512657,14.023026955060747,0.0005277013469139492
751.5252490858729,14.023090279222377,0.0005072000324970853
753.2080199193796,14.023151143226276,0.00048589409452423404
754.8907980565667,14.02320945051762,0.00046388277152660117
756.5735831906288,14.023265116450203,0.00044125918247884497
758.2563750046029,14.0233180675521,0.0004181120271013704
759.9391731727092,14.023368240995353,0.0003945205684562889
761.6219773616286,14.023415583463567,0.0003705651848613081
763.3047872316442,14.02346005128575,0.0003463269850479323
764.9876024377985,14.023501610523956,0.0003218845330542203
766.6704226310613,14.023540236667923,0.0002973004974698299
768.3532474594615,14.023575912727619,0.0002726499707566685
770.0360765689888,14.02360863072411,0.0002479959238825163
771.7189096046758,14.023638390234977,0.00022340652301033152
773.401746211504,14.023665199017739,0.00019894274593782206
775.0845860353861,14.023689072147251,0.0001746627413971686
776.7674287240437,14.023710031676218,0.00015062396344561057
778.4502739278448,14.023728106551832,0.00012687552125839849
780.133121300631,14.023743331614384,0.00010345142856649902
781.8159705004248,14.023755745785811,8.039949186331081e-05
783.4988211899191,14.023765393724835,5.775129880116099e-05
785.1816730371661,14.02377232388069,3.55458292340628e-05
786.8645257160317,14.023776589380198,1.3819502903204616e-05
788.5473789067573,14.023778247720546,-7.404126850709946e-06
790.2302322964838,14.023777359225324,-2.810786923187296e-05
791.9130855795909,14.023773986281016,-4.826960849843837e-05
793.5959384579446,14.023768193927996,-6.787805098376078e-05
795.278790641216,14.023760048561877,-8.691239379849998e-05
796.9616418470434,14.023749619074621,-0.0001053616264314222
798.6444918013324,14.02373697567945,-0.00012321310052941642
800.327340238414,14.023722190107387,-0.0001404558594181723
802.0101869012268,14.023705335404257,-0.0001570779742808947
803.6930315414753,14.023686486047342,-0.0001730761905708003
805.3758739198009,14.023665716904475,-0.0001884374836278042
807.0587138058295,14.023643104406439,-0.0002031568937208683
808.7415509783583,14.023618725579192,-0.00021722909431023333
810.4243852254278,14.023592658087875,-0.0002306477823830163
812.1072163443984,14.023564980353989,-0.0002434218611641439
813.7900441420409,14.02353576973065,-0.00025555632549090874
815.4728684344085,14.02350510297159,-0.00026706590959219603
817.1556890467651,14.02347305506244,-0.00027795858645896925
818.8385058133726,14.023439700032064,-0.0002882399436315902
820.5213185773765,14.023405111238828,-0.00029792029609409474
822.2041271907252,14.023369360803297,-0.0003070155635814257
823.8869315140216,14.023332518935668,-0.000315542301323105
825.569731416294,14.023294653859509,-0.0003235106003539808
827.2525267747571,14.023255832587466,-0.00033093936955635707
828.9353174746676,14.02321611986312,-0.00033783313072027646
830.6181034090512,14.023175579887434,-0.0003442094577722832
832.3008844786376,14.023134274752502,-0.00035007613524849936
833.9836605916079,14.023092265616272,-0.00035544735197909664
835.6664316634818,14.023049611934034,-0.0003603401047461453
837.3491976169139,14.023006371121465,-0.00036477419915199226
839.0319583814485,14.022962598217566,-0.00036876704943430955
840.7147138932346,14.022918346171634,-0.00037232876082578465
842.3974640947752,14.022873666720335,-0.00037547721480793406
844.0802089347816,14.022828609454558,-0.0003782294921410866
845.7629483679161,14.022783221915502,-0.0003806027684297233
847.445682354546,14.02273754958329,-0.0003826190287559371
849.1284108604959,14.02269163529984,-0.0003842977531323455
850.8111338567319,14.022645519569464,-0.0003856557690897435
852.4938513190802,14.022599240877174,-0.00038670763826472706
854.1765632279855,14.022552835960582,-0.00038747218601341575
855.8592695683008,14.02250633929826,-0.00038797159964487485
857.5419703290165,14.022459782706303,-0.0003882179381412597
859.2246655029413,14.022413196553726,-0.00038823051542372734
860.9073550865278,14.022366608891875,-0.0003880172843424447
862.5900390795948,14.022320046817754,-0.00038759891203663405
864.272717485213,14.02227353494831,-0.0003869837476954127
865.9553903094068,14.022227096898586,-0.0003861865828495371
867.6380575610345,14.022180754508645,-0.00038522985814373945
869.3207192515756,14.022134526925667,-0.00038412280625545555
871.0033753948067,14.022088432188916,-0.00038288599339455923
872.6860260066693,14.022042485869708,-0.00038153097396833924
874.3686711049737,14.021996702152832,-0.00038006332036243963
876.0513107092321,14.021951094554389,-0.0003784958305947946
877.7339448405786,14.021905675054718,-0.00037684477019989354
879.4165735215852,14.021860453682294,-0.0003751253094377226
881.099196776027,14.021815438645161,-0.00037334234848631574
882.7818146286645,14.021770637563343,-0.0003715163404657144
884.4644271051721,14.021726055602487,-0.0003696500186634218
886.1470342318445,14.021681697600247,-0.0003677512336687211
887.8296360355565,14.021637567452206,-0.00036582408814126387
889.5122325436508,14.021593668561628,-0.0003638853015447007
891.1948237838782,14.021550002325442,-0.0003619452730814693
892.8774097841572,14.021506568892672,-0.00036001052112843556
894.5599905724243,14.021463367630137,-0.0003580873851517224
896.24256617654,14.021420397143919,-0.0002832408146213477
897.9251366241973,14.021386408246164,-6.0197264373326304e-05
899.6077029931869,14.021379184574439,0.0003795024643503159
901.2902684953358,14.021424724870162,0.001095734964963889
902.9728394623202,14.021556213065958,0.0021398680783387336
904.6554262078881,14.021812997235358,0.0035580117647086005
906.3380437675563,14.022239958647123,0.005389184632798065
908.020712562594,14.02288666080306,0.007662232005160448
909.7034589618903,14.02380612864368,0.010396062071905743
911.3863156973275,14.025053656092307,0.013600815560960405
913.0693221360586,14.026685753959622,0.017278089370887522
914.7525244265338,14.028759124684129,0.02142538390138963
916.435975521496,14.031330170752296,0.02603493720721748
918.1197351419862,14.034454363217163,0.031093403873877025
919.8038696655723,14.038185571682028,0.03658782743351913
921.4884519341741,14.04257611097405,0.042500357080380385
923.173561067491,14.047676153823696,0.04881451017789446
924.8592822059499,14.053533895045044,0.05551357932837511
926.5457062733552,14.060195524564449,0.06258023302859321
928.2329297363029,14.06770515252788,0.06999616019328901
929.9210543546063,14.076104691751075,0.07774197440642988
931.6101869176165,14.085433728679847,0.08579764825526484
933.3004389650581,14.095729446470479,0.09414348529258097
934.9919264986346,14.107026664705588,0.10275727231297159
936.6847696983992,14.119357537383145,0.1116149031315315
938.3790926028852,14.132751325758928,0.12069134887154057
940.0750227619762,14.147234287623514,0.1299598426015703
941.7726908764911,14.162829468735701,0.13939299706296265
943.4722304127393,14.179556628383256,0.14896474245320498
945.1737772081453,14.197432397477641,0.15864965623230623
946.8774690958427,14.216470356225518,0.1684219851229461
948.5834455385898,14.23668099444027,0.17825338135671265
950.2918472579227,14.258071400203075,0.18812055665528418
952.002815825947,14.28064586700171,0.19800211177683535
953.7164933299872,14.30440612041493,0.20787803494423138
955.433022064437,14.329351484608237,0.21772945525170279
957.1525442425899,14.355479019238441,0.22753853472936764
958.8752017248985,14.382783643405965,0.23728842121589294
960.6011357621072,14.411258253951871,0.2469631978213761
962.3304867525815,14.440893837690437,0.25654617195134616
964.0633940131044,14.471679378324598,0.26602207103966513
965.7999955385033,14.503602026849357,0.27537791184978083
967.5404277817252,14.53664737627133,0.2846007567947544
969.2848254668777,14.570799467086701,0.29367851138388285
971.0333214029281,14.606040888452767,0.3026007432455623
972.7860463095424,14.642352977642235,0.3113574779781526
974.5431286668594,14.679715874999612,0.3199394515313307
976.3046945718594,14.718108609183371,0.32833850986237145
978.0708676049613,14.757509230366855,0.3365474144975436
979.8417687126054,14.797894920106561,0.34455967559280004
981.6175161030181,14.839242081177696,0.35236957269114205
983.3982251527594,14.881526429900633,0.3599721425732844
985.1840083243475,14.924723087009427,0.3673632140541867
986.9749750947886,14.96880667269593,0.37453934598581956
988.7712318955122,15.013751394214228,0.3814977440804093
990.5728820628179,15.059531123503877,0.3882362005181772
992.3800257976384,15.106119467566058,0.3947530536040692
994.1927601337463,15.153489833998547,0.40104715275554004
996.0111789138261,15.201615492329212,0.40711781969602706
997.8353727729057,15.250469630692736,0.4129647876630052
999.6654291285888,15.300025405212297,0.4185882064788089
1001.5014321772143,15.350255989989755,0.42398863037495216
1003.3434628960131,15.401134625634748,0.4291669660112124
1005.1915990510893,15.452634661556093,0.43412442518954647
1007.045915210476,15.504729592578839,0.43886255940563995
1008.9064827615855,15.557393099707516,0.44338325157331504
1010.7733699335504,15.610599089896315,0.4476887037942287
1012.646641824338,15.664321734351622,0.45178143396750947
1014.5263604324601,15.718535506427724,0.4556642435350116
1016.4125846932315,15.773215215651925,0.45934018825598566
1018.3053705191097,15.828336038242643,0.4628125545382369
1020.2047708436988,15.883873544787232,0.4660848549036811
1022.1108356690733,15.939803727375674,0.4691607950271838
1024.0236121163584,15.996103022778936,0.4720442498270642
1025.9431444790919,16.052748332758185,0.47473924549793806
1027.8694742790228,16.109717042217937,0.4772499410504789
1029.802640324089,16.166987035143993,0.4795806127022668
1031.7426787683062,16.224536708668264,0.4817356393948649
1033.6896231733463,16.28234498539565,0.4837194933013364
1035.6435045715937,16.34039132459181,0.4855367228993159
1037.6043515305446,16.398655731339726,0.48719194443165553
1039.5721902183054,16.457118764671524,0.48868983165524116
1041.547044470066,16.515761544470152,0.4900351071366547
1043.5289358554026,16.57456575732655,0.4912325330350258
1045.5178837462818,16.633513661290753,0.4922869014186136
1047.5139053856367,16.692588089460987,0.49320302630235663
1049.517015956372,16.75177245261727,0.49398574893547936
1051.527228650686,16.811050742489527,0.4946399206391523
1053.5445547397849,16.870407532966226,0.49517038755147447
1055.5690036437409,16.929827979472403,0.49558198367162454
1057.6005830012775,16.989297817513,0.4958795212567341
1059.639298739379,17.048803360063808,0.49606778512866884
1061.6851551425866,17.10833149427925,0.4961515248301915
1063.7381549219,17.16786967725887,0.4961354451432195
1065.7982992831712,17.227405930676056,0.4960242028425657
1067.8655879948524,17.286928835017164,0.4958224029437881
1069.9400194550544,17.34642752337042,0.4955345938575395
1072.0215907578588,17.405891674633324,0.495165259599362
1074.1102977588148,17.465311505785248,0.49471881458707717
1076.2061351395091,17.5246777635357,0.4941996043339408
1078.3090964711334,17.58398171605577,0.493611898516285
1080.4191742770602,17.643215143877725,0.49295988889703635
1082.5363600943256,17.70237033054537,0.49224768392505297
1084.660644533991,17.761440052616376,0.4914793069540612
1086.792017340305,17.820417569450864,0.49065869159380926
1088.930467448639,17.879296612442122,0.48978968318425303
1091.075983042132,17.938071374424233,0.48887603140028824
1093.228551607063,17.996736498192266,0.48792138662098883
1095.3881599868462,18.055287064586786,0.4868962730109506
1097.5547944345965,18.1137146173481,0.4857528833075506
1099.7284401886782,18.172004963345007,0.48444583819200815
1101.9090807842795,18.230138463928046,0.4829344836139403
1104.096697399951,18.28809060196172,0.4811828235962301
1106.2912682721862,18.345832540793268,0.4791590828939735
1108.4927681770814,18.403331630740546,0.4768341907844313
1110.7011679727702,18.460551733634677,0.47418372505871026
1112.9164341808064,18.517453780641723,0.47118755749510377
1115.1385286344835,18.573996287541135,0.46783150631906906
1117.3674081889883,18.630136068299425,0.4641056121960078
1119.6030245171842,18.685828741762947,0.4600037514236962
1121.8453239661958,18.74102919193379,0.455522281380091
1124.0942474692279,18.795691865699403,0.45065955996332535
1126.3497304931118,18.849771012895,0.4454159413228046
1128.6117030146593,18.903220925853738,0.43979335536708525
1130.8800895257616,18.955996128497787,0.43379562590813897
1133.1548090611814,19.008051603606763,0.4274279066860318
1135.435775253614,19.059342952409086,0.4206959218474727
1137.7228964079031,19.10982646303078,0.4136062639888016
1140.0160755834668,19.15945921470944,0.4061665759911851
1142.315210689232,19.208199203828382,0.39838573258300847
1144.6201945936914,19.256005491738343,0.39027366773967637
1146.9309152527,19.302838331867104,0.38184176394797764
1149.2472558525242,19.348659343540863,0.37310322815043073
1151.569094973749,19.393431730918916,0.3640732257204877
1153.8963067814593,19.437120518005376,0.35476884204824066
1156.22876124362,19.479692779051163,0.34520836589197207
1158.5663243771062,19.5211177829582,0.3354110010926175
1160.9088585110612,19.561367103089314,0.3253967133920756
1163.256222563432,19.600414708696363,0.3151861297123533
1165.6082723284756,19.638237044261846,0.30480051483136983
1167.964860773787,19.67481310604161,0.29426142579119263
1170.325838346512,19.710124477136553,0.28359047568610624
1172.6910532837685,19.744155334218885,0.2728092672789642
1175.0603519238748,19.77689244629236,0.261939442369284
1177.4335790174298,19.808325179376677,0.2510026288095253
1179.810578038955,19.83844549483382,0.24002037713668645
1182.1911914983352,19.867247940090223,0.22901413260237244
1184.575261251146,19.89472963600251,0.21800518359152427
1186.9626288074662,19.92089025803349,0.2070146498933691
1189.3531356384303,19.945732016020695,0.19606347404933067
1191.7466234803528,19.969259632906613,0.18517228711776504
1194.1429346363016,19.991480307360746,0.1743612978848981
1196.5419122731848,20.012403663106934,0.16365020188426424
1198.9434007127577,20.032041687333045,0.15305795088736232
1201.3472457152377,20.050408641439528,0.14260266804453092
1203.7532947522104,20.06752096160487,0.13230168285738814
1206.161397267603,20.083397163547758,0.12217152793649666
1208.5714049272287,20.09805774690014,0.112227843795129
1210.9831718568569,20.111525088155556,0.10248526623757936
1213.3965548674355,20.123823320104066,0.09295738113694041
1215.811413665848,20.134978205840497,0.08365674386522864
1218.2276110505488,20.145017015104326,0.07459487172179965
1220.6450130923613,20.15396839971094,0.0657822150096519
1223.0634893003266,20.1618622655121,0.057228178020596474
1225.482912772188,20.16872964687457,0.048941142732198864
1227.9031603298129,20.174602584002436,0.0409284746658038
1230.3241126398932,20.17951400096233,0.033196348961091734
1232.7456543200087,20.183497562837662,0.02574997999698145
1235.1676740275493,20.1865875604373,0.01859358302095419
1237.5900645348017,20.188818790399814,0.011730570783106145
1240.0127227896496,20.190226458893786,0.005163610450760406
1242.4355499647168,20.190846092147876,-0.001105491687352426
1244.8584514957745,20.190713433145394,-0.007075806049682045
1247.2813371077518,20.189864336419433,-0.012747235588155569
1249.704120828122,20.188334668148855,-0.01812042964044572
1252.1267209883,20.186160216592,-0.02319685820817303
1254.5490602142909,20.18337659360702,-0.027978790608380467
1256.9710654055236,20.180019138734014,-0.03246933076080413
1259.3926677021718,20.176122819042718,-0.03667227445705335
1261.813802440457,20.17172214610787,-0.04059208203043044
1264.23440909799,20.16685109626422,-0.04423357779487009
1266.6544312295416,20.161543066928836,-0.047601880382751094
1269.0738163975732,20.155830841282906,-0.050703239146387066
1271.4925160985272,20.14974645258534,-0.0535437696728598
1273.9104856728375,20.143321200224598,-0.05612809184151859
1276.3276842168643,20.136585829203614,-0.05846335221701946
1278.7440745163688,20.129570226937574,-0.0605577665153088
1281.1596229436013,20.122303294955735,-0.06241989925760347
1283.574299338996,20.114812907044822,-0.06405854833614698
1285.9880768878415,20.107125881244485,-0.06548111372017185
1288.4009319935908,20.099268147598064,-0.06669371022634746
1290.8128441713025,20.091264902370902,-0.06770423576414718
1293.223795959587,20.083140394079205,-0.06852106307354817
1295.6337728068766,20.07491786651038,-0.06915361014302926
1298.0427629508579,20.066619433293216,-0.06961135270639757
1300.4507572828531,20.058266070968447,-0.06990376760011469
1302.8577492113693,20.04987761885643,-0.07004032746996418
1305.2637345256321,20.041472779560035,-0.07003045606625731
1307.6687112591794,20.033069124832085,-0.06988344656246875
1310.0726795541593,20.024683111244588,-0.06960843864509018
1312.4756415275087,20.016330098607177,-0.069214340839651
1314.8776011393416,20.00802437770642,-0.06870980060538516
1317.2785640646664,19.999779201633775,-0.06810317503183487
1319.6785375688623,19.991606820629954,-0.06740251445627536
1322.077530387338,19.983518518895202,-0.06661564402604796
1324.4755526096053,19.975524641612076,-0.06575022797216107
1326.8726155665988,19.967634614255417,-0.0648136583273258
1329.2687317203095,19.959856975256137,-0.06381304291328288
1331.6639145573401,19.952199410106545,-0.06275519216465546
1334.0581784865528,19.944668787046787,-0.06164661407769214
1336.4515387409986,19.937271193357464,-0.06049351528137212
1338.8440112842015,19.9300119715237,-0.059301805709082625
1341.2356127207843,19.92289575483861,-0.058077095648466
1343.626360211365,19.915926503360794,-0.05682470279024609
1346.0162713917682,19.909107539025964,-0.05554965380915081
1348.4053642964514,19.902441580568865,-0.0542566836279143
1350.7936572861197,19.895930778533515,-0.05295024145108846
1353.1811689795438,19.889576749559385,-0.051634497760586734
1355.567918189491,19.883380609828116,-0.05031334933625041
1357.9539238626703,19.877343007907765,-0.04899043754842801
1360.3392050236193,19.871464155401952,-0.04766917138431528
1362.7237807222675,19.865743854835834,-0.046352714786588985
1365.107669984848,19.860181529061443,-0.04504399088629727
1367.4908917683354,19.854776250155087,-0.04374569579743927
1369.8734649183539,19.849526766659395,-0.04246029218424012
1372.255408130353,19.844431531597287,-0.04118995825746522
1374.6367399141448,19.83948873660639,-0.039936675923555806
1377.0174785625375,19.834696335495565,-0.0387022360685121
1379.397642122797,19.830052067167344,-0.037488251889709646
1381.777248370857,19.825553476940577,-0.03629616604987053
1384.15631478809,19.821197937014592,-0.03512726239710789
1386.5348585405318,19.81698266552694,-0.03398267573973843
1388.9128964603951,19.81290474443817,-0.0328633704907125
1391.2904450297276,19.808961139979285,-0.03177014718487457
1393.6675203665252,19.8051487223171,-0.030703689442706315
1396.0441382132033,19.801464279583975,-0.029664563671400516
1398.4203139267534,19.797904531943406,-0.02865322826902745
1400.7960624705865,19.794466144551123,-0.027670075016547308
1403.1713984079327,19.791145735549136,-0.026715414646274954
1405.5463358961986,19.787939885791584,-0.025789438785356195
1407.9208886824936,19.78484515313734,-0.02489221730090887
1410.2950701008701,19.78185808706123,-0.02402372758802758
1412.6688930713174,19.778975239750668,-0.023183872268281617
1415.0423701000875,19.776193175078475,-0.022372448765529733
1417.415513281097,19.77350848122661,-0.021589181284001228
1419.7883342988441,19.77091777947253,-0.02083373512238701
1422.1608444323808,19.768417731257845,-0.020105715361503646
1424.5330545601319,19.766005045414463,-0.019404707189901532
1426.9049751655816,19.763676480551673,-0.01873026043211228
1429.2766163432477,19.76142884929982,-0.018081892297564836
1431.6479878051637,19.75925902222411,-0.01745915385405871
1434.0190988878305,19.757163923761624,-0.016861610488493398
1436.3899585586819,19.755140530503006,-0.016288812541301066
1438.7605754223423,19.75318587299805,-0.01574027655077581
1441.130957727102,19.751297039811956,-0.015215497428361384
1443.5011133718795,19.74947118012055,-0.014713940556207252
1445.8710499134938,19.747705507253805,-0.014235041721887087
1448.2407745743642,19.74599730224718,-0.013778211009198016
1450.6102942506338,19.744343916926077,-0.013342831572471696
1452.979615520665,19.74274277713738,-0.012928274025235421
1455.3487446539216,19.741191384254353,-0.012533881356295034
1457.7176876200322,19.739687318491598,-0.012158958993656115
1460.0864500982511,19.738228243412358,-0.011802793256353928
1462.4550374874607,19.736811908221597,-0.011464673594342762
1464.8234549164472,19.735436147390274,-0.011143894761278876
1467.191707254134,19.73409888001892,-0.01083974894367992
1469.5597991197362,19.732798110145676,-0.010551555623630898
1471.9277348929536,19.73153192347084,-0.010278641728937691
1474.29551872377,19.73029848646337,-0.01002034855711493
1476.6631545421458,19.729096044636513,-0.009776033602488451
1479.0306460675022,19.727922920604215,-0.009545077417567065
1481.3979968179747,19.726777511314108,-0.009326867874507616
1483.7652101193323,19.725658287169168,-0.00912081620703934
1486.1322891137927,19.724563789224323,-0.008926309195740261
1488.4992367684997,19.723492632120834,-0.008742744506142854
1490.8660558843542,19.7224435027801,-0.008569516249645715
1493.2327491046879,19.72141516083014,-0.008406046136534515
1495.5993189239875,19.720406435293757,-0.008251809015459431
1497.9657676962229,19.7194162182119,-0.008106304341938039
1500.3320976424084,19.718443461690867,-0.00796904861237371
1502.6983108578113,19.717487175857382,-0.007839584152524833
1505.0644093189142,19.71654642575908,-0.007717473378144539
1507.4303948900053,19.715620328953705,-0.007602294670122252
1509.7962693294799,19.71470805359329,-0.007493637648099998
1512.162034295911,19.71380881707552,-0.007391110948512236
1514.52769135396,19.712921883761698,-0.007294328421563262
1516.8932419800115,19.71204656435111,-0.007202921927571528
1519.2586875677337,19.711182213719802,-0.007116543470348276
1521.62402943338,19.71032822850336,-0.007034848248668966
1523.9892688208004,19.70948404671352,-0.0069575107568518695
1526.354406906406,19.708649145422697,-0.006884217845918101
1528.7194448038567,19.707823039281188,-0.006814673684902226
1531.0843835685705,19.707005278439,-0.006748585748801437
1533.4492242019833,19.706195448149142,-0.006685687870422611
1535.8139676557612,19.70539316560469,-0.006625716387530763
1538.1786148356337,19.704598079638185,-0.006568427565995357
1540.5431666051902,19.703809868330264,-0.006513594777802291
1542.9076237893898,19.70302823695693,-0.006461004491432114
1545.2719871778247,19.702252916417958,-0.006410458153065749
1547.636257527795,19.70148366143959,-0.0063617580919818305
1550.0004355671676,19.70072025046855,-0.006314731454420651
1552.3645219972238,19.69996248269402,-0.006269217064920195
1554.7285174951471,19.69921017664623,-0.006225053057376398
1557.0924227163446,19.698463170279343,-0.006182094844308108
1559.456238296778,19.697721318898026,-0.006140202555890913
1561.8199648550458,19.69698449459132,-0.00609925052499423
1564.1836029943968,19.69625258452832,-0.006059119208773165
1566.5471533045402,19.695525490223268,-0.006019694576151613
1568.910616363367,19.69480312687413,-0.005980890508039462
1571.2739927385917,19.694085420013167,-0.005942610283581662
1573.6372829889933,19.693372306779136,-0.005904765577844995
1576.0004876658068,19.692663734909793,-0.005867287155484319
1578.363607313996,19.691959660451136,-0.005830108863415964
1580.7266424732502,19.691260047387527,-0.005793161735440446
1583.0895936789368,19.690564867979273,-0.005756384926509223
1585.4524614630943,19.689874101788092,-0.00571973483125752
1587.815246355309,19.689187733608343,-0.005683166776718956
1590.177948883342,19.688505753595138,-0.005646646294509281
1592.5405695737734,19.687828156039796,-0.005610148359060107
1594.903108952498,19.68715493823671,-0.005573637904586879
1597.2655675450865,19.68648610168816,-0.005537089719242271
1599.627945877289,19.685821650921852,-0.005500482050340374
1601.9902444753995,19.68516159307581,-0.0054638053247894605
1604.3524638665685,19.684505936436835,-0.00542704189321166
1606.714604578941,19.68385469140965,-0.0053901801416717
1609.07666714191,19.68320786979265,-0.005353212552148456
1611.4386520862852,19.682565484286393,-0.005316144396835593
1613.8005599443995,19.68192754695877,-0.005278969029325809
1616.1623912500345,19.681294070675253,-0.005241689196411556
1618.5241465385154,19.680665067971685,-0.005204309736545998
1620.885826346672,19.680040550803298,-0.005166842432420613
1623.2474312127683,19.679420529711408,-0.005129284600562676
1625.6089616763336,19.67880501555934,-0.005091649390929274
1627.9704182782007,19.67819401763243,-0.005053949216386538
1630.3318015603165,19.67758754372646,-0.005016199648819412
1632.6931120655638,19.676985599768603,-0.0049784057798466065
1635.054350337536,19.67638819107502,-0.004940577082692003
1637.415516920465,19.675795321825095,-0.004902733881102084
1639.776612359084,19.675206993759364,-0.004864896383217704
1642.1376371983351,19.674623206193377,-0.004827073416267858
1644.4985919830783,19.674043957383425,-0.004789282484015115
1646.8594772579643,19.673469243485343,-0.004751542697103411
1649.2202935671826,19.67289905836169,-0.004713862840672355
1651.5810414541859,19.67233339482081,-0.00467626175816119
1653.9417214615644,19.67177224340983,-0.0046387579628558665
1656.3023341307735,19.67121559245429,-0.004601362488497866
1658.662880001868,19.67066342895567,-0.00456409211404473
1661.0233596133426,19.670115737901984,-0.004526962084918256
1663.3837735018908,19.669572502451793,-0.004489994241141091
1665.744122202185,19.669033703142855,-0.004453195203166092
1668.1044062465621,19.668499319718475,-0.004416581849556169
1670.4646261649284,19.66796932989653,-0.004380163946018417
1672.824782484516,19.667443710223008,-0.004343956781629147
1675.1848757297428,19.666922435409212,-0.0043079711849670745
1677.544906421992,19.666405478867016,-0.004272216136506337
1679.9048750794561,19.665892812930636,-0.004236708529348756
1682.264782217008,19.665384407907116,-0.0042014559424574304
1684.6246283459568,19.664880233194022,-0.004166473291081553
1686.98441397394,19.66438025639909,-0.0041317662246462316
1689.3441396047078,19.663884444452133,-0.00409735221803874
1691.703805738042,19.663392762185968,-0.004063239637673351
1694.0634128695044,19.662905173429447,-0.004029433262031398
1696.4229614903159,19.662421641438005,-0.003995936721710878
1698.7824520872884,19.6619421290314,-0.003962763892017834
1701.1418851427723,19.661466597364356,-0.00392991439012616
1703.501261134456,19.660995007637542,-0.0038973959849527597
1705.8605805353725,19.660527320119346,-0.003865205618607841
1708.2198438137868,19.66006349544511,-0.003833352828483238
1710.5790514332402,19.659603493105692,-0.003801841831937562
1712.938203852413,19.65914727208586,-0.003770673552050858
1715.2973015250632,19.658694791259613,-0.0037398484897595715
1717.6563449000143,19.65824600944084,-0.003709362486080049
1720.0153344211471,19.65780088594251,-0.0036792248508249106
1722.3742705274603,19.65735937896041,-0.003649438404797748
1724.7331536529357,19.656921446351834,-0.0036200040741101217
1727.091984226498,19.656487045862942,-0.0035909249257544264
1729.4507626720015,19.65605613487185,-0.0035622083215352523
1731.8094894081862,19.655628669873266,-0.0035338513831718148
1734.168164848571,19.655204607707287,-0.00350584639417115
1736.5267894014958,19.654783906139986,-0.0034781903727833176
1738.8853634702325,19.654366523295252,-0.003450877670675442
1741.243887453028,19.65395241797477,-0.0034239118361611954
1743.602361743185,19.653541548554433,-0.003397290976814959
1745.9607867290115,19.653133873637216,-0.0033710052256689625
1748.319162793848,19.652729353010137,-0.0033450535103859078
1750.677490316209,19.65232794658889,-0.0033194320234898765
1753.0357696697997,19.65192961474607,-0.0032941433891294837
1755.3940012235691,19.651534317539376,-0.0032691749407249143
1757.7521853416738,19.65114201654649,-0.003244527505939749
1760.1103223836594,19.650752673245776,-0.0032201954380705593
1762.4684127044488,19.65036624979321,-0.003196177537324949
1764.826456654424,19.64998270848873,-0.003172471462882013
1767.1844545794427,19.64960201191318,-0.0031490705937102003
1769.5424068208722,19.649224123441936,-0.0031259680967983174
1771.9003137156853,19.64884900727032,-0.003103158612752994
1774.2581755965577,19.648476628236793,-0.003080636093704471
1776.6159927919462,19.648106951905547,-0.003058394157173108
1778.9737656261748,19.647739944606688,-0.0030364281562228323
1781.3314944195276,19.64737557322794,-0.0030147336975986745
1783.689179488315,19.64701380518423,-0.002993311064913662
1786.046821144937,19.64665460785644,-0.0029721536782608563
1788.4044196978798,19.64629794941505,-0.0029512591917103485
1790.7619754518096,19.645943798312047,-0.0029306249058553193
1793.119488707607,19.645592123323343,-0.002910244956311396
1795.4769597624058,19.645242893928586,-0.002890112577268196
1797.8343889096773,19.644896080419315,-0.002870223209416402
1800.1917764393277,19.644551653634185,-0.002850575379773814
1802.5491226377637,19.644209584588612,-0.002831162015007991
1804.9064277879143,19.64386984514681,-0.0028119828557608764
1807.2636921693318,19.64353240720412,-0.002793030434160642
1809.6209160581961,19.64319724355202,-0.0027742992464411475
1811.9780997274224,19.642864327642446,-0.0027557844192507095
1814.3352434467395,19.642533633512137,-0.0027374795302175297
1816.6923474827609,19.64220513596851,-0.0027193833209556047
1819.049412099077,19.641878809969995,-0.002701492316934182
1821.4064375562734,19.641554630891964,-0.0026837980352149393
1823.7634241119804,19.641232575127738,-0.002666301012065438
1826.1203720209958,19.64091261900629,-0.0026489968085427014
1828.4772815352765,19.640594739389265,-0.00263187799171759
1830.834152904003,19.640278914030258,-0.002614940271080167
1833.1909863736867,19.63996512119773,-0.0025981851702929324
1835.5477821882305,19.639653338977293,-0.0025816124387529815
1837.9045405889078,19.639343545484643,-0.0025652131916503447
1840.261261814366,19.639035719901646,-0.002548990479525085
1842.6179461007541,19.638729841044103,-0.0025329411776987077
1844.9745936816794,19.63842588810278,-0.002517061079512578
1847.3312047882516,19.63812384077324,-0.0025013463206178047
1849.6877796491444,19.637823679214765,-0.0024857841866092914
1852.0443184906503,19.637525385112372,-0.002470372861089259
1854.4008215368638,19.63722894036904,-0.0024551126440913265
1856.757289009708,19.63693432685175,-0.0024400036024063813
1859.1137211289304,19.636641526419464,-0.002425038766676112
1861.4701181121006,19.63635052176746,-0.002410213265303225
1863.8264801747127,19.636061296175626,-0.0023955213797063994
1866.1828075302537,19.63577383361006,-0.002380964520801052
1868.5391003902869,19.635488117867563,-0.002366545829929436
1870.895358964431,19.63520413236797,-0.002352264174621883
1873.251583460315,19.634921860667017,-0.0023381139681555264
1875.6077740835951,19.63464128699084,-0.002324091003812115
1877.963931038034,19.63436239607038,-0.002310194252939598
1880.3200545255625,19.634085172760027,-0.002296413758527404
1882.6761447462936,19.633809603109004,-0.002254085171028676
1885.0322018986667,19.63353911288848,-0.002097291039515547
1887.3882265922134,19.63328743796374,-0.0017445432803801842
1889.7442210847692,19.633078092770095,-0.0011253430852521088
1892.1001904559016,19.632943051599863,-0.00018260125085997175
1894.4561436220936,19.63292113944976,0.0011312463421726598
1896.8120941588274,19.63305688901082,0.0028506431322205196
1899.1680609855086,19.633398966186686,0.005003115859229442
1901.524068861451,19.633999340089794,0.007603820315302872
1903.8801487822618,19.63491179852763,0.010659384450771916
1906.2363381980851,19.636190924661722,0.014166823714082464
1908.5926811090446,19.63789094350741,0.01811335959510868
1910.9492280222655,19.640064546658824,0.02247927488254826
1913.3060357678646,19.64276205964473,0.02724654960846878
1915.663167215022,19.64603164559775,0.03239245362270308
1918.0206910124937,19.649918740032472,0.037894526711182513
1920.3786812612975,19.654466083237814,0.04373052287053839
1922.7372171912862,19.65971374598228,0.04987702626035939
1925.096382840804,19.665698989133524,0.056311692004106746
1927.4562667195,19.672456392174016,0.06301266916896368
1929.816961486561,19.68001791247429,0.06995805668480976
1932.178563636058,19.68841287927647,0.07712568889250655
1934.5411731815711,19.69766796194357,0.08449292738664141
1936.9048933370043,19.707807113229965,0.09203658410142986
1939.2698301905918,19.718851503322135,0.09973266058633963
1941.6360923709906,19.730819422592496,0.10755513978090565
1944.0037907017017,19.743726039366205,0.11547939616493492
1946.3730378264256,19.757583566905996,0.12347465774758148
1948.7439478544543,19.772400525835707,0.13151767861536182
1951.1166359175545,19.78818264726955,0.13958642361977103
1953.491217835227,19.804933018103924,0.14765949283352253
1955.8678097973993,19.822652157243947,0.15571867229616163
1958.2465280562685,19.841338397919486,0.16374265472030997
1960.6274886640188,19.860987516485924,0.17171289037155224
1963.010807165997,19.88159306333051,0.17961365045678654
1965.3965983335966,19.903146701385324,0.1874306915336913
1967.7849759377627,19.925638384369368,0.19515110229198035
1970.176052543887,19.949056516644404,0.20276351979607082
1972.5699393258842,19.97338813901993,0.21025743135186503
1974.9667459025666,19.998619030782155,0.21762311048394414
1977.3665801862605,20.024733804040228,0.2248515455942549
1979.7695482427453,20.05171598951154,0.2319344273288319
1982.1757541614866,20.079548120791,0.23886414708140424
1984.5852999359815,20.10821181844077,0.24563381355893707
1986.9982853541944,20.13768787606784,0.2522372578634072
1989.4148078993226,20.167956347011447,0.25866901205183374
1991.834962660964,20.198996628457667,0.26492419054717287
1994.258842256379,20.23078753132333,0.270998576657951
1996.6865367601379,20.263307360522283,0.27688857388466187
1999.1181336434006,20.296533989388443,0.2825913427005114
2001.5537177221272,20.330444950512504,0.288104812437182
2003.9933711161887,20.365017528004966,0.2934277461761549
2006.4371732195493,20.400228857546104,0.2985596885218143
2008.8852006824548,20.43605602016872,0.3035007338538128
2011.337527404875,20.472476108231177,0.30825140754665575
2013.7942245378626,20.509466277136777,0.3128126126582541
2016.255360491119,20.54700379065577,0.31718544960867345
2018.7210009459977,20.58506604460881,0.321371301834313
2021.1912088713507,20.623630600828925,0.32537185886758613
2023.6660445434502,20.662675223893036,0.3291890983278449
2026.1455655703173,20.702177915692378,0.33282527417405533
2028.6298269202005,20.742116948593264,0.33628289436836006
2031.1188809540317,20.782470895917466,0.3395647222701724
2033.6127774615418,20.823218662589888,0.34267364863189353
2036.1115637010525,20.864339500425714,0.3456127505383321
2038.6152844411035,20.905813030490314,0.3483852963438065
2041.1239820047624,20.94761926605157,0.35099475524255036
2043.6376963166886,20.989738636680677,0.3534447797899696
2046.1564649530903,21.032152010255473,0.3557392031607951
2048.680323194321,21.074840714634767,0.3578820277486499
2051.209304080077,21.117786557964607,0.359877385309991
2053.743438467033,21.160971844201807,0.3617295115055628
2056.282755088337,21.204379385582474,0.3634427335966863
2058.827280614607,21.247992513614076,0.3650214414158865
2061.3770397162407,21.29179508658398,0.36647006188047565
2063.932055126631,21.335771494009638,0.3677930454669002
2066.492347705912,21.379906659465664,0.36899485110850433
2069.057936505048,21.424186041598684,0.3700799275004022
2071.62883883004,21.468595632898733,0.3710527083875906
2074.2050703059876,21.513121957905245,0.3719176011550537
2076.786644940936,21.55775207004385,0.3726789883199553
2079.3735751893414,21.602473548642244,0.3733412186025326
2081.9658720151783,21.647274494874548,0.3739085988803934
2084.5635449545634,21.692143526740196,0.37438539186857656
2087.1666021777723,21.737069773764425,0.37477581036789
2089.775050550624,21.78204287100857,0.37508400717066664
2092.388895695145,21.82705295186905,0.3753138372381663
2095.0081420493693,21.87209061233763,0.37546940858195665
2097.63279292285,21.917146941367463,0.3755545130738244
2100.262850555814,21.96221348293632,0.37557317086590974
2102.8983161737665,22.00728226344023,0.3755290401936585
2105.539190045379,22.05234574826347,0.37542598255810394
2108.185471535171,22.097396866170442,0.37526748490753636
2110.8371591591113,22.142428964359347,0.3750572228234085
2113.4942506348343,22.187435831098156,0.37479849375208035
2116.156742934566,22.232411650348407,0.3744947738742789
2118.824632332608,22.27735102321332,0.37414915384414094
2121.4979144553936,22.322248921674618,0.37376489396574947
2124.1765843259946,22.367100708950506,0.3733448753828716
2126.8606364110688,22.41190209399645,0.3728921398874545
2129.550064662348,22.456649150782944,0.3724093540365626
2132.244862560442,22.501338273267333,0.3718993435789685
2134.945023153234,22.54596619449681,0.37136456460514555
2137.650539096574,22.59052994224943,0.3708076203689429
2140.361402689644,22.635026856693703,0.3702307588984886
2143.0776059124473,22.67945454776152,0.36963611038125
2145.7991404581785,22.72381088100727,0.36902605530103083
2148.5259977638993,22.768094007643395,0.3684025867845966
2151.2581690448164,22.812302318057547,0.3677675634061643
2153.9956453229834,22.856434425666286,0.3671230704418316
2156.7384174540634,22.900489194119306,0.36647081111776525
2159.4864761573576,22.944465691453438,0.3658123611811769
2162.2398120403323,22.98836317479518,0.36514924497856627
2164.9984156213077,23.032181084192608,0.3644829375396185
2167.762277351411,23.07591903669736,0.3638148524369741
2170.5313876358146,23.1195768189898,0.3631463302291706
2173.3057368540935,23.1631543786173,0.3624786284135845
2176.0853153795274,23.20665181402693,0.36181292865066866
2178.8701135972105,23.25006936546501,0.3611503262286601
2181.6601219210665,23.29340740461245,0.36049183977537014
2184.45533080962,23.33666642538549,0.35983840946021467
2187.2557307806665,23.37984703452072,0.35919090053698227
2190.061312424809,23.422949942585156,0.3585501033379333
2192.872066417919,23.46597595498571,0.35791673654110956
2195.6879835325176,23.508925963370643,0.35729145075986146
2198.509054648122,23.551800937461827,0.3566748314384242
2201.3352707606173,23.59460191723444,0.35606739952581506
2204.1666229906855,23.637330005177535,0.3554696175880388
2207.0031025913067,23.6799863592881,0.35488188869796294
2209.844700954421,23.722572185931856,0.3543045604482773
2212.691409616733,23.76508873318565,0.3537379324272389
2215.5432202647153,23.80753728507692,0.35318225609894716
2218.4001247389247,23.84991915580879,0.3526377371698449
2221.2621150376217,23.892235684269174,0.3521045406475823
2224.129183319734,23.934488229146883,0.35158279031558815
2227.0013219072316,23.976678163984754,0.35107257179812784
2229.87852328691,24.01880687260053,0.3505739368935329
2232.760780111622,24.06087574502775,0.35008690649930524
2235.6480852010254,24.10288617380767,0.3496114682350334
2238.5404315418823,24.144839549995872,0.3491475777256954
2241.437812287882,24.186737259322957,0.3486951621673958
2244.3402207590007,24.228580678783043,0.34825412886902996
2247.2476504404544,24.270371174247327,0.34782436453393795
2250.160094981364,24.3121100979914,0.34740573422542476
2253.077548193123,24.35379878609845,0.3469980809478143
2256.000004047455,24.395438555812188,0.34660123455286496
2258.927456674153,24.43703070395853,0.34621500692396967
2261.859900358628,24.478576504789405,0.345839198845245
2264.7973295392026,24.520077208650836,0.3454735996085931
2267.7397388042405,24.561534040603867,0.3451179903895881
2270.6871228891127,24.60294819945062,0.34477214293853736
2273.639476673047,24.644320856603244,0.3444358224386643
2276.5967951758394,24.685653155295885,0.3441087890621047
2279.5590735544747,24.72694620998334,0.3437907976339504
2282.5263070996725,24.76820110569941,0.3434816027870154
2285.4984912323566,24.809418898033854,0.34318095706715473
2288.4756215001207,24.850600612881912,0.3428886125511252
2291.4576935736663,24.891747246388046,0.34260431896034277
2294.444703243233,24.932859764663288,0.34232782310238175
2297.4366464149925,24.973939103435573,0.342058875529597
2300.4335191074047,25.014986168499124,0.3417972279843706
2303.4353174476246,25.05600183585725,0.3415426326018721
2306.4420376679273,25.096986951769473,0.34129484420573214
2309.4536761021395,25.13794233307416,0.3410536216522358
2312.4702291821086,25.17886876767243,0.34081872506791705
2315.491693434229,25.21976701468058,0.3405899179593659
2318.5180654759906,25.260637804835707,0.34036697123690485
2321.549342012571,25.301481841384135,0.34014966013737025
2324.585519833537,25.342299800600617,0.3399377657436531
2327.626595809609,25.383092332489856,0.33973107471985436
2330.672566889508,25.42386006145624,0.33952938039678043
2333.7234300968826,25.464603587103852,0.3393324804102894
2336.7791825273353,25.505323484753088,0.3391401770205039
2339.8398213455057,25.546020305995548,0.33895227773460407
2342.9053437822254,25.5866945793237,0.3387685953767679
2345.9757471317444,25.627346810768913,0.3385889507556606
2349.0510287490365,25.66797748485959,0.3384131719206438
2352.1311860472197,25.708587065490068,0.33824109156831766
2355.2162164950787,25.749175996478264,0.338072548739235
2358.306117614656,25.789744702326974,0.3379073865913061
2361.4008869789354,25.830293588717932,0.3377454541145927
2364.5005222095815,25.870823043211683,0.3375866038674663
2367.605020974767,25.91133343567578,0.3374306965524422
2370.714380987048,25.95182511926207,0.3372775994954955
2373.8286000013595,25.99229843120153,0.337127184831115
2376.9476758131036,26.032753693381263,0.3369793323875934
2380.071606256309,26.073191213267773,0.3368339268605053
2383.2003892019015,26.113611284491032,0.3366908540297018
2386.3340225560405,26.154014186974596,0.33655000442296695
2389.4725042584773,26.19440018750535,0.3364112726942705
2392.615832280978,26.234769540228665,0.33627455779379356
2395.7640046258052,26.27512248716392,0.3361397648191172
2398.917019324265,26.315459258942212,0.3360068064575208
2402.0748744353377,26.355780075717114,0.3358755995956134
2405.237568044424,26.396085147668586,0.33574606407850416
2408.405098262144,26.436374675358007,0.3356181226581044
2411.577463223187,26.47664885007698,0.3354917024689151
2414.754661085196,26.51690785437325,0.33536673714519966
2417.936690027721,26.557151862830676,0.3352431613481012
2421.1235482512607,26.59738104219245,0.3351209140578013
2424.3152339763237,26.637595551879386,0.33499993537174994
2427.5117454425495,26.677795544123995,0.3348801676310061
2430.7130809078444,26.717981164239717,0.33476155624327714
2433.9192386475534,26.75815255098891,0.3346440475773366
2437.130216953672,26.79830983669819,0.33452759137360505
2440.3460141340756,26.838453147663024,0.33441214353229615
2443.566628511795,26.8785826048869,0.3342976617330249
2446.7920584243816,26.918698324294866,0.33418410120861664
2450.022302223297,26.9588004164399,0.3340714200527227
2453.25735827327,26.998888986846225,0.3338958470245961
2456.4972249516914,27.038956488489177,0.33359330859038705
2459.7418997303103,27.078987685520023,0.33310869213406674
2462.9913782525728,27.11896072857611,0.3323941210829445
2466.245653540002,27.158848023106064,0.3314095403773675
2469.504715302775,27.198617167951348,0.3301227068342159
2472.768549362929,27.238231892771452,0.32850907580414157
2476.037137190062,27.27765298186795,0.32655092413731335
2479.3104555478862,27.316839092764425,0.32423715193118086
2482.588476239018,27.355747550996167,0.3215626129753392
2485.8711659451374,27.394335064553207,0.31852684783765706
2489.1584861528836,27.432558286293727,0.3151330653537942
2492.4503931472386,27.470374254136182,0.31138793371955237
2495.7468380577347,27.50774080618253,0.3073014199791257
2499.0477669544766,27.544616976580024,0.302883782737438
2502.3531209916664,27.580963030508517,0.2981461752623168
2505.6628365553274,27.616740571539996,0.2931009653132683
2508.9768454239124,27.65191268737759,0.28776200172421107
2512.2950749463976,27.686444127584494,0.2821435052680381
2515.6174482417077,27.72030134821666,0.27626011648978416
2518.943884403494,27.75345256219543,0.2701271291942667
2522.2742987109573,27.785867817698744,0.2637607759469228
2525.6086028490813,27.817519110812373,0.25717838147795963
2528.946705142379,27.848380516589728,0.250398381950598
2532.2885108043697,27.8784283224238,0.24343991928413242
2535.6339222030606,27.907641112737895,0.23632263391328212
2538.982839136589,27.93599982880749,0.2290665415425334
2542.335159116046,27.963487813792593,0.22169193044852437
2545.690777653701,27.990090845446417,0.21421912882273983
2549.0495885551545,28.015797140905146,0.2066682769146103
2552.411484212063,28.0405973341349,0.19905919273490102
2555.7763558921592,28.06448443726309,0.19141084147602883
2559.1440940246307,28.087453738240214,0.18374170327952702
2562.5145884732196,28.109502742633758,0.17606965780411893
2565.887728802336,28.130631101570252,0.16841192662520393
2569.2634045345244,28.150840532765276,0.16078506790227767
2572.641505398456,28.17013474091355,0.1532049507457698
2576.0219215673656,28.188519335003043,0.14568670168656128
2579.404543887566,28.20600173920543,0.13824471521908746
2582.7892640962705,28.22259110503172,0.130892629368995
2586.1759750288743,28.238298220556,0.12364328662727085
2589.564570815341,28.253135414951274,0.11650872352653699
2592.9549470651355,28.267116461774457,0.10950014331604824
2596.3470010405485,28.280256478972383,0.10262790951779738
2599.740631818025,28.292571828114518,0.0959015162826417
2603.135740437399,28.304080010068436,0.08932959038968212
2606.532230038607,28.314799560915198,0.08291978309978862
2609.930005985917,28.324749934887173,0.07667877498361003
2613.3289759781032,28.333951387885207,0.07061244146337316
2616.7290501446496,28.34242488086081,0.06472583998477119
2620.130141130353,28.350191981658984,0.059023233816313324
2623.532164168152,28.35727476971694,0.05350809222910837
2626.935037140518,28.363695740784433,0.048183199615248494
2630.338680629412,28.369477724738264,0.04305078560852378
2633.7430179563808,28.374643819011286,0.03811248871737927
2637.147975214662,28.37921731765737,0.033369349810773115
2640.553481292781,28.383221639634662,0.028821770202756437
2643.959467889537,28.386680252058994,0.024469550327092117
2647.365869519784,28.389616598098247,0.020311919569343046
2650.772623511556,28.39205402844657,0.016347659644567896
2654.1796699949696,28.394015747603916,0.01257504559072376
2657.586951884682,28.395524753074803,0.008991860899615674
2660.994414855051,28.396603776382758,0.005595423599118611
2664.402007308217,28.397275227214653,0.002382629934495695
2667.809680335483,28.397561142806794,-0.000650012951372469
2671.2173876726197,28.39748314125263,-0.0035063426266894455
2674.62508564957,28.397062380137427,-0.0061905235818344884
2678.0327331351864,28.396319517307607,-0.008706988841010737
2681.440291477263,28.395274678646686,-0.011060387462280009
2684.847724438701,28.39394743215121,-0.013255557089954054
2688.254998130559,28.392356765300416,-0.015297500596446632
2691.6620809423953,28.390521065228842,-0.017191337232821746
2695.0689434702226,28.388458104760904,-0.01894228964499519
2698.475558442794,28.386185030003503,-0.02055565011523066
2701.8819006463946,28.383718351989675,-0.022036513045986333
2705.2879468486335,28.381073970424158,-0.023389957944060676
2708.6936757250846,28.37826717547087,-0.024621121879841903
2712.099067786141,28.37531264084529,-0.025735182212022915
2715.5041053030423,28.372224418979847,-0.026737419266705687
2718.9087722333197,28.369015928667842,-0.027633293961449687
2722.31305414476,28.365699933392467,-0.02842823916108295
2725.716938136767,28.362288544693136,-0.029127606215829032
2729.1204127621304,28.358793231947235,-0.029736626650547993
2732.523467949964,28.35522483674917,-0.030260442356641264
2735.926094930374,28.35159358366637,-0.030703648302621803
2739.328286160414,28.347909145870055,-0.03106990685081911
2742.730035257918,28.34418075704796,-0.03136305094028002
2746.131336948764,28.340417190935124,-0.03158693211268704
2749.532187011676,28.3366267590816,-0.03174538958273916
2752.9325822227656,28.33281731233167,-0.03184256114632968
2756.3325203002455,28.328996204994112,-0.03188291257238027
2759.7319998448447,28.32517025548543,-0.03187081815906979
2763.131020275503,28.32134575730634,-0.03181052328413238
2766.5295817663796,28.317528494512242,-0.031706017251688055
2769.927685185721,28.31372377244204,-0.031561145058117385
2773.325332038414,28.309936435035066,-0.03137958794818921
2776.7225244106185,28.306170884481283,-0.031164888267397276
2780.119264916756,28.302431097889194,-0.030920465164756328
2783.5155566485028,28.298720642069423,-0.03064952295436626
2786.9114031255513,28.295042699314898,-0.030355036942778687
2790.306808249469,28.291400094881766,-0.030039766147274556
2793.7017762608552,28.287795322944092,-0.02970625987699951
2797.0963116996086,28.28423057175885,-0.029356881340118685
2800.4904193682196,28.280707745998036,-0.02899382382898146
2803.884104297739,28.277228487138558,-0.02861912324897392
2807.277371716196,28.27379419234868,-0.028234664527681953
2810.6702270192777,28.27040603260536,-0.027842206184140926
2814.0626757431905,28.267064967863263,-0.02744337918708477
2817.4547235393343,28.26377176236081,-0.02703969809592417
2820.8463761508174,28.2605269985893,-0.026632559764915326
2824.237639390648,28.25733109141751,-0.026223248937923445
2827.628519121618,28.254184301544957,-0.025812944144785452
2831.0190212378034,28.251086748247584,-0.02540271577756734
2834.4091516475933,28.248038422354277,-0.02499353497915849
2837.7989162582758,28.24503919815678,-0.024586287886084385
2841.1883209620546,28.24208884361045,-0.024181772138258374
2844.577371623288,28.239187030953858,-0.023780715750637418
2847.9660740670024,28.23633334506378,-0.023383771219286503
2851.3544340684102,28.233527292517465,-0.022991527931638285
2854.7424573435123,28.23076830916567,-0.022604494210249106
2858.1301495406124,28.22805576986044,-0.022223109266477678
2861.5175162329956,28.225388996748464,-0.02184775274872365
2864.9045629126053,28.222767266418618,-0.021478745305400285
2868.2912949845754,28.22018981698197,-0.0211163625380689
2871.677717762613,28.217655853477403,-0.0207608349070453
2875.0638364650304,28.215164553288556,-0.020412324405329082
2878.449656211425,28.212715074359917,-0.0200709483371833
2881.8351820203484,28.210306560559456,-0.019736798951246755
2885.2204188076157,28.207938144685308,-0.019409927958897403
2888.605371384978,28.20560895333024,-0.019090379046476154
2891.9900444593773,28.203318107844662,-0.018777975546571173
2895.3744426323187,28.201064750779075,-0.018472627963958523
2898.7585704024123,28.1988480354234,-0.018174012890918335
2902.142432166663,28.19666715387649,-0.017881649071614356
2905.5260322251283,28.194521355987895,-0.017595084837329914
2908.909374787847,28.192409945807416,-0.017313851804328186
2912.2924639813436,28.190332283590898,-0.01703756516403243
2915.6753038553748,28.188287775771215,-0.01676587853184156
2919.0578983884675,28.186275870347394,-0.016498552998411697
2922.4402514929093,28.184296043987587,-0.016235433339891442
2925.822367018188,28.1823477919868,-0.015976496078497878
2929.2042487532262,28.18043061245738,-0.015721796889919586
2932.5859004267213,28.178543996830587,-0.015471502462690188
2935.967325706341,28.176687416535064,-0.015225811092168473
2939.3485281963253,28.174860319204004,-0.014984965530840036
2942.72951143463,28.173062123340305,-0.01474914136279094
2946.1102788894304,28.17129222637677,-0.014518522678230634
2949.4908339565955,28.169550003655385,-0.014293210819186568
2952.871179957034,28.167834818357083,-0.014073185038029385
2956.251320135237,28.16614603615252,-0.013858312772351857
2959.6312576595756,28.164483038619835,-0.01364841548819188
2963.01099562421,28.162845228761253,-0.01344317799722985
2966.3905370516613,28.161232047401587,-0.013242295308046563
2969.7698848973496,28.159642971964622,-0.013045610169383505
2973.1490420539853,28.158077498744298,-0.012853104488317741
2976.5280113538347,28.1565351262057,-0.012664865702657426
2979.9067955689793,28.15501534232138,-0.012481084266378619
2983.285397410058,28.153517612209416,-0.012301939510158925
2986.663819523523,28.152041379468198,-0.012127613043583558
2990.0420644890596,28.150586065902967,-0.01195825204486728
2993.420134816968,28.14915107565758,-0.011793955238974833
2996.798032946047,28.147735801028904,-0.011634786060364046
3000.1757612421707,28.14633962670166,-0.011480754763758287
3003.553321997375,28.14496193613001,-0.011331817071036029
3006.9307174297105,28.143602118081485,-0.011187889754667531
3010.3079496838805,28.142259571310927,-0.011048862276922918
3013.6850208324377,28.140933707837696,-0.010914578776933895
3017.0619328773782,28.139623958384465,-0.010784870906637172
3020.4386877523843,28.138329773875668,-0.010659584574751938
3023.8152873252493,28.137050623726697,-0.010538556812216725
3027.1917334000964,28.13578599690923,-0.01042162520935418
3030.5680277197257,28.134535401884108,-0.010308619141091373
3033.9441719679517,28.133298367587177,-0.010199376082530897
3037.320167772062,28.132074442457274,-0.01009374168811938
3040.696016705157,28.1308631934547,-0.009991561494288499
3044.0717202883716,28.129664206075386,-0.009892679771806238
3047.4472799931004,28.12847708450277,-0.009796951366237107
3050.822697243241,28.12730145033882,-0.009704214253668
3054.1979734172814,28.126136944628378,-0.009614319750076563
3057.5731098506367,28.12498322625837,-0.009527113514699185
3060.9481078377876,28.123839972636606,-0.00944244078879842
3064.322968634504,28.12270687974195,-0.009360147779613671
3067.697693460073,28.121583662008398,-0.009280082272946943
3071.072283499514,28.120470052135644,-0.009202099343394565
3074.4467399057703,28.119365800214435,-0.009126062451865112
3077.821063801796,28.11827067272021,-0.00905183094518609
3081.195256282522,28.11718445300679,-0.008979277709441484
3084.569318416883,28.116106939681657,-0.00890828789999222
3087.943251249645,28.115037945133658,-0.008838749587700692
3091.317055803061,28.113977295183133,-0.008770555649442128
3094.690733078483,28.1129248285052,-0.008703606841459436
3098.0642840579035,28.111880395684224,-0.008637806644769194
3101.4377097053857,28.110843858886852,-0.0085730647915578
3104.811010968452,28.109815091111866,-0.008509301595462489
3108.1841887793857,28.10879397492041,-0.008446444025535014
3111.557244056376,28.107780401637346,-0.008384424109162831
3114.9301777045725,28.106774270744246,-0.008323167366883065
3118.302990617062,28.10577549066022,-0.008262619118438987
3121.675683675941,28.104783976366008,-0.008202726726002854
3125.0482577531047,28.103799649158887,-0.008143440322122792
3128.420713711004,28.10282243632023,-0.008084714449820835
3131.7930524033623,28.101852270586253,-0.008026506682537427
3135.1652746758327,28.10088908978435,-0.007968782792718905
3138.537381366607,28.099932835849224,-0.007911505109116583
3141.909373306909,28.09898345523613,-0.007854646605948923
3145.281251321537,28.098040897643415,-0.0077981732167364025
3148.6530162292543,28.097105116857406,-0.007742059292559921
3152.024668843277,28.0961760697423,-0.007686281429706649
3155.3962099716464,28.095253715970735,-0.0076308137960857956
3158.7676404175627,28.094338018315206,-0.007575633619326817
3162.1389609797607,28.093428942280887,-0.007520721338350618
3165.5101724528345,28.092526455720286,-0.007466067250484177
3168.881275627521,28.091630527650228,-0.00741165648876993
3172.252271290839,28.090741128871574,-0.007357481026005334
3175.6231602263038,28.089858231148455,-0.007303534331895532
3178.993943214042,28.088981807028627,-0.007249807850914796
3182.3646210308852,28.08811183008652,-0.00719629283589738
3185.735194450496,28.087248274946212,-0.007142985241247042
3189.105664243489,28.086391116717262,-0.007089884411502382
3192.4760311774953,28.085540330587882,-0.007036981241234173
3195.846296017166,28.084695892838933,-0.006984277573759915
3199.2164595243066,28.08385777953008,-0.006931779412491635
3202.58652245785,28.083025966000584,-0.006879486575597239
3205.9564855737704,28.08220042761151,-0.006827398117531364
3209.326349625084,28.081381139837408,-0.0067755192701647714
3212.6961153618645,28.080568077524987,-0.006723861114818203
3216.0657835311677,28.07976121419121,-0.00667242557343088
3219.4353548768704,28.078960523122397,-0.00662121639161161
3222.804830139645,28.078165977155404,-0.00657023947576513
3226.174210056904,28.077377548418312,-0.0065195061319343614
3229.543495362714,28.07659520768248,-0.006469024527655848
3232.912686787636,28.07581892473916,-0.006418792987400674
3236.281785058605,28.07504866958067,-0.006368822230389851
3239.6507908989543,28.074284410913023,-0.006319117914045591
3243.0197050282636,28.073526116763336,-0.0062696863347202455
3246.388528162275,28.07277375440317,-0.006220532615706411
3249.7572610128036,28.072027290489284,-0.006171659341041059
3253.1259042876623,28.07128669136836,-0.006123070863890349
3256.4944586906263,28.070551922864695,-0.006074778978693303
3259.86292492137,28.06982294938725,-0.006026791517554388
3263.2313036752967,28.069099734405146,-0.005979117730272077
3266.5995956434253,28.068382240277515,-0.005931767568289312
3269.9678015122586,28.067670428169322,-0.0058847499068936295
3273.335921963639,28.066964258180494,-0.00583806715036773
3276.7039576746206,28.06626369012245,-0.005791721693785746
3280.0719093174353,28.065568683519196,-0.0057457197744642564
3283.4397775594575,28.06487919714626,-0.00570006379112102
3286.807563063115,28.064195189491326,-0.005654759222671385
3290.175266485854,28.063516618384604,-0.0056098094515083475
3293.5428884800604,28.062843441250422,-0.005565217433556207
3296.9104296930104,28.062175615158395,-0.005520988369511607
3300.2778907668294,28.061513096554055,-0.00547712641871707
3303.645272338416,28.06085584138381,-0.005433637183473035
3307.0125750393818,28.06020380492179,-0.005390518626402251
3310.3797994959723,28.059556942686623,-0.0053477746362598855
3313.7469463290945,28.058915209730273,-0.005305409373543333
3317.114016154262,28.058278560605448,-0.005263424681638107
3320.4810095815346,28.05764694964365,-0.005221824149841094
3323.847927215492,28.05702033074567,-0.00518060558050059
3327.2147696551815,28.05639865807601,-0.005139773611951173
3330.581537494151,28.055781885242574,-0.005099322671413566
3333.94823132038,28.055169966522005,-0.005059255167976191
3337.3148517163627,28.054562855901846,-0.0050195703778678135
3340.681399259071,28.0539605074565,-0.004980265482606507
3344.0478745199657,28.053362875598587,-0.004941345487591835
3347.4142780650377,28.052769914140075,-0.00490281210770816
3350.7806104547344,28.05218157668715,-0.004864664305269009
3354.1468722439367,28.051597816970517,-0.004826902277620399
3357.513063981973,28.051018588697204,-0.004789522749546771
3360.879186212617,28.05044384596726,-0.004752523987590279
3364.2452394741326,28.049873543088747,-0.004715906951231982
3367.611224299303,28.0493076342546,-0.004679666473341048
3370.9771412154137,28.048746074277798,-0.004643797244228386
3374.342990744327,28.04818881860849,-0.004608296510820367
3377.70877340256,28.047635823027193,-0.004573158779497493
3381.0744897013233,28.047087043973654,-0.004538386369047104
3384.4401401466002,28.046542437609368,-0.004503973316272267
3387.805725239113,28.046001960811417,-0.004469918723074382
3391.1712454744106,28.045465570564648,-0.004436216412372689
3394.5367013428786,28.044933224595162,-0.004402864801556072
3397.90209332983,28.044404880818977,-0.004369864091527524
3401.2674219155283,28.043880497127994,-0.004337211327738784
3404.632687575184,28.043360031768664,-0.004304907452548193
3407.997890778996,28.042843442874357,-0.0042729467043506695
3411.363031992141,28.042330689269836,-0.004241322345603376
3414.728111674853,28.041821730588364,-0.004210033127823952
3418.093130282524,28.041316526613024,-0.004179071629665885
3421.4580882657174,28.040815038017463,-0.00414844025757199
3424.8229860702795,28.040317225186556,-0.004118132649879522
3428.187824137302,28.03982304926857,-0.004088147012216032
3431.5526029032144,28.039332471627105,-0.004058480385262974
3434.9173227998094,28.038845453980873,-0.0040291265319259435
3438.281984254287,28.03836195879704,-0.004000076648456244
3441.646587689343,28.037881949599225,-0.0039713337133758225
3445.011133523295,28.03740538955362,-0.003942898689352924
3448.3756221700414,28.036932241710897,-0.003914761772195571
3451.7400540390468,28.036462470298233,-0.0038869145335538617
3455.1044295354827,28.035996040554206,-0.003859356664627775
3458.468749060349,28.035532917754452,-0.0038320852926729183
3461.8330130104796,28.03507306751933,-0.003805097798460255
3465.197221778582,28.034616455783517,-0.0037783911918096397
3468.561375753276,28.0341630488405,-0.0037519589458775617
3471.9254753191367,28.033712813766996,-0.0037257997035806574
3475.289520856789,28.033265717802568,-0.0036999078291396663
3478.653512742925,28.03282172886307,-0.003674283094752361
3482.017451350389,28.0323808148917,-0.003648919448682339
3485.3813370481757,28.03194294455786,-0.0036238166042225884
3488.745170201523,28.031508086565353,-0.0035989713302903344
3492.1089511719106,28.03107621000572,-0.003574385336184007
3495.472680317111,28.030647283765376,-0.003550053650497576
3498.836357991163,28.030221277327318,-0.0035259695557415083
3502.199984544442,28.02979816098063,-0.0035021274033987075
3505.5635603237597,28.029377905692222,-0.0034785215743805397
3508.927085672443,28.028960483103297,-0.0034551515676212526
3512.2905609304153,28.028545864915184,-0.0034320138652625433
3515.6539864342053,28.028134023251354,-0.00340910215500571
3519.0173625169955,28.027724930992754,-0.0033864163808354115
3522.3806895087146,28.027318561027055,-0.0033639540809176955
3525.743967736038,28.026914886537345,-0.0033417103410768633
3529.1071975224227,28.026513881296417,-0.0033196789823842273
3532.4703791881784,28.026115519818532,-0.003297863869467949
3535.8335130505566,28.025719776154197,-0.003276262213411764
3539.1965994236953,28.02532662468859,-0.003254872846818261
3542.559638618658,28.02493603994697,-0.0032336915918705134
3545.9226309434516,28.024547996955945,-0.003212717974945598
3549.2855767030865,28.024162470798952,-0.0031919507454416783
3552.6484761995825,28.0237794367095,-0.0031713857136287057
3556.0113297319876,28.023398870423865,-0.003151020961575837
3559.3741375964387,28.023020747908475,-0.0031308559925790247
3562.7369000861877,28.022645045189368,-0.003110883463587691
3566.0996174916104,28.022271739173735,-0.0030910992110579805
3569.4622901003113,28.02190080726841,-0.0030714997269505936
3572.8249181971837,28.021532227301176,-0.0030520856699218415
3576.1875020644597,28.021165977020786,-0.0032360304349127234
3579.550041981702,28.020777653368597,-0.003921187761732162
3582.9125353001064,28.02030711083719,-0.005379819833902785
3586.274972153407,28.01966153245712,-0.007833422484026981
3589.6373315373016,28.018721521759037,-0.01145125017960316
3592.9995781199127,28.017347371737486,-0.01636677197050631
3596.3616598045214,28.015383359101026,-0.022680083450978526
3599.7235058076135,28.01266174908691,-0.0304540391843447
3603.0850252175037,28.00900726438479,-0.039717477217669106
3606.44610608923,28.004241167118668,-0.050468874834359065
3609.8066150292843,27.998184902138544,-0.06268761625893858
3613.166397217541,27.99066238818747,-0.07633019613390095
3616.5252767041234,27.981502764651403,-0.09132051148849607
3619.8830570358814,27.97054430327278,-0.10758641473104728
3623.239522352274,27.957633933505054,-0.1250350662598326
3626.5944384242944,27.942629725553875,-0.14359648951154919
3629.947553991361,27.92539814681249,-0.16320258014981154
3633.2986017689786,27.905813837194515,-0.18377328692829742
3636.647299429442,27.88376104276312,-0.20523628489572696
3639.9933507545734,27.85913268857563,-0.2275166472497546
3643.3364466772023,27.83183069090566,-0.2505353097853084
3646.6762663601107,27.801766453731425,-0.2742081365813575
3650.0124783345586,27.768861477341662,-0.2984450514436478
3653.3447417118396,27.733048071168426,-0.32315091792209394
3656.67270748038,27.694269961017774,-0.34822375336456607
3659.996019875702,27.652483110614025,-0.37355089300247346
3663.314317848976,27.607657003453728,-0.3990292876199879
3666.6272366893904,27.559773488939328,-0.4245540422526829
3669.9344095080633,27.508827003869005,-0.45001654483628
3673.2354687485276,27.454825018488652,-0.475312068244457
3676.5300477507462,27.397787570299318,-0.5003483774383944
3679.817782259182,27.337745765006712,-0.5250463268245802
3683.0983117509827,27.27474020578776,-0.549330482990716
3686.3712805756772,27.208820547828875,-0.573131759538773
3689.6363390414167,27.14004473668422,-0.5963906327678411
3692.893144409819,27.06847786075208,-0.6190546534092466
3696.1413617531093,26.99419130234297,-0.6410777497103747
3699.3806647093907,26.917261972377723,-0.6624210151638328
3702.610736146076,26.837771450558062,-0.6830519486769532
3705.831268720143,26.755805216716826,-0.7029426186891198
3709.041965346149,26.67145210247413,-0.7220686344403796
3712.242539598446,26.584803866341286,-0.7404097091198237
3715.432716062407,26.495954701246905,-0.757949800040635
3718.6122306265565,26.40500072524203,-0.7746773136650146
3721.7808307135856,26.312039447602228,-0.7905852041842286
3724.9382754472977,26.21716922310012,-0.8056709898351666
3728.08433575407,26.1204887043199,-0.8199365662123144
3731.218794398588,26.022096316374423,-0.8333875748996938
3734.3414459565533,25.92208980738646,-0.8460335462135015
3737.4520967334397,25.82056578184084,-0.8578875598153408
3740.5505646272604,25.717619274663,-0.8689659332770512
3743.63667894022,25.613343362669756,-0.8792878186174837
3746.7102801437404,25.50782882443566,-0.8888747536486914
3749.7712196026728,25.401163853997815,-0.8977501902497204
3752.8193592651523,25.29343383116785,-0.9059391299215362
3755.8545713248923,25.184721135577266,-0.9134677711931336
3758.8767378611615,25.07510500303409,-0.9203631959418295
3761.8857504615257,24.964661419521068,-0.9266530163180928
3764.8815098318682,24.853463057562898,-0.9323651359789528
3767.863925398776,24.741579241245425,-0.9375275546186569
3770.8329149077254,24.629075934691187,-0.9421687071249494
3773.7884040198883,24.516015689836195,-0.9463168762763843
3776.7303259026685,24.402457664683027,-0.9499998060134696
3779.6586208224303,24.28845768796141,-0.9532446933582049
3782.5732357449856,24.174068324758426,-0.9560781744815297
3785.474123943957,24.05933894382064,-0.9585262558212422
3788.361244617215,23.944315793122094,-0.9606142475494507
3791.23456251239,23.82904208341616,-0.9623666784287359
3794.0940475623997,23.71355808200471,-0.9638072612556019
3796.93967453224,23.597901210654037,-0.9649588315475599
3799.771422677519,23.48210615086833,-0.9658432833803726
3802.589275415623,23.366204956862685,-0.9664815437771296
3805.3932200104464,23.250227171609428,-0.9668935120998519
3808.1832472710394,23.134199950157445,-0.9670980906304751
3810.959351265058,23.018148179281788,-0.9671131711606521
3813.721529046572,22.902094598742508,-0.9669555935186782
3816.469780398421,22.786059927520267,-0.966641153114659
3819.204107589723,22.67006298914651,-0.9661846459524093
3821.9245151484206,22.55412083163222,-0.9655998966535813
3824.6310096482166,22.43824884403379,-0.964899773165595
3827.3235995095006,22.32246087125392,-0.9640962176372831
3830.002294814051,22.206769325137447,-0.9632003603505126
3832.6671071330675,22.091185281895385,-0.96222255963417
3835.318049366895,21.975718574739286,-0.9609641229836529
3837.955135595864,21.860402879981248,-0.9588283816450642
3840.5783839414617,21.74534347418384,-0.9553034750829744
3843.187825158364,21.630707057173883,-0.9500123580502836
3845.783510005225,21.516705574207847,-0.9427018344174577
3848.36551467413,21.40358135407775,-0.9332252417971392
3850.933944436619,21.291594325062093,-0.9215310103952518
3853.4889357556267,21.181010603814663,-0.9076516820624876
3856.0306570280845,21.072092401967165,-0.8916897400223722
3858.5593081163206,20.96508963316448,-0.8738014118988394
3861.0751188723,20.86023346373662,-0.8541824067631898
3863.5783468879486,20.757731574925035,-0.8330445031602424
3866.0692746769396,20.657766234545807,-0.8106098884678163
3868.548206625085,20.56049304792967,-0.7870962678253058
3871.015465790837,20.46604149579063,-0.7626865471839286
3873.4713907703317,20.37451911012856,-0.7375428039293658
3875.916333063547,20.286013973657035,-0.711808018530199
3878.350654740386,20.20059701143341,-0.6856091610840802
3880.774726381758,20.11832391210332,-0.6590604302851585
3883.18892525121,20.0392366604691,-0.6322666514445158
3885.5936336504665,19.96336466229576,-0.6053190890238552
3887.989237409942,19.890726371612896,-0.5783177518811703
3890.3761245745354,19.821328241387157,-0.5513573178654254
3892.754683963502,19.755165363243307,-0.524531740476293
3895.1253038070913,19.69222155438615,-0.4979339097841152
3897.4883703936175,19.632469485212056,-0.4716538415773744
3899.844266731843,19.57587102422277,-0.4457748452486456
3902.1933712547498,19.522378042792933,-0.4203742640542297
3904.536056619885,19.471933131106425,-0.39551803912911565
3906.872688595618,19.424470966410933,-0.3712643036553052
3909.2036251115874,19.379919249972296,-0.34766050189258835
3911.529215421584,19.338199989745185,-0.32474321221048025
3913.8497994203535,19.299230804279926,-0.3025357697152387
3916.165707116867,19.2629265119141,-0.2810561079962019
3918.477258298297,19.229199778954555,-0.2603200907368008
3920.7847622717713,19.19796136806614,-0.24033665162134749
3923.0885176359393,19.169120969871578,-0.22110619463189912
3925.3888121523237,19.142588226515752,-0.2026239514670073
3927.6859227395057,19.11827335233971,-0.18488369724075165
3929.9801155417863,19.09608730867082,-0.16787838576704553
3932.2716460188267,19.075941902378776,-0.15160057731065127
3934.5607590471122,19.057749833101497,-0.13604244751854103
3936.8476890270845,19.04142473939927,-0.12119563985803515
3939.1326599958124,19.026881262616307,-0.10705112079519616
3941.4158857473262,19.014035128120884,-0.0935988993949627
3943.6975699627005,19.002803260193488,-0.08082775414756257
3945.9779063539236,18.99310392969578,-0.06872620635927246
3948.257078825487,18.984856784932667,-0.05728150609434951
3950.535261639679,18.977983004201345,-0.046480927013765834
3952.812619600183,18.972405292959692,-0.03631133564172374
3955.089308235338,18.968047932682687,-0.02675987342577282
3957.36547398726,18.964836747871594,-0.017807782721000705
3959.6412543970046,18.962699813945076,-0.009432650251811569
3961.916778374678,18.961567895914857,-0.0016134907380295474
3964.1921665221876,18.961374277026295,0.005669651216815588
3966.467531435431,18.96205463517231,0.012436440361723295
3968.7429779916515,18.96354700801572,0.018705675350826505
3971.0186036326136,18.96579168905782,0.024497665206950497
3973.2944986353004,18.968731408882654,0.029832699531000435
3975.570746404366,18.972311332826376,0.03473170374295491
3977.8474237643054,18.97647913727553,0.03921472758220173
3980.1246012607785,18.981184904585394,0.04330087136681003
3982.402343449329,18.98638100914941,0.0470085244667425
3984.680709170427,18.99202203208542,0.05035547264041439
3986.959751814277,18.99806468880227,0.05335910054750882
3989.239519576933,19.00446778086797,0.05603639331251433
3991.5200557106373,19.011192148065472,0.05840406870882872
3993.8013987684053,19.01820063631053,0.06047875490687158
3996.0835828447625,19.025458086899356,0.062276667531863436
3998.3666378151906,19.03293128700318,0.0638135861118757
4000.650589569631,19.040588917336606,0.06510472496431613
4002.935460239711,19.048401484332324,0.06616461642236558
4005.221268417831,19.05634123830301,0.06700726622212627
4007.5080293664278,19.064382110249664,0.06764622494246524
4009.7957552196576,19.07249965724276,0.0680945080029697
4012.0844551785267,19.080670998203114,0.06836455204894096
4014.374135698311,19.088874744448987,0.06846855766944612
4016.664800667645,19.09709097136932,0.0684163072655085
4018.9564515842094,19.10530092824118,0.06821439618066731
4021.2490876955985,19.11348665578286,0.06787284247850059
4023.5427060942925,19.121631396880282,0.0674023498090738
4025.837301861918,19.12971967885737,0.06681345436114078
4028.132868223381,19.137737293380706,0.06611693474311815
4030.429396698587,19.14567132554988,0.06532361046310324
4032.726877257653,19.153510158805453,0.06444392558965055
4035.02529847671,19.16124342987621,0.06348786108085226
4037.324647688295,19.168861973205914,0.06246486915155172
4039.62491112508,19.1763577575041,0.061383820316142666
4041.9260740559803,19.183723815942038,0.06025299491782987
4044.2281209138932,19.190954175332177,0.059080046897190625
4046.5310354149333,19.19804378095984,0.057872010398433434
4048.8348006686483,19.204988422207652,0.05663534309701266
4051.1393992793132,19.211784663379294,0.05537595883048119
4053.4448134389186,19.218429778438953,0.05409923974430016
4055.7510250123314,19.22492168720827,0.05281012331340733
4058.058015614796,19.231258902005877,0.05151316653604952
4060.365766683037,19.237440481990202,0.05021258805611474
4062.6742595408755,19.243465992556935,0.04891233143515696
4064.9834754599824,19.249335472329154,0.047616070847926406
4067.293395716662,19.255049400830906,0.04632727756883045
4069.604001644762,19.260608674139167,0.045049209923991876
4071.9152746856585,19.266014579330047,0.0437848739893316
4074.227196435178,19.271268764208767,0.04253700242431213
4076.5397486868833,19.276373204499684,0.041308043778228755
4078.852913471423,19.281330169753073,0.04010017090143968
4081.1666730917937,19.286142190261245,0.03891526933887523
4083.481010154625,19.29081202258191,0.03775497124838947
4085.795907597335,19.295342619131716,0.03662064014928341
4088.111348711631,19.29973709594963,0.035513411069373425
4090.427317163145,19.303998705277955,0.03443420324273306
4092.743797007778,19.308130809667084,0.033383736776738115
4095.0607727049382,19.312136858080294,0.03236256643261756
4097.378229127908,19.316020366052207,0.031371078719101296
4099.696151571834,19.3197848954985,0.03040938070757246
4102.014525759294,19.32343402118341,0.029476995320338352
4104.333337841836,19.32697126062185,0.02857340467477254
4106.652574393111,19.330400069182822,0.027699243817641588
4108.972222401412,19.33372397844094,0.02685539683064908
4111.292269278825,19.336946626060616,0.02604276452760268
4113.612702873953,19.34007175780393,0.025262107306128708
4115.933511484889,19.343103210680667,0.02451387209363331
4118.254683870171,19.346044875331902,0.023798195479536564
4120.57620925521,19.348900658789447,0.02311478574949324
4122.8980773342655,19.351674433079385,0.0224632063417449
4125.220278266235,19.354370017840395,0.021843048425179215
4127.542802668376,19.356991183651417,0.021253624491363747
4129.865641610414,19.35954161859038,0.020693322428051136
4132.1887866046445,19.362024817281746,0.020160106829419062
4134.512229582719,19.364444030101275,0.01965175465567875
4136.835962866331,19.366802240659958,0.019165861404261658
4139.15997913521,19.36910214402847,0.018699515034455494
4141.484271392494,19.371346085832606,0.018249601870769912
4143.808832922794,19.373536038057097,0.01781317643736831
4146.133657247361,19.37567361922958,0.017386919839311423
4148.458738081668,19.3777600496103,0.01696962693375561
4150.784069287622,19.37979640484235,0.01656087258688408
4153.109644856203,19.381783709552774,0.016160958138541615
4155.435458901349,19.3837230245294,0.015770974670172033
4157.761505664293,19.38561554148982,0.015392687727797527
4160.087779529272,19.387462664017157,0.01502829993913822
4162.414275048954,19.389266060009852,0.014681091462483345
4164.740986976155,19.39102779098535,0.014353148075090347
4167.067910311073,19.39275016875436,0.014045406962912862
4169.395040331324,19.39443561758991,0.013757200507864652
4171.722372605434,19.396086481650855,0.013487051686877803
4174.049902983233,19.39770492785328,0.013232638234090733
4176.377627574575,19.39929284444137,0.01299083396132529
4178.7055427159075,19.40085174451673,0.012758081419918384
4181.03364492525,19.402382714287118,0.01253061739231414
4183.361930850964,19.403886388374197,0.012306000149069641
4185.690397217569,19.405363108392084,0.012083346859955215
4188.019040790576,19.40681311001528,0.011862140596797258
4190.347858363778,19.408236566886895,0.011642501065297916
4192.676846751804,19.40963366701473,0.011425198099907554
4195.006002791846,19.41100469078672,0.011211534773776049
4197.3353233547405,19.412350074959573,0.011003148791917992
4199.6648053637355,19.413670452814603,0.010801659399725294
4201.9944458180735,19.41496665194257,0.010609728431361392
4204.324241816306,19.416239819354335,0.010429599583416528
4206.654190594629,19.417491371304344,0.010262678808131533
4208.9842895591855,19.41872289276132,0.01010918706201818
4211.314536306317,19.41993599520876,0.009968243906887731
4213.644928625742,19.421132184477585,0.009837891437319371
4215.975464487879,19.422312731450063,0.009715329671295023
4218.306142015654,19.42347857101062,0.009597202739844332
4220.636959444175,19.4246302353394,0.009480086472253986
4222.967915072416,19.42576784571607,0.009362694550421775
4225.299007213902,19.42689136906212,0.009244228965259798
4227.630234178189,19.428000676537952,0.009124411912391274
4229.961594259374,19.42909560596744,0.009003497425798226
4232.29308573209,19.430176025658536,0.008882209357293105
4234.624706855169,19.43124189078141,0.008761609269947603
4236.956455882063,19.432293283893806,0.008642925453341404
4239.28833107613,19.433330434948207,0.008527349963762065
4241.620330728324,19.434353716943857,0.008416671987446394
4243.952453174357,19.43536371758235,0.008312845328430334
4246.284696820468,19.436361259021762,0.008217072993395417
4248.61706017155,19.437347307780968,0.00812958169812155
4250.949541848484,19.438322857584744,0.00804970573140037
4253.282140591394,19.439288822272513,0.007975888246833733
4255.614855250066,19.440245928862133,0.007905959179544972
4257.94768476153,19.44119464396368,0.007837362450405103
4260.280628118805,19.44213512745773,0.007767705858944553
4262.6136843341,19.4430672521608,0.007696116301999848
4264.94685240436,19.44399078611704,0.007622126597833359
4267.280131298694,19.44490544130878,0.007545655876015106
4269.613519951651,19.4458109200139,0.007466971109176449
4271.947017262053,19.446706956547004,0.0073867288197221525
4274.280622096839,19.44759336400537,0.007305827140959221
4276.614333300519,19.448470063262285,0.007225276656182293
4278.948149708111,19.449337096461026,0.007146048849708518
4281.282070159686,19.45019462232299,0.007069763796419658
4283.616093514364,19.45104299397856,0.006997909010739609
4285.950218673642,19.45188274305985,0.006931389779980157
4288.284444602809,19.45271450983345,0.006870438866223995
4290.618770343989,19.453538962497394,0.00681447059735631
4292.953195019489,19.454356698969075,0.006762372128970752
4295.287717823365,19.45516818362455,0.006712506382835825
4297.6223380054,19.45597368439049,0.006662879472143798
4299.957054847527,19.456773229927148,0.006611489705995267
4302.291867635118,19.457566608691867,0.006557586906368259
4304.626775628161,19.45835351912063,0.00650085025728797
4306.961778050456,19.459133621151505,0.006441313486954052
4309.296874084994,19.45990657876994,0.006379326465955193
4311.632062874446,19.460672097945853,0.006315512040820864
4313.967343526199,19.461429959390752,0.006250654164287256
4316.302715121326,19.462180037890466,0.006185611062180214
4318.638176725874,19.462922311217927,0.006121445511264591
4320.9737274032195,19.463656884679278,0.006059780092194759
4323.309366229381,19.464384058290342,0.006001857160474425
4325.645092316377,19.4651042811496,0.005948382972468799
4327.980904830115,19.465818087106296,0.005899525386940257
4330.316803000567,19.46652603015273,0.00585481002866163
4332.652786124186,19.46722860735617,0.00581320055456066
4334.988853557068,19.467926191422716,0.005773239475435598
4337.325004700039,19.468618980159768,0.005733209716400751
4339.661238977658,19.469306965325735,0.005691356469030601
4341.9975558134975,19.46998992810202,0.005646533659844108
4344.33395460487,19.4706675121412,0.005598487544138822
4346.670434706327,19.471339330646497,0.005547321086129077
4349.006995426004,19.472005009176833,0.005493396024604177
4351.343636027105,19.472664216699787,0.005437318810206162
4353.6803557331095,19.473316694957013,0.005379866333595959
4356.017153736504,19.473962278917046,0.00532187824579229
4358.354029209974,19.47460090430654,0.005264980021494115
4360.690981318491,19.47523270190912,0.005210762744469562
4363.02800924272,19.475857993438456,0.005160461669005575
4365.365112201933,19.476477248838737,0.005114765512955899
4367.702289471794,19.477091020700293,0.005073772563117404
4370.0395403942775,19.477699873407868,0.005037035610439585
4372.376864379086,19.478304317681122,0.005003482045570266
4374.714260897208,19.47890473552659,0.00497155745943184
4377.051729465471,19.479501322421722,0.004939556192458632
4379.389269624162,19.480094069164817,0.004905657491667907
4381.726880912462,19.480682748063817,0.004868301114565919
4384.064562842229,19.481266944197564,0.004827019575673975
4386.402314875532,19.481846186546644,0.004781905612617593
4388.740136417918,19.482420015220157,0.004733376528412923
4391.078026819744,19.482988020403567,0.004682126309108573
4393.415985382193,19.483549875560662,0.00462902709030958
4395.75401136726,19.4841053588115,0.0045753051479238745
4398.092104010318,19.484654395429253,0.0045229483693016315
4400.4302625377695,19.48519714923357,0.004473736003724745
4402.768486195678,19.485733997554018,0.004429047348337103
4405.106774275384,19.48626548323582,0.004389669107583235
4407.4451261333725,19.48679224352873,0.00435570725652875
4409.783541202596,19.487314928399513,0.004326620377853887
4412.122018994004,19.487834122844856,0.004301144031013977
4414.460559088746,19.488350260128577,0.00427754651168086
4416.799161119961,19.488863565709977,0.0042537719029246334
4419.137824747847,19.489374018338328,0.004227730975620244
4421.476549630048,19.4898813460554,0.004197555444870329
4423.815335391574,19.490385052708785,0.004162370479349988
4426.154181597899,19.490884537166306,0.004122299022264024
4428.4930877423585,19.491379213048976,0.0040778684630319185
4430.832053247925,19.49186855726454,0.004029919947920743
4433.171077474796,19.492352147658288,0.003979491316306222
4435.510159732516,19.492829686616243,0.003928298190569011
4437.8492992949095,19.49330108239911,0.003878623919715321
4440.188495424797,19.493766517269478,0.003832578578364816
4442.52774740687,19.49422642669888,0.0037918832397630903
4444.867054578073,19.49468145268765,0.003757497822299512
4447.2064163523955,19.495132352426328,0.0037296095771117374
4449.545832234687,19.495579905575582,0.0037075141693918975
4451.885301823356,19.49602480727591,0.0036897775312861466
4454.224824800229,19.49646758057966,0.0036742857129929483
4456.564400909899,19.49690849486522,0.0036585207942321056
4458.904029929283,19.497347517360527,0.003639917249545289
4461.243711631366,19.49778430743047,0.0036162920469619405
4463.583445748258,19.498218262476108,0.003586428859248204
4465.923231939755,19.49864863393922,0.0035504715038036363
4468.263069775828,19.499074690519674,0.0035090627943776304
4470.60295873869,19.499495778055,0.0034632305447410273
4472.942898232057,19.49991136572037,0.003414260923907723
4475.282887595943,19.500321077031238,0.0033642054994380724
4477.6229261251865,19.500724781691172,0.0033159143926084055
4479.963013098989,19.501122691418285,0.003271971935018857
4482.303147821959,19.501515328050488,0.003234456531552112
4484.643329661325,19.501903462834274,0.0032043782594482896
4486.983558076865,19.502287988225408,0.003181447485863296
4489.323832635452,19.502669761923713,0.003164767549851311
4491.664153006883,19.503049534029696,0.0031529195138536026
4494.0045189509665,19.50342788437136,0.003143707575974071
4496.344930297091,19.503805129280476,0.003134234429504957
4498.685386912605,19.504181237412016,0.0031214630143278103
4501.0258886610945,19.504555812973734,0.0031027897771460835
4503.366435358651,19.50492814774699,0.00307689934570415
4505.707026736381,19.505297375668476,0.0030439790091985057
4508.047662421461,19.50566265314958,0.0030047853188949897
4510.388341939839,19.50602322738785,0.002960512398183943
4512.729064727126,19.506378488875633,0.0029126738410563957
4515.069830145791,19.50672800973656,0.002863692346997945
4517.410637506959,19.507071652818198,0.002816929301838601
4519.751486105297,19.50740968433442,0.002775331667755671
4522.092375267417,19.507742724134552,0.0027412028745299522
4524.433304394313,19.508071668479495,0.0027150155382555923
4526.774272994531,19.508397470344086,0.0026964063638836113
4529.115280690972,19.50872103910775,0.00268432462111632
4531.456327215665,19.509043158062287,0.002677184428487164
4533.797412394632,19.509364420193705,0.0026729413336493775
4536.138536125056,19.509685173153745,0.002668364790263945
4538.479698345835,19.510005376928575,0.0026601312349867133
4540.820898991066,19.510324592676774,0.0026454212640544704
4543.162137942188,19.51064204322846,0.002622864058954184
4545.503414987375,19.510956786915536,0.002592704064301656
4547.844729801805,19.51126791140325,0.0025558175598282664
4550.186081951174,19.511574609510433,0.0025135357620316113
4552.527470904315,19.51187623380188,0.0024675227313711383
4554.868896052371,19.51217233652964,0.0024206032101979566
4557.210356732755,19.512462808914865,0.002376373391143854
4559.551852269825,19.5127479737218,0.002338105156647516
4561.893382026671,19.5130285463406,0.0023078271985256574
4564.234945452232,19.513305485604423,0.002285870281107073
4566.576542110504,19.513579790038158,0.0022717493876423488
4568.918171685309,19.513852399964673,0.002264308974283431
4571.259833973305,19.514124117041586,0.002261816148570647
4573.60152886735,19.514395534979414,0.00226218112188735
4575.943256331548,19.51466699671404,0.0022619983948477997
4578.285016371154,19.514938436521422,0.002257743997900234
4580.626808983537,19.51520936580117,0.0022464944471834404
4582.968634107433,19.51547894513483,0.0022269732418590425
4585.310491580849,19.515746181923856,0.0021995080424651006
4587.65238112268,19.51601012288895,0.0021650748721892066
4589.994302337426,19.516269931873612,0.00212509714252513
4592.336254729251,19.516524943530715,0.002081345253581882
4594.6782377224745,19.516774704961144,0.0020371081763901704
4597.02025068707,19.51701915794231,0.0019961812227081177
4599.362292986023,19.517258699689037,0.001961934322037289
4601.704364029985,19.51749413180768,0.0019359078666254484
4604.0464633258025,19.517726440751677,0.0019183545561576555
4606.388590498693,19.517956643298415,0.0019086584286318992
4608.7307452958885,19.518185682309852,0.001905556955937426
4611.072927577766,19.518414349144564,0.0019072536333944775
4613.415137299663,19.51864321958057,0.0019115471336483216
4615.757374486013,19.51887260523661,0.0019150106366248442
4618.099639198641,19.519102406513003,0.0019140588091619592
4620.441931487422,19.519332093570103,0.0019057256215807455
4622.78425133865,19.519560780644692,0.0018888220923566072
4625.126598632328,19.519787439295776,0.0018637551111599954
4627.468973125044,19.520011089909115,0.0018315811004138607
4629.811374455833,19.520230879641165,0.0017937907739592142
4632.153802161391,19.52044613453404,0.0017522406015273505
4634.496255697534,19.520656403406225,0.0017106449499887416
4636.838734465943,19.520861680800223,0.0016729313966100776
4639.1812378676395,19.521062432567817,0.0016424413874639254
4641.523765359548,19.52125952553431,0.0016203885072674138
4643.866316502612,19.521453972155182,0.0016068827916132598
4646.20889097927,19.521646798090178,0.0016011516459493366
4648.551488595041,19.52183893628769,0.001601880444248675
4650.894109267395,19.522031161941,0.0016071952708847123
4653.236753006828,19.522224025373507,0.0016148137757144472
4655.579419889873,19.522417803026592,0.0016212244177702122
4657.922110026236,19.522612349956724,0.00162276197538163
4660.264823508231,19.52280708139377,0.001616522781053122
4662.6075603579975,19.523001064127495,0.0016015062175813942
4664.950320485693,19.523193244873603,0.0015782372704226339
4667.293103675078,19.523382633346053,0.0015477932016836101
4669.635909591079,19.523568368530256,0.0015117545904142625
4671.978737795303,19.523749779081104,0.0014722605484209683
4674.321587768793,19.523926450346913,0.0014332739494824142
4676.664458942834,19.52409844322085,0.0013987167737784792
4679.007350756021,19.524266289233704,0.0013717877300349528
4681.350262710729,19.52443090376131,0.0013534129505060758
4683.69319441918,19.52459331331537,0.0013435537796581635
4686.036145616778,19.52475453976893,0.0013412462519394666
4688.379116161551,19.524915489319163,0.001345185257636317
4690.722106020269,19.52507691155008,0.0013534425549408405
4693.065115249655,19.525239324656674,0.0013636870515522455
4695.408143968613,19.52540296710286,0.0013722734217064354
4697.751192324666,19.525567639913465,0.0013755687020332145
4700.094260441455,19.525732708157708,0.0013707986478417552
4702.437348366434,19.52589720399545,0.0013571049360871638
4704.780456030913,19.526060056587777,0.0013350999975067733
4707.123583237703,19.52622026858748,0.0013059332083914883
4709.466729669934,19.526376980572486,0.0012712559931889926
4711.809894907602,19.52652953129167,0.00123351501778405
4714.153078451357,19.5266775530938,0.0011967711305505527
4716.496279757728,19.526821165629467,0.0011649767498672025
4718.839498297603,19.52696096283945,0.001140997135125044
4721.182733613144,19.527097882495664,0.0011256154514915416
4723.525985359043,19.52723295634984,0.0011186713950476351
4725.8692533138055,19.527367196917247,0.0011190889737677028
4728.212537377435,19.527501487594098,0.0011255330313671992
4730.555837555947,19.527636551557862,0.0011359888695764442
4732.899153942134,19.52777287022221,0.001148101907622677
4735.24248668656,19.527910642451126,0.0011580900337617962
4737.585835963654,19.528049613255178,0.0011624179408525242
4739.929201917244,19.52818910340808,0.0011583650883997476
4742.272584609654,19.52832810721869,0.0011453366988916692
4744.6159839825195,19.52846554762256,0.0011239944083732342
4746.959399848234,19.528600426951563,0.0010955516799404403
4749.302831899468,19.528731893153157,0.0010617479320630212
4751.646279726647,19.528859302905005,0.001025439768853814
4753.989742842995,19.528982355677268,0.0009907025272497345
4756.333220725676,19.529101239980537,0.0009615165231195599
4758.676712874474,19.52921662196331,0.0009403189074527717
4761.02021886911,19.529329460232205,0.0009277853886402381
4763.363738404338,19.52944079447884,0.0009235469777153778
4765.707271299675,19.529551620116166,0.0009264759074396622
4768.050817494089,19.529662797225058,0.00093516237578848
4770.394377029756,19.52977501671015,0.0009475584900921298
4772.737950031761,19.529888723728963,0.0009611959437708229
4775.081536678608,19.530004067242213,0.0009721973425072463
4777.425137166677,19.530120730923315,0.0009771418057365239
4779.768751654387,19.530237987940005,0.0009734279857197308
4782.1123802129405,19.53035479929829,0.0009607261771009771
4784.456022788856,19.530470086439543,0.0009397198445685916
4786.799679199229,19.530582852820892,0.0009117657761201162
4789.143349141567,19.530692264714027,0.000878640338518551
4791.487032213333,19.53079770155465,0.0008435679182429396
4793.830727937519,19.53089892970484,0.000810685039395194
4796.174435809084,19.530996211909567,0.0007838555971197467
4798.518155354513,19.53109027458122,0.0007652107753087442
4800.861886187462,19.531182099874258,0.0007552569520938424
4803.205628039447,19.53127273070851,0.0007534742532013477
4805.549380767132,19.531363147618894,0.000758692528326477
4807.893144344846,19.531454190722293,0.0007694462513181436
4810.236918847733,19.53154652427245,0.0007836037374095551
4812.580704430646,19.53164055672094,0.0007985480005755585
4814.9245012974525,19.53173638248101,0.0008104233599903507
4817.26830966335,19.531833633284208,0.0008158142278418364
4819.612129699344,19.53193153099155,0.0008122825741969683
4821.955961483063,19.532029004900455,0.000799714788427461
4824.299804963652,19.532124970675067,0.0007788958571501311
4826.643659960133,19.532218438177924,0.0007512590385310583
4828.987526172714,19.53230858926255,0.0007186764636428588
4831.331403203425,19.532394830438186,0.0006847055119794755
4833.675290583077,19.532476995099625,0.0006535092807347056
4836.01918782249,19.532555416213313,0.0006289817451611223
4838.3630944724355,19.53263089402273,0.000612834318451351
4840.707010179718,19.532704434140946,0.0006054259429993941
4843.050934711815,19.532777085254107,0.0006060735537187985
4845.394867962045,19.532849814080553,0.0006135559510440453
4847.738809939735,19.53292344079468,0.0006262630412699108
4850.08276075263,19.532998592359633,0.0006420220756201146
4852.426720583713,19.533075635008707,0.0006580524912489913
4854.770689659914,19.533154601307658,0.000670443602672565
4857.114668212071,19.53323505453998,0.0006758408447886082
4859.458656418616,19.533316155441355,0.0006720090629218557
4861.802654357269,19.533396796528905,0.0006591351366233983
4864.146661972853,19.5334758927453,0.000638153669661697
4866.490679079982,19.53355247118566,0.0006105709151462161
4868.834705376525,19.53362573969548,0.0005782894909223184
4871.178740465288,19.533695134434392,0.0005452976247939131
4873.52278388142,19.53376057014937,0.000515713225740611
4875.866835149838,19.53382245573646,0.0004932741331850362
4878.210893844526,19.53388164863244,0.0004793405779486832
4880.5549596423625,19.533939169501796,0.00047419629840737235
4882.899032342702,19.533996073057605,0.000477032301853139
4885.243111871469,19.53405331693383,0.00048657596594211004
4887.587198269502,19.534111706049742,0.0005011077915753455
4889.931291674227,19.534171838984733,0.0005183983253067891
4892.275392294906,19.53423404678377,0.0005354358819492765
4894.61950038052,19.534298299089603,0.0005483158321035063
4896.96361617641,19.534364096989457,0.0005537855060821213
4899.307739868049,19.534430551250185,0.0005498885128448463
4901.651871534199,19.53449653787173,0.0005369390026808837
4903.996011118744,19.53456097055205,0.0005159300225242864
4906.3401584352105,19.534622882154753,0.0004884641540266279
4908.684313181069,19.534681497853235,0.00045657124700118005
4911.028474960812,19.534736286402875,0.0004243964163667325
4913.3726433151805,19.53478721397284,0.0003960975795375889
4915.716817780857,19.534834745682385,0.00037536426906423356
4918.060997950339,19.534879789394672,0.00036329248323311913
4920.405183525066,19.53492338449266,0.0003600864359397042
4922.749374331205,19.534966594864972,0.00036483531789195005
4925.093570322589,19.53501037510312,0.00037622513748320326
4927.437771567601,19.535055522119617,0.0003924049908973807
4929.781978230255,19.535102610718525,0.00041102428188819715
4932.126190543541,19.535151933632353,0.0004288080199070107
4934.470408775577,19.53520339059474,0.0004418074098877078
4936.814633182448,19.535256407483928,0.000446898954554526
4939.158863951347,19.535310035358474,0.0004425594883366032
4941.503101155589,19.535363142497076,0.00042919443962153176
4943.847344732689,19.53541464582983,0.0004079117048333371
4946.191594490188,19.53546359523441,0.0003803888256549007
4948.535850121617,19.53550924189349,0.00034896194447370856
4950.880111230644,19.535551117326825,0.0003178623403093972
4953.224377364723,19.53558926080766,0.0002913192831315135
4955.5686480760205,19.535624219121637,0.0002726203973034043
4957.912922982315,19.535656933569314,0.0002627893905079209
4960.257201814343,19.535688468296176,0.0002618891740273405
4962.601484430538,19.535719894997058,0.00026885362738198495
4964.945770817938,19.535752157432345,0.00028231389363242567
4967.29006107683,19.53578603509958,0.00030026208273134855
4969.634355401042,19.535822066549507,0.00032029490020836797
4971.978654049028,19.53586050193753,0.0003388795284411475
4974.32295730926,19.535901167480944,0.00035212498390643467
4976.667265449358,19.53594342247901,0.00035693949211678343
4979.011578660055,19.535986255218067,0.00035221430446814677
4981.3558970106815,19.536028520934604,0.00033846518654546
4983.700220433194,19.53606913675699,0.0003168782949061802
4986.044548729605,19.536107162152376,0.0002891926311851173
4988.388881589063,19.536141865268117,0.00025801445556164953
4990.733218612895,19.536172827002783,0.00022764690614478968
4993.077559352136,19.536200144631522,0.00020232709352809508
4995.421903369492,19.536224423882746,0.00018521615584445814
4997.766250300358,19.536246649821447,0.00017725028935627334
5000.110599898336,19.53626791985617,0.00017835969139796547
5002.454952048718,19.536289323019137,0.00018728632561597258
5004.799306767481,19.53631179737821,0.00020255213125237658
5007.143664183166,19.53633610363396,0.00022203255919285117
5009.488024515602,19.536362747541062,0.00024323589906484645
5011.832388045307,19.53639193584895,0.000262314455389312
5014.176755077609,19.5364234135836,0.00027532817275879916
5016.52112588724,19.53645645296433,0.00027920103345658014
5018.865500661595,19.536489957088346,0.0002734504266163377
5021.209879456446,19.53652277113954,0.00025868861101168713
5023.554262188983,19.536553813772862,0.0002360732863982707
5025.898648646636,19.53658214256723,0.0002074496189135853
5028.243038503743,19.5366070365215,0.0001757947608414437
5030.587431348125,19.5366281318928,0.00014561125743172795
5032.931826723952,19.53664560524369,0.00012119224832743986
5035.276224196582,19.53666014831349,0.0001055270845733622
5037.620623414379,19.53667281156364,9.941784630042942e-05
5039.965024151767,19.536684741705198,0.0001026050208525939
5042.309426320771,19.5366970543077,0.00011367538045631582
5044.653829967288,19.536710695353356,0.00013095490399173465
5046.99823525073,19.536726409941835,0.000152196794216355
5049.342642419923,19.53674467355714,0.00017484420903422028
5051.68705178075,19.536765654862226,0.0001946088071280582
5054.031463659334,19.53678900791908,0.00020752952391921332
5056.3758783402845,19.536813911461948,0.0002107049978605192
5058.72029600966,19.536839196061692,0.00020409034610779366
5061.064716713187,19.536863686903224,0.00018827825272667021
5063.409140355616,19.53688628029355,0.0001645103118819853
5065.753566709251,19.536906021530978,0.0001347684143836793
5068.0979954318345,19.536922193740704,0.00010234642829713638
5070.442426095084,19.5369344753121,7.200306345662717e-05
5072.786858232121,19.536943115679716,4.813809212711615e-05
5075.131291406003,19.53694889225077,3.3628097448684536e-05
5077.475725273072,19.536952927622465,2.923986380251442e-05
5079.820159624387,19.536956436406122,3.4420665805192384e-05
5082.164594396756,19.53696056688602,4.7655908056125475e-05
5084.509029664782,19.536966285594985,6.700407432209625e-05
5086.853465619054,19.536974326083904,9.007882731567316e-05
5089.197902538184,19.53698513554318,0.00011400866688880333
5091.5423407544495,19.536998816583207,0.00013431428507962399
5093.88678061244,19.537014934297417,0.0001469819806859826
5096.231222404555,19.5370325721351,0.000149672007595097
5098.5756663132115,19.53705053277601,0.00014240710746100518
5100.9201123771445,19.537067621628907,0.00012571749883253026
5103.26456049174,19.537082707728768,0.00010100458181139042
5105.609010416667,19.537094828278587,7.038000345200352e-05
5107.953461796061,19.537103273879,3.734465556457826e-05
5110.297914188926,19.53710775523767,7.0090346578470795e-06
5112.642367119555,19.53710859632183,-1.5987598275834223e-05
5114.9868201511135,19.537106677810037,-2.9020685653359156e-05
5117.3312729524505,19.53710319532776,-3.146409717320964e-05
5119.67572533589,19.5370994196361,-2.408960195692884e-05
5122.020177266247,19.537096528883865,-8.532641902336624e-06
5124.364628849713,19.537095504966835,1.3082806855656992e-05
5126.709080310309,19.53709707490366,3.814267555951907e-05
5129.053531959297,19.537101652024727,6.346555674095904e-05
5131.39798415754,19.537109267891537,8.43167667518054e-05
5133.742437269687,19.537119385903548,9.670779772403554e-05
5136.086891595995,19.537130990839273,9.88451784889445e-05
5138.431347314896,19.537142852260693,9.058930943280625e-05
5140.775804457167,19.537153722977827,7.263694128399591e-05
5143.120262903924,19.537162439410782,4.659791160860744e-05
5145.464722396654,19.537168031160174,1.4809403437554524e-05
5147.809182560393,19.53716980828859,-1.8923819247602423e-05
5150.153642937388,19.53716753743028,-4.918492691741396e-05
5152.498103041879,19.53716163523905,-7.108159698449834e-05
5154.842562438108,19.53715310544741,-8.238610625800822e-05
5157.187020810762,19.537143219114657,-8.261693239340222e-05
5159.531477997056,19.53713330508277,-7.280645866147641e-05
5161.875933993666,19.53712456830773,-5.472807030300497e-05
5164.220388941863,19.53711800093929,-3.064035211914786e-05
5166.564843101976,19.537114324097036,-3.439552647810129e-06
5168.909296820868,19.53711391135072,2.3290561147842625e-05
5171.25375049023,19.537116706218058,4.459096380443341e-05
5173.598204494976,19.537122057133715,5.632148354417543e-05
5175.942659141832,19.53712881571174,5.7387013649502384e-05
5178.287114599718,19.53713570215338,4.762576339546696e-05
5180.631570883977,19.537141417244985,2.794794538415726e-05
5182.976027854046,19.53714477099843,1.9175473105330631e-07
5185.320485226566,19.537144794009,-3.312212321108696e-05
5187.6649426018475,19.537140819354214,-6.785491434162003e-05
5190.00939950017,19.537132676764493,-9.823117798211315e-05
5192.353855421382,19.537120889023136,-0.00011902391808145622
5194.698309928065,19.537106606152967,-0.0001284791213676908
5197.042762720804,19.537091188658405,-0.00012630129594940699
5199.387213663443,19.537076032502892,-0.00011387858713846867
5201.731662787343,19.537062367072433,-9.314286860662091e-05
5204.076110271392,19.5370511899282,-6.657260404231717e-05
5206.420556414184,19.537043201215713,-3.730775757577911e-05
5208.76500159833,19.537038724284805,-9.481594193871933e-06
5211.109446245244,19.5370375864935,1.1756986041944505e-05
5213.453890755623,19.537038997331827,2.2571361504907394e-05
5215.798335435304,19.537041705895206,2.211957906245068e-05
5218.142780440011,19.537044360244693,1.039122706381661e-05
5220.4872257632405,19.53704560719194,-1.147317147052187e-05
5222.831671236104,19.53704423041136,-4.1405611104490546e-05
5225.176116543753,19.537039261738027,-7.664066013576387e-05
5227.520561255162,19.53703006485881,-0.0001126851648538689
5229.865004862945,19.53701654263903,-0.0001433613347971927
5232.209446848062,19.536999339278854,-0.00016347684049379445
5234.553886768776,19.536979722057996,-0.0001714525693754423
5236.898324335422,19.53695914774967,-0.00016729940252993485
5239.242759433152,19.536939071821365,-0.00015253212489788536
5241.58719212177,19.53692076796638,-0.00012929587298228043
5243.931622613926,19.536905252461622,-0.00010029193013331925
5246.276051244222,19.536893217430006,-6.894411147465047e-05
5248.620478430314,19.536884944136627,-4.005579880185035e-05
5250.96490462361,19.53688013744077,-1.8906130670798338e-05
5253.309330240103,19.53687786870509,-8.674776754582125e-06
5255.653755584348,19.53687682773188,-1.0298943887212575e-05
5257.9981808036755,19.536875591858614,-2.3601126009319983e-05
5260.342605874698,19.536872759723494,-4.728493917067644e-05
5262.687030605865,19.536867085530794,-7.900938117316858e-05
5265.031454656129,19.536857604405053,-0.00011578641364567153
5267.375877568658,19.536843710035416,-0.00015270534264185816
5269.720298813862,19.536825385394298,-0.0001827821380254739
5272.064717860109,19.536803451537736,-0.00020133947789351814
5274.409134274294,19.53677929080039,-0.00020700990187468056
5276.75354778919,19.536754449612165,-0.00020004000545119024
5279.097958323143,19.53673044481151,-0.00018207472960800577
5281.44236597652,19.536708595843958,-0.00015564260176376254
5283.786771008021,19.536689918731746,-0.00012371050392148908
5286.131173798269,19.536675073471276,-8.997058874151182e-05
5288.475574807086,19.53666427700063,-5.978812091088823e-05
5290.819974520326,19.53665710242612,-3.865040044015071e-05
5293.164373372617,19.536652464378065,-2.9221149285094537e-05
5295.508771668342,19.53664895784015,-3.236019206413396e-05
5297.853169543283,19.536645074617102,-4.767202209247414e-05
5300.197566952237,19.53663935397445,-7.356168118018176e-05
5302.541963674714,19.536630526572708,-0.00010749365853417376
5304.886359337903,19.536617627333683,-0.00014632272220100256
5307.230753453183,19.53660006860702,-0.00018471936904618016
5309.575145461416,19.536577902282733,-0.0002148600817102205
5311.919534809689,19.53655211907293,-0.0002323662726339972
5314.263921063978,19.536524235120215,-0.00023614894984035997
5316.6083039721925,19.536495897246233,-0.0002266265488755819
5318.952683479862,19.53646870206037,-0.0002057277048116472
5321.297059724109,19.536444014735793,-0.00017633386791909896
5323.641433005878,19.536422854671642,-0.00014173328213436633
5325.985803748438,19.536405846677784,-0.00010584955966303664
5328.33017245004,19.536393144730624,-7.476093073677974e-05
5330.674539627407,19.536384173418934,-5.417770472776555e-05
5333.018905728218,19.536377672094368,-4.618483038078866e-05
5335.363271048869,19.53637212991472,-5.14744623691294e-05
5337.707635704459,19.536365952979235,-6.943199924714985e-05
5340.051999618817,19.536357621139324,-9.817371285628566e-05
5342.396362533354,19.53634584029378,-0.0001349509272561003
5344.740724034189,19.53632964618251,-0.00017629698733447112
5347.085083591731,19.53630849054403,-0.00021629511327685247
5349.429440610596,19.536282535130436,-0.0002466687739713636
5351.773794514812,19.53625293487756,-0.0002632237866087853
5354.118144866998,19.536221348023165,-0.0002649487794783657
5356.462491428761,19.536189554169628,-0.00025254290254884536
5358.8068341752605,19.53615924902132,-0.0002283004789334622
5361.151173285143,19.536131852963848,-0.00019557313966552973
5363.495509107499,19.536108384187088,-0.0001579220678089711
5365.839842113602,19.53608943353895,-0.00011988054201469665
5368.184172845627,19.536075047873908,-8.802022236241251e-05
5370.528501851371,19.536064485447223,-6.781282407899365e-05
5372.872829589625,19.536056347908335,-6.108585341889118e-05
5375.217156351374,19.536049017605926,-6.838245430353926e-05
5377.5614822334865,19.53604081171141,-8.867598139682486e-05
5379.905807130892,19.53603017059364,-0.00012001787445155651
5382.250130751363,19.536015768448706,-0.00015942625597710605
5384.594452643577,19.535996637297988,-0.00020316706042468297
5386.9387722400525,19.535972257250737,-0.00024465165959268274
5389.283088910923,19.535942899051587,0.0
