position,velocity,acceleration
-46.65004131112986,19.444444444444443,1.1317613513028847e-16
-44.316707977796526,19.444444444444443,0.0004780469512653125
-41.98336776058709,19.444501810078595,0.0009374935919257018
-39.65001404346994,19.444614309309625,0.0013787550030771338
-37.31664047228074,19.444779759909995,0.0018022416212094773
-34.983240948812195,19.44499602890454,0.002208359175211649
-32.649809624971525,19.445261032005565,0.0025975086286824543
-30.316340897006604,19.445572733041008,0.002970086127361972
-27.98282939980145,19.44592914337629,0.0033264829514648197
-25.649270001241796,19.446328321330466,0.003667085472702537
-23.315657796651333,19.44676837158719,0.003992275115824863
-20.9819881032992,19.44724744460109,0.004302428324478569
-18.648256454979197,19.447763736000027,0.004597916531209786
-16.314458596661144,19.448315485983773,0.004879106131448321
-13.980590479214799,19.448900978719546,0.005146358461300008
-11.64664825420661,19.449518541734903,0.005400029778990797
-9.312628268769604,19.45016654530838,0.005640471249824864
-6.9785270605466,19.45084340185836,0.005868028934491242
-4.64434135270694,19.4515475653305,0.006083043780601083
-2.3100680490368393,19.452277530584173,0.0062858516173091815
0.02429577089655055,19.45303183277825,0.0064767831528895255
2.358752856507342,19.453809046756597,0.006656163975155055
4.693305790879376,19.454607786433616,0.00682431455459231
7.027956995380995,19.455426704180166,0.006981550250100703
9.362708734206215,19.456264490210177,0.007128181317224383
11.697563118842405,19.457119871968246,0.0072645129187803815
14.032522112464624,19.457991613518498,0.007390845137772126
16.367587534256828,19.45887851493503,0.007507472992493242
18.702761063660123,19.45977941169413,0.007614686453737347
21.038044244548352,19.460693174068577,0.007712770464007772
23.373438489331264,19.46161870652426,0.0078020049586590935
25.70894508298558,19.462554947119298,0.007882664888871209
28.044565187014296,19.463500866905964,0.007955020246383409
30.38029984333456,19.46445546933553,0.008019336089912756
32.71614997809451,19.46541778966632,0.00807587257317671
35.052116405419525,19.4663868943751,0.008124884974452814
37.38819983108817,19.46736188057203,0.008166623727599936
39.724400856138494,19.468341875419345,0.008201334454485268
42.06071998040496,19.469326035553884,0.008229257998739107
44.39715760598661,19.470313546513733,0.008250630460783772
46.73371404064689,19.471303622169028,0.008265683234071817
49.07038950114574,19.472295504157117,0.008274643042479417
51.4071841165044,19.473288461322216,0.008277731978792943
53.74409793120356,19.474281789159672,0.00827516754424239
56.08113090831536,19.47527480926498,0.008267162689014942
58.41828293256988,19.47626686878766,0.008253925853713522
60.75555381335669,19.477257339890105,0.008235661011697584
63.092943287662074,19.47824561921151,0.008212567712268403
65.4304510229425,19.47923112733698,0.008184841124644342
67.76807661993514,19.48021330827194,0.008152672082678438
70.10581961540576,19.48119162892186,0.12534246902841728
72.44356261087638,19.49623272520527,0.1705917142984814
74.78311053790101,19.51670373092109,0.18541748484921697
77.12511498561155,19.538953829102997,0.18667525461566875
79.4697894451039,19.561354859656877,0.18260787886417307
81.81715202826273,19.583267805120578,0.17423665441471184
84.1671441648772,19.604176203650344,0.1627768214489992
86.51964530931524,19.623709422224223,0.14809685697337407
88.87449043998214,19.641481045061028,0.13289490238242538
91.23146816538946,19.65742843334692,0.11611982083681892
93.59035957739108,19.671362811847338,0.09941399245533317
95.95092311481277,19.683292490941977,0.08621551155593493
98.31291821372581,19.693638352328687,0.07368491092455093
100.67615481600525,19.702480541639634,0.0625927218543473
103.040452481002,19.709991668262155,0.05458909733228692
105.40565148119346,19.71654235994203,0.048652949855820624
107.7716365643865,19.72238071392473,0.04642904908484143
110.13832225005747,19.727952199814908,0.04427838191157252
112.50567651403526,19.733265605644295,0.041036901779970734
114.87366838671258,19.73819003385789,0.03846288424608879
117.24225119077553,19.74280557996742,0.0352434047424514
119.61138786037162,19.747034788536514,0.03228483954963655
121.981032034996,19.75090896928247,0.028094063586300805
124.3511411113099,19.754280256912825,0.023258906881471458
126.72165474213944,19.7570713257386,0.017281097362696365
129.09250330122808,19.759145057422124,0.011544230189471939
131.46360070811872,19.76053036504486,0.0061587137546908
133.8348643519241,19.761269410695423,0.0011185227953401204
136.20621668120754,19.761403633430863,-0.0029078950676771067
138.57758511721923,19.761054686022742,-0.006428803135974059
140.94891167954196,19.760283229646426,-0.00952109661665743
143.32014566709952,19.759140698052427,-0.011885210484912543
145.6912425508658,19.757714472794238,-0.013566947197626293
148.0621682876011,19.756086439130524,-0.014838897078446238
150.4328986602968,19.75430577148111,-0.015979731631648737
152.8034153528745,19.752388203685314,-0.01709699139489239
155.17370193731674,19.750336564717927,-0.01775135033944924
157.5437423250829,19.74820640267719,-0.01821228170639267
159.91352709340416,19.746020928872422,-0.018923044611181314
162.28304960486884,19.74375016351908,-0.01975637092171552
164.65229962449112,19.741379399008476,-0.020655800719027582
167.02126515237214,19.738900702922194,-0.021581778985847296
169.3899332367228,19.736310889443892,-0.022482101186783725
171.75829054345607,19.733613037301478,-0.02331849916392091
174.12632410793225,19.730814817401807,-0.02419552363987064
176.49402188602048,19.727911354565023,-0.02502756138811262
178.86137124856828,19.72490804719845,-0.02549677690487996
181.22836021423208,19.721848433969864,-0.025774782482620308
183.59498202630846,19.71875546007195,-0.025879721099183517
185.9612326815171,19.715649893540046,-0.02575122334899653
188.32711066874188,19.712559746738165,-0.025369266987573566
190.69261783835046,19.709515434699657,-0.02502170438116197
193.05775969051442,19.706512830173917,-0.02467505259045656
195.4225412301353,19.703551823863062,-0.024315434759174182
197.78696744899887,19.70063397169196,-0.023947001298558545
200.1510435256019,19.697760331536134,-0.023568149445644816
202.51477476538622,19.694932153602657,-0.023200002614917753
204.87816662381854,19.692148153288866,-0.022848116160150436
207.24122440221322,19.68940637934965,-0.02250928115135573
209.60395316773517,19.686705265611486,-0.022172096981047926
211.96635779960855,19.68404461397376,-0.02182590100123713
214.3284431532854,19.681425505853614,-0.021464761023651878
216.69021421398784,19.678849734530775,-0.021072594845910154
219.05167618213153,19.676321023149267,-0.020647949362976637
221.41283470490944,19.67384326922571,-0.020190059618577512
223.77369589721653,19.67142046207148,-0.019700686425304932
226.1342663526651,19.669056379700443,-0.01918482270196871
228.49455311822913,19.666754200976207,-0.01864965576859601
230.8545636223463,19.664516242283977,-0.018097428465355676
233.21430557142037,19.662344550868134,-0.01753361149346523
235.57378691752456,19.66024051748892,-0.016971425688933957
237.93301577962322,19.658203946406246,-0.01641959246691163
240.29200025319196,19.656233595310216,-0.015884174059577663
242.65074828462917,19.654327494423065,-0.015366202761235345
245.00926758395994,19.652483550091716,-0.014865117475384887
247.36756560997094,19.65069973599467,-0.014384784499696782
249.7256495782903,19.648973561854707,-0.06775396745425341
252.08352640571286,19.640843085760196,-0.12559054005285286
254.44042757600408,19.625772220953852,-0.18117911480603507
256.79552024251853,19.60403072717713,-0.2335565303351007
259.1480039297798,19.576003943536918,-0.2851246277928605
261.49712440300425,19.541788988201773,-0.33248236686515853
263.84213908158847,19.501891104177954,-0.37557289923592985
266.18236601408984,19.456822356269644,-0.4149468534116787
268.5171846968422,19.407028733860244,-0.44929221210782094
270.84602814490546,19.353113668407307,-0.4796242398116747
273.1684017851143,19.295558759629905,-0.506320668867974
275.4838688362699,19.23480027936575,-0.5288828854165264
277.79204486979376,19.171334333115766,-0.550469929093641
280.09260498976766,19.10527794162453,-0.5708378691383607
282.3852383427626,19.036777397327924,-0.588495023739714
284.66965163044193,18.966157994479158,-0.6021955867162065
286.94559058977944,18.893894524073215,-0.616909901604945
289.2128579326682,18.81986533588062,-0.6308943850847084
291.4712417729739,18.744158009670457,-0.6454831280690119
293.7205407341343,18.666700034302174,-0.6594697541338919
295.9605447382506,18.587563663806108,-0.6726319592621091
298.1910523779073,18.506847828694656,-0.6847875909806111
300.41187411735064,18.424673317776982,-0.6959929817505226
302.62283491548385,18.34115415996692,-0.7058080025804353
304.82377341467986,18.256457199657266,-0.7138550902940359
307.01454827863876,18.17079458882198,-0.7206617298173346
309.1950436292974,18.084315181243902,-0.7262634793261113
311.3651614510467,17.99716356372477,-0.7297582909852303
313.52482107869366,17.90959256880654,-0.7326241597621104
315.67397218695044,17.82167766963509,-0.7346748807278356
317.81257350730664,17.733516683947748,-0.7354960857234975
319.9405955093804,17.64525715366093,-0.7370706513425234
322.0580263678197,17.556808675499827,-0.7385962160675554
324.1648434088797,17.46817712957172,-0.7398649167885079
326.2610246644283,17.3793933395571,-0.7408467985876837
328.3465518651752,17.29049172372658,-0.7410562437664978
330.42141087202236,17.2015649744746,-0.7408777081961744
332.4855986689593,17.11265964949106,-0.7400837729754883
334.53911782689823,17.023849596734003,-0.7394062443022518
336.5819797785063,16.935120847417732,-0.7384179156326349
338.61419428019644,16.846510697541817,-0.7369674939746347
340.63577556390146,16.758074598264862,-0.735088461191695
342.64674451569323,16.669863982921857,-0.733025759302345
344.6471281936439,16.581900891805574,-0.730709304974074
346.63695630066053,16.494215775208687,-0.7285195962506739
348.61626219368554,16.406793423658605,-0.7262974455366085
350.58507740452455,16.319637730194213,-0.7240348511458132
352.5434339321479,16.232753548056714,-0.7218190462523916
354.4913643579147,16.146135262506426,-0.7196074513728347
356.42890058941543,16.059782368341686,-0.7171895989790198
358.35607447361645,15.973719616464203,-0.7151326640068305
360.27292082759215,15.887903696783384,-0.712677338614106
362.17946927120613,15.802382416149692,-0.710026453525453
364.0757551611441,15.717179241726638,-0.707555067044493
365.96181667015134,15.6322726336813,-0.7051641586516941
367.8376893861931,15.547652934643097,-0.7028548317626829
369.7034077383503,15.463310354831574,-0.7006836776436393
371.55900498093007,15.379228313514338,-0.6985911132094378
373.4045123785518,15.295397379929206,-0.6965482508102899
375.2399600641433,15.21181158983197,-0.694560135470607
377.0653774549231,15.128464373575499,-0.692642547372166
378.8807931797522,15.045347267890838,-0.6908145492469866
380.6862348518991,14.962449521981199,-0.6890823491914174
382.4817287945368,14.879759640078229,-0.68744704744818
384.2672999513462,14.797265994384446,-0.6859160016002954
386.0429718706724,14.714956074192411,-0.684488274704371
387.80876659957545,14.632817481227887,-0.6654259369859634
389.5647046973228,14.552966368789571,-0.6088510519995163
391.3110606615775,14.47990424254963,-0.5504964284877408
393.04864917068346,14.4138446711311,-0.4951633575294998
394.7783105312192,14.35442506822756,-0.4428168682440017
396.5008415394065,14.301287044038279,-0.39351807446570997
398.2169959846911,14.254064875102394,-0.3480230773297136
399.9274837697034,14.212302105822829,-0.3065176601164853
401.63296002240213,14.175519986608851,-0.2691580867183387
403.3340224207952,14.14322101620265,-0.23596389488239597
405.0312089427395,14.114905348816762,-0.2066646335392619
406.72499758459753,14.090105592792051,-0.18137478802922286
408.4158102557326,14.068340618228545,-0.15852196481936226
410.10401112992,14.049317982450221,-0.13888315602147536
411.78992928781406,14.032652003727645,-0.12075805715271289
413.4738475282614,14.01816103686932,-0.10240672923835789
415.1560268526857,14.005872229360717,-0.08585162201950916
416.836731520209,13.995570034718376,-0.06993089221515425
418.5161999243752,13.987178327652558,-0.05436372172936033
420.1946613236935,13.980654681045035,-0.03925610392052152
421.8723398854189,13.975943948574573,-0.024895700784632484
423.54945315924783,13.972956464480417,-0.012665044629517175
425.2262079349855,13.971436659124874,-0.0016027144619533862
426.9027803340805,13.97124433338944,0.008394394243039772
428.57932965408725,13.972251660698603,0.016936864286285817
430.25599985337107,13.974284084412957,0.02399758250767347
431.93291394350064,13.977163794313878,0.029597142146445
433.6101735988183,13.98071545137145,0.03392639023347184
435.28785945298284,13.984786618199466,0.03741718880681501
436.9660338471668,13.989276680856284,0.04054423706357681
438.64474704886953,13.994141989303913,0.04202249744128661
440.324044087586,13.999184688996866,0.04292934903491258
442.00394625026564,14.004336210881055,0.04345448169305399
443.6844665955714,14.009550748684221,0.043743075893165936
445.3656126854135,14.014799917791402,0.043856636623036876
447.04738867554846,14.020062714186166,0.04400481518007022
448.7297962012508,14.025343292007774,0.043982328451228056
450.4128373962917,14.030621171421922,0.04344464337711606
452.0965119368623,14.035834528627175,0.042500022703305926
453.7808120802976,14.040934531351573,0.041421818080210435
455.4657242240598,14.045905149521198,0.03961686310993148
457.15123284200234,14.05065917309439,0.03766652738230793
458.8373119427737,14.055179156380268,0.035632674606894385
460.5239334415393,14.059455077333094,0.03348670751122379
462.2110680508193,14.063473482234441,0.031094303489739863
463.89868486868744,14.06720479865321,0.02843874323966256
465.5867494445258,14.070617447841968,0.025773936809409925
467.27522353826686,14.073710320259098,0.023147915349712046
468.96406877669796,14.076488070101064,0.02051611444030154
470.65324734511006,14.0789500038339,0.01782801920561408
472.3427213455701,14.081089366138572,0.015051437076302451
474.03245206950675,14.082895538587728,0.01241909145850931
475.72239953413725,14.084385829562748,0.009837177615607096
477.4125258336848,14.08556629087662,0.0073007891912314936
479.10279378859,14.086442385579568,0.004840012250357193
480.7931668748596,14.087023187049612,0.0025778128904089797
482.4836096573055,14.08733252459646,0.00039378183905847857
484.1740895602571,14.087379778417148,-0.0017327001848462917
485.86457513366713,14.087171854394967,-0.003805219214538301
487.5550357561945,14.086715228089222,-0.005828839757502714
489.2454415835652,14.086015767318322,-0.008001253140690699
490.9357634756434,14.085055616941439,-0.010208347720587527
492.6259701496764,14.083830615214968,-0.012793828647312261
494.31602982350216,14.08229535577729,-0.014948895375155707
496.00590526619544,14.080501488332272,-0.01694664565411583
497.6955654447953,14.078467890853778,-0.01881156090399746
499.38498159169774,14.076210503545298,-0.020349237967440453
501.0741268521232,14.073768594989204,-0.021630097297096938
502.7629790835219,14.071172983313552,-0.02280202363581252
504.4515198415195,14.068436740477255,-0.023893865819333053
506.13973225037677,14.065569476578935,-0.02473906100721602
507.8276005875662,14.062600789258068,-0.025788812808285266
509.5151126822772,14.059506131721074,-0.026983279549766204
511.2022534180837,14.056268138175103,-0.02786984709812626
512.8890055946647,14.052923756523327,-0.028688400144624166
514.5753564454475,14.049481148505972,-0.029411082615340072
516.2612941832682,14.045951818592131,-0.030294534858851745
517.9468084014993,14.04231647440907,-0.030962772898758973
519.6318863784284,14.038600941661219,-0.03129693453111142
521.3165184914277,14.034845309517486,-0.03159983964151205
523.0006999285698,14.031053328760505,-0.031829755747307696
524.6844263280211,14.027233758070828,-0.03198223656722332
526.3676943789897,14.023395889682762,-0.03208035337628225
528.0505018857516,14.019546247277608,-0.03212626602768085
529.7328474354249,14.015691095354287,-0.032101293875944834
531.4147303668674,14.011838940089174,-0.03201274904552847
533.096151039678,14.00799741020371,-0.031864448278072444
534.7771107289025,14.004173676410343,-0.03162689562276495
536.4576115700717,14.00037844893561,-0.03129039503616994
538.1376569839439,13.996623601531269,-0.030905046132161416
539.8172518161276,13.99291499599541,-0.030492864268375722
541.4964016156471,13.989255852283204,-0.03005007118018552
543.175112317921,13.985649843741582,-0.02959567756223438
544.8533902991701,13.982098362434114,-0.029137167152051228
546.5312421026622,13.978601902375868,-0.028655333477565822
548.2086743309472,13.97516326235856,-0.02814696996178132
549.8856939224303,13.971785625963147,-0.02761092010845137
551.5623081975458,13.968472315550132,-0.027052859178143304
553.2385248754118,13.965225972448755,-0.02646842038718699
554.9143519921057,13.962049762002293,-0.02586023567938113
556.589797963546,13.958946533720766,-0.025226942610412605
558.2648715475924,13.955919300607517,-0.024564806550496834
559.9395818636654,13.952971523821457,-0.02388675022620551
561.6139384465239,13.950105113794313,-0.023179796198519537
563.2879510601792,13.94732353825049,-0.022456217400787296
564.9616298847693,13.944628792162396,-0.021728016768820517
566.6349853398287,13.942021430150138,-0.02099761903798002
568.3080279114467,13.93950171586558,-0.020253654438007036
569.9807681173506,13.93707127733302,-0.019490233013177885
571.6532166706306,13.934732449371438,-0.018712753249266613
573.3253845645552,13.932486918981526,-0.01793086631571099
574.997282994833,13.930335215023641,-0.017148654048642797
576.6689232206359,13.928277376537803,-0.016369116732283053
578.3403165058204,13.92631308252993,-0.015613515695931921
580.011474075724,13.924439460646418,-0.014864221572022458
581.6824068110016,13.922655754057775,-0.014123437056995841
583.3531255014885,13.920960941610936,-0.013392965546809191
585.0236408144818,13.919353785745319,-0.012678390502430836
586.6939632687713,13.917832378885027,-0.011978693563642487
588.3641031542376,13.91639493565739,-0.011290751512691287
590.0340705465164,13.915040045475868,-0.010619938612635417
591.7038753519736,13.913765652842352,-0.009964602902027282
593.3735272303146,13.912569900494109,-0.009324452478073666
595.0430356183739,13.91145096619674,-0.00869989217735672
596.7124097343175,13.910406979135457,-0.008089937030068446
598.3816585718138,13.909436186691849,-0.0074989411953179505
600.0507909142168,13.90853631374841,-0.006924364156043181
601.7198152718667,13.907705390049685,-0.006368542417461367
603.3887399186726,13.906941164959589,-0.005826864706461543
605.0575728584678,13.906241941194814,-0.005301473218632662
606.7263218914112,13.905605764408579,-0.0047746287019623706
608.3949945831403,13.905032808964343,-0.004266946443199635
610.063598520216,13.904520775391159,-0.003778789086382083
611.732141013263,13.904067320700793,-0.003323561839712395
613.4006290917471,13.903668493280028,-0.002905424551348466
615.0690693109407,13.903319842333866,-0.002511214660258796
616.7374676920207,13.903018496574635,-0.0021382792772334167
618.4058299116097,13.902761903061368,-0.0017857792684491092
620.074161339977,13.902547609549154,-0.0014512442061273612
621.7424670531228,13.90237346024442,-0.0011342332084283415
623.4107518683521,13.902237352259409,-0.0008362495386951879
625.0790203506233,13.902137002314765,-0.0005534930493218688
626.7472767909011,13.902070583148847,-0.000287253222263367
628.4155252608789,13.902036112762175,-3.286823207910056e-05
630.0837695944103,13.902032168574326,0.00020608637221914376
631.7520134546393,13.902056898938993,0.0004296288092365636
633.420260282512,13.902108454396101,0.0006396115666206682
635.0885132970395,13.902185207784095,0.0008349848659540417
636.7567755219736,13.90228540596801,0.0010171186318369552
638.4250497706898,13.90240746020383,0.0011773564388444743
640.0933386659143,13.902548742976492,0.0013225229218170541
641.7616445150715,13.90270744572711,0.001457091549518414
643.4299694085587,13.902882296713052,0.0015748633839912378
645.0983152841643,13.903071280319132,0.0016819120038515625
646.7666838378026,13.903273109759594,0.0017766663718826777
648.4350766109737,13.90348630972422,0.001829094754986391
650.1034949681407,13.90370580109482,0.0018496936670686075
651.771939664272,13.903927764334867,0.0018559289938394068
653.4404109959922,13.904150475814127,0.001877303799407203
655.10890905309,13.904375752270056,0.001927733395977641
656.7774341433624,13.904607080277573,0.0019787806037249445
658.4459869929957,13.90484453395002,0.0020282826218063444
660.1145683370697,13.905087927864638,0.0020702220326346507
661.7831788884134,13.905336354508554,0.0021065622071546218
663.4518192509545,13.905589141973413,0.0021391367658855523
665.1204899479912,13.90584583838532,0.002161984606299189
666.7891914485975,13.906105276538076,0.002177512614347802
668.4579240817822,13.906366578051799,0.0021853399019680334
670.1266880711484,13.906628818840035,0.0021852358249750937
671.7954835294091,13.906891047139032,0.0021754663291597386
673.4643104550659,13.90715210309853,0.0021576327695634317
675.1331687074377,13.907411019030878,0.002132511391595461
676.8020580297214,13.907666920397869,0.002100627099331181
678.4709780601692,13.907918995649789,0.002064277478591083
680.1399283396471,13.90816670894722,0.0020237256766758084
681.8089083447207,13.908409556028422,0.0019814030787516034
683.4779174914441,13.908647324397872,0.0019369722745425034
685.1469551703719,13.908879761070818,0.001889846408928325
686.8160207417004,13.90910654263989,0.0018414453970830862
688.4851135268171,13.90932751608754,0.0017931643471751784
690.1542328287477,13.9095426958092,0.0017414851468190971
691.8233779522448,13.909751674026818,0.0016892793218052325
693.4925481531279,13.909954387545435,0.0016377599713402603
695.1617426796333,13.910150918741996,0.001582911397093893
696.8309607898824,13.910340868109648,0.0015263973836478135
698.5002016940556,13.910524035795685,0.0014679910507259455
700.169464578351,13.910700194721771,0.0014110112723191152
701.8387486017176,13.910869516074449,0.001351268414677597
703.5080529436466,13.91103166828421,0.0012916014839837035
705.1773767438407,13.911186660462288,0.0012330486105921606
706.8467191430962,13.91133462629556,0.00117239098144952
708.5160792982516,13.911475313213334,0.0011146365440140085
710.1854563358372,13.911609069598615,0.0010559745280724689
711.8548494241891,13.911735786541984,0.0009995167428671404
713.5242577185741,13.911855728551128,0.0009447404635903464
715.1936804060002,13.91196909740676,0.0008909257512434974
716.8631166976891,13.912076008496909,0.0008384313490478096
718.5325658187087,13.912176620258794,0.0007868713943922261
720.2020270131397,13.912271044826122,0.0007372960949918875
721.8714995385188,13.912359520357521,0.0006895879007686656
723.5409826809617,13.912442270905613,0.0006425985835645973
725.2104757534704,13.91251938273564,0.0005985124226763527
726.8799780793987,13.912591204226361,0.0005536476348606738
728.5494890239058,13.912657641942545,0.0005113328460462389
730.2190079409389,13.91271900188407,0.0004706259572715808
731.8885342211651,13.912775476998943,0.0004316305235682239
733.5580672784049,13.912827272661772,0.0003941965940757263
735.2276065511243,13.912874576253062,0.00035772719647621785
736.8971515002746,13.912917503516638,0.00032380654147958605
738.5667016006967,13.912956360301616,0.00029057096155107973
740.2362563639329,13.912991228817,0.0002608267785800832
741.9058153113909,13.91302252803043,0.00023262479760835806
743.5753780147546,13.913050443006142,0.0002072023189380079
745.2449440679154,13.913075307284414,0.00018176291122999332
746.9145131047895,13.913097118833761,0.00015880948078393097
748.5840847590496,13.913116175971455,0.00013670302336008953
750.2536587001662,13.913132580334258,0.0001160777854703457
751.9232346098063,13.913146509668515,9.70265057413711e-05
753.5928121909665,13.913158152849205,7.948052342571812e-05
755.2623911693083,13.913167690512015,6.446961964840981e-05
756.9319712921698,13.913175426866372,5.00872925264048e-05
758.6015523433938,13.913181437341475,3.6092408192022026e-05
760.2711341158748,13.913185768430457,2.6657723448828254e-05
761.9407164080865,13.913188967357272,2.8000300738671253e-05
763.6102990841694,13.91319232739336,2.8711973929140643e-05
765.2798821634566,13.913195772830232,3.225939220334854e-05
766.9494656561963,13.913199643957297,3.3964603859775973e-05
768.6190496134711,13.91320371970976,3.77100151816213e-05
770.2886340598363,13.913208244911582,3.891250762473188e-05
771.9582190492257,13.913212914412497,4.588012461913034e-05
773.6278045989552,13.913218420027452,4.753030969315569e-05
775.2973908093585,13.913224123664614,5.005911513984212e-05
776.9669777041983,13.91323013075843,5.3939246363185406e-05
778.6365653198893,13.913236603467993,5.243553301066753e-05
780.3061537123054,13.913242895731955,4.909665543890406e-05
781.9757428597933,13.913248787330607,5.081411720601259e-05
783.645332714273,13.913254885024672,5.0021675622559276e-05
785.3149233004759,13.913260887625746,4.9850694842716044e-05
786.9845146069911,13.913266869709128,5.174518774154766e-05
788.6541066313562,13.913273079131656,5.135449505303618e-05
790.323699400852,13.913279241671063,4.9699802446866726e-05
791.9932929098525,13.913285205647357,5.399067960287116e-05
793.6628871345301,13.91329168452891,5.391843198442768e-05
795.3324821366737,13.913298154740747,5.7224486745655845e-05
797.0020779152426,13.913305021679157,6.150954870724251e-05
798.671674517844,13.913312402825003,6.887999570867858e-05
800.3412720061831,13.913320668424488,7.351407690117193e-05
802.0108704863941,13.913329490113716,7.638399726043316e-05
803.6804700252077,13.913338656193387,8.130804455717567e-05
805.3500706639509,13.913348413158735,8.341367968487045e-05
807.0196724735299,13.913358422800297,8.581861870254933e-05
808.689275484266,13.91336872103454,8.720087646779653e-05
810.3588797307901,13.913379185139718,8.832490929962209e-05
812.0284852330069,13.913389784128833,8.677653976650895e-05
813.6980920071023,13.913400197313605,8.746159439933696e-05
815.3677000307799,13.913410692704932,9.027514780566883e-05
817.0373093139045,13.913421525722669,9.372927765977525e-05
818.7069198969913,13.913432773235987,9.147393591379104e-05
820.3765318297797,13.913443750108296,9.671506583785622e-05
822.0461450797926,13.913455355916197,9.807315298333673e-05
823.7157597225025,13.913467124694554,0.00010358342201582853
825.3853757774659,13.913479554705196,0.00010751048311543163
827.0549933240305,13.91349245596317,0.00011182325173533305
828.7246124187461,13.913505874753378,0.00011751561114158309
830.3942331237165,13.913519976626715,0.00012098282743977185
832.0638555209117,13.913534494566008,0.00011889194413520744
833.7334796602596,13.913548761599305,0.00012464227675830616
835.4031055116516,13.913563718672515,0.00012432389351829545
837.0727331578922,13.913578637539738,0.00012880114749686217
838.742362594397,13.913594093677437,0.0001335315124922564
840.4119938856384,13.913610117458937,0.00013361361695664114
842.0816270997334,13.913626151092972,0.00013187299575734924
843.7512622378646,13.913641975852462,0.00013351017523420783
845.4208992749669,13.913657997073491,0.0001311979303689096
847.0905382346158,13.913673740825136,0.00013430220415552245
848.7601790835148,13.913689857089635,0.00013391945231837604
850.4298218663655,13.913705927423912,0.00013523560376843823
852.0994665776564,13.913722155696364,0.00013671299534840053
853.7691132363399,13.913738561255807,0.00013956759773140598
855.4387618636906,13.913755309367534,0.00013928336116470668
857.1084125008147,13.913772023370875,0.00014434416074433833
858.7780651436192,13.913789344670164,0.00014656882983556265
860.4477198649796,13.913806932929743,0.00014974961260030785
862.1173766969312,13.913824902883256,0.00015417349270035893
863.7870356852771,13.91384340370238,0.00015227301938562155
865.4566968937214,13.913861676464705,0.0001526844850951854
867.1263602948972,13.913879998602917,0.00014908107303254964
868.7960258947295,13.91389788833168,0.00014896672370361933
870.4656936413293,13.913915764338524,0.00015040973763423302
872.1353635330499,13.91393381350704,0.00015011993621129397
873.8050355906707,13.913951827899385,0.00014757830041912622
875.4747098100187,13.913969537295436,0.00014497158807191265
877.1443861544941,13.913986933886004,0.00014557477162109047
878.8140645865604,13.914004402858598,0.00014237456584879844
880.4837451149035,13.914021487806501,0.0001459845399696212
882.1534276934403,13.914039005951297,0.0001439008622930393
883.8231123741544,13.914056274054772,0.00014647623757046323
885.492799127041,13.91407385120328,0.00014635922575846556
887.1624879891855,13.914091414310372,0.00014507986320892426
888.8321789589028,13.914108823893956,0.00014256322531054915
890.5018720177701,13.914125931480994,0.00014114588632324843
892.1715671295478,13.914142868987353,0.00014313557773241905
893.8412642738264,13.914160045256681,0.00014166842611106572
895.5109634792572,13.914177045467815,0.00014054895463814333
897.1806647247133,13.914193911342371,0.0001393596065613535
898.8503679940744,13.91421063449516,0.00013589848148080612
900.5200732702139,13.914226942312936,0.00013343293208544226
902.1897805032914,13.914242954264786,0.00013205951660091143
903.8594896578032,13.914258801406778,0.0001316342424377361
905.529200713972,13.91427459751587,0.00012917198249098882
907.1989136656739,13.914290098153769,0.00012498813722863495
908.8686284774524,13.914305096730237,0.00012521766714939064
910.53834508906,13.914320122850295,0.00012203308364747924
912.2080635038021,13.914334766820334,0.00012385190280939226
913.8777836758205,13.91434962904867,0.00011980354669397385
915.5475056313063,13.914364005474274,0.00012114127643144414
917.2172293119633,13.914378542427446,0.000119469796921409
918.8869547370546,13.914392878803076,0.00011409719675320802
920.5566818825109,13.914406570466687,0.00011443493814009533
922.226410670967,13.914420302659263,0.0001094650743236043
923.8961411072861,13.914433438468182,0.00010828437794939548
925.5658731199023,13.914446432593536,0.0001096685885023234
927.2356066918136,13.914459592824157,0.00010767810957023992
928.9053418429525,13.914472514197305,0.00010388443171431815
930.5750785446561,13.91448498032911,0.00010029493754506175
932.2448167422956,13.914497015721615,0.00010111508547083516
933.9145563841822,13.914509149531872,9.473470124556362e-05
935.5842974821261,13.91452051769602,9.603895587635572e-05
937.2540399442496,13.914532042370725,9.494103500336026e-05
938.923783789334,13.914543435294926,9.538366019189225e-05
940.5935290015694,13.914554881334148,8.997324570361765e-05
942.2632755873295,13.914565678123632,8.70847251506275e-05
943.9330234687044,13.91457612829065,8.572051626902529e-05
945.6027726040993,13.914586414752602,8.42659622545254e-05
947.2725229738696,13.914596526668072,0.03328897550994937
948.9422745570698,13.918591203729266,0.06912916214605938
950.6125055015174,13.926886703186792,0.1036397146116081
952.2837319058998,13.939323468940184,0.1360159034380487
953.9564507221726,13.95564537735275,0.16623198911461673
955.6311281674549,13.975593216046505,0.1956997793551027
957.3081993533805,13.999077189569118,0.22355726705536194
958.9880886161287,14.02590406161576,0.24829225862165374
960.6711971035226,14.055699132650359,0.26981384733314584
962.3578809994406,14.088076794330336,0.28844104673299364
964.0484502147602,14.122689719938295,0.3040546305214444
965.7431729811528,14.159176275600869,0.3185135828589146
967.4422741342249,14.197397905543939,0.3311392700264036
969.1459618828902,14.237134617947108,0.34160072498968597
970.8544180370438,14.27812670494587,0.3525757486554858
972.5677932416373,14.32043579478453,0.36148894314343705
974.2862455370115,14.363814467961742,0.37120635177718536
976.0099032731669,14.408359230175003,0.38096092343190735
977.7389063807879,14.454074540986833,0.39051633333357694
979.4733953257063,14.500936500986862,0.39964023383325437
981.2135077058247,14.548893329046853,0.4082137358734876
982.9593749053103,14.597878977351671,0.4163802688563901
984.7111203825924,14.647844609614438,0.4245752064503527
986.4688617357461,14.69879363438848,0.431297265223851
988.2327169718727,14.750549306215342,0.43672789999138895
990.0027828886185,14.80295665421431,0.4412528205965926
991.7791376871243,14.8559069926859,0.4443487400937252
993.5618465262465,14.909228841497148,0.4464881238890924
995.3509539872261,14.96280741636384,0.4486366961923759
997.1464908771898,15.016643819906925,0.4504290104571609
998.9484881355786,15.070695301161784,0.4513014041303417
1000.756971571718,15.124851469657425,0.4499310852386752
1002.5719537480769,15.178843199886067,0.4504402131545651
1004.3934149320633,15.232896025464616,0.45120594862834595
1006.221362455119,15.287040739300018,0.4519818080329413
1008.055807343835,15.34127855626397,0.45264786016496683
1009.8967607705866,15.395596299483767,0.45315597214884806
1011.7442323265246,15.449975016141629,0.45349127491293917
1013.5982293284617,15.504393969131181,0.4536373963458591
1015.4587566047575,15.558830456692684,0.4525942633052656
1017.3258162595606,15.613141768289315,0.45161425244052733
1019.1993932717553,15.667335478582178,0.45125771798579095
1021.0794735291852,15.721486404740473,0.45024385712074355
1022.966051897754,15.775515667594963,0.4490443509835745
1024.8591137778653,15.829400989712992,0.44818298042508087
1026.758641896631,15.883182947364002,0.4469730062814121
1028.6646238503147,15.936819708117772,0.445580694570757
1030.5770422152889,15.990289391466263,0.4442775426855021
1032.4958769422649,16.043602696588522,0.44298056349753145
1034.4211092658554,16.096760364208226,0.4416170733989045
1036.3527205095604,16.149754413016094,0.4402278855556789
1038.2906910391223,16.202581759282776,0.43883478693057054
1040.2350008502362,16.255241933714444,0.4374902857261367
1042.185629882282,16.30774076800158,0.43618665310736066
1044.1425587744423,16.360083166374462,0.43490053105483706
1046.105768754407,16.41227123010104,0.43362057931673254
1048.0752413020193,16.46430569961905,0.43234660048746476
1050.0509579859736,16.516187291677547,0.4310806422584084
1052.0329004609748,16.567916968748555,0.42982111916175625
1054.0210504972247,16.619495503047965,0.42855051246999437
1056.0153899575905,16.670921564544365,0.4272929068277414
1058.0159005453359,16.722196713363694,0.42606111910996636
1060.0225641509394,16.77332404765689,0.4248408307155445
1062.0353630366583,16.824304947342753,0.42361888212919424
1064.0542796303394,16.875139213198256,0.422435430297392
1066.0792963359231,16.925831464833944,0.4213028305790656
1068.1103961117033,16.97638780450343,0.4202303166802967
1070.1475626482436,17.026815442505068,0.41923251910183906
1072.1907805013443,17.07712334479729,0.4183041360367215
1074.24003530272,17.127319841121697,0.41744062075272553
1076.2953136836545,17.177412715612025,0.4166400138648334
1078.356603209528,17.227409517275806,0.4159124155808528
1080.4238923516011,17.277319007145508,0.41524810868240053
1082.4971706324586,17.327148780187397,0.4146422858557427
1084.576428486081,17.376905854490087,0.41409322782712177
1086.66165718862,17.426597041829343,0.41359809486832644
1088.7528488336395,17.47622881321354,0.4131552215295423
1090.8499962912251,17.525807439797088,0.4127630370096577
1092.9530931840009,17.57533900423825,0.412422769904802
1095.0621338645094,17.624829736626825,0.41213008014925145
1097.1771134329047,17.674285346244737,0.411885725743353
1099.298027674454,17.723711633333938,0.4116888853885895
1101.4248730704542,17.77311429958057,0.4115393642239441
1103.557646786404,17.822499023287442,0.41143623951232156
1105.6963466691984,17.87187137202892,0.41137789417478265
1107.8409712338419,17.921236719329894,0.41136351868539334
1109.9915196401614,17.97060034157214,0.4114010733035795
1112.14799168115,18.01996847036857,0.41148320285270745
1114.3103878975942,18.069346454710896,0.41160333196818605
1116.4787094721594,18.11873885454708,0.4117600922220996
1118.652958134705,18.16815006561373,0.4119500647278853
1120.8331361425785,18.217584073381076,0.4121721955076089
1123.0192462313842,18.26704473684199,0.4124237694141284
1125.2112915998052,18.316535589171686,0.41270071192501434
1127.4092758705058,18.36605967460269,0.4130029060526289
1129.6132030314582,18.415620023329005,0.4133297703058901
1131.8230774342576,18.465219595765713,0.41367985269820184
1134.0389037857494,18.514861178089497,0.41404955417077105
1136.2606871271203,18.56454712458999,0.41443679934021704
1138.488432782071,18.614279540510815,0.41484333083421865
1140.7221463269323,18.66406074021092,0.41526573574992
1142.9618336157575,18.71389262850091,0.415703667021719
1145.2075007311776,18.76377706854352,0.41615445911744253
1147.4591539794028,18.81371560363761,0.4166177066304073
1149.7167998518394,18.86370972843326,0.41709100205177563
1151.9804450192514,18.913760648679474,0.4175758772864332
1154.250096297093,18.963869753953848,0.4180679387152871
1156.5257606675675,19.014037906599683,0.4185650751608311
1158.8074452163594,19.064265715618983,0.3971068501230012
1161.0951571022338,19.111918537633745,0.36269627453465214
1163.3885873267498,19.155442090577903,0.3286532026074958
1165.6872403776192,19.1948804748908,0.2965750429471944
1167.990626034606,19.230469480044466,0.2665441941786004
1170.2982823722114,19.2624547833459,0.23839109936447234
1172.6097769462128,19.291061715269635,0.2112340837031893
1174.9247043520452,19.316409805314017,0.18638800826040833
1177.2426735286829,19.338776366305265,0.16371065254830305
1179.5633266926395,19.35842164461106,0.14431295812113706
1181.8863372899928,19.375739199585595,0.12718869914693437
1184.211425993943,19.391001843483227,0.11214486760760821
1186.538346215161,19.404459227596142,0.09838589065259673
1188.8668813224726,19.416265534474455,0.08564122274086286
1191.1968331866096,19.42654248120336,0.07392374914788187
1193.528018284354,19.435413331101106,0.0629955995963852
1195.8602678840862,19.442972803052673,0.053053239424186494
1198.1934246204526,19.449339191783576,0.04377615655583582
1200.5273453234665,19.454592330570275,0.03473080784749441
1202.861896403135,19.458760027511975,0.026088981187619528
1205.1969476064364,19.46189070525449,0.017955900576932367
1207.532374491067,19.46404541332372,0.010436146001879101
1209.868059940666,19.465297750843945,0.003438374760356709
1212.2038956707672,19.465710355815187,-0.002820962307463891
1214.539780913465,19.465371840338292,-0.008132868562421961
1216.8756255343055,19.4643958961108,-0.01241716770611245
1219.2113530418387,19.462905835986067,-0.015683087559466402
1221.5469017421572,19.461023865478932,-0.018291128783933068
1223.8822246060147,19.45882893002486,-0.020377263141393077
1226.2172840776177,19.456383658447894,-0.02200613360011916
1228.5520501166316,19.45374292241588,-0.02321387392915141
1230.8864992673214,19.45095725754438,-0.023996160012230296
1233.2206141382267,19.448077718342912,-0.024505637853922083
1235.5543834644277,19.445137041800443,-0.024840165762315992
1237.8877999094439,19.442156221908967,-0.025014797618300198
1240.220858656073,19.43915444619477,-0.02498862267698619
1242.5535571896164,19.436155811473533,-0.024768109091939595
1244.8858958869932,19.433183638382502,-0.024363923927481233
1247.2178779235992,19.430259967511205,-0.023769926509328115
1249.5495091197006,19.427407576330086,-0.022990341656013262
1251.8807980288602,19.424648735331363,-0.02201113777541315
1254.2117558771,19.422007398798314,-0.020816619577951577
1256.5423967649558,19.41950940444896,-0.01944659549940526
1258.8727378934898,19.41717581298903,-0.01793120726045796
1261.2027989910484,19.415024068117773,-0.016292789296538927
1263.5326018792225,19.41306893340219,-0.014614893640276657
1265.8621701512309,19.411315146165357,-0.012921139446208332
1268.1915279687707,19.40976460943181,-0.011185956838234177
1270.5206997219025,19.408422294611224,-0.009400585882618018
1272.8497103972559,19.40729422430531,-0.007595715296150222
1275.1785857041725,19.406382738469773,-0.005811331942922214
1277.5073516327889,19.405685378636623,-0.004062259254376702
1279.8360338782252,19.405197907526098,-0.0023389461188550818
1282.1646576271282,19.404917233991835,-0.0006440764793154394
1284.4932476952072,19.404839944814317,0.0010094635065745648
1286.821828488585,19.404961080435104,0.002626795386374198
1289.1504238182372,19.405276295881468,0.00421282879125887
1291.479056973743,19.40578183533642,0.005764238086141941
1293.8077507939834,19.406473543906756,0.0072058198206309335
1296.136527619252,19.40733824228523,0.0086153645512013
1298.4654082083264,19.408372086031374,0.009968767881835934
1300.79441285865,19.409568338177195,0.011330422284480956
1303.1235610592314,19.410927988851334,0.012713070463532497
1305.4528724178936,19.412453557306957,0.01406366246346241
1307.7823668447704,19.41414119680257,0.015363778698708776
1310.1120637883866,19.415984850246417,0.016616137076129592
1312.4419819704162,19.417978786695553,0.01783880644980035
1314.7721394248197,19.420119443469527,0.018990281177612832
1317.102553758036,19.422398277210842,0.0200622061276119
1319.4332415513013,19.424805741946155,0.0210244704057014
1321.764218240335,19.42732867839484,0.021910963558015598
1324.0954976817422,19.4299579940218,0.02271481774403549
1326.427092641025,19.432683772151087,0.023529105164779192
1328.7590146936832,19.43550726477086,0.024367849648436433
1331.0912755654556,19.43843140672867,0.02491558782913817
1333.423887334263,19.44142127726817,0.025602338256787316
1335.7568578875353,19.444493557858983,0.02691974019118065
1338.0901971144783,19.447723926681924,0.027442877897948855
1340.4239239856802,19.45101707202968,0.02763470028063693
1342.7580460343238,19.454333236063356,0.027722798673644595
1345.0925660226515,19.457659971904192,0.0277328454519162
1347.42748521928,19.460987913358423,0.028235624435296217
1349.762803768883,19.464376188290657,0.029216617206794075
1352.0985289114778,19.467882182355474,0.029606365659982682
1354.4346747733605,19.471434946234673,0.02982158688871084
1356.7712469669086,19.47501353666132,0.029640768179001204
1359.108248591308,19.478570428842797,0.02938060682679987
1361.4456770427691,19.482096101662012,0.02905103867737155
1363.7835285749686,19.485582226303297,0.02864517836611292
1366.121798442125,19.48901964770723,0.028170195525329848
1368.4604807998498,19.49240007117027,0.027647422141965104
1370.7995688083902,19.495717761827304,0.027079602845748244
1373.1390549398095,19.498967314168794,0.026489465391330107
1375.4789310175097,19.502146050015753,0.025885092559093104
1377.8191885435115,19.505252261122845,0.025275365411407597
1380.1598188148462,19.508285304972215,0.02466566189516042
1382.500813051443,19.511245184399634,0.024027806887218547
1384.8421624735709,19.5141285212261,0.02333790991430799
1387.183857896118,19.51692907041582,0.022631983663434628
1389.525889384568,19.519644908455433,0.02191442924922006
1391.8682467735828,19.52227463996534,0.021190637029132764
1394.2109197303787,19.524817516408834,0.020463789789879325
1396.5538978323477,19.52727317118362,0.019735361535236265
1398.8971706128898,19.52964141456785,0.019005838899108826
1401.2407275826379,19.53192211523574,0.018278522297202587
1403.5845582364661,19.534115537911404,0.01755359760930664
1405.9286521010156,19.53622196962452,0.016833242430373926
1408.2729987373705,19.538241958716167,0.01612066507547497
1410.6175877724163,19.540176438525226,0.015417012834436132
1412.9624089450392,19.542026480065356,0.014723204854242838
1415.307452122647,19.543793264647867,0.014040914345728465
1417.6527073144048,19.545478174369354,0.013367342619676688
1419.998164695329,19.547082255483716,0.012697817232472448
1422.343814565987,19.54860599355161,0.012039599155123861
1424.6896472852131,19.550050745450225,0.011394653572361196
1427.0356533746672,19.55141810387891,0.010761747793171352
1429.3818235471326,19.55270951361409,0.010146456295908254
1431.7281486887664,19.553927088369598,0.009570048699212201
1434.0746199393707,19.555075494213504,0.009007465030913112
1436.4212289986763,19.556156390017215,0.008460053204213877
1438.7679677654783,19.55717159640172,0.007926419189484524
1441.1148283570465,19.558122766704457,0.00740709618731186
1443.461803089051,19.559011618246934,0.006901007826671227
1445.8088844832407,19.559839739186135,0.006407575622540384
1448.1560652519431,19.56060864826084,0.005936757773440261
1450.5033382897345,19.561321059193652,0.0054896466085893585
1452.8506968168379,19.561979816786682,0.005053460897833158
1455.1981343948523,19.56258623209442,0.00463048379428304
1457.5456447427036,19.563141890149737,0.004219851940873381
1459.8932217695217,19.563648272382643,0.0038095626872779566
1462.2408595622076,19.56410541990512,0.0034056712693377894
1464.5885522125961,19.56451410045744,0.003022720781286004
1466.936293904651,19.564876826951195,0.0026642441708917873
1469.284079123885,19.5651965362517,0.0023230565112813814
1471.6319027082352,19.565475303033054,0.0019952512782377705
1473.9797597445993,19.565714733186443,0.0016929063128304008
1476.3276455125817,19.56591788194398,0.0014077352946819722
1478.675555658415,19.566086810179343,0.0011367051199704385
1481.0234860756366,19.566223214793737,0.0008817756007090513
1483.371432861412,19.566329027865823,0.0006308596188389021
1485.7193923447558,19.566404731020082,0.00038979349195684813
1488.067360912478,19.566451506239115,0.0001586592569823512
1490.4153350932268,19.566470545349954,-8.408435594906646e-05
1492.7633115586686,19.56646045522724,-0.0003325632467787911
1495.111286813296,19.566420547637627,-0.00057709443257355
1497.4592572790125,19.56635129630572,-0.0008108267752785986
1499.807219434569,19.566253997092684,-0.0010368563903983424
1502.1551699142203,19.566129574325835,-0.001251787290215839
1504.5031054631395,19.56597935985101,-0.0014546424310607643
1506.8510229863216,19.56580480275928,-0.001645750317880568
1509.1989195626527,19.565607312721134,-0.0018237896367618203
1511.5467924401792,19.565388457964723,-0.001992641019755474
1513.894639055135,19.565149341042353,-0.0021466153781557707
1516.24245697606,19.564891747196974,-0.002281350728114161
1518.5902439857236,19.5646179851096,-0.002401742104697558
1520.9379981439367,19.564329776057036,-0.002514400082504851
1523.2857177170636,19.564028048047135,-0.0026197560578013635
1525.6334010828293,19.563713677320198,-0.0027149267293484405
1527.9810467241077,19.563387886112675,-0.0028094714419680477
1530.3286532704412,19.563050749539638,-0.002897063319110475
1532.676219360386,19.562703101941345,-0.002979840969333249
1535.023743732619,19.562345521025026,-0.0030584179413866005
1537.3712251951422,19.56197851087206,-0.0031351440253949837
1539.7186626164469,19.56160229358901,-0.00320500454547799
1542.0660548916776,19.561217693043552,-0.0032732015310799507
1544.4134010148427,19.56082490885982,-0.0033240488884586556
1546.7607000039059,19.560426022993205,-0.0033683643391477884
1549.107951126665,19.560021819272507,-0.003401268591104892
1551.4551537449777,19.559613667041575,-0.0034326942832338023
1553.8023073850227,19.559201743727588,-0.003471501207427987
1556.14941159427,19.558785163582698,-0.0035092445606512957
1558.4964658139,19.55836405423542,-0.003543749113161488
1560.8434695004082,19.55793880434184,-0.0035780910204767005
1563.1904221569293,19.557509433419384,-0.0036107607845105513
1565.5373232889397,19.557076142125243,-0.0036406531501083617
1567.8841724259946,19.55663926374723,-0.0036663695475640263
1570.2309691376443,19.55619929940152,-0.0036905403704335965
1572.5777130535723,19.55575643455707,-0.0037088582314630243
1574.924403825719,19.555311371569292,-0.0037254710283675906
1577.2710411903074,19.554864315045887,-0.0037413314762016507
1579.617624908113,19.55441535526874,-0.003751154414888016
1581.9641547507451,19.553965216738955,-0.0037601427182299843
1584.3106305767537,19.55351399961277,-0.0037663110602417322
1586.6570522567072,19.55306204228554,-0.0037714317571947245
1589.0034197017815,19.552609470474675,-0.0037711597408081957
1591.3497328382384,19.552156931305777,-0.003773005755207761
1593.695991669995,19.551704170615153,-0.003769636925055296
1596.0421961704687,19.551251814184145,-0.003766700692073696
1598.388346388171,19.550799810101097,-0.0037636372977383156
1600.734442365383,19.55034817362537,-0.003759437751820277
1603.0804841462182,19.54989704109515,-0.0037549349669768494
1605.4264717911497,19.54944644889911,-0.003745777713489866
1607.7724053650174,19.548996955573493,-0.0037397296522918362
1610.1182849996862,19.548548188015218,-0.00373302098453694
1612.464110782248,19.548100225497073,-0.0037218148449538395
1614.8098828093077,19.547653607715677,-0.003711891526335641
1617.1556012422336,19.547208180732518,-0.0036995060156570507
1619.5012662239214,19.54676424001064,-0.0036878079304788662
1621.8468779327227,19.546321703058982,-0.0036744557746772985
1624.1924365370899,19.545880768366022,-0.003659347653197867
1626.5379422292938,19.54544164664764,-0.0036498754161924233
1628.8833952268915,19.545003661597697,-0.003634150614234371
1631.2287956662833,19.544567563523987,-0.003618055624271805
1633.5741437739061,19.544133396849073,-0.0036052456457947037
1635.9194397815281,19.54370076737158,-0.0035909669378706155
1638.2646838736127,19.543269851339033,-0.0035733583918734933
1640.6098762557733,19.542841048332008,-0.003555878515595305
1642.955017181573,19.542414342910135,-0.0035416723039097134
1645.3001069027223,19.541989342233666,-0.003525221611436051
1647.6451456237903,19.541566315640296,-0.0035101475809464064
1649.9901335816671,19.54114509793058,-0.003496456511491092
1652.3350709934189,19.540725523149202,-0.003478077297289943
1654.6799580561967,19.54030815387353,-0.003461196989556561
1657.0247950346616,19.539892810234782,-0.0034439955917843455
1659.3695821718898,19.539479530763767,-0.00342938456827331
1661.7143197155815,19.539068004615576,-0.003411135500387726
1664.0590078761354,19.53865866835553,-0.0033936119359946155
1666.4036469163382,19.53825143492321,-0.00337634941502552
1668.7482370885289,19.53784627299341,-0.003362268348947319
1671.092778641288,19.537442800791535,-0.003343744596246452
1673.437271777383,19.537041551439984,-0.0033273610899875873
1675.781716763556,19.536642268109187,-0.0033110206729224595
1678.126113835729,19.536244945628436,-0.003296358072858539
1680.4704632292044,19.53584938265969,-0.003276686510597034
1682.8147651551235,19.53545618027842,-0.0032613989474386336
1685.159019896757,19.535064812404727,-0.0032455927386495437
1687.5032276742454,19.53467534127609,-0.0032305254355193113
1689.8473887151986,19.534287678223826,-0.0032119269766826284
1692.1915032365855,19.533902246986624,-0.0031943207131764247
1694.535571506224,19.533518928501042,-0.0031799101386194967
1696.879593777644,19.53313733928441,-0.0031654826989201135
1699.2235702583582,19.532757481360537,-0.0031474593675485736
1701.5675011561216,19.532379786236433,-0.003131993179596398
1703.91138673047,19.532003947054882,-0.0031170661707839355
1706.2552272041166,19.53162989911439,-0.0030989335908571366
1708.5990227920104,19.531258027083485,-0.0030838665305224153
1710.9427737552603,19.530887963099822,-0.003068826303839284
1713.2864803108323,19.530519703943362,-0.003051550933925344
1715.6301426753055,19.53015351783129,-0.003036089729341552
1717.9737610974453,19.52978918706377,-0.0030202909512140773
1720.3173357998928,19.529426752149625,-0.003006726707278266
1722.6608670101507,19.52906594494475,-0.0029886482518251757
1725.004354923544,19.528707307154534,-0.0029737944467067437
1727.3477998004025,19.52835045182093,-0.0029569230251734408
1729.691201854621,19.527995621057908,-0.002941888129287933
1732.0345613291481,19.527642594482394,-0.0029256794674978217
1734.377878440486,19.527291512946295,-0.0029090331283706623
1736.7211534220396,19.52694242897089,-0.002895013580179472
1739.0643865135162,19.52659502734127,-0.0028783814013430913
1741.4075779167972,19.526249621573108,-0.0028641924783142344
1743.750727871386,19.52590591847571,-0.0028473953189863364
1746.0938365816032,19.525564231037432,-0.0028344431823566266
1748.4369042893277,19.52522409785555,-0.002819034322313209
1750.7799311810704,19.524885813736873,-0.0028027018709334884
1753.1229174787188,19.52454948951236,-0.0027861389340058055
1755.4658634174602,19.52421515284028,-0.002772921600610139
1757.808769235801,19.52388240224821,-0.0027555959995312082
1760.151635124071,19.523551730728265,-0.0027408781567358972
1762.4944613317584,19.523222825349457,-0.0027230061730310687
1764.8372480708003,19.522896064608695,-0.0027090885445123685
1767.1799955985534,19.522570973983353,-0.002693815481054079
1769.5227041154315,19.522247716125626,-0.0026777024363923386
1771.8653738413666,19.521926391833258,-0.002661577586502298
1774.2080050083866,19.521607002522877,-0.0026441067700012266
1776.5505978486894,19.521289709710477,-0.002630866092651268
1778.8931526138547,19.520974005779358,-0.002615942350914914
1781.2356694945481,19.52066009269725,-0.0026006235462119626
1783.5781487056718,19.520348017871704,-0.002586133267061851
1785.9205904678163,19.520037681879657,-0.002573206318311534
1788.2629949896418,19.51972889712146,-0.0025574127729172127
1790.6053624572965,19.51942200758871,-0.0025401925099842616
1792.947693098207,19.51911718448751,-0.0025244165400607112
1795.2899871603456,19.5188142545027,-0.0025078929382519764
1797.6322448708859,19.518513307350112,-0.002494258611158099
1799.9744664677678,19.518213996316774,-0.0024791820811527004
1802.3166521473258,19.517916494467038,-0.002461742961002931
1804.6588021266618,19.517621085311717,-0.002446965644590477
1807.0009166568993,19.517327449434365,-0.0024314803062951812
1809.3429959508314,19.51703567179761,-0.0024180729300001566
1811.6850402314471,19.51674550304601,-0.0024001533666107204
1814.0270496918126,19.516457484642018,-0.0023862851175296563
1816.3690245899697,19.516171130427914,-0.0023706024431777405
1818.710965125621,19.515886658134733,-0.0023563353935650688
1821.052871524597,19.515603897887505,-0.002341862419652907
1823.3947439923436,19.515322874397146,-0.0023261840948325062
1825.7365827372712,19.515043732305767,-0.0023104540864816764
1828.0783879851479,19.51476647781539,-0.002295187043636642
1830.4201599624857,19.51449105537015,-0.0022797490546249254
1832.7618988891302,19.514217485483595,-0.0022642310573430195
1835.1036049873883,19.513945777756714,-0.002249262616637478
1837.445278480719,19.513675866242718,-0.002234427764451443
1839.786919584668,19.513407734910984,-0.0022210974143694598
1842.1285285128574,19.51314120322126,-0.0022058287195357265
1844.470105457244,19.512876503774915,-0.0021918726752407636
1846.811650637697,19.512613479053886,-0.00217792003940526
1849.1531642551836,19.51235212864916,-0.0021630966880571414
1851.4946465106216,19.512092557046593,-0.002148019655459293
1853.8360976174672,19.51183479468794,-0.002133619790455581
1856.1775177928298,19.511578760313085,-0.002120220040701698
1858.5189072440673,19.511324333908203,-0.002105228330429585
1860.8602661641364,19.511071706508552,-0.002092315596033972
1863.2015947689174,19.510820628637028,-0.0020773476492045168
1865.5428932443538,19.51057134691912,-0.0020629572075304943
1867.8841618059841,19.51032379205422,-0.0020487810325719004
1870.2254006610306,19.510077938330312,-0.0020341650009279605
1872.5666100136302,19.509833838530202,-0.002021122640340432
1874.9077900742539,19.509591303813362,-0.002007523035133515
1877.2489410307114,19.509350401049147,-0.0019924574077125144
1879.5900630788374,19.50911130616022,-0.001980084202554012
1881.9311564355767,19.508873696055915,-0.001966352124614007
1884.2722212791034,19.50863773380096,-0.0019517424697969273
1886.6132578071595,19.508403524704583,-0.0019380491847438303
1888.954266230124,19.508170958802413,-0.00192616099488442
1891.2952467451803,19.507939819483028,-0.0019139104301887535
1893.6361995235181,19.507710150231404,-0.0018991671212611194
1895.9771247415458,19.507482250176853,-0.0018879728081764619
1898.3180226115671,19.507255693439873,-0.0018751150267927584
1900.65889329478,19.507030679636657,-0.0018619897923520038
1902.9997369763364,19.506807240861573,-0.0018490010108956013
1905.3405538452398,19.506585360740264,-0.001833365291965362
1907.6813440885287,19.506365356905228,-0.0018208480649580321
1910.0221079313574,19.506146855137434,-0.001809051764189997
1912.3628455539738,19.505929768925732,-0.0017973170199196207
1914.703557126245,19.50571409088334,-0.0017835794905089644
1917.044242817151,19.50550006134448,-0.0017704271886774864
1919.3849028245122,19.50528761008184,-0.0017570175495322644
1921.725537337722,19.505076767975897,-0.0017457366632715565
1924.066146549879,19.504867279576306,-0.0017351285954193539
1926.406730623428,19.504659064144857,-0.0017234261700245738
1928.7472897111254,19.504452253004455,-0.001710470978301904
1931.0878239814858,19.50424699648706,-0.0016979100497796083
1933.4283336210642,19.504043247281086,-0.0016863157885141631
1935.768818810738,19.503840889386463,-0.0016721197878500225
1938.1092797174642,19.503640235011922,0.006965241924539449
1940.4497165456658,19.504476064042866,0.03356069737720802
1942.790253673351,19.50850334772813,0.06107640263928164
1945.1312740750782,19.515832516044842,0.08754500975349339
1947.4731739770036,19.526337917215262,0.11206158043612102
1949.8163345270696,19.539785306867596,0.13554048156631698
1952.1611087638937,19.556050164655556,0.1567128026863303
1954.5078347836525,19.574855700977917,0.1771675979239022
1956.8568174677698,19.596115812728787,0.19509242287526968
1959.2083513652972,19.61952690347382,0.21134134997870133
1961.562694593714,19.64488786547126,0.2253451296099837
1963.9200811375706,19.67192928102446,0.23675836879025972
1966.2807126512935,19.700340285279292,0.24615649693028802
1968.644753485527,19.72987906491093,0.2560106875882683
1971.0123389733162,19.76060034742152,0.2643314363699624
1973.3836110150069,19.792320119785916,0.2725205440024497
1975.758689429381,19.82502258506621,0.2805412630199562
1978.137692139589,19.858687536628604,0.287927202939649
1980.5207346439845,19.89323880098136,0.29533415651066564
1982.9079233001023,19.92867889976264,0.3025810973390028
1985.299364768074,19.964988631443322,0.30947732502689884
1987.6951634038471,20.00212591044655,0.315920531873036
1990.0954185131006,20.040036374271317,0.32180161936267704
1992.5002228780131,20.078652568594837,0.32704641878555935
1994.9096611862444,20.117898138849103,0.3315145794104766
1997.3238089629062,20.15767988837836,0.3347324697185845
1999.7427305495116,20.197847784744592,0.33775649956579706
2002.166472283681,20.23837856469249,0.33800629989800046
2004.5950777114442,20.278939320680248,0.33995622443057255
2007.0285504299259,20.31973406761192,0.3416437260571643
2009.4669185180394,20.36073131473878,0.3428803816916496
2011.9102062758082,20.401876960541777,0.34456247562615017
2014.3584315110731,20.443224457616914,0.3445466507794558
2016.8116184459873,20.48457005571045,0.344787829127636
2019.2697668526725,20.525944595205765,0.3453861618603714
2021.7328802040972,20.56739093462901,0.34594054075049274
2024.2009671162527,20.60890379951907,0.3464315455098246
2026.674035572195,20.65047558498025,0.3469713526062189
2029.1520926423925,20.692112147292995,0.3473449781324487
2031.6351461000677,20.733793544668888,0.34754713785946223
2034.123201325428,20.775499201212025,0.3475685345455838
2036.6162612295734,20.817207425357495,0.34742024992355724
2039.1143261206164,20.85889785534832,0.3471181262897345
2041.6173938632583,20.90055203050309,0.3466858012943431
2044.1254601069186,20.94215432665841,0.3461441375907
2046.6385186261175,20.983691623169296,0.3455049555725505
2049.1565616208977,21.025152217838002,0.3447427301925413
2051.6795798870385,21.06652134546111,0.3439074753264121
2054.2075624484937,21.10779024250028,0.3430007001687124
2056.740497277594,21.148950326520524,0.34209506769668674
2059.2783713167764,21.190001734644127,0.34122013578536325
2061.8211715249336,21.23094815093837,0.3404273817622727
2064.368885303046,21.271799436749845,0.3397251137659916
2066.921501235456,21.312566450401764,0.33904922974187646
2069.4790092095045,21.35325235797079,0.3383724594408596
2072.041399492461,21.39385705310369,0.3376896258187091
2074.6086623388337,21.434379808201935,0.336943116239405
2077.1807879158177,21.474812982150663,0.3361756419533372
2079.757765473676,21.515154059185065,0.33540796619237756
2082.3395839607783,21.55540301512815,0.33464526710367914
2084.926232322594,21.595560447180592,0.33389476289428177
2087.5176995762554,21.635627818727905,0.33315909678128686
2090.1139749145027,21.67560691034166,0.3324498772463742
2092.7150477437435,21.715500895611225,0.33172620712448986
2095.320907851217,21.755308040466165,0.3310190601168162
2097.931544816073,21.795030327680184,0.33033940775925474
2100.5469484553946,21.834671056611295,0.32970033732669723
2103.167108982188,21.874235097090498,0.3291042275136512
2105.792017193839,21.913727604392136,0.3285589710174204
2108.421664506366,21.953154680914228,0.3280688578370944
2111.0560430680757,21.99252294385468,0.32762613485881376
2113.6951458213384,22.031838080037737,0.3272277036131352
2116.338966390943,22.071105404471314,0.32687508053154524
2118.9874990394796,22.1103304141351,0.32656249188158604
2121.640738689176,22.14951791316089,0.32628469707227026
2124.2986808387554,22.18867207680956,0.3260405800399939
2126.961321487973,22.227796946414358,0.3258279314195049
2129.6286571215423,22.266896298184697,0.32564256060632624
2132.3006846773246,22.305973405457458,0.3254854607390525
2134.9774014859795,22.345031660746145,0.3253546794367418
2137.658805285269,22.384074222278553,0.3252532355397082
2140.3448941919423,22.42310461054332,0.3251798502617368
2143.0356667452074,22.46212619257473,0.32513331241140997
2145.7311218883165,22.501142190064098,0.325114515003022
2148.431258951124,22.54015593186446,0.3251228313174168
2151.136077662948,22.579170671622553,0.32515562995887815
2153.8455781435428,22.61818934721762,0.32511536267297003
2156.559760865209,22.657203190738375,0.32522460449421203
2159.2786252480973,22.69623014327768,0.3252576934431724
2162.0021728652905,22.73526106649086,0.3254339570905112
2164.7304041932694,22.77431314134172,0.32551825053431105
2167.4633217702303,22.81337533140584,0.32573704207456755
2170.200926809999,22.852463776454787,0.3258595563194473
2172.9432224631737,22.89156692321312,0.32611089231133145
2175.690210493959,22.93070023029048,0.3262644209349606
2178.441894521594,22.969851960802675,0.32654230626852565
2181.19827675689,23.009037037554897,0.3267186813379588
2183.959361201397,23.048243279315454,0.32701453609225406
2186.7251503949146,23.087485023646526,0.3272101627202427
2189.4956485977523,23.126750243172953,0.3275200960607564
2192.270858626933,23.166052654700245,0.32772975176060126
2195.050784945497,23.20538022491152,0.3280512495518206
2197.8354305724865,23.244746374857737,0.3282729228158288
2200.6248001374693,23.284139125595637,0.32859945651742134
2203.4188968325407,23.323571060377727,0.3288298135912064
2206.217725359786,23.363030638008674,0.32905334677325926
2209.0212890363473,23.402517039621465,0.3294203595389925
2211.829591081102,23.442047482766142,0.3296772460180268
2214.642636779034,23.481608752288306,0.329918446115161
2217.460429829309,23.521198965822126,0.3302905169999668
2220.2829737052075,23.560833827862123,0.33055125639728944
2223.110273764551,23.6004999786298,0.33079561548488756
2225.9423337619864,23.640195452487987,0.3310525379918137
2228.779157216285,23.679921757047005,0.3313227531439037
2231.620747827131,23.719680487424274,0.33160117083857016
2234.4671094856217,23.759472627924904,0.3318825351732634
2237.3182462009727,23.799298532145695,0.3321618109484198
2240.1741620248304,23.839157949459505,0.3324406891422291
2243.0348609787657,23.879050832156572,0.3327137282574274
2245.9003470786242,23.918976479547464,0.3329834059685418
2248.77062425617,23.95893448826369,0.3332477088581016
2251.6456963947617,23.998924213326664,0.33350669251203824
2254.5255673003608,24.03894501642811,0.3337590019897161
2257.410240702332,24.078996096666874,0.334004557812804
2260.299720233932,24.11907664360441,0.3342434484069417
2263.1940094311644,24.15918585741324,0.3344755267543733
2266.093111734054,24.199322920623768,0.3346997672590981
2268.997030484529,24.23948689269486,0.3349173288684379
2271.9057689116526,24.279676972159074,0.33512655281917003
2274.8193301483116,24.319892158497375,0.33532778381470085
2277.737717207331,24.360131492555137,0.3355228497434045
2280.6609329864377,24.400394234524345,0.3357106626634273
2283.588980294581,24.440679514043957,0.3358910993926925
2286.521861836266,24.48098644597108,0.336065162497122
2289.4595802097824,24.521314265470735,0.33623169478791226
2292.4021379216388,24.561662068845283,0.3363909452367887
2295.3495373699,24.602028982273698,0.33654373513973057
2298.301780847773,24.642414230490466,0.33669041199332417
2301.2588705554317,24.682817079929666,0.3368292254666
2304.220808605023,24.72323658698566,0.3369598070840294
2307.1875969954613,24.763671763835745,0.33708272289085806
2310.1592376071217,24.804121690582647,0.33720064058223953
2313.1357322099916,24.844585767452514,0.3373127089529311
2316.117082502086,24.885063292526866,0.33741790430414137
2319.103290097189,24.925553441043363,0.3375153975970552
2322.0943565101143,24.96605528875501,0.3376081063664173
2325.0902831447647,25.00656826151898,0.3376936431763943
2328.091071336147,25.047091498700144,0.3377741888882094
2331.096722315991,25.087624401366728,0.33784918061074376
2334.107237244155,25.128166303040018,0.337919556450749
2337.12261720052,25.168716649814108,0.3379844511979676
2340.1428631984977,25.209274783957863,0.33804463434215004
2343.1679761725727,25.24984014007892,0.3381004281960256
2346.197956989382,25.290412191462444,0.33815143009626086
2349.2328064523576,25.330990363073994,0.3381994406028035
2352.2725252959267,25.37157429594633,0.3382435668561073
2355.31711421144,25.412163523969063,0.33828427227438085
2358.3665738343166,25.45275763664199,0.33832065097058417
2361.420904750714,25.49335611475846,0.33835226931212614
2364.480107484485,25.533958387075913,0.3383815872715963
2367.544182490934,25.574564177548503,0.3384075527929844
2370.6131301922396,25.61517308388366,0.3384297415131987
2373.6869509623057,25.655784652865247,0.3384489507725308
2376.7656451206494,25.69639852695795,0.3384656663322801
2379.8492129438846,25.737014406917822,0.3384787596919029
2382.937654672715,25.777631858080852,0.33848898014923384
2386.0309704956844,25.81825053569876,0.3384979173690502
2389.129160559968,25.858870285783045,0.33850442804087444
2392.232224994262,25.89949081714795,0.3385091273902012
2395.34016389232,25.940111912434773,0.33851196253411475
2398.4529773218123,25.980733347938866,0.3385134199575496
2401.570665323565,26.02135495833377,0.3385126347344781
2404.6932279185653,26.061976474501908,0.3385097493852267
2407.8206650955053,26.102597644428133,0.33850504143772686
2410.952976812837,26.14321824940066,0.3384985886045331
2414.0901630027647,26.183838080033205,0.33849152107848607
2417.2322235723686,26.224457062562625,0.33848368577275884
2420.379158419876,26.265075104855356,0.3384741650793963
2423.530967432459,26.305692004664884,0.33846368952260486
2426.687650473019,26.346307647407595,0.33845146763624906
2429.8492073907078,26.386921823523945,0.338438226601534
2433.0156380095304,26.427534410716127,0.33842314978658206
2436.1869421388164,26.468145188690517,0.33840810510999797
2439.3631195614594,26.508754161303717,0.33839265906753885
2442.5441700608158,26.54936128039182,0.33837621495045334
2445.7300934144628,26.589966426185875,0.33836001409287286
2448.9208893856053,26.63056962787702,0.3383430966268361
2452.1165577409506,26.67117079947224,0.338324028290489
2455.3170982368874,26.711769682867097,0.33830425117716534
2458.5225105988316,26.752366193008356,0.3382836041186882
2461.7327945419925,26.7929602255026,0.3382622273865265
2464.9479497690527,26.833551692788983,0.33824094728452325
2468.1679759721874,26.874140606463126,0.33822049120682945
2471.3928728449628,26.914727065407945,0.33819969291632634
2474.6226400928117,26.955311028557905,0.33817814369157034
2477.8572774162385,26.995892405800895,0.3381558748968485
2481.0967845049345,27.036471110788515,0.33813353380851113
2484.341161038229,27.077047134845536,0.3381120784944886
2487.5904066944104,27.117620584264873,0.33808948308894815
2490.844521164522,27.15819132223555,0.3380670736839149
2494.1035041231903,27.198759371077617,0.33804367107308386
2497.36735524772,27.23932461160639,0.3380197348620213
2500.6360742011125,27.279886979789833,0.33799564138952465
2503.9096606386875,27.320446456756574,0.3379706155347264
2507.1881142134985,27.361002930620742,0.33794563374904335
2510.471434565173,27.40155640667063,0.33792190825659973
2513.7596213339734,27.442107035661422,0.3378978576774315
2517.052674178253,27.482654778582713,0.33787181678840517
2520.3505927516826,27.52319939659732,0.3378458233635216
2523.653376679274,27.563740895400944,0.31209896078622945
2526.9610255867224,27.60119277069529,0.2840855260038088
2530.273168719206,27.63528303381575,0.25753451664604843
2533.589402683264,27.666187175813274,0.2320487875428347
2536.9093451443614,27.694033030318415,0.20809807712718448
2540.2326291079994,27.71900479957368,0.18592274473674475
2543.558909683948,27.74131552894209,0.16571143610571623
2546.887867547421,27.761200901274776,0.14733828213549913
2550.2192116555743,27.778881495131035,0.13091262602690354
2553.55267743499,27.794591010254262,0.11634697479525352
2556.8880283562207,27.808552647229693,0.10330067319051206
2560.2250546738883,27.820948728012553,0.09149627474049343
2563.5635685212496,27.831928280981412,0.08094064114628163
2566.9033999149674,27.841641157918964,0.07165202530447323
2570.244396853918,27.850239400955502,0.06257269964730093
2573.5864255820325,27.85774812491318,0.0539348685565294
2576.929355357022,27.864220309139963,0.04587676780716847
2580.273061794119,27.869725521276823,0.038522676051843986
2583.617428856672,27.874348242403045,0.03149974854226685
2586.9623506457606,27.878128212228116,0.024834209416684114
2590.307726031228,27.88110831735812,0.018620068529491433
2593.653459029311,27.88334272558166,0.012974327873580861
2596.999460156381,27.884899644926488,0.007972818769547958
2600.345648113772,27.885856383178833,0.0036477570750008755
2603.691950879753,27.886294114027834,-0.00011507301726132102
2607.0383061734365,27.886280305265764,-0.003367450958407034
2610.3846598100686,27.885876211150755,-0.00613500436997674
2613.7309649554068,27.88514001062636,-0.008437526550837165
2617.077181756682,27.884127507440258,-0.010339366134340377
2620.423277057575,27.882886783504137,-0.011906453345139997
2623.7692234715955,27.88145800910272,-0.01317700023818838
2627.114998432688,27.879876769074137,-0.014321405524956872
2630.460583644977,27.878158200411143,-0.015226058451534458
2633.805962629026,27.87633107339696,-0.015927121868519932
2637.1511223578336,27.874419818772736,-0.016444095465796837
2640.4960527360863,27.87244652731684,-0.016780804046487786
2643.8407463193644,27.87043283083126,-0.016947652165124737
2647.1851982590642,27.868399112571446,-0.016964431329441677
2650.529406152573,27.86636338081191,-0.016832105923188987
2653.87336975827,27.864343528101127,-0.016562583330892736
2657.2170909816423,27.86235601810142,-0.01617310051273079
2660.5605737038145,27.860415246039892,-0.015673282183954036
2663.903823533339,27.858534452177818,-0.015078596419368389
2667.2468476676004,27.85672502060749,-0.014399268599483303
2670.5896546700733,27.854997108375553,-0.013653249008074657
2673.9322543230783,27.853358718494583,-0.01285026257964887
2677.2746573692975,27.851816686985025,-0.012033552063364213
2680.6168753717357,27.85037266073742,-0.011215922284776634
2683.958920091024,27.849026750063246,-0.010363503410784874
2687.3008033010315,27.84778312965395,-0.009492041469165977
2690.64253727659,27.846644084677653,-0.008607606062388813
2693.984134566751,27.845611171950168,-0.0077233765260570795
2697.325607907385,27.84468436676704,-0.0068217472390673635
2700.666970031397,27.843865757098353,-0.0058773285165609375
2704.0082339222486,27.843160477676367,-0.004910185004957206
2707.3494131795696,27.84257125547577,-0.0039332475292696255
2710.690521730227,27.84209926577226,-0.0029702798722202267
2714.0315736421194,27.84174283218759,-0.0020237996290379348
2717.3725827819817,27.841499976232107,-0.001098565827638788
2720.7135627791295,27.84136814833279,-0.00017291667008798682
2724.0545269569293,27.84134739833238,0.000726028633880389
2727.395488644729,27.84143452176845,0.0015899562123747723
2730.7364607873415,27.841625316513934,0.0024134280800482827
2734.0774558253233,27.84191492788354,0.0031960050082069265
2737.4184856166694,27.842298448484524,0.003934777736118715
2740.7595614304873,27.842770621812857,0.0046304219133911344
2744.100693905105,27.843326272442464,0.005276972495957305
2747.441893057798,27.84395950914198,0.005879673305047239
2750.783168198895,27.844665069938586,0.006443267926064115
2754.1245280072876,27.845438262089715,0.006966686655353869
2757.4659805987385,27.846274264488358,0.007448192841242668
2760.8075335104772,27.847168047629307,0.007893349937483102
2764.1491936761927,27.848115249621806,0.008299054629255134
2767.490967506147,27.849111136177317,0.008668005510611976
2770.8328608424886,27.85015129683859,0.009066718445789278
2774.1748789981093,27.851239303052083,0.009447245720448966
2777.5170277144757,27.852372972538536,0.009786721617270809
2780.85931247118,27.853547379132607,0.010084429535437128
2784.201738156676,27.85475751067686,0.01031861933521693
2787.5443090579574,27.855995744997085,0.01046183376935456
2790.887028547357,27.85725116504941,0.010560775567042133
2794.2298986871633,27.858518458117455,0.010626156696315805
2797.5729209021374,27.859793596921012,0.01066607512254009
2800.916096133768,27.861073525935716,0.010671523213800247
2804.25942495688,27.862354108721373,0.01076184205305478
2807.6029074499265,27.86364552976774,0.01104964136422498
2810.9465449134987,27.86497148673145,0.011265333668230914
2814.2903414919065,27.866323326771635,0.011441471176698297
2817.634300291119,27.86769630331284,0.011582645272297213
2820.9784238475163,27.869086220745515,0.011604437086008652
2824.3227141940056,27.870478753195837,0.011487953906629577
2827.667171644389,27.871857307664634,0.011330818868199005
2831.0117945213087,27.87321700592882,0.011141680246943488
2834.35658056202,27.87455400755845,0.010953689180418148
2837.701527042927,27.8758684502601,0.010741180405873647
2841.0466312569583,27.877157391908806,0.01050987584294701
2844.3918901439874,27.87841857700996,0.010254606923701367
2847.7373003732287,27.879649129840804,0.009972043135368577
2851.0828582688096,27.880845775017047,0.009686395079815373
2854.428559761812,27.882008142426624,0.009404354815606513
2857.774400738903,27.883136665004496,0.009126204697334318
2861.1203771387036,27.884231809568178,0.008853652966719115
2864.4664849558517,27.885294247924183,0.008584005619861997
2867.8127202656024,27.886324328598565,0.008316013275826376
2871.159079185034,27.887322250191666,0.008049079527113902
2874.505557855057,27.888288139734918,0.007783978884683854
2877.852152431825,27.88922221720108,0.007516770600198507
2881.198859097889,27.890124229673106,0.0072495704806654114
2884.5456740054497,27.890994178130786,0.006981475227237043
2887.8925933068253,27.891831955158054,0.006714566424892322
2891.2396131414444,27.89263770312904,0.006449289414727328
2894.58672966582,27.893411617858806,0.0061859543227849485
2897.933939059963,27.89415393237754,0.005926796290064133
2901.281237531848,27.89486514793235,0.005671429724478783
2904.6286213496,27.89554571949929,0.005417951970048183
2907.97608683594,27.896195873735696,0.0051686656656097195
2911.323630340788,27.896816113615568,0.004920353565601717
2914.671248274422,27.89740655604344,0.004675645778152965
2918.018937061147,27.89796763353682,0.004432746239624035
2921.3666931771713,27.898499563085572,0.004197274225042831
2924.7145131247416,27.899003235992577,0.003967816564441914
2928.0623935130607,27.89947937398031,0.003743311409607704
2931.4103310379382,27.899928571349463,0.0035247636186620914
2934.7583224665,27.900351542983703,0.0033098350070233616
2938.106364651658,27.900748723184545,0.0030993982836142516
2941.45445449844,27.90112065097858,0.00290020953013619
2944.8025889765577,27.901468676122196,0.002707849756063493
2948.1507652176924,27.901793618092924,0.00251835846184672
2951.4989804518636,27.902095821108347,0.0023360912893938754
2954.8472319503967,27.902376152063074,0.0021538172323098083
2958.1955170886445,27.90263461013095,0.0020247382509298245
2961.5438332418603,27.90287757872106,0.001877793972263094
2964.8921785513066,27.90310291399773,0.0017908478818661388
2968.2405509009864,27.903317815743556,0.0017512146444055893
2971.5889490388754,27.903527961500885,0.0017166041239263577
2974.9373723942554,27.903733953995754,0.0016980310857884462
2978.285820468735,27.90393771772605,0.0016712682116132905
2981.6342929948623,27.904138269911442,0.001645559232176949
2984.982789587252,27.904335737019302,0.0016029435812761385
2988.331309875694,27.904528090249055,0.0015466087940281242
2991.6798532465236,27.90471368330434,0.0014624947738431642
2995.0284188885203,27.904889182677202,0.0013601043161135815
2998.3770055904415,27.905052395195135,0.0012293613243675922
3001.725611877865,27.905199918554057,0.0010867634800168255
3005.0742358680914,27.905330330171658,0.0009280755651977446
3008.422875507712,27.905441699239482,0.0007793865535545472
3011.7715285116205,27.905535225625908,0.0006235950545999343
3015.1201927386956,27.905610057032458,0.0004827133741631981
3018.4688659455396,27.905667982637357,0.0003684205077770319
3021.817546103456,27.905712193098292,0.0002813238661124603
3025.166231566628,27.905745951962224,0.00020821748109383986
3028.5149210808636,27.905770938059955,0.00017260489473169856
3031.8636135934307,27.905791650647323,0.0001422630608812957
3035.212308591508,27.90580872221463,8.34408231061934e-05
3038.561005638174,27.905818735113403,-5.5589440602558476e-06
3041.9097038863874,27.905818068040116,-0.0001202016647682366
3045.2584020545523,27.905803643840343,-0.00026275816002332714
3048.6070984918133,27.90577211286114,-0.0004082972801830055
3051.9557911453567,27.905723117187517,-0.0005599985635012071
3055.3044779194192,27.905655917359898,-0.0007091924426002489
3058.6531566295025,27.905570814266785,-0.000851750801605543
3062.0018251272145,27.905468604170593,-0.0009897490162531586
3065.350481359715,27.905349834288643,-0.0011180369370986836
3068.69912333983,27.90521566985619,-0.0012349704257828133
3072.0477492202126,27.905067473405097,-0.001342930021772356
3075.3963573170213,27.904906321802486,-0.0014437115466888041
3078.7449460756375,27.904733076416882,-0.0015322171469950366
3082.0935140448073,27.904549210359242,-0.001615134208502417
3085.4420599500504,27.90435539425422,-0.0016985137987840292
3088.7905825973608,27.904151572598366,-0.0017770751828797395
3092.1390807860726,27.90393832357642,-0.0018527828907461221
3095.4875533849017,27.90371598962953,-0.0019234587161353232
3098.8359993036574,27.903485174583594,-0.00199272633271556
3102.1844175246074,27.903246047423668,-0.0020607318158119446
3105.5328070502983,27.90299875960577,-0.0021256171637520542
3108.881166901451,27.902743685546117,-0.002187025152442975
3112.2294961437165,27.902481242527823,-0.002247680053550417
3115.57779389282,27.902211520921398,-0.0023012092913870306
3118.9260592753303,27.90193537580643,-0.0023543164574068827
3122.274291520427,27.901652857831543,-0.002402726213781521
3125.622489863367,27.90136453068589,-0.002447459197199496
3128.970653607049,27.901070835582225,-0.0024887489656961496
3132.318782107319,27.90077218570634,-0.0025266803513556927
3135.6668747696035,27.90046898406418,-0.0025625684874186934
3139.0149310476913,27.90016147584569,-0.0025967815529237474
3142.362950424793,27.899849862059337,-0.0026264874990094634
3145.71093240824,27.899534683559455,-0.0026556952054049157
3149.058876570267,27.899216000134807,-0.002684382428767204
3152.406782490283,27.898893874243356,-0.002710585549582256
3155.7546497551925,27.898568603977406,-0.0027347681954364078
3159.1024779876698,27.898240431793955,-0.0027577254323307362
3162.4502668394853,27.897909504742074,-0.0027783894693659827
3165.7980159800545,27.89757609800575,-0.0027976144929979852
3169.1457251118154,27.897240384266592,-0.002816538866161803
3172.4933939579273,27.896902399602652,-0.0028344705515490785
3175.8410222458797,27.896562263136467,-0.0028511710893199408
3179.188609717456,27.896220122605747,-0.002864015747884797
3182.536156132169,27.895876440716002,-0.0028789951614340364
3185.883661305055,27.89553096129663,-0.002892420781564764
3189.23112502041,27.895183870802843,-0.002904496972281406
3192.5785470849064,27.89483533116617,-0.0029156625199851945
3195.925927324646,27.894485451663773,-0.002925692288024896
3199.273265578846,27.89413436858921,-0.002935863291130922
3202.6205617030764,27.893782064994273,-0.0029436517702648955
3205.967815550876,27.89342882678184,-0.00295225766032177
3209.3150270100896,27.8930745558626,-0.0029578155099318805
3212.6621959567933,27.892719618001408,-0.0029637497648741106
3216.0093223109534,27.892363968029624,-0.0029688333111162766
3219.356405987117,27.89200770803229,-0.0029720331048063773
3222.703446912081,27.89165106405971,-0.0029745640701047947
3226.050445039768,27.8912941163713,-0.002976539448609615
3229.3974003337325,27.890936931637466,-0.0029795905808985973
3232.7443127655292,27.890579380767758,-0.00298048502526256
3236.0911822912212,27.890221722564725,-0.002981885319406826
3239.438008897929,27.889863896326396,-0.002982735715655392
3242.7847925654883,27.889505968040517,-0.002982268214178028
3246.131533281653,27.889148095854814,-0.002980865161814786
3249.4782310531555,27.888790392035396,-0.002979663776595365
3252.8248859001997,27.888432832382204,-0.0029784926309835867
3256.1714978400855,27.888075413266485,-0.0029747141302103736
3259.5180668896774,27.887718447570858,-0.0029726034150187293
3262.8645931033857,27.887361735161058,-0.0029708880115428176
3266.211076511605,27.887005228599673,-0.002967305801670289
3269.557517139037,27.886649151903473,-0.0029629629493503912
3272.9039150372655,27.88629359634955,-0.0029594521707799913
3276.2502702688275,27.885938462089054,-0.002956872998795276
3279.596582884278,27.885583637329198,-0.002951944037528253
3282.9428529207576,27.885229404044694,-0.002946971150951974
3286.289080449243,27.88487576750658,-0.0029420940177854677
3289.635265541344,27.884522716224446,-0.0029381283128471257
3292.9814082672906,27.884170140826903,-0.002933274860292386
3296.32750868419,27.88381814784367,-0.0029259362489871257
3299.6735668619312,27.88346703549379,-0.0029209647956795156
3303.0195829061904,27.88311651971831,-0.0029147019030934937
3306.3655568885565,27.88276675548994,-0.002908338471334407
3309.7114888992155,27.88241775487338,-0.0029014932615420838
3313.0573790298004,27.882069575681996,-0.002893840023048667
3316.403227378882,27.88172231487923,-0.002886310205348501
3319.749034056668,27.881375957654587,-0.002880255850886756
3323.0947991715866,27.88103032695248,-0.0028732887597792776
3326.4405228108208,27.880685532301307,-0.002866549622127434
3329.786205074697,27.880341546346653,-0.002859929393152277
3333.131846060259,27.879998354819474,-0.0028530600822405765
3336.477445862837,27.879655987609606,-0.002844706669332971
3339.8230045813502,27.879314622809286,-0.002836183301982962
3343.1685223360873,27.878974280813047,-0.0028283745612545973
3346.513999249785,27.878634875865696,-0.0028196522987035
3349.859435434889,27.878296517589852,-0.0028114969840606968
3353.204831017,27.877959137951766,-0.002802829216652159
3356.550186113554,27.877622798445767,-0.00279398537217095
3359.8955008493676,27.877287520201108,-0.0027855693291100637
3363.240775351792,27.876953251881616,-0.002776909203415919
3366.5860097420177,27.876620022777207,-0.002768550980673347
3369.931204144751,27.876287796659525,-0.00275849738365966
3373.2763586803503,27.875956776973485,-0.0027496171704591405
3376.621473493587,27.87562682291303,-0.0027407989389849844
3379.9665487123366,27.875297927040354,-0.0027314789380795297
3383.3115844635813,27.874970149567783,-0.002722521109924255
3386.6565808815294,27.874643447034593,-0.002712289015023104
3390.0015380951736,27.87431797235279,-0.0027034746758252447
3393.346456251856,27.873993555391692,-0.002692440114046995
3396.6913354785033,27.873670462578005,-0.00268300658688467
3400.0361759340126,27.87334850178758,-0.0026728963284123382
3403.380977754227,27.87302775422817,-0.0026622694233022397
3406.725741084734,27.87270828189737,-0.0026532948081001437
3410.070466078562,27.8723898865204,-0.0026436979214793164
3413.415152864944,27.872072642769822,-0.00263352435095024
3416.7598015820763,27.87175661984771,-0.0026236000714588378
3420.104412376458,27.871441787839135,-0.0026129138469546285
3423.448985390999,27.8711282381775,-0.002602498929860945
3426.7935207795804,27.870815938305917,-0.0025926551407716393
3430.138018692177,27.870504819689025,-0.0025814961068532103
3433.4824792705394,27.8701950401562,-0.0025701997039908444
3436.8269026753583,27.86988661619172,-0.002559363388069112
3440.171289069301,27.869579492585153,-0.0025478797773010736
3443.5156386084113,27.869273747011878,-0.002538021040705247
3446.859951458053,27.868969184486993,-0.0025264251150177637
3450.2042277601913,27.86866601347319,-0.002515839958646954
3453.5484676818082,27.868364112678154,-0.0025041089895466223
3456.8926713753294,27.868063619599408,-0.0024932829625812125
3460.2368390096813,27.867764425643898,-0.002482859893012418
3463.5809707407584,27.867466482456738,-0.0024717996582031736
3466.9250667186534,27.867169866497754,-0.00246158140623564
3470.2691271026333,27.866874476729006,-0.002449972042564576
3473.6131520398408,27.866580480083897,-0.0024380657878634625
3476.957141697451,27.866287912189353,-0.002427260338521975
3480.3010962469134,27.86599664094873,-0.0024151319950045944
3483.6450158438274,27.865706825109328,-0.0024050412703196314
3486.9889006628405,27.86541822015689,-0.0023931565666499045
3490.3327508492594,27.86513104136889,-0.0023821845353901357
3493.6765665742237,27.864845179224645,-0.002370985093249371
3497.020347995731,27.864560661013456,-0.0023590682133139236
3500.3640952750525,27.86427757282786,-0.0023465070647216016
3503.707808583792,27.863995991980094,-0.0023363739107655048
3507.05148810283,27.863715627110803,-0.002325951979824668
3510.3951339780833,27.863436512873225,-0.0023132841291815384
3513.7387463596283,27.863158918777724,-0.002300749165816165
3517.0823254298816,27.862882828877826,-0.0022898492902161073
3520.425871369347,27.862608046963,-0.0022784611012049575
3523.7693843349825,27.862334631630855,-0.002267135841788011
3527.112864490778,27.86206257532984,-0.002255745287541259
3530.4563119998174,27.861791885895336,-0.0022435928206217893
3533.799727026125,27.86152265475686,-0.002232480966854377
3537.1431097446957,27.86125475704084,-0.0022204882780605096
3540.4864603155406,27.860988298447474,-0.0022096095207718098
3543.8297789113544,27.86072314530498,-0.002197546050215258
3547.173065688791,27.860459439778953,-0.0021866630989282854
3550.5163208215645,27.860197040207083,-0.002175220366662568
3553.8595444663893,27.859936013763082,-0.0021648514907240063
3557.202736788041,27.859676231584196,-0.0021531702849376224
3560.545897935831,27.859417851150003,-0.0021410764833905676
3563.8890280779688,27.859160921971995,-0.0021291321432834005
3567.2321273886055,27.858905426114802,-0.002117137590168133
3570.5751960397392,27.858651369603983,-0.0021061888804408064
3573.9182342040917,27.85839862693833,-0.0020946621618278195
3577.2612420393243,27.858147267478913,-0.0020825304824524313
3580.6042197114216,27.857897363821017,-0.0020716693484497456
3583.94716739508,27.857648763499203,-0.002060373580163276
3587.2900852467,27.857401518669583,-0.0020485741788579593
3590.63297342894,27.85715568976812,-0.0020364640260674325
3593.9758321117124,27.856911314084993,-0.0020264349082793577
3597.3186614694027,27.856668141895998,-0.002015160901058604
3600.6614616464303,27.856426322587872,-0.0020042503737520106
3604.004232805141,27.85618581254302,-0.001992753150689838
3607.346975102646,27.855946682164937,-0.0019820299499706657
3610.689688704506,27.85570883857094,-0.00197121595945402
3614.0323737651343,27.855472292655808,-0.001959831307453283
3617.375030440253,27.855237112898912,-0.0019489144077851715
3620.717658893801,27.85500324316998,-0.0019383401676283537
3624.0602592829814,27.854770642349862,-0.001926383174859245
3627.4028317600632,27.854539476368878,-0.0019150061255486226
3630.7453764972274,27.85430967563381,-0.0019037485558005191
3634.0878936583035,27.854081225807114,-0.0018933721786737973
3637.4303834054003,27.853854021145672,-0.04502717627048045
3640.772845887938,27.848450759993213,-0.1131697474751576
3644.114659979137,27.834870390296196,-0.18294479708377948
3647.454844425972,27.812917014646143,-0.24827703890369995
3650.7923944677295,27.7831237699777,-0.30761879496298195
3654.1263693201267,27.74620951458214,-0.3631919025816258
3657.4559144618765,27.702626486272347,-0.41473044401550274
3660.780229640229,27.652858832990486,-0.46084195325265775
3664.098572700188,27.597557798600167,-0.5015679994884137
3667.41027963602,27.53736963866156,-0.5371430856481028
3670.7147639926593,27.472912468383786,-0.5693360967463292
3674.011513488865,27.404592136774227,-0.5972385528182904
3677.300064545278,27.332923510436032,-0.6188474178284284
3680.5800153665305,27.25866182029662,-0.6404344062633607
3683.851054784966,27.181809691545016,-0.657709788161563
3687.1128719479516,27.102884516965627,-0.6780660780086898
3690.3652180899876,27.021516587604584,-0.6981726303586016
3693.6078000805,26.93773587196155,-0.7157402842493417
3696.8403283851353,26.85184703785163,-0.733904212985858
3700.0625500296774,26.763778532293326,-0.7510697613045458
3703.2742034535527,26.67365016093678,-0.7669616255768417
3706.475041472865,26.58161476586756,-0.7813800238336033
3709.664835244769,26.487849163007528,-0.7941200288366461
3712.84337714433,26.39255475954713,-0.8052258981240994
3716.010483715476,26.29592765177224,-0.8143418466535188
3719.1659950336884,26.198206630173818,-0.820785056609582
3722.3097798293093,26.09971242338067,-0.8273121928510037
3725.441745320115,26.00043496023855,-0.8323407895630266
3728.5617975153436,25.900554065490986,-0.8355218661944551
3731.6698640032027,25.800291441547653,-0.8377888980896442
3734.7658989761885,25.699756773776897,-0.8402850482607325
3737.849869789042,25.59892256798561,-0.843171991413079
3740.9217404972,25.49774192901604,-0.8453047095446858
3743.981469528682,25.396305363870677,-0.8470137794746303
3747.029026172346,25.294663710333722,-0.8487382503149671
3750.0643858175863,25.192815120295926,-0.8502318305976985
3753.0875236320217,25.090787300624203,-0.8514522197800273
3756.0984181080967,24.9886130342506,-0.8525401742743254
3759.097051672207,24.88630821333768,-0.8534608010995173
3762.0834086578075,24.78389291720574,-0.8540438343804657
3765.0574758078724,24.681407657080083,-0.8541980949556787
3768.019244726722,24.578903885685403,-0.8540138674709138
3770.968713193004,24.476422221588894,-0.8535420438187973
3773.9058838595947,24.37399717633064,-0.8528469996811237
3776.8307635207543,24.271655536368904,-0.8519876269668448
3779.7433621851187,24.169417021132883,-0.8510190065019365
3782.643692227655,24.06729474035265,-0.8499774836269285
3785.531767596497,23.965297442317418,-0.8488501193226949
3788.407603289575,23.863435427998695,-0.8477070305778741
3791.271215540935,23.76171058432935,-0.8465696824087785
3794.1226208110543,23.660122222440297,-0.845461369637867
3796.961835477747,23.558666858083754,-0.8443938258512868
3799.788875500717,23.457339598981598,-0.843370700865298
3802.603756252595,23.356135114877763,-0.842388876000862
3805.4064924663803,23.25504844975766,-0.8414519930406278
3808.1970982803514,23.154074210592785,-0.8405611462940933
3810.9755871856223,23.053206873037496,-0.8397176384874289
3813.7419720103867,22.952440756419005,-0.8389147037987315
3816.496264901157,22.851770991963157,-0.8381532167390162
3819.2384774201923,22.751192605954476,-0.8374354981045512
3821.9686205329067,22.650700346181928,-0.8368186593199209
3824.6867045744484,22.550282107063538,-0.8362663356460524
3827.392738427296,22.449930146786013,-0.8357543925509241
3830.0867300449104,22.349639619679902,-0.835292655182482
3832.768686799272,22.249404501058002,-0.8348899013325662
3835.438615339399,22.149217712898093,-0.8345485400914654
3838.096521464947,22.049071888087116,-0.8342697399601455
3840.7424100915173,21.9489595192919,-0.8340511857833393
3843.3762852338323,21.8488733769979,-0.8338939925674991
3845.9981500390722,21.7488060978898,-0.8337953433081648
3848.608006770819,21.648750656692823,-0.8337505109911997
3851.2058568496223,21.54870059537388,-0.8337570917374355
3853.7917009210673,21.448649744365387,-0.833807906250887
3856.3655388903912,21.34859279561528,-0.8339035617513743
3858.927370025865,21.248524368205114,-0.8340398529577902
3861.47719295005,21.14843958585018,-0.8342086908776118
3864.015005700352,21.04833454294487,-0.8344056308774407
3866.5408058455055,20.948205867239576,-0.8346294792055071
3869.054590549574,20.848050329734914,-0.834877286634268
3871.5563565891425,20.747865055338803,-0.8351444709041729
3874.046100395783,20.647647718830303,-0.8354276656682911
3876.5238181220425,20.54739639895011,-0.8357319451228284
3878.9895056899163,20.44710856553537,-0.8360560173750908
3881.4431587177805,20.34678184345036,-0.8148190130026529
3883.8847725389946,20.24900356189004,-0.7486785370277347
3886.3146529664214,20.15916213744671,-0.6801571914602198
3888.733752422915,20.077543274471484,-0.6151939073207108
3891.143057615852,20.003720005593,-0.5544803044932158
3893.543504016523,19.937182369053815,-0.49806871299915556
3895.9359659008096,19.877414123493917,-0.44651907511641736
3898.321255595629,19.823831834479947,-0.4004168650050368
3900.7001154157665,19.77578181067934,-0.359956706109854
3903.073209233048,19.732587005946158,-0.32495618877719484
3905.4411196737615,19.693592263292896,-0.2952038340808373
3907.8043507453567,19.658167803203195,-0.26919680194070167
3910.163330881741,19.62586418697031,-0.24695667890248368
3912.518434584177,19.596229385502014,-0.22730565562589086
3914.8699821104374,19.568952706826906,-0.20684293926890251
3917.2182564352565,19.54413155411464,-0.1866792245069373
3919.5635522217503,19.521730047173808,-0.16675137599491024
3921.906159827411,19.50171988205442,-0.14717757944948812
3924.2463662132577,19.484058572520482,-0.12815072429236127
3926.58445324196,19.468680485605397,-0.10995092748517095
3928.920694900233,19.455486374307178,-0.09194639323060197
3931.2553532651496,19.444452807119504,-0.07687836692883629
3933.588687602004,19.435227403088042,-0.06323724152425336
3935.9209148903747,19.427638934105133,-0.051656548819534825
3938.2522315624674,19.421440148246788,-0.04221396927755541
3940.582804380257,19.41637447193348,-0.03476582729983076
3942.9127693168894,19.4122025726575,-0.028818063785783523
3945.242233625608,19.408744405003205,-0.024414158091101913
3947.5712829542085,19.405814706032274,-0.020696190819642784
3949.8999807189325,19.403331163133917,-0.017975529515560206
3952.2283804585086,19.40117409959205,-0.015675098691378665
3954.5565213504597,19.399293087749086,-0.013530994839388149
3956.8844365209898,19.39766936836836,-0.010916398973862446
3959.212156845194,19.396359400491495,-0.008727313854546483
3961.539719973253,19.395312122828948,-0.007365476700072588
3963.8671574279924,19.39442826562494,-0.006005217973018154
3966.1944888198673,19.393707639468175,-0.0042015142486164225
3968.5217337366034,19.393203457758343,-0.00227184796944964
3970.8489181515342,19.39293083600201,-0.0006868717239809504
3973.1760698518547,19.392848411395132,0.0004952115992366404
3975.503211661222,19.39290783678704,0.001234207849592695
3977.8303606016366,19.39305594172899,0.0015502908454662345
3980.157527314644,19.393241976630446,0.0014912022002177721
3982.48471635184,19.39342092089447,0.0011090989348826214
3984.8119268623473,19.393554012766657,0.0004848394277282493
3987.139153343879,19.393612193497983,-0.00029341804662378224
3989.466386807099,19.393576983332387,-0.0013528510280389557
3991.7936160450986,19.393414641209024,-0.002488476700549069
3994.120825802044,19.393116024004957,-0.0038871469527257804
3996.4479997249246,19.39264956637063,-0.00545523142074442
3998.775117672889,19.39199493860014,-0.007292704147351252
4001.1021570655207,19.391119814102456,-0.008246655854751093
4003.429091443213,19.390130215399886,-0.008568157560529331
4005.7559070690613,19.389102036492623,-0.009099277737250694
4008.0825993134404,19.388010123164154,-0.00978301517261195
4010.40916052822,19.38683616134344,-0.010488366257035475
4012.735580867581,19.385577557392594,-0.011316006816023193
4015.0618501744684,19.38421963657467,-0.011818228739840536
4017.3879565308575,19.38280144912589,-0.012236318165878026
4019.7138927047527,19.381333090945983,-0.012429716473285286
4022.0396526756663,19.379841524969187,-0.012660212650231782
4024.3652336586624,19.37832229945116,-0.012948861923530723
4026.6906323345966,19.376768436020335,-0.013258515724862427
4029.015844546919,19.37517741413335,-0.013572362355081288
4031.340865836615,19.37354873065074,-0.01385289947597141
4033.6656916842935,19.371886382713623,-0.01409753104987648
4035.9903180502192,19.370194678987637,-0.014278330780990242
4038.314741411698,19.368481279293917,-0.014355580042464547
4040.6389591652132,19.366758609688823,-0.014384238229758147
4042.962970198376,19.36503250110125,-0.014367901801738392
4045.286774098508,19.363308352885042,-0.014331837769975889
4047.610371100854,19.361588532352645,-0.014302116663784219
4049.9337617247365,19.35987227835299,-0.014253861988878246
4052.256946398139,19.358161814914325,-0.01417563444586518
4054.5799258159286,19.35646073878082,-0.014084706344531172
4056.9027011045823,19.35477057401948,-0.013993152900951671
4059.2252735734646,19.353091395671367,-0.013837433280996288
4061.5476445409454,19.35143090367765,-0.01404921925889494
4063.8698162493865,19.34974499736658,-0.014827527395620365
4066.1917856490704,19.347965694079107,-0.014919351474358342
4068.51354153236,19.346175371902184,-0.014790412815795649
4070.835082576988,19.34440052236429,-0.014589159018217272
4073.156410639672,19.342649823282102,-0.014230459434574677
4075.477528618466,19.340942168149954,-0.013742201278203643
4077.798441678644,19.33929310399657,-0.013199295768735457
4080.1191568511235,19.337709188504324,-0.012620040201082847
4082.439681953744,19.336194783680195,-0.012020384472251743
4084.760025327786,19.334752337543524,-0.01141537791517808
4087.0801956082914,19.333382492193703,-0.01081259859181083
4089.4002015073547,19.332084980362687,-0.010225642577830991
4091.7200517049982,19.330857903253346,-0.009660661528728107
4094.0397546533886,19.3296986238699,-0.009116697385775313
4096.359318488253,19.328604620183604,-0.008594351354214179
4098.678751042675,19.3275732980211,-0.008097944161180017
4100.998059838437,19.326601544721758,-0.00761695150230093
4103.317252023804,19.32568751054148,-0.0071438611387447115
4105.636334525069,19.324830247204833,-0.006674456576144078
4107.955314154734,19.324029312415696,-0.006199651755408985
4110.274197672224,19.323285354205048,-0.005720672123912721
4112.592991914728,19.322598873550177,-0.005226709778161025
4114.911703779554,19.321971668376797,-0.004720918323232466
4117.23034037976,19.32140515817801,-0.0042125968318152615
4119.548908998741,19.320899646558193,-0.0037084114513075326
4121.867416956328,19.320454637184035,-0.0032135643870229505
4124.18587151279,19.320069009457594,-0.0027298802618209023
4126.504279793925,19.319741423826176,-0.002263168490907386
4128.822648764784,19.31946984360727,-0.0018106592871710017
4131.140985146018,19.31925256449281,-0.0013788055424384124
4133.459295453757,19.319087107827716,-0.000963602759784081
4135.777585906696,19.318971475496543,-0.0005658247678602911
4138.095862483756,19.3189035765244,-0.0001853623020731847
4140.414130912939,19.31888133304815,0.00018146405295792965
4142.7323966729045,19.318903108734506,0.0005316496711934798
4145.050665045953,19.31896690669505,0.0008406305336758315
4147.368941074757,19.31906778235909,0.0010431952688995838
4149.68722920864,19.31919296579136,0.0012346986939210177
4152.005532364535,19.31934112963463,0.0016496389383313774
4154.323853300091,19.31953908630723,0.002134484262737866
4156.642197990448,19.31979522441876,0.002649732790156586
4158.960573417378,19.320113192353578,0.0031659639696898162
4161.278987000461,19.32049310802994,0.003647332714393992
4163.597446173424,19.320930787955668,0.004088866658703311
4165.915957867979,19.321421451954713,0.004461629738337599
4168.234528442214,19.321956847523314,0.0048127694652368765
4170.553163263917,19.322534379859142,0.00517330946992842
4172.8718673895,19.323155176995535,0.005483844437807295
4175.190646010739,19.32381323832807,0.005611974841949101
4177.509503599339,19.324486675309107,0.005636263412946685
4179.8284420003765,19.32516302691866,0.005593093473084544
4182.147461563607,19.32583419813543,0.005478557230693494
4184.466561667384,19.32649162500311,0.005223731502174934
4186.785740662384,19.327118472783372,0.004876258302905832
4189.104994879119,19.32770362377972,0.004502302112272352
4191.424319313972,19.328243900033193,0.003997629681557395
4193.743708581976,19.32872361559498,0.0038378589863572567
4196.063155415847,19.329184158673343,0.003805103560385885
4198.382657514888,19.32964077110059,0.003904655473327452
4200.70221440742,19.330109329757388,0.004164004626171707
4203.021827526991,19.33060901031253,0.004577741241542203
4205.341500608229,19.331158339261513,0.005114885719059652
4207.66123960894,19.3317721255478,0.005910707386156079
4209.981052264006,19.332481410434138,0.006548253341535002
4212.300950033258,19.33326720083512,0.007014006894821907
4214.620942097358,19.334108881662498,0.007197049870160307
4216.941035163158,19.33497252764692,0.00721887804995284
4219.261231866475,19.335838793012915,0.007055243995961628
4221.581532521636,19.33668542229243,0.006695497614366693
4223.9019347723115,19.337488882006152,0.006193406451758019
4226.222433438153,19.338232090780362,0.005581442606695934
4228.543021289046,19.338901863893167,0.0051482961119249104
4230.863689512713,19.339519659426596,0.004964939701475513
4233.184431871844,19.340115452190773,0.004831853120857089
4235.505245726107,19.340695274565277,0.004808435152438886
4237.826129159055,19.34127228678357,0.004910342390081935
4240.147081833469,19.341861527870382,0.005128835348228998
4242.4681052168135,19.342476988112168,0.005437478596463024
4244.789202455387,19.34312948554374,0.005776353515354051
4247.110377993652,19.343822647965585,0.006350658422477997
4249.431636711408,19.344584726976283,0.006902565178045686
4251.752986878645,19.345413034797648,0.007344778482266818
4254.074436442821,19.34629440821552,0.007594845590140695
4256.395991771807,19.34720578968634,0.007645185749789553
4258.717656466569,19.34812321197631,0.0074776165044044395
4261.039431252006,19.34902052595684,0.0071141996564207674
4263.361313715121,19.34987422991561,0.00659084525144636
4265.68329862271,19.350665131345785,0.00598739089026277
4268.005378438472,19.351383618252616,0.005722477314861906
4270.327544472662,19.352070315530398,0.005522638885930839
4272.649792910526,19.35273303219671,0.005403278729914315
4274.9721208743895,19.3533814256443,0.0053769390866240255
4277.294526645467,19.354026658334696,0.005442713449313923
4279.617009844467,19.354679783948615,0.0055854228619717575
4281.939571418541,19.35535003469205,0.005780083231834194
4284.262213422704,19.356043644679872,0.005992324597914435
4286.584938660066,19.356762723631622,0.006343041333488146
4288.9077501869015,19.35752388859164,0.006763295225990554
4291.2306530535325,19.35833548401876,0.007083730842862074
4293.553653311615,19.359185531719902,0.007247333314001058
4295.876755575421,19.360055211717583,0.007250647923578177
4298.199962200827,19.360925289468412,0.007075545144770368
4300.5232732355635,19.361774354885785,0.0067557815042221725
4302.84668615815,19.362585048666293,0.006320597822236545
4305.17019636399,19.36334352040496,0.00586468492671634
4307.493797586439,19.364047282596168,0.005646450411615318
4309.81748326035,19.364724856645562,0.005484943907215114
4312.141250243148,19.365383049914428,0.005384276283355277
4314.465096209137,19.36602916306843,0.005344878902975074
4316.789019708705,19.366670548536785,0.005381826267610938
4319.11302017453,19.367316367688897,0.0054754844999715165
4321.437098138653,19.367973425828893,0.005606998930735986
4323.761254949753,19.36864626570058,0.005750804845882619
4326.0854925016365,19.369336362282084,0.006036548678116172
4328.40981286511,19.370060748123457,0.006331262625461249
4330.734220154885,19.370820499638512,0.006548752078010859
4333.058718614842,19.371606349887873,0.006661073404899829
4335.383311376829,19.37240567869646,0.006627520684531301
4337.708000058272,19.373200981178602,0.006486065244668769
4340.032784176014,19.37397930900796,0.006225915319141054
4342.357661693095,19.374726418846258,0.005866838776786405
4344.6826288633565,19.37543043949947,0.005465750807868128
4347.007680516096,19.376086329596415,0.0052572333519087435
4349.332810875648,19.376717197598644,0.005111670254195489
4351.658016939359,19.377330598029147,0.005023397851944335
4353.983296611123,19.37793340577138,0.004992340049437247
4356.308648619815,19.378532486577313,0.00501699847334021
4358.634072518204,19.379134526394115,0.005082375133413952
4360.959568661372,19.379744411410126,0.005176051175675332
4363.2851379907415,19.380365537551207,0.005324485367179837
4365.610781855247,19.38100447579527,0.00559886645800463
4367.936502392343,19.38167633977023,0.005836280027265025
4370.262303553115,19.3823766933735,0.006001034281926425
4372.58818875632,19.38309681748733,0.006082555836497893
4374.914160374418,19.38382672418771,0.006050921853281127
4377.240219581321,19.384552834810105,0.005907926951511321
4379.566365921498,19.385261786044286,0.005667803915737289
4381.892597335823,19.385941922514174,0.005351123203770611
4384.218910366524,19.386584057298627,0.004992664749274286
4386.5453004534,19.38718317706854,0.004710391561872069
4388.871762434648,19.387748424055964,0.004568196597894995
4391.1982922455345,19.38829660764771,0.004484361831032962
4393.524887838452,19.388834731067433,0.004447913579233055
4395.85154800618,19.38936848069694,0.0044616592021636614
4398.178272223863,19.3899038798012,0.004517169167510798
4400.505060689439,19.3904459401013,0.004598495973677874
4402.831914202251,19.39099775961814,0.004841144126659443
4405.158833933405,19.391578696913342,0.005110471452016997
4407.485823377035,19.392191953487583,0.0053476623441362
4409.812886411453,19.39283367296888,0.005511400228223801
4412.14002645221,19.393495040996267,0.005583259845686006
4414.4672458571295,19.39416503217775,0.005559877710601659
4416.7945456609905,19.394832217503023,0.005415384189027669
4419.121925527091,19.395482063605705,0.005163002135620125
4421.449383374724,19.39610162386198,0.004852826506770604
4423.776915569587,19.396683963042793,0.004487253628453269
4426.104517645152,19.39722243347821,0.004131667291485144
4428.432184337169,19.39771823355319,0.003942890347701749
4430.759910525196,19.398191380394913,0.0038445345460671153
4433.087693490843,19.39865272454044,0.0038045512749918273
4435.415531817787,19.39910927069344,0.0038208946259458165
4437.7434249302705,19.399567778048553,0.0038815044740494807
4440.071373063636,19.400033558585438,0.004022761282282914
4442.399377090666,19.40051628993931,0.004327126510224762
4444.7274390454595,19.40103554512054,0.0046338077660669046
4447.055563310874,19.401591602052466,0.004905057307107321
4449.38375430312,19.40218020892932,0.00509882253560254
4451.712015928192,19.40279206763359,0.005187885287306423
4454.040350976308,19.40341461386807,0.005164939491834253
4456.368760729973,19.40403440660709,0.005002992012438777
4458.697244858766,19.40463476564858,0.004733397153739735
4461.025801030643,19.40520277330703,0.00437168377292713
4463.35442536344,19.40572737535978,0.003962862474244412
4465.683112648483,19.40620291885669,0.003550977546718165
4468.011856998746,19.406629036162297,0.0032794157647710316
4470.340652483085,19.40702256605407,0.003167938853445072
4472.669495191012,19.407402718716483,0.0031286316818673206
4474.998383517258,19.407778154518308,0.003153398410218212
4477.3273168958,19.408156562327534,0.0032278145804267412
4479.6562956832795,19.408543900077184,0.0034436804965772626
4481.9853209512885,19.408957141736774,0.003795717943748115
4484.3143958082965,19.409412627890024,0.0041627489179470595
4486.643525323643,19.40991215776018,0.004503925237942108
4488.972714782574,19.410452628788732,0.004745603916578658
4491.301969098029,19.411022101258723,0.004871415563794756
4493.63129175018,19.41160667112638,0.004844796229856755
4495.960684550715,19.41218804667396,0.004676848574675168
4498.290147116316,19.41274926850292,0.0043611159708994585
4500.619677028536,19.41327260241943,0.003932368244682252
4502.949269740826,19.413744486608792,0.0034449889767379986
4505.278919079219,19.414157885286,0.0029735881080547666
4507.608618025453,19.414514715858964,0.0026292019241673237
4509.938359791357,19.414830220089865,0.0025006953188502217
4512.268139417767,19.415130303528127,0.002460173051691105
4514.597955054191,19.415425524294328,0.002497425545421588
4516.927806117106,19.415725215359778,0.0025980296897731743
4519.257693142949,19.416036978922552,0.0028589430659568967
4521.58761758042,19.416380052090467,0.0033026774691885734
4523.9175831866705,19.41677637338677,0.0037563925079029115
4526.247596351477,19.417227140487718,0.004173809680800601
4528.577663608336,19.417727997649415,0.004445910791106091
4530.907790968054,19.418261506944347,0.0045110690689916366
4533.237982348887,19.418802835232626,0.004467339192422647
4535.568238689115,19.419338915935715,0.0043172820665650395
4537.898559359027,19.419856989783703,0.004004137444739516
4540.228942197801,19.420337486277074,0.003524470731404704
4542.559382696154,19.420760422764843,0.002962561447205578
4544.889873946886,19.42111593013851,0.0024156193595162934
4547.220407858503,19.42140580446165,0.0020424835085316763
4549.550976555038,19.421650902482675,0.0019056183966774183
4551.881574663335,19.421879576690277,0.0018685292347703775
4554.212200212538,19.42210380019845,0.0019194814904018712
4556.542852668562,19.4223341379773,0.0020469143567871722
4558.873532765119,19.422579767700114,0.002362893832802195
4561.204242337243,19.42286331496005,0.002892273287076915
4563.534985935038,19.423210387754498,0.003415952354535076
4565.865771181569,19.42362030203704,0.003887413781265143
4568.196605617813,19.424086791690794,0.0040854223369863
4570.527496032815,19.424577042371233,0.004150640151809004
4572.8584452779,19.42507511918945,0.004092717401058375
4575.189454292203,19.42556624527758,0.003924364842179416
4577.520522241636,19.42603716905864,0.0036474830612584263
4579.8516467019235,19.42647486702599,0.0031230391446423053
4582.1828236859665,19.42684963172335,0.002518473157075412
4584.514045641773,19.4271518485022,0.0019349300323657176
4586.8453038635935,19.427384040106084,0.0015467781539329362
4589.176589948406,19.427569653484557,0.0014106799237902222
4591.507898306824,19.42773893507541,0.0013850856975756466
4593.839226979033,19.42790514535912,0.0014517961933555802
4596.170575596476,19.428079360902323,0.0015991595439958377
4598.501945119784,19.4282712600476,0.001980449632927624
4600.83333767099,19.428508914003555,0.00255201267459188
4603.164758740671,19.428815155524507,0.003139144602829478
4605.496216559333,19.429191852876848,0.0035766738279874913
4607.827719581678,19.429621053736206,0.0037620690260969057
4610.159274108127,19.43007250201934,0.0038171220841352687
4612.490882808369,19.430530556669435,0.0037510253613961633
4614.8225464751695,19.430980679712803,0.003566175462644654
4617.154264156735,19.43140862076832,0.003288635755680441
4619.486033191227,19.431803257059002,0.0027421368369820957
4621.817849582074,19.43213231347944,0.002107885214701441
4624.149705459691,19.432385259705203,0.0015066507999334086
4626.481591690856,19.432566057801196,0.0011307775137967507
4628.813499617791,19.43270175110285,0.0010038976951758259
4631.145423827924,19.43282221882627,0.0009906895828325148
4633.477362494183,19.432941101576212,0.0010694057406565314
4635.8093154263715,19.43306943026509,0.0012322693839565868
4638.141283758004,19.433217302591164,0.0016913331258558483
4640.473269834315,19.433420262566266,0.0023024078712230523
4642.805280265823,19.433696551510813,0.0029161245538520146
4645.137323852005,19.434046486457277,0.003282634661344587
4647.4694094303795,19.434440402616637,0.0034616471003025852
4649.801542278694,19.434855800268675,0.003501083959881945
4652.133724974726,19.43527593034386,0.003422160900645191
4654.465958086367,19.435686589651937,0.0032309196396042945
4656.798240477126,19.436074300008688,0.0029380595145060634
4659.130569393126,19.436426867150427,0.002391876921860008
4661.462940617184,19.43671389238105,0.001750835422267256
4663.79534628427,19.436923992631723,0.0011438707545056988
4666.127777163386,19.437061257122263,0.0007811056127918134
4668.4602245142405,19.437154989795797,0.000664792736418325
4670.792683113016,19.437234764924167,0.0006626274336103174
4673.1251512848075,19.4373142802162,0.0007507691154581364
4675.457628998433,19.437404372510056,0.0009268706354699259
4677.7901175231345,19.437515596986312,0.0014567192333183143
4680.122619394773,19.43769040329431,0.0020955856707898534
4682.455142243169,19.437941873574808,0.0027128414377552714
4684.787695267998,19.438267414547337,0.0030341738107407487
4687.120287357744,19.438631515404627,0.0031955197808053986
4689.452923139593,19.439014977778324,0.0032135874570968417
4691.785604936926,19.439400608273175,0.003129272003125451
4694.118333009918,19.43977612091355,0.002928152337959367
4696.451106144428,19.440127499194105,0.002623930756747625
4698.783921444331,19.440442370884917,0.0020661429059258027
4701.116774528838,19.440690308033627,0.0014129097490830256
4703.449657365802,19.440859857203517,0.000815492229888477
4705.782560548666,19.440957716271104,0.00048207427903550833
4708.1154754746185,19.44101556518459,0.00038404200410754305
4710.44839734244,19.44106165022508,0.0003846407978036942
4712.781324740467,19.441107807120815,0.000486913302549894
4715.114257677322,19.44116623671712,0.0007111465180697403
4717.447197625728,19.441251574299287,0.0012858297429673982
4719.780147814644,19.441405873868444,0.0019307651240505496
4722.113116519508,19.44163756568333,0.002531662466914277
4724.44611302739,19.44194136517936,0.0028127130993994024
4726.779145991211,19.44227889075129,0.0029536468001971176
4729.112219458101,19.442633328367315,0.002942547568012528
4731.445335457505,19.442986434075475,0.0028603313347884767
4733.7784938295945,19.44332967383565,0.0026514742161029524
4736.111693390455,19.44364785074158,0.0023400098773053036
4738.444931132544,19.443928651926857,0.001761495562084069
4740.778202570776,19.44414003139431,0.0011133272383298393
4743.111499374543,19.44427363066291,0.0005368245298031339
4745.444812210223,19.444338049606486,0.00022593105407493422
4747.778132776176,19.444365161332975,0.0001413699380543335
4750.111456595536,19.444382125725543,0.0001535548063150651
4752.444782450623,19.4444005523023,0.0002677083189838427
4754.7781105169,19.44443267730058,0.0005443170662679537
4757.111442438176,19.44449799534853,0.0011390596086697398
4759.444782197617,19.444634682501572,0.001794670782579364
4761.7781383595175,19.444850042995483,0.002346583464033958
4764.111520364677,19.44513163301117,0.0026079260014547903
4766.4449361606385,19.445444584131344,0.002731492091844542
4768.778389510734,19.445772363182364,0.002703716342341244
4771.111882194316,19.446096809143445,0.00261695724452346
4773.445413811413,19.44641084401279,0.002394386362096384
4775.778983112695,19.44669817037624,0.0020786989824109095
4778.112586893139,19.44694761425413,0.0014784365040810946
4780.44622060685,19.447125026634623,0.0008452393187164766
4782.7798756100465,19.44722645535287,0.0002768193061843848
4785.113542784688,19.44725967366961,7.2474389024264906e-06
4787.447213945528,19.44726054336228,-6.924512140901615e-05
4789.780885210732,19.44725223394771,-4.644903101045015e-05
4792.114555478805,19.44724666006399,8.272313777597204e-05
4794.448225078013,19.44725658684052,0.00042877796993173967
4796.781895868434,19.447308040196912,0.0010322556930971178
4799.115572833258,19.447431910880084,0.0016994345068342951
4801.449264662563,19.447635843020905,0.0021889619207298787
4803.782980963726,19.447898518451392,0.002436536277311233
4806.11672878594,19.44819090280467,0.0025288012894753324
4808.450511694276,19.448494358959405,0.0024932813264215616
4810.784331017351,19.448793552718577,0.0023942956547023065
4813.118186243677,19.44908086819714,0.002165943360737412
4815.452075947861,19.449340781400426,0.0018308399703684476
4817.785996841629,19.44956048219687,0.0012141410016736688
4820.119944099492,19.44970617911707,0.0005971540921430891
4822.4539088409865,19.449777837608124,4.662352266687853e-05
4824.787882181499,19.449783432430845,-0.00018180121383474984
4827.121856193391,19.449761616285183,-0.0002544840560692407
4829.455827587345,19.449731078198454,-0.0002081528888604215
4831.7897953167285,19.44970609985179,-7.118337527962308e-05
4834.123760048711,19.449697557846758,0.0003366319995886897
4836.457723755652,19.449737953686707,0.0009563207189170272
4838.791692310095,19.449852712172977,0.0016117174197711646
4841.125674635556,19.450046118263348,0.00205825654143993
4843.459680169747,19.45029310904832,0.002282321428719437
4845.793715342833,19.450566987619766,0.0023524671370238944
4848.127783381347,19.45084928367621,0.002311010738172763
4850.461885295388,19.45112660496479,0.002203457104044311
4852.796020487984,19.451391019817276,0.0019617396223038513
4855.130187410362,19.451626428571952,0.0016014945119778605
4857.46438258179,19.45181860791339,0.0009869797546870572
4859.79860081474,19.45193704548395,0.0003691334073005129
4862.132833260198,19.45198134149283,-0.00015739208132368147
4864.467071021177,19.45196245444307,-0.0003534768217719731
4866.80130651571,19.451920037224458,-0.00041015620450522125
4869.135536920177,19.451870818479918,-0.00035105826837265864
4871.469761418395,19.451828691487712,-0.00019733117460542422
4873.803980861374,19.45180501174676,0.00026595579084036976
4876.138197462784,19.45183692644166,0.0008958475357550996
4878.472417893957,19.451944428145953,0.00156309053728153
4880.8066512253345,19.452131999010426,0.001950920879923255
4883.140907065215,19.452366109516017,0.00215546003484331
4885.475190998357,19.4526247647202,0.0022022315179585886
4887.809505970124,19.452889032502352,0.0021536266351567385
4890.143852654024,19.45314746769857,0.0020230124192598116
4892.478230350148,19.453390229188884,0.0017733266055255266
4894.812637177651,19.453603028381547,0.0013848732674802047
4897.147069541056,19.453769213173643,0.0007584899633485726
4899.481521846637,19.453860231969244,0.00014590723299398502
4901.815985074474,19.453877740837203,-0.0003525931716909692
4904.150450403375,19.4538354296566,-0.0005043918449626298
4906.484910654934,19.453774902635203,-0.0005370760090180683
4908.81936364325,19.45371045351412,-0.0004645831939769456
4911.153808897671,19.45365470353084,-0.00030362058581223243
4913.488247462095,19.453618269060545,0.0002303112171923968
4915.822681654383,19.453645906406607,0.0008607721444225326
4918.157119163152,19.45374919906394,0.0015102217482642673
4920.49156906704,19.45393042567373,0.0018488626842119674
4922.826040718121,19.454152289195836,0.0020444500843001282
4925.1605389928245,19.454397623205953,0.0020741537315096164
4927.495066707609,19.454646521653736,0.002018997033236267
4929.829624290208,19.454888801297724,0.0018719980448306836
4932.164210946364,19.455113441063105,0.001613185528817293
4934.498824559291,19.45530702332656,0.0011870412287083767
4936.8334614020905,19.455449468274008,0.0005585610216874497
4939.168115338283,19.455516495596612,-4.138952770009066e-05
4941.502777317755,19.45551152885329,-0.0004983820393958198
4943.837438701218,19.45545172300856,-0.000631476751189004
4946.172092907979,19.45537594579842,-0.0006553252248699553
4948.506738021475,19.455297306771435,-0.0005676412190126429
4950.8413736982875,19.455229189825154,-0.0003852534222316271
4953.176001201066,19.455182959414486,0.00017428419132269854
4955.510623156196,19.455203873517444,0.0008142871069957121
4957.845247621018,19.455301587970283,0.001460395761933083
4960.179883811574,19.455476835461713,0.0017634851752848354
4962.514541031829,19.455688453682747,0.0019499111109797362
4964.849223646271,19.455922443016064,0.001966996123526698
4967.183934339433,19.456158482550887,0.001907751680526097
4969.518673357339,19.456387412752548,0.0017420726268802843
4971.853439846869,19.456596461467775,0.0014644623146905147
4974.188231422246,19.45677219694554,0.000995411810135038
4976.5230440858795,19.456891646362756,0.00035537487756972895
4978.857871083443,19.456934291348063,-0.00023024714016954477
4981.192703198404,19.456906661691242,-0.0006236536209603588
4983.527531997807,19.456831823256728,-0.0007431148658115837
4985.862351816598,19.45674264947283,-0.0007488238483830551
4988.197160934535,19.456652790611024,-0.0006480898245944061
4990.531959269408,19.456575019832073,-0.00041473411808803674
4992.866748271787,19.4565252517379,0.0001634506279515487
4995.201531301996,19.456544865813257,0.0008215037126054381
4997.536316685893,19.45664344625877,0.0014121695830476464
4999.871113899444,19.456812906608736,0.001708663787371843
5002.205931448237,19.45701794626322,0.0018774682190402154
5004.540773601789,19.457243242449508,0.0018736749988982186
5006.875642790883,19.457468083449374,0.001807242821003523
5009.210538960897,19.457684952587893,0.0016177994674916626
5011.545461155208,19.457879088523992,0.001330729722535885
5013.880406645831,19.458038776090696,0.000819749245757581
5016.215371298961,19.458137146000187,0.0001839796469209052
5018.550347756481,19.458159223557818,-0.0004017650290488423
5020.8853268633075,19.458111011754333,-0.0007362423431664595
5023.220300184718,19.45802266267315,-0.0008401116917834777
5025.5552629042395,19.45792184927014,-0.0008342976308350169
5027.890213526152,19.45782173355444,-0.0007240825465834471
5030.225152134179,19.45773484364885,-0.00044790718175266917
5032.560080315417,19.45768109478704,0.00014412041279120917
5034.895002046791,19.457698389236576,0.0008072776507483644
5037.2299258534995,19.457795262554665,0.0013833133268332807
5039.564861285006,19.457961260153883,0.0016722618830212598
5041.899816636224,19.458161931579845,0.0018262205254266724
5044.234796068014,19.458381078042898,0.0017974233723329809
5046.569801797379,19.458596768847578,0.0017159363128648683
5048.904833409641,19.45880268120512,0.0015090947737953068
5051.239889731385,19.458983772577977,0.0012073992560435644
5053.574967784094,19.4591286604887,0.0006458453518650673
5055.910063223353,19.459206161930926,-4.173806626668978e-06
5058.245167962785,19.45920566107413,-0.0005962576255031653
5060.580272642113,19.45913411015907,-0.000843596064033687
5062.915368735333,19.459032878631387,-0.0009343959904589244
5065.250452680769,19.458920751112533,-0.0009343847600360578
5067.585523170902,19.45880862494133,-0.0008101905521976909
5069.920580205895,19.458711402075068,-0.0004776596819720248
5072.255625574144,19.45865408291323,0.0001484493640994332
5074.590664064093,19.458671896836922,0.0008271667183970046
5076.925704691714,19.45877115684313,0.001385766793201559
5079.260757230535,19.458937448858315,0.0016633057822633363
5081.595829724398,19.459137045552186,0.0017962682975112344
5083.9309261698645,19.459352597747888,0.001750178404988216
5086.266048481594,19.459562619156486,0.0016425367638152248
5088.601195995893,19.459759723568144,0.0014183409624173426
5090.936367162722,19.459929924483635,0.0011064301746161321
5093.2715587536595,19.46006269610459,0.0004764617544386572
5095.606766277192,19.460119871515122,-0.00018469098660806466
5097.941980661773,19.460097708596727,-0.0007591958778751192
5100.277192386805,19.460006605091383,-0.0009484192240293888
5102.612393179415,19.4598927947845,-0.0010460205419413492
5104.94758031479,19.459767272319468,-0.0010379673490622143
5107.2827523874685,19.459642716237582,-0.0008970426514680966
5109.617909513417,19.459535071119404,-0.000518836033532393
5111.953053721951,19.45947281079538,0.00014734163891308758
5114.288190459246,19.45949049179205,0.0008480420796914395
5116.623329318261,19.459592256841614,0.0013984943167709757
5118.958480389082,19.459760076159625,0.0016811327311950187
5121.293651598221,19.459961812087368,0.0017802358197498815
5123.628847015671,19.460175440385736,0.001726473747261559
5125.964068068518,19.460382617235407,0.0015840208349879904
5128.299313982586,19.460572699735604,0.0013407409650021962
5130.634582706554,19.460733588651404,0.0009803473730094162
5132.969870737193,19.460851230336164,0.0003173972819037762
5135.305172884833,19.460889318009993,-0.00035953822735106274
5137.640479602995,19.460846173422713,-0.0008573182442398527
5139.975781143806,19.460743295233403,-0.0010398419795734628
5142.311070339234,19.460618514195854,-0.00115064254936364
5144.646344560938,19.46048043708993,-0.001123652316931333
5146.981602213389,19.460345598811898,-0.0009666282437066325
5149.316843685247,19.460229603422654,-0.0005598656480874024
5151.652071237657,19.460162419544883,0.0001590475629239024
5153.987290728002,19.460181505252432,0.0009023218790444104
5156.322512508633,19.46028978387792,0.0014263536727699409
5158.657747282698,19.46046094631865,0.0016982218070091342
5160.993002596257,19.46066473293549,0.0017739499073836191
5163.328282364209,19.460877606924377,0.0017094177195682136
5165.663587677041,19.461082737050727,0.0015452348488137248
5167.998917605487,19.461268165232585,0.0012705576293408059
5170.334269785315,19.461420632148105,0.0008624946783843485
5172.669640261172,19.46152413150951,0.00015646267197504978
5175.005023156954,19.461542907030147,-0.0005261008066976376
5177.340408305798,19.46147977493334,-0.000951551861013775
5179.67578587879,19.46136558871002,-0.001163737917827166
5182.0111497494345,19.46122594015988,-0.0012577422550050213
5184.346496862254,19.46107501108928,-0.0012058654370428771
5186.681825863585,19.460930307236836,-0.0010185822711602198
5189.017137500453,19.460808077364298,-0.0005672923019499187
5191.352434469736,19.460740002288063,0.00020007599576556936
5193.687723270011,19.460764011407555,0.0009902053546898986
5196.02301495138,19.460882836050118,0.0014695097522868933
5198.358320891706,19.461059177220392,0.0017308674360420565
5200.693647992973,19.461266881312717,0.0017778754072418665
5203.029000018731,19.461480226361587,0.0016999238269666899
5205.364377645894,19.461684217220824,0.00152111123170885
5207.699779751961,19.46186675056863,0.0012075478192606955
5210.035203762029,19.462011656306938,0.0007377231732203465
5212.370645160786,19.462100183087724,-8.600053551627104e-06
5214.706097182757,19.462099151081297,-0.0007259169044469663
5217.041549080886,19.462012041052763,-0.0010629110327079112
5219.376990525812,19.46188449172884,-0.001285853350730635
5221.71241666482,19.46173018932675,-0.0013566036033134663
5224.047824287539,19.461567396894353,-0.0012767066796310165
5226.383212375166,19.461414192092796,-0.0010650919644085747
5228.718582078218,19.461286381057068,-0.0005652098964761211
5231.053936443945,19.46121855586949,0.00025862356759315036
5233.389282670649,19.4612495906976,0.001109217378773712
5235.724632621533,19.461382696783055,0.0015366892499858985
5238.059998545146,19.461567099493053,0.0017838133774197638
5240.395386597085,19.461781157098343,0.001789828730901471
5242.730800335937,19.461995936546053,0.0016954035679526526
5245.066239848322,19.46219938497421,0.0014886959315766083
5247.401703774519,19.462378028485997,0.001140442647372189
5249.737189137937,19.46251488160368,0.0005859684475660479
5252.072690923729,19.46258519781739,-0.0001994131584178902
5254.4082011474675,19.462561268238378,-0.0008863236277983707
5256.743708499656,19.462454909403043,-0.0011993221441597233
5259.079203088785,19.462310990745742,-0.001410577153453839
5261.4146804076745,19.462141721487328,-0.001456696434395699
5263.750137414253,19.4619669179152,-0.0013494678802378215
5266.085573444403,19.46180498176957,-0.0011050722390179904
5268.420990042216,19.46167237310089,-0.0005535300798469229
5270.756390726988,19.461605949491307,0.00033370977263081616
5273.0917834409265,19.461645994664025,0.0011904633134010444
5275.427180960286,19.461788850261634,0.0016073402871275792
5277.762595622317,19.46198173109609,0.00182328711981555
5280.098033430049,19.462200525550465,0.0018220549949538904
5282.433497493115,19.462419172149858,0.0017061269607046123
5284.768987793774,19.462623907385144,0.0014735213485589527
5287.10450266266,19.46280072994697,0.001087100634075415
5289.440038750254,19.46293118202306,0.00043256529409932724
5291.775590492097,19.46298308985835,-0.0003834228841130866
5294.11114846288,19.46293707911226,-0.0009876225171857739
5296.446700912374,19.462818564410195,-0.0013224935665201109
5298.782239140103,19.462659865182214,-0.0015164719532376044
5301.117758323925,19.462477888547827,-0.0015484698855980732
5303.453255670551,19.462292072161556,-0.001408234168519015
5305.78873071921,19.462123084061336,-0.0011343899383462204
5308.124185489298,19.461986957268735,-0.0005224832181113246
5310.45962392417,19.46192425928256,0.0004887804567413169
5312.795054835284,19.46198291293737,0.0012892796316571272
5315.130492784836,19.462137626493167,0.0016907527330266463
5317.465949300015,19.46234051682113,0.0018863495917790323
5319.801430162034,19.462566878772144,0.0018785067805974166
5322.1369381874865,19.462792299585814,0.0017170861725714817
5324.472473263437,19.462998349926522,0.001450346655187156
5326.808033065428,19.463172391525145,0.0010254379347466275
5329.1436137524115,19.463295444077314,0.0002854810612125294
5331.4792092057005,19.46332970180466,-0.000573535415857696
5333.814808769917,19.463260877554756,-0.0011203626813444231
5336.150400075224,19.463126434032993,-0.001456777665108273
5338.485975247308,19.46295162071318,-0.0016319352673453053
5340.821529441793,19.4627557884811,-0.0016310119319306714
5343.157060136411,19.462560067049267,-0.0014694078618773092
5345.492567344457,19.462383738105842,-0.0011771720830044377
5347.828053393029,19.46224247745588,-0.0005078637151171251
5350.163522490324,19.462181533810067,0.0006281101749500566
5352.498984274381,19.462256907031062,0.0014039587086249763
5354.834455103224,19.4624253820761,0.0017830936212632
5357.169946149073,19.46263935331065,0.001969617035199458
5359.505462871471,19.462875707354872,0.0019353512384381662
5361.841007956353,19.463107949503485,0.0017336278354567044
5364.1765809102935,19.46331598484374,0.001425539252270778
5366.512178828475,19.46348704955401,0.0009675775210421689
5368.847797274421,19.463603158856536,0.00012137865626057816
5371.183429653484,19.463617724295286,-0.0007851234618693134
5373.5190637804,19.463523509479863,-0.0012697824728691305
5375.854686601538,19.46337113558312,-0.0015967363484079844
5378.190291137807,19.46317952722131,-0.0017538946704041668
5380.525872681074,19.46296905986086,-0.0017226748893215764
5382.861428968257,19.462762338874143,-0.0015380929472080022
5385.196960448922,19.46257776772048,-0.001204060952253302
5387.532469781048,19.46243328040621,-0.0004508624651433756
5389.8679617746975,19.462379176910392,0.0007571541988786223
5392.203447275927,19.462470035414256,0.0015247706808577527
5394.538943680177,19.46265300789596,0.0019127397929364321
5396.874462041124,19.46288253667111,0.0020796090793387782
5399.210007945525,19.46313208976063,0.002010691686649847
5401.545583796296,19.46337337276303,0.0017540377187526329
5403.881188601028,19.46358385728928,0.001411998183734608
5406.216818663903,19.463753297071328,0.0008667042954646661
5408.552469059551,19.463857301586785,-5.8611521857343815e-05
5410.8881319357415,19.463850268204162,-0.0009473768419118886
5413.223793967926,19.46373658298313,-0.0014122504540196434
5415.559442357884,19.463567112928647,-0.0017328321898425615
5417.895070411436,19.463359173065864,-0.001844719271563538
5420.230673512204,19.463137806753277,-0.001813231459525753
5422.566250049014,19.462920218978134,-0.001604112420170124
5424.901800475292,19.462727725487714,-0.0012374560399042874
5427.23732780235,19.462579230762923,-0.0003911058232817932
5429.572837310041,19.46253229806413,0.0008863289117180957
5431.908341185808,19.462638657533535,0.001635520478059489
5434.243857824712,19.462834919990904,0.0
