position,velocity,acceleration
-495.1983643101215,19.444444444444443,5.911937606128958e-16
-492.8650309767882,19.444444444444443,0.0002690037621853053
-490.5316937698007,19.444476724895907,0.0005554589823379802
-488.19834856420385,19.444543379973787,0.000858029703822069
-485.86499100297925,19.444646343538246,0.001175407327159692
-483.53161651588914,19.444787392417506,0.001506316321158339
-481.198220337844,19.444968150376045,0.00184951899883644
-478.8647975267253,19.445190092655906,0.0022038194410303295
-476.5313429806066,19.44545455098883,0.002568066645656096
-474.19785145432826,19.44576271898631,0.0029411569758593784
-471.86431757538946,19.446115657823412,0.003322035975752905
-469.5307358591326,19.446514302140503,0.0037096996180493377
-467.19710072320123,19.44695946609467,0.0041031950436446665
-464.86340650126124,19.447451849499906,0.0045016208492107985
-462.52964745598103,19.44799204400181,0.004904126974906112
-460.19581779127236,19.4485805392388,0.0053099142406632825
-457.86191166379865,19.44921772894768,0.00571823357593204
-455.5279231937614,19.44990391697679,0.006128384984364341
-453.19384647498043,19.450639323174915,0.0065397162817683275
-450.85967558428496,19.45142408912873,0.006951621642512096
-448.5254045902379,19.45225828372583,0.007363539986774311
-446.191027561215,19.45314190852424,0.007774953238149454
-443.8565385728654,19.45407490291282,0.008185384478680727
-441.52193171497936,19.455057149050262,0.008594396025811862
-439.18720109779053,19.45608847657336,0.009001587453511912
-436.8523408577424,19.45716866706778,0.009406593577636142
-434.5173451627467,19.458297458297096,0.009809082423563847
-432.18220821696417,19.459474548187924,0.010208753192215043
-429.84692426513567,19.46069959857099,0.010605334238813015
-427.51148759649413,19.461972238679646,0.010998581077031456
-425.17589254828505,19.46329206840889,0.0113882744196653
-422.84013350892434,19.46465866133925,0.011774218265515064
-420.5042049208206,19.466071567531113,0.012156238040770512
-418.1681012828891,19.467530316096006,0.012534178802058989
-415.83181715278283,19.469034417552255,0.012907903507062987
-413.4953471488661,19.470583365973102,0.01327729135763767
-411.15868595195377,19.47217664093602,0.013642236219344675
-408.8218283068399,19.473813709282343,0.014002645120466986
-406.48476902363626,19.4754940266968,0.014358436832723313
-404.14750297894227,19.477217039116727,0.014709540535207566
-401.81002511686455,19.478982183980953,0.015055894562355397
-399.47233044990514,19.480788891328437,0.015397445236216863
-397.13441405973435,19.482636584756783,0.01573414578268003
-394.7962710978643,19.484524682250704,0.016065955330873634
-392.4578967862374,19.48645259689041,0.016392837994524102
-390.11928641774347,19.488419737449753,0.01671476203366102
-387.7804353566762,19.490425508893793,0.017031699094708835
-385.441339039142,19.492469312785158,0.01734362352678027
-383.101992973429,19.49455054760837,0.017650511771635895
-380.76239274034646,19.496668609020965,0.017952341824673968
-378.42253399354166,19.498822890039925,0.018249092764036575
-376.08267524673687,19.50101278117161,0.018538759195243927
-373.74255371299625,19.50323743227504,0.017411359325653585
-371.40216522112325,19.50532679539412,0.014468709229720723
-369.06152600567594,19.507063040501684,0.009632336758336192
-366.72067844081573,19.508218920912686,0.0029419669114278835
-364.3796921703062,19.508571956942056,-0.005491559328089264
-362.0386635354732,19.507912969822687,-0.015481772990336458
-359.69771397909443,19.506055157063848,-0.026763433334843913
-357.35698736024676,19.502843545063666,-0.03900063837297762
-355.0166461348391,19.49816346845891,-0.051812411765047695
-352.676866518624,19.491945979047102,-0.06478233006285082
-350.3378330011384,19.48417209943956,-0.0774945223688681
-347.99973234920566,19.474872756755296,-0.08957599380452792
-345.66274761839503,19.46412363749875,-0.10071170566750089
-343.3270527818952,19.45203823281865,-0.11065566332210026
-340.99280819395693,19.43875955322,-0.11923457450232562
-338.6601570475705,19.42445140427972,-0.1263447983463837
-336.32922287905694,19.409290028478154,-0.13194743153395933
-334.00010807563956,19.39345633669408,-0.13605933718529042
-331.67289331523625,19.377129216231843,-0.1387378794671453
-329.3476378092884,19.360480670695786,-0.14006732046947776
-327.0243801288049,19.34367259223945,-0.14015093910257848
-324.70313941773617,19.32685447954714,-0.1390684817298024
-322.3839168801905,19.310166261739564,-0.13687314438504533
-320.06669692878177,19.29374148441336,-0.1335995216248256
-317.75144795065216,19.277709541818382,-0.12926878076339457
-315.43812280563395,19.262197288126774,-0.12389282305862469
-313.1266591310587,19.24733014935974,-0.11747836273471116
-310.81697951313555,19.233232745831575,-0.11002797892615108
-308.50899158363575,19.220029388360437,-0.10155606273810375
-306.2025880570325,19.207842660831865,-0.09208284452576256
-303.89764693773265,19.196792719488773,-0.08165335340853991
-301.594031811394,19.186994317079748,-0.07034062520803375
-299.29159249334447,19.178553442054785,-0.058242626142366076
-296.9901660802979,19.1715643269177,-0.045476772842273215
-294.6895783610678,19.166107114176626,-0.03217704963794693
-292.3896455073666,19.162245868220072,-0.01848832352829621
-290.0901760031802,19.160027269396675,-0.004559936143713187
-287.7909727308526,19.15948007705943,0.009463233727723019
-285.4918351216055,19.160615665106757,0.0234554166833441
-283.1925612417927,19.16343031510876,0.03730185790047868
-280.8929496039797,19.167906538056815,0.050907563333179126
-278.59280081941284,19.174015445656796,0.06419600048166302
-276.29191896593403,19.181718965714595,0.07710576598108074
-273.9901126900483,19.190971657632325,0.08958830549886322
-271.6871960911324,19.20172225429219,0.10160568090676719
-269.3829894206174,19.213914936001,0.11312779023776409
-267.07731962829723,19.22749027082953,0.12413285837347673
-264.7700207957977,19.242386213834347,0.1346037328311398
-262.46093445013753,19.258538661774082,0.1445232809210573
-260.14990981072464,19.27588145548461,0.1538735886638193
-257.8368040360665,19.294346286124266,0.1626403349214853
-255.5214824817316,19.313863126314846,0.1708029226602946
-253.20381890657382,19.33435947703408,0.1783388119705614
-250.88369576932973,19.355760134470547,0.18521993946053142
-248.56100455319327,19.37798652720581,0.19142156918690617
-246.23564616992857,19.400957115508238,0.19692500066665744
-243.90753131606758,19.424588115588236,0.20171570116270715
-241.576580742197,19.448793999727762,0.20578109396960884
-239.24272546222966,19.473487731004116,0.20911626533668845
-236.90590693450918,19.49858168284452,0.21172548412835404
-234.56607713256784,19.523988740939924,0.21362058230392636
-232.22319848365504,19.549623210816396,0.2148198512523506
-229.87724369835706,19.575401592966678,0.21534737106055238
-227.52819550720108,19.601243277493943,0.2152332193044814
-225.1760463139018,19.627071263810482,0.21451294242890637
-222.82079776224452,19.65281281690195,0.21322269615296013
-220.4624602242163,19.678399540440306,0.21139792080742945
-218.10105227936347,19.703767290937197,0.209074062509661
-215.736600204451,19.728856178438356,0.20628817909416053
-213.3691374630384,19.753610759929654,0.2030749769108018
-210.99870417184687,19.77797975715895,0.1994662640353199
-208.6253466009878,19.801915708843186,0.19549131665739977
-206.24911671592662,19.825374666842073,0.1911778841398022
-203.87007175590557,19.84831601293885,0.18655250507598303
-201.4882738343529,19.870702313547966,0.18164157832708755
-199.10378955672715,19.892499302947215,0.17647170344871754
-196.7166896403735,19.91367590736106,0.1710710276611272
-194.32704853149016,19.934204430680396,0.16546953650413784
-191.93494399980852,19.954060775060892,0.1596997996987268
-189.54045670680122,19.973224751024738,0.15379711753401443
-187.14366973667825,19.991680405128818,0.1477988410841696
-184.74466808806278,20.009416266058917,0.14174367932813708
-182.34353813613572,20.026425507578292,0.13566924517205114
-179.94036707522633,20.04270581699894,0.12961080271718783
-177.53524237718645,20.058259113325,0.12360120492310651
-175.12825128358745,20.073091257915774,0.11767154663288613
-172.71948033263754,20.08721184351172,0.11185021745265195
-170.30901491141614,20.10063386960604,0.1061626287373385
-167.8969388470634,20.11337338505452,0.1006313426979709
-165.48333404085687,20.125449146178276,0.09527624786895669
-163.0682801433155,20.13688229592255,0.09011478618093978
-160.6518542678048,20.147696070264264,0.08516239831051253
-158.2341307393731,20.157915558061525,0.08043249113932224
-155.8151808724057,20.167567456998242,0.07593603613522323
-153.39507277756593,20.176679781334467,0.07168268396821768
-150.9738712038058,20.185281703410652,0.06768006240115419
-148.55163739939653,20.19340331089879,0.06393373963195906
-146.12842900208867,20.201075359654627,0.06044735765148985
-143.7042999589301,20.208329042572807,0.057225120297033125
-141.27930047382137,20.215196057008452,0.054270418467993395
-138.85347694698035,20.221708507224612,0.05158561993486433
-136.4268719261134,20.227898781616794,0.049171578712128405
-133.9995240723194,20.23379937106225,0.0470274511246252
-131.57146814779193,20.239442665197206,0.045150621155259946
-129.14273502796826,20.244860739735838,0.04353669679825217
-126.71335173919995,20.25008514335163,0.04217953709841628
-124.28334152199776,20.25514668780344,0.04107227969124412
-121.85272391946134,20.26007536136639,0.04020730107639366
-119.42151487609738,20.264900237495556,0.0395753659844122
-116.98972684759791,20.269649281413685,0.039165850147825844
-114.55736893382827,20.274349183431422,0.038966490028807636
-112.1244470318165,20.27902516223488,0.03896393867239441
-109.69096401234832,20.283700834875567,0.03914371096358367
-107.25691991216326,20.288398080191197,0.03949225881186758
-104.82231214254031,20.293137151248622,0.03999658363663857
-102.38713568439047,20.297936741285017,0.04064364606793159
-99.95138327543627,20.30281397881317,0.041420604986358765
-97.51504559797868,20.307784451411532,0.04231474524001311
-95.07811146380931,20.312862220840334,0.043313524114830894
-92.64056799730847,20.318059843734112,0.04440454788173501
-90.20240081606038,20.32338838947992,0.04557554594538938
-87.76359420932279,20.328857454993365,0.046814334469265334
-85.32413131472359,20.334475175129676,0.04810876197778177
-82.88399429370803,20.34024822656701,0.04944669029780177
-80.44316450651999,20.346181829402745,0.050816019417709975
-78.00162268699167,20.35227975173287,0.05220469511287063
-75.55934911678372,20.358544315146414,0.05360075612156287
-73.11632379896615,20.364976405881002,0.054992200503842466
-70.67252663026044,20.37157546994146,0.056367123845807346
-68.22793757386746,20.378339524802957,0.057713967186286665
-65.7825368308911,20.385265200865312,0.05902166900833564
-63.33630500678726,20.39234780114631,0.06027988846042629
-60.88922327064971,20.39958138776156,0.061479047234823135
-58.44127350411832,20.40695887342974,0.06261032667068155
-55.99243843930675,20.41447211263022,0.06366568384568175
-53.542701785791124,20.422111994691704,0.06463784731643096
-51.09204834642812,20.429868536369675,0.06552027896146499
-48.64046412206376,20.43773096984505,0.06630712222233522
-46.18793640568236,20.44568782451173,0.06699317195383651
-43.73445386674095,20.453727005146188,0.06757373661895075
-41.28000662612341,20.461835853540464,0.0680444533753058
-38.824586323698554,20.4700011879455,0.06840121200237667
-36.36818618114509,20.478209333385784,0.06864015823337956
-33.9108010611388,20.48644615237379,0.068757653525366
-31.452427522853945,20.494697070796835,0.06875027192179897
-28.993063874358324,20.502947103427452,0.06861476615818797
-26.532710221947028,20.511180875366435,0.06834817513971193
-24.071368516903057,20.5193826563832,0.06794782730010522
-21.609042598137073,20.52753639565921,0.06741131320379486
-19.14573823065797,20.535625753243668,0.06673647886072362
-16.68146314026873,20.543634130706955,0.06592134619863982
-14.216227044583894,20.551544692250793,0.0649641828983342
-11.7500416815138,20.559340394198593,0.06386355371619704
-9.282920834209968,20.567004020644536,0.06261832814584375
-6.814880351732624,20.574518220022036,0.061227662744646506
-4.345938165329979,20.581865539551394,0.059690937679086196
-1.876114300583812,20.589028452072885,0.058007721610486875
0.5945691136649343,20.595989378666143,0.056177728418395106
3.0660878391048714,20.60273070607635,0.05420075850725775
5.538415523834033,20.609234797097223,0.05207663999143241
8.0115236994857,20.615483993896195,0.04980509577846285
10.485381778753244,20.62146060538961,0.04738576743413259
12.959957051399996,20.62714689748171,0.04481824053301942
15.4352146790978,20.63252508634567,0.042102006660672646
17.91111768945928,20.63757732714495,0.03923645227207034
20.387626968716674,20.6422857014176,0.0362209492390808
22.864701252886785,20.64663221532629,0.03305493669206071
25.34229711872594,20.650598807729335,0.02973788072262057
27.820368975653462,20.65416735341605,0.026269137851739743
30.29886905806339,20.657319649958257,0.02264792288765506
32.77774741605838,20.660037400704777,0.018873340650354592
35.25695190414295,20.66230220158282,0.01494431811726248
37.73642816833289,20.66409551975689,0.010859465480938175
40.216119630703716,20.665398655614602,0.006617179607541273
42.695967469377464,20.666192717167508,0.0022156826337593398
45.175910595437564,20.66645859908356,-0.0023469971304859514
47.65588562732759,20.6661769594279,-0.007073045219815212
50.13582686245894,20.66532819400152,-0.011964847646217941
52.61566624573912,20.663892412283975,-0.01702504962762633
55.0953333352132,20.66184940632866,-0.0222565694923749
57.574755263972634,20.659178617989575,-0.027662406793503923
60.05385669813138,20.655859129174356,-0.03324558281919851
62.53255979363231,20.651869659236052,-0.0390093316767755
65.01078415274064,20.64718853943484,-0.044957201489011334
67.48844677747282,20.64179367525616,-0.051093003208290445
69.96546201850356,20.635662514871164,-0.05742061822930038
72.4417415202881,20.62877204068365,-0.06394369794272517
74.91719416517014,20.62109879693052,-0.07066572277091912
77.39172602080181,20.612618910198012,-0.07759005467820818
79.86524029002557,20.60330810363663,-0.0847199062112417
82.33763726246197,20.593141714891278,-0.09205843172003696
84.80881426824892,20.582094703084874,-0.09960870471238024
87.27866563261911,20.570141658519386,-0.1073735083039763
89.74708263164143,20.55725683752291,-0.11535527074276551
92.21395345214418,20.543414205033777,-0.12355616437540343
94.67916315674823,20.52858746530873,-0.13197806859095249
97.14259365258528,20.512750097077813,-0.1406225349144362
99.6041236642346,20.49587539288808,-0.14949067819913733
102.06362871138117,20.477936511504186,-0.15858311070466194
104.52098109276167,20.458906538219626,-0.16789977572863946
106.97604987734803,20.43875856513219,-0.17743973442452085
109.4287009051639,20.41746579700125,-0.18720143575136727
111.87879680080404,20.395001624711085,-0.19718277945431284
114.32619699576937,20.37133969117657,-0.2073811097841382
116.77075775871056,20.346453958002474,-0.21779324473074255
119.21233223367085,20.320318768634785,-0.22841545902646818
121.65077048590702,20.29290891355161,-0.23924343176631288
124.08591955553321,20.264199701739653,-0.2502723681295489
126.51762351974197,20.234167017564108,-0.2614971243578162
128.94572356184966,20.20278736264117,-0.2729121614685699
131.3700580453666,20.170037903264944,-0.28451133115097943
133.79046259375838,20.135896543526826,-0.29628771825420575
136.2067701789816,20.10034201733632,-0.308233540358025
138.61881122106195,20.063353992493358,-0.32034005674876853
141.02641370016116,20.024913185683506,-0.33259749715835835
143.4294032824432,19.9850014860245,-0.3449950080843039
145.82760346076614,19.943602085054383,-0.3575205029691576
148.22083571097266,19.900699624698085,-0.3701606608789299
150.60891966593644,19.856280345392612,-0.3829009522921196
152.99167330738356,19.81033223111756,-0.39572567202163605
155.36891317511768,19.762845150474963,-0.40861797474557277
157.7404545931747,19.713810993505493,-0.42155997529366906
160.10611191239533,19.663223796470252,-0.43453280432953734
162.46569876797176,19.611079859950706,-0.4475166848719188
164.81902835116585,19.557377857766078,-0.4604907181022607
167.16591369409778,19.502118971593806,-0.4734324005986945
169.50616797068903,19.44530708352196,-0.4863192986925693
171.83960482071166,19.386948767678852,-0.4991276041743421
174.1660386728331,19.327053455177932,-0.5118337275539715
176.48528508745446,19.265633407871455,-0.5244124490251757
178.79716109639904,19.202703913988433,-0.5368388287455969
181.10148556607766,19.138283254538962,-0.5490880134091654
183.39807955662232,19.072392692929864,-0.5611347368058187
185.6867666797739,19.005056524513165,-0.5729527444786371
187.9673734627155,18.936302195175728,-0.5845152705652582
190.23972972613657,18.866160362707898,-0.5957967775805186
192.50366896966153,18.794664749398237,-0.6067725769204155
194.75902873958933,18.721852040167786,-0.6174181121398848
197.00565098440947,18.647761866711,-0.6277093054643644
199.2433824084148,18.572436750055278,-0.6376224392565376
201.47207481842142,18.495922057344494,-0.6471343894216068
203.69158546530275,18.418265930613902,-0.6562228991931168
205.9017773769764,18.339519182710728,-0.6648664561822345
208.1025196789017,18.25973520796886,-0.67304394162721
210.29368790385797,18.178969934973594,-0.6807359140881563
212.4751642960548,18.097281625283014,-0.6879247917968041
214.64683809108877,18.014730650267396,-0.6945946992739315
216.80860576912085,17.931379286354524,-0.7007310147885903
218.9603712834834,17.847291564579894,-0.7063208750417864
221.10204627123298,17.76253305957488,-0.7113533534051923
223.23355023838195,17.677170657166258,-0.7158186688270578
225.3548107172419,17.59127241690701,-0.7197086069136688
227.46576340727074,17.50490738407737,-0.7230149433377261
229.56635229336004,17.418145590876843,-0.7257308892089864
231.65652976426526,17.331057884171766,-0.7278509811003179
233.73625671036586,17.243715766439728,-0.7293714142462798
235.80550260233863,17.156191196730173,-0.7302899079626004
237.86424554594626,17.06855640777466,-0.7306055209485278
239.9124723148792,16.980883745260837,-0.7303189126501932
241.95017836431052,16.893245475742813,-0.7294315900791235
243.97736782139967,16.805713684933316,-0.727946132127731
245.99405346359165,16.718360149077988,-0.7258666294690489
248.000256681481,16.631256153541703,-0.7231993525937442
249.99600741990602,16.544472231230454,-0.7199533390327403
251.98134408765367,16.458077830546525,-0.7161389201274807
253.95631342731926,16.37214116013123,-0.7117678475200845
255.92097036653502,16.28672901842882,-0.7068531494735198
257.8753778487465,16.201906640491995,-0.7014090118610318
259.8196066456055,16.117737559068672,-0.6954509026333091
261.75373515269376,16.034283450752675,-0.6889965537903914
263.6778491667841,15.951603864297828,-0.6820641698245367
265.5920416304998,15.869756163918884,-0.6746734358447425
267.49641237017005,15.788795351617516,-0.6668447119190511
269.39106781236416,15.70877398618723,-0.6585987778040007
271.27612069070665,15.629742132850751,-0.649955663263156
273.15168974664874,15.551747453259173,-0.6409361558813484
275.01789944103984,15.47483511455341,-0.6315610780453549
276.87487965478624,15.399047785187967,-0.6218508999943327
278.72276538900877,15.324425677188648,-0.611825936238397
280.5616964702714,15.25100656484004,-0.6015066137541321
282.3918172580522,15.178825771189544,-0.5909135870727968
284.2132763505949,15.107916140740809,-0.5800674847856391
286.02622628748384,15.038308042566532,-0.5689889248989656
287.8308232525918,14.970029371578656,-0.5576985312027974
289.62722677718125,14.90310554783432,-0.5462169335901143
291.41559944292135,14.837559515803507,-0.5345648415589865
293.19610658481776,14.77341173481643,-0.5227628708589164
294.96891599299573,14.71068019031336,-0.5108313203175628
296.73419761583335,14.649380431875253,-0.4987898803166462
298.49212326765837,14.589525646237256,-0.4866576852451092
300.24286634520683,14.531126724007843,-0.4744532914952822
301.9866015520878,14.474192329028408,-0.4621946629036568
303.7235046315712,14.41872896947997,-0.44989898035680037
305.45375210790877,14.364741091837153,-0.43758261609727805
307.1775210389292,14.31223117790548,-0.4252612081169866
308.8949887802779,14.26119983293144,-0.41294972120145124
310.6063327602297,14.211645866387267,-0.4006624793911075
312.31173026419617,14.163566368860334,-0.3884131984278082
314.0113582284594,14.116956785048997,-0.3762150144469116
315.7053930426653,14.071810983315368,-0.3640805589299966
317.3940103606632,14.028121316243768,-0.35202198646890315
319.07738491861244,13.985878677867499,-0.34005119710885073
320.75569035995653,13.945072534214436,-0.32817968999206615
322.42909906406226,13.905690971415387,-0.3164185078549512
324.0977819806321,13.867720750472794,-0.30477826310424205
325.7619084706888,13.831147358900285,-0.2932689822806223
327.42164615375685,13.79595508102661,-0.2819001051397965
329.07716076348004,13.762127068409836,-0.27068043160958183
330.7286160116892,13.729645416616686,-0.2596180323426216
332.3761734616832,13.698491252735572,-0.24872031002966077
334.0199924120115,13.668644815532012,-0.23799416686985206
335.66022978987536,13.64008551550763,-0.2274459007622349
337.29704005173625,13.612792007416163,-0.2170811735115578
338.9305750926262,13.586742266594776,-0.20690516641505738
340.5609841646176,13.56191364662497,-0.1969225007951512
342.1884138022126,13.53828294652955,-0.1871372580977198
343.81300775579615,13.515826475557825,-0.17755302832891126
345.4349069328631,13.494520112158355,-0.16817288785153542
347.0542493463221,13.47433936561617,-0.15899933355798468
348.671170070196,13.455259445589213,-0.15003432009042877
350.2858012036667,13.437255327178361,-0.14127925922157916
351.8982718429281,13.420301816071772,-0.13273510719985535
353.50870806085675,13.40437360320779,-0.12440262292301747
355.1172328932417,13.389445288457027,-0.11628208160831564
356.72396632785654,13.37549143866403,-0.10837333049133165
358.32902530049626,13.36248663900507,-0.1006758564236123
359.93252369717686,13.350405536234236,-0.09318877459184867
361.53457236152497,13.339222883283215,-0.08591086104785446
363.13527910751895,13.328913579957472,-0.07884060607944307
364.7347487371139,13.319452707227939,-0.07197623744810785
366.33308306198126,13.310815558734166,-0.06531568824520279
367.93038092902935,13.302977676144742,-0.058856672760777363
369.5267382501667,13.295914875413448,-0.05259676019500109
371.12224803521633,13.289603264190047,-0.046533256892051796
372.7170004269191,13.284019273363,-0.04066325017391017
374.3110827397227,13.279139683342132,-0.03498373116046932
375.90457950172373,13.274941635602875,-0.02949164582029946
377.4975724979961,13.271402638104439,-0.024183828259990537
379.0901408145686,13.26850057871324,-0.019056864135388523
380.6823608840142,13.266213755016993,-0.014107257252626678
382.27430653461624,13.264520884146679,-0.00933147284421057
383.86604904071385,13.263401107405373,-0.004725856140036905
385.4576571736025,13.26283400466857,-0.00028669231161175865
387.0491972541627,13.262799601591176,0.003989701251468697
388.6407332063537,13.263278365741353,0.008106962442068726
390.23232661024264,13.264251201234401,0.012068691165205099
391.82403675439076,13.265699444174226,0.015878356418781846
393.41592068769165,13.26760484694448,0.01953933006995324
395.008033269325,13.269949566552874,0.023054943115078316
396.60042721731133,13.272716159726684,0.026428276322159865
398.19315315647856,13.275887552885344,0.029662201359650572
399.7862596628248,13.279447017048502,0.03275938624406622
401.37979330487065,13.28337814339779,0.035722430822079265
402.9737986820784,13.28766483509644,0.03855391253231594
404.56831846228994,13.292291304600317,0.04125642767030066
406.16339341884196,13.297242075920753,0.04383262294751486
407.75906246795245,13.302501990674454,0.046284897000001386
409.3553627068334,13.308056178314454,0.048615550694052836
410.9523294482311,13.31389004439774,0.05082698451743639
412.54999625355885,13.319989282539831,0.052921315661719245
414.1483949674636,13.326339840419237,0.05490060254302507
415.7475557483139,13.3329279127244,0.056766977758819864
417.34750709784083,13.33973995005546,0.0585229405716641
418.9482758918475,13.34676270292406,0.060171751571159095
420.54988741619843,13.3539833131126,0.06171715515219887
422.1523654137719,13.361389371730864,0.06316321361281645
423.75573213837964,13.368968957364402,0.06451410256151498
425.36000841326336,13.376710649671784,0.06577401401289176
426.965213691224,13.384603531353331,0.06694709381558006
428.5713661149864,13.392637182611201,0.06803751851827584
430.17848257689974,13.400801684833395,0.06904950277062788
431.7865787790797,13.40908762516587,0.06998701476152741
433.3956692940996,13.417486066937254,0.0708537299089812
435.00576762213205,13.425988514526331,0.07165291500538346
436.61688624387523,13.434586864326977,0.07238766156248058
438.22903666759447,13.443273383714475,0.07306121847635161
439.8422294736402,13.452040729931637,0.07367678373257394
441.456474361232,13.460881943979546,0.07423742179005728
443.07178019450953,13.469790434594353,0.07474605480689894
444.6881550466608,13.47875996117118,0.07520546689007947
446.3056062420014,13.48778461719799,0.0756183101866789
447.9241403960651,13.496858814420392,0.07598710583769704
449.5437634537956,13.505977267120915,0.07631424172642519
451.16448072585007,13.515134976128087,0.07660197001175174
452.78629692298546,13.524327212529498,0.07685241894067706
454.409216188489,13.533549502802378,0.07706757011917069
456.0332421288253,13.54279761121668,0.07724924331964327
457.6583778421713,13.552067520415036,0.07739910492133432
459.2846259446211,13.561355413005597,0.07751864957731838
460.91198859418176,13.570657650954875,0.07760894168857321
462.54046751229635,13.579970723957503,0.07767068428702961
464.17006399917125,13.589291206071946,0.07770437436582214
465.8007789438999,13.598615730995846,0.0777103596076279
467.4326128316194,13.607940974148761,0.07768887554835023
469.06556574851726,13.617263639214563,0.07764006641526813
470.699637385223,13.626580447184395,0.07756396124337372
472.3348270388851,13.6358881225336,0.07746075491473349
473.97113361358913,13.645183413123368,0.07733071712049813
475.6085556231639,13.654463099177828,0.07717410509363393
477.24709119506525,13.663723991789064,0.07699112889122696
478.8867380740799,13.67296292725601,0.07678229388344941
480.52749362535064,13.682176802522024,0.07654833562369183
482.1693548416533,13.691362602796866,0.07629008590540176
483.81231835398887,13.700517413105514,0.07600844231006049
485.45638044356156,13.709638426182721,0.0757043418593778
487.1015370547035,13.718722947205846,0.07537857395368655
488.7477838083682,13.727768376080288,0.07503185919385137
490.39511601349784,13.73677219918355,0.0746649108405216
492.0435286773999,13.745731988484412,0.07427838362247681
493.693016516018,13.754645394519109,0.07387287242119292
495.3435739633603,13.763510139209652,0.07344891949028955
496.9951951800655,13.772324009548488,0.07300700718143727
498.6478740612113,13.78108485041026,0.07254760998042126
500.30160424326056,13.78979056360791,0.07207118567250805
501.9563791108935,13.798439105888612,0.07157817675727417
503.6121918036002,13.807028487099485,0.07106901862835349
505.26903522205214,13.815556769334888,0.07054413462960907
506.92690203437235,13.82402206549044,0.07000393864904197
508.5857846822312,13.832422538128325,0.06944883844349774
510.24567538680657,13.840756398741545,0.06887922688220949
511.90656615465554,13.84902190596741,0.06829549251571963
513.5684487833717,13.857217365069296,0.06769795790179292
515.23131486718,13.865341120017511,0.06708689594019429
516.8951558015821,13.873391547530336,0.06646256469291292
518.5599627872857,13.881367055293484,0.06582519731760188
520.2257268339209,13.889266078971596,0.06517506298854935
521.8924387633975,13.897087086530222,0.0645124843665304
523.5600892137811,13.904828584654206,0.0638378054833474
525.2286686439396,13.912489121312207,0.06315138516720914
526.898167338497,13.920067287532273,0.062453596517398784
528.5685754130009,13.927561719114362,0.061744834088063416
530.2398828192946,13.93497109920493,0.06102551280281737
531.9120793511992,13.942294160741268,0.06029606311971673
533.5851546504881,13.949529688315634,0.05955693066147041
535.259098213086,13.95667651999501,0.05880857338406939
536.9338993954854,13.963733548801098,0.058051460558474
538.6095474213415,13.970699724068115,0.05728613546759479
540.2860313882297,13.977574060324226,0.056513170199169405
541.9633402754687,13.984355640748127,0.05573314293566242
543.6414629523584,13.991043617900408,0.054946643787123446
545.3203881865065,13.997637215154862,0.05415425668890862
547.0001046523251,14.00413572595753,0.05335655330091237
548.6806009394401,14.010538512353639,0.05255409157695303
550.3618655609225,14.016845003342873,0.05174741328353387
552.0438869613237,14.023054692936897,0.050937045058771495
553.7266535244761,14.02916713834395,0.05012347913965517
555.4101535810773,14.03518195584071,0.049307188197815176
557.0943754157782,14.041098818424448,0.04848862981999907
558.7793072739892,14.046917454002848,0.0476682471138912
560.4649373684695,14.052637643656515,0.04684647366423441
562.1512538857082,14.058259220496224,0.046023728300472216
563.8382449921678,14.06378206789228,0.04520041493628253
565.5258988403149,14.069206117684635,0.04437692225057803
567.2142035744371,14.074531348354704,0.04355362971887893
568.9031473362396,14.07975778392097,0.04273091120210049
570.5927182703101,14.084885493265222,0.04190913485008931
572.2829045295019,14.089914589447233,0.041088663328633125
573.9736942802356,14.094845229046669,0.04026985435551425
575.6650757077211,14.09967761156933,0.039453059165793905
577.3570370211095,14.104411978669225,0.038638622456931324
579.0495664585497,14.109048613364056,0.03782688300766145
580.7426522921535,14.113587839324975,0.03701817269761045
582.4362828328725,14.118030020048687,0.036212813729208065
584.1304464352784,14.122375557696191,0.03541112023097226
585.8251315022019,14.126624892123909,0.034613399806990686
587.5203264892567,14.130778500100748,0.03381995175221092
589.2160199092688,14.134836894311013,0.033031065773687245
590.9122003365861,14.138800622203854,0.03224702651139953
592.6088564112506,14.142670265385222,0.03146810896550096
594.3059768430968,14.146446438461082,0.030694575879609196
596.0035504157121,14.150129787566636,0.029926681680409156
597.70156599022,14.153720989368285,0.029164671722047692
599.4000125089442,14.15722074997493,0.02840878242437346
601.0988789989412,14.160629803865856,0.02765924214350642
602.7981545754052,14.163948912923077,0.026916268832142036
604.497828444956,14.167178865182935,0.026180075555091584
606.1978899087779,14.170320474249547,0.025450869136693022
607.8983283656879,14.17337457854595,0.0247288485174075
609.5991333151135,14.176342040368038,0.024014206108732825
611.3002943599577,14.179223745101085,0.023307125223786224
613.0018012093698,14.18202060012794,0.022607773888494036
614.7036436813851,14.184733532994558,0.021916307867017846
616.4058117053444,14.187363489938601,0.021232874834629805
618.108295324137,14.189911434918757,0.020557614343919027
619.8110846963273,14.192378348640029,0.019890657041600465
621.5141700981641,14.194765227485021,0.01923212591342316
623.2175419254622,14.197073082594633,0.018582138109051075
624.9211906953736,14.199302939167719,0.01794080180327188
626.6251070480738,14.201455835384111,0.017308220142795597
628.3292817483199,14.203532821801247,0.01668448991502545
630.0337056869361,14.20553496059105,0.016069700134379375
631.7383698822069,14.207463324607176,0.015463932585842752
633.4432654811598,14.209318996517476,0.014867263812392445
635.1483837607418,14.211103068174964,0.014279763279046075
636.8537161289228,14.21281663976845,0.013701496185898752
638.559254125695,14.214460819310757,0.013132522034581902
640.2649894240124,14.216036721954907,0.012572894601172753
641.970913830647,14.217545469307048,0.012022657417479671
643.6770192869639,14.218988188197144,0.011481845037074263
645.3832978695475,14.220366009601593,0.01095048642543642
647.0897417906997,14.221680067972645,0.010428604420711118
648.7963433988564,14.222931500503131,0.00991621457553383
650.5030951789167,14.224121446252196,0.009413327428967694
652.209989752467,14.225251045543672,0.008919950142467178
653.9170198779323,14.226321439560769,0.008436092956666244
655.6241784506796,14.22733377071557,0.007961768433400202
657.3314585031654,14.228289182927577,0.00749698518002017
659.0388532051168,14.22918882114918,0.007041747515664086
660.7463558636547,14.23003383085106,0.006596053778882626
662.4539599233568,14.230825357304525,0.006159895267120718
664.1616589662334,14.23156454473658,0.005733258392490575
665.8694467116018,14.23225253574368,0.005316123841476907
667.577317015891,14.232890470604657,0.004908467061709782
669.2852638723635,14.233479486652062,0.004510258783817742
670.9932814107618,14.23402071770612,0.004121468140230646
672.7013638968865,14.234515293882946,0.003742061074629959
674.4095057321524,14.234964341211903,0.0033720022561669945
676.1177014530979,14.235368981482642,0.0030112572337846824
677.8259457308758,14.235730332350697,0.0026597938444301097
679.5342333707579,14.236049507612028,0.0023175833313517917
681.2425593116714,14.23632761761179,0.0019846036196123668
682.9509186257848,14.236565770046143,0.0016608452955177105
684.6593065181903,14.236765071481605,0.001346335595990094
686.3677183267681,14.236926631753123,0.0010411200557079918
688.0761495225785,14.237051566159808,0.0007452852792914526
689.7845957105177,14.237141000393324,0.0004589598136172429
691.4930526305649,14.237196075570958,0.0001822914047541435
693.2015161596333,14.237217950539529,-8.454642392978106e-05
694.909982313698,14.237207804968657,-0.0003413668703519701
696.6184472502943,14.237166840944214,-0.0005879830726237561
698.3269072712076,14.237096282975498,-0.0008241908456027802
700.0353588251646,14.236997380074026,-0.0010497663062636951
701.7437985107736,14.236871408117274,-0.0012644638372379673
703.4522230797477,14.236719672456806,-0.0014680051406187721
705.1606294404424,14.236543511839931,-0.0016600772223694625
706.8690146618633,14.236344302573247,-0.001840328843687396
708.5773759781721,14.236123463112005,-0.0020083649138822835
710.2857107937456,14.235882459322339,-0.002163740482166818
711.9940166888642,14.235622810464479,-0.0023059736651074875
713.7022914261199,14.235346093624665,-0.0024345360973481987
715.4105329573549,14.235053949292983,-0.0025488362299867784
717.1187394312701,14.234748088945384,-0.0026482165188043555
718.8269092019435,14.234430302963128,-0.0027319357178027135
720.5350408382991,14.234102470676993,-0.0027991797516569586
722.2431331347804,14.233766569106793,-0.0028490772686618412
723.9511851230732,14.233424679834554,-0.0028807048707319713
725.6591960846533,14.233078995250066,-0.0028930645569108897
727.3671655640834,14.232731827503237,-0.0028850672149149242
729.0750933833838,14.232385619437448,-0.0028555292739764412
730.7829796577163,14.232042955924571,-0.0028031685396427146
732.4908248124273,14.231706575699814,-0.0027265982904693914
734.1986296015112,14.231379383904958,-0.002624330377970753
735.9063951275798,14.231064464259601,-0.0024947732292410906
737.614122863291,14.230765091472092,-0.002336232981838386
739.3218146742676,14.230484743514271,-0.0021469114255975074
741.0294728434893,14.230227114143199,-0.0019249078331769125
742.7371000971865,14.229996125203218,-0.0016682241736249758
744.4446996322109,14.229795938302383,-0.0013747691129250277
746.1522751448072,14.229630966008832,-0.0010423506865693854
747.8598308607283,14.229505883926445,-0.0006686742330907497
749.5673715667995,14.229425643018473,-0.0002513623504796636
751.2749026439617,14.229395479536416,0.0002120331372606271
752.9824301015061,14.229420923512887,0.0007240252811280862
754.6899606123277,14.229507806546621,0.0012872547765659442
756.3975015491133,14.22966227711981,0.0019044584317059932
758.1050610223676,14.229890812131615,0.0025784328796949084
759.8126479198235,14.230200224077178,0.0033120293241097154
761.5202719467127,14.230597667596072,0.00410812216793969
763.2279436668242,14.231090642256225,0.0049695914854270395
764.935674543895,14.231686993234476,0.00589931736562562
766.6434769830831,14.232394911318352,0.006900149281904225
768.3513643724414,14.23322292923218,0.007974864605522007
770.0593511239492,14.234179912984843,0.00912614631357687
771.7674527135074,14.235275050542471,0.010356564270383383
773.4756857195725,14.236517838254917,0.011668591873120417
775.1840678601632,14.237918069279692,0.013064608774098674
776.8926180284767,14.239485822332584,0.014546896711835403
778.6013563271566,14.241231449938004,0.016117637772913637
780.3103041011492,14.243165566470754,0.017778919630167367
782.0194839691256,14.245299036826374,0.019532733221373555
783.7289198535448,14.24764296481294,0.021380910288091144
785.4386370093223,14.25020867404751,0.02332515127882996
787.148662050208,14.253007692200969,0.025367023079575526
788.8590229732722,14.256051734970518,0.02750795594373474
790.5697491814686,14.259352689683766,0.029749236231776957
792.2808715042307,14.26292259803158,0.03209199730693791
793.9924222159946,14.266773637708413,0.03453720936952419
795.7044350525196,14.270918102832756,0.0370856548393871
797.4169452248594,14.275368381413482,0.03973792100660506
799.129989430629,14.280136931934274,0.04249441012251325
800.8436058624611,14.285236261148976,0.045355335416731105
802.557834213799,14.290678901398984,0.04832082070851672
804.2727156819668,14.296477399884006,0.05139086541253673
805.9882929699529,14.30264430373351,0.054565303951374274
807.7046102864009,14.309192140207676,0.057843807621872384
809.4217133432259,14.3161333971223,0.06122586988652598
811.1396493508805,14.323480501508683,0.06471061728168243
812.8584670110615,14.331245775582484,0.06829690937448084
814.5782165041314,14.339441404707422,0.07198337557987171
816.2989494726963,14.348079409777007,0.07576847415343863
818.0207190018696,14.35717162667542,0.0796505439546326
819.7435795970706,14.366729691949976,0.08362775979019715
821.4675871601046,14.376765023124799,0.08769812475079855
823.1927989628796,14.387288798094895,0.09185940072022004
824.919273618651,14.398311926181321,0.09610913703821822
826.6470710497928,14.409845022625907,0.1004447218210023
828.3762524525079,14.421898389244427,0.10486339906863211
830.1068802592172,14.434481997132663,0.10936226526237823
831.8390180988731,14.447605468964149,0.11393826564225724
833.5727307551488,14.46127806084122,0.11858821095540123
835.3080841224497,14.475508646155868,0.12330879508625216
837.0451451599885,14.490305701566218,0.1280965964153024
838.7839818441764,14.505677293136054,0.1329480617487618
840.5246631193528,14.521631060545905,0.1378595538553996
842.2672588466183,14.538174207008554,0.14282737180923605
844.0118397514593,14.555313491625663,0.1478477652701135
845.7584773704544,14.573055223458077,0.15291694443438894
847.5072439972694,14.591405256790203,0.1580310905140061
849.2582126280842,14.610368987651883,0.1631863625293459
851.0114569066023,14.629951351155405,0.16837890639734926
852.767051068741,14.650156819923087,0.17360486738727762
854.5250698871317,14.67098940400956,0.17886039541270796
856.2855886156129,14.692452651459085,0.18414166618200523
858.048682933788,14.714549651400926,0.18944487234954055
859.8144288919561,14.737283036082871,0.19476622048654485
861.5829028562861,14.760654982541256,0.20010193443665789
863.354181454191,14.784667214673656,0.20544825907588402
865.1283415199518,14.809321005762762,0.2108014673416464
866.9054600406433,14.83461718184376,0.21615786496999975
868.6856141024646,14.860556125640159,0.2215138079990915
870.4688808375414,14.88713778260005,0.22686570558502378
872.2553373714534,14.914361667270253,0.2322100372942441
874.0450607715258,14.942226871745563,0.23754333759722934
875.8381279961352,14.97073207225723,0.24286219111646204
877.634615844806,14.999875535191205,0.24816323498680168
879.434600909029,15.02965512338962,0.2534431666230634
881.2381595238357,15.060068303384387,0.25869874390283987
883.0453677202419,15.091112152652729,0.26392679071860375
884.8563011785602,15.122783367538961,0.2691241977003046
886.6710351826649,15.155078271262997,0.2742879258940618
888.4896445752165,15.187992822370285,0.2794150344835556
890.312203713901,15.221522626508312,0.2845026659074192
892.138786429082,15.255662946417202,0.2895480419023166
893.969465982652,15.29040871144548,0.29454846111739597
895.8043150280254,15.325754526779567,0.29950127384887176
897.6434055712389,15.361694679641433,0.30440390013276125
899.4868089327958,15.398223147657363,0.3092538398181241
901.3345957105147,15.435333608435538,0.3140486750843597
903.1868357435269,15.473019449445662,0.3187860721056135
905.0435980774604,15.511273778098335,0.32346378251515173
906.9049509308322,15.550089432000153,0.3280796432194188
908.7709616626722,15.589458989186483,0.3326315508412869
910.6416967413746,15.629374775287436,0.33711748142817566
912.5172217144092,15.669828873058817,0.3415355014812845
914.3976011791763,15.710813133236572,0.3458837652039841
916.2828987551646,15.75231918506105,0.35016052831287975
918.173177057372,15.794338448458596,0.3543641608447052
920.068497671187,15.83686214775996,0.3584931213754618
921.9689211289182,15.879881322325016,0.3625459435455728
923.8745068875971,15.923386835550485,0.3665212339618606
925.7853133078632,15.967369383625908,0.3704176627647042
927.7013976338984,16.01181950315767,0.3742339596901471
929.6228159742773,16.056727578320487,0.37796890753519014
931.5496232836757,16.10208384722471,0.3816213390220772
933.4818733453427,16.147878407907356,0.38519013141409175
935.4196187542916,16.19410122367705,0.3886742018895968
937.3629109011329,16.2407421279038,0.3920725049232645
939.3117999564813,16.287790828494593,0.3953840453832943
941.2663348559007,16.335236913940587,0.3986078726206842
943.2265632855735,16.38306985865507,0.40174307200319553
945.1925316686121,16.431279027295453,0.4047887606684365
947.1642851518876,16.479853678575665,0.4077440827654768
949.1418675933166,16.52878296850752,0.41060821115262297
951.1253215495376,16.578055953845837,0.4133803428668846
953.1146882639991,16.627661594989863,0.41605970837595313
955.1100076553979,16.67758875999498,0.41864555506078
957.1113183065974,16.72782622660227,0.4211370684992908
959.1186574537896,16.778362674822187,0.42353342212093664
961.1320609747683,16.8291866854767,0.4258337943059193
963.1515633770255,16.88028674079341,0.4280373719474217
965.1771977859207,16.9316512254271,0.43014334644094726
967.208995932972,16.983268427000013,0.4321509150918378
969.246988144212,17.035126536811035,0.4340592830357611
971.2912033286293,17.087213650775325,0.43586766349041056
973.3416689667223,17.139517770394175,0.43757527934869467
975.3984110991696,17.19202680391602,0.43918137017755216
977.4614543156396,17.244728568337326,0.44068519417722873
979.5308217438401,17.297610791638593,0.4420860228957446
981.6065350388367,17.35066111438608,0.4433831032014507
983.688614372563,17.403867086770255,0.4445756679420863
985.7770784229755,17.457216166923306,0.4456629441043019
987.8719443630063,17.51069572021582,0.44664416266581075
989.9732278494322,17.564293019735718,0.44751855535605434
992.0809430118005,17.617995246378445,0.4482853543452314
994.195102441366,17.671789488899872,0.44894375978025536
996.315717180034,17.725662740073503,0.44949295234711645
998.4427967088428,17.779601894355157,0.44993210332169015
1000.5763489361655,17.83359374675376,0.45026038572777966
1002.716380185776,17.887624993041094,0.45047697790438757
1004.8628951849408,17.94168223038962,0.4505810741848669
1007.0158970525875,17.995751959291805,0.4505719104812872
1009.1753872877026,18.04982058854956,0.45044874836539817
1011.3413657583286,18.103874438353408,0.4502108729181332
1013.5138306909311,18.157899743103584,0.44985759359547084
1015.6927786601035,18.211882654335042,0.44938822410601
1017.8782045786237,18.265809241227764,0.44880208653267734
1020.0701016875711,18.319665491611687,0.44809852508661563
1022.2684615465645,18.37343731462208,0.4472769076794588
1024.4732740243192,18.427110543543616,0.44633662784232275
1026.6845272895443,18.480670938884696,0.445277167467053
1028.9022078022106,18.534104198980742,0.44409809678182693
1031.1263003060883,18.58739597059456,0.4427990272720698
1033.3567878225597,18.64053185386721,0.441379471246943
1035.5936516450238,18.69349739041684,0.4398388902735823
1037.836871331874,18.746278057249672,0.43817679334647297
1040.086424698744,18.79885927245125,0.4363927399290166
1042.3422878114382,18.85122640124273,0.4344863529201682
1044.6044349795873,18.90336476359315,0.43245727491328706
1046.8728387512185,18.955259636582745,0.43030518765157916
1049.1474699076084,19.006896259100934,0.4280296360558358
1051.4282974587006,19.058259815427633,0.4256300154120154
1053.715288636552,19.109335417277073,0.42310585039909965
1056.0084088866254,19.160108119324963,0.420456794339929
1058.3076218609444,19.210562934645754,0.4176825229056866
1060.612889413102,19.260684837394436,0.41478257656427425
1062.9241715935893,19.31045874658215,0.411756391074698
1065.2414266431792,19.359869513511114,0.40860362131833927
1067.5646109848005,19.408901948069314,0.40532442032247623
1069.8936792185689,19.45754087850801,0.4019192365366539
1072.2285841239898,19.505771186892407,0.39838877306486425
1074.569276666417,19.55357783966019,0.39473411635519284
1076.9157060071761,19.600945933622814,0.3909566630643149
1079.267819519211,19.64786073319053,0.38705823578025766
1081.6255628071938,19.69430772148416,0.3830410264152801
1083.988879733772,19.740272644653995,0.37890750550605856
1086.3577124511303,19.78574154531472,0.3746602322550578
1088.732001436568,19.830700773185328,0.37030201833556015
1091.1116855293503,19.875137015385594,0.36583562368117234
1093.4967019711967,19.919037290227333,0.36126359463594787
1095.886986446024,19.962388921583646,0.35658846511443615
1098.282473116614,20.005179537397378,0.35181270938638337
1100.6830946611017,20.047397062523743,0.3469386660920602
1103.0887823086046,20.08902970245479,0.3419688433964583
1105.4994658728992,20.130065963662368,0.33690590653475105
1107.9150737885386,20.170494672446537,0.3317525294515431
1110.335533149232,20.210304975980723,0.3265115536999548
1112.7607697463498,20.24948636242472,0.321185981856145
1115.1907081098407,20.288028680247457,0.31577888242776925
1117.6252715514704,20.32592214613879,0.3102934392911186
1120.0643822090071,20.363157358853723,0.3047330495692723
1122.5079610920695,20.399725324802034,0.29910123949951783
1124.9559281310458,20.435617473541978,0.29340159034770014
1127.4082022278708,20.470825664383703,0.2876378411248186
1129.8647013075968,20.50534220531868,0.2818138569179341
1132.325342372235,20.539159868148833,0.2759335904164128
1134.7900415564127,20.572271898998803,0.2700009967515954
1137.2587141842926,20.604672018608994,0.26402010607118487
1139.7312748265256,20.636354431337537,0.25799500880737997
1142.207637358286,20.667313832394424,0.25192992266268505
1144.6877150181733,20.697545423113947,0.24582921364900923
1147.171420468947,20.727044928751827,0.23969734822495545
1149.6586658603972,20.75580861053882,0.2335388358695979
1152.1493628936619,20.78383327084317,0.2273582037463653
1154.643422886163,20.811116255292735,0.2211598062662058
1157.1407568367981,20.83765543204468,0.2149478919918487
1159.6412754886435,20.863449179083702,0.2087266391715785
1162.1448893901336,20.888496375784293,0.20250028991187155
1164.6515089552277,20.912796410573716,0.1962730909155727
1167.1610445244964,20.936349181483585,0.19004922048249293
1169.6734064262744,20.959155087941486,0.1838328264179023
1172.1885050368273,20.981215027111634,0.1776280824260188
1174.7062508400807,21.002530397002758,0.17143921727757314
1177.226554487721,21.023103103076068,0.16527047050556046
1179.7493268600902,21.042935559536733,0.1591260127101816
1182.2744791272346,21.062030681061955,0.15300985306579853
1184.801922808962,21.080391863429853,0.1469258663259559
1187.3315698325737,21.098022967388967,0.14087779613586607
1189.8633325886603,21.11492830292527,0.1348692422341143
1192.3971239850114,21.131112611993366,0.1289037000098013
1194.9328574984506,21.14658105599454,0.12298455253784607
1197.47044722517,21.161339202299082,0.11711502548267165
1200.0098079294457,21.175393005357,0.11129817976560621
1202.5508550900886,21.188748786928873,0.10553690247811905
1205.09350494452,21.201413215226246,0.09983389544652482
1207.637674530347,21.213393282679828,0.09419167275529335
1210.1832817242687,21.224696283410463,0.08861267658073867
1212.7302452782778,21.235329804600152,0.08309926459693322
1215.27848485483,21.245301716351783,0.07765361581125974
1217.827921060792,21.254620150249135,0.07227759979291314
1220.3784754788219,21.263293462224283,0.06697295348883502
1222.9300706942888,21.271330216642944,0.06174133654837861
1225.482630320286,21.27873917702875,0.05658431242771857
1228.0360790215295,21.285529294520078,0.05150333796621849
1230.590342536872,21.291709695076023,0.04649976171203905
1233.145347700281,21.29728966648147,0.0415748392425569
1235.7010224602589,21.302278647190576,0.036729715071098984
1238.2572958979217,21.306686212999107,0.031965428952808156
1240.8140982434816,21.310522064473446,0.027282928098330394
1243.3713608912183,21.313796015845245,0.022683064104217127
1245.9290164131196,21.31651798353775,0.01816659903650011
1248.486998571144,21.31869797542213,0.013734197367692366
1251.0452423281947,21.32034607910625,0.009386437871236329
1253.6036838576874,21.3214724516508,0.005123804836571115
1256.1622605518855,21.322087308231186,0.0009466811795165186
1258.7209110288734,21.32220090997273,-0.003144643661377176
1261.2795751380702,21.321823552733363,-0.007149978273506737
1263.8381939643982,21.320965555340543,-0.011069225795171968
1266.396709831039,21.319637248245122,-0.014902394045360019
1268.9550663008285,21.31784896095968,-0.018649565389856144
1271.5132081761437,21.315611013112896,-0.02231089225839915
1274.0710814977174,21.31293370604189,-0.025886583630059405
1276.6286335424425,21.30982731600628,-0.02937689854764536
1279.1858128203633,21.306302088180562,-0.0327821589528987
1281.742569070945,21.302368229106214,-0.036102851571181156
1284.2988532584377,21.298035886917674,-0.039339545342590286
1286.8546175648678,21.293315141476562,-0.04249282506994395
1289.409815381845,21.288216002468168,-0.045563207487423686
1291.9644013021411,21.282748417569678,-0.04855118879698943
1294.5183311122496,21.27692227491404,-0.051457256785760415
1297.0715617852393,21.270747404099748,-0.05428188738413513
1299.6240514737312,21.264233577613652,-0.057025548502728306
1302.175759503045,21.257390511793325,-0.05968869388465439
1304.72664636446,21.250227868527165,-0.062271785830739126
1307.2766737086833,21.242755254227475,-0.06477531131962062
1309.8258043391907,21.23498221686912,-0.06719980276349191
1312.374002205215,21.2269182405375,-0.0695458399240847
1314.9212323940794,21.21857273974661,-0.07181405946508956
1317.467461122849,21.2099550526108,-0.07400518155524728
1320.0126557291624,21.201074430824168,-0.07611998834096574
1322.5567846608612,21.19194003222325,-0.07815930333931645
1325.099817464728,21.18256091582253,-0.08012399714112566
1327.6417247746267,21.172946036165595,-0.08201498507966978
1330.1824782989665,21.163104237956034,-0.08383322303842491
1332.7220508075213,21.153044251191425,-0.08557970054893771
1335.2604161176644,21.142774687125552,-0.08725540350517148
1337.7975490801193,21.13230403870493,-0.08886129783265934
1340.333425564764,21.121640682965012,-0.09039834865239786
1342.8680224467198,21.110792881126724,-0.09186751133343371
1345.401317592455,21.099768779766713,-0.09326972169240742
1347.9332898460268,21.088576413163622,-0.09460582976547738
1350.4639190156065,21.077223713591763,-0.0958764653502665
1352.9931858612374,21.06571853774973,-0.0970824489581257
1355.5210720857674,21.054068643874757,-0.098224939513479
1358.0475603230325,21.04228165113314,-0.09930521756930294
1360.5726341211684,21.030365025024825,-0.10032457980867693
1363.0962779241713,21.018326075447785,-0.10128436126789461
1365.618477053225,21.006171952095638,-0.102185924383176
1368.1392176874765,20.993909641169658,-0.10303068848876662
1370.6584868444168,20.981545958551006,-0.10382007885775972
1373.176272359443,20.969087549088076,-0.10455545102425706
1375.6925628653335,20.956540894965165,-0.10523803422194213
1378.2073477727292,20.94391233085853,-0.10586899280308155
1380.7206172524322,20.931208051722162,-0.10644941942257412
1383.2323622186389,20.918434121391453,-0.1069803292364325
1385.7425743132058,20.90559648188308,-0.10746268069136339
1388.2512458910317,20.892700960200116,-0.10789738916862701
1390.7583700062557,20.87975327349988,-0.10828534127880535
1393.2639403990756,20.866759032546423,-0.10862741094123878
1395.7679514829813,20.853723743233473,-0.10892447505645625
1398.2703983321694,20.8406528062267,-0.1091774187225691
1400.7712766689167,20.82755151597999,-0.10938702699590831
1403.2705828508342,20.81442507274048,-0.10955407549391641
1405.768313859563,20.80127858368121,-0.1096794050349975
1408.2644672896047,20.78811705507701,-0.10976386045457895
1410.7590413362138,20.77494539182246,-0.10980802443175545
1413.2520347832326,20.761768428890647,-0.1098124297411993
1415.7434469946995,20.748590937321705,-0.10977774431471041
1418.233277907178,20.73541760800394,-0.10970474656128015
1420.7215280201385,20.722253038416586,-0.10959426373734421
1423.2081983847486,20.709101726768104,-0.1094471659914635
1425.6932905919607,20.69596806684913,-0.1092645035865742
1428.1768067599826,20.68285632641874,-0.10904742554830717
1430.658749519153,20.669770635352943,-0.10879720379349962
1433.1391219953953,20.656714970897724,-0.10851512956062095
1435.617927791903,20.643693155350448,-0.10820250013002959
1438.095170970545,20.630708855334845,-0.10786067591885438
1440.5708560331852,20.61776557422458,-0.10749099405177064
1443.044987902092,20.60486665493837,-0.10709489345620257
1445.5175719006847,20.592015267723625,-0.10667379825497618
1447.9886137328115,20.579214411933027,-0.10622902410190542
1450.4581194622435,20.566466929040796,-0.1057617968901651
1452.9260954937283,20.553775513413978,-0.1052732358595326
1455.392548555338,20.541142725110834,-0.10476430390693109
1457.8574856823514,20.528571008642004,-0.10423543927469961
1460.3209142033884,20.51606275592904,-0.10368691980594462
1462.7828417341,20.503620325552326,-0.10311891365284366
1465.2432761731664,20.491246055913987,-0.10253141104956488
1467.702225699876,20.47894228658804,-0.10192424852275629
1470.1596987742664,20.46671137676531,-0.101297359951731
1472.6157041394783,20.454555693571102,-0.10065089328492519
1475.0702508227068,20.44247758637691,-0.09998513026235085
1477.523348133072,20.430479370745427,-0.09930037225312542
1479.9750056575615,20.418563326075052,-0.09859690005214791
1482.4252332566905,20.406731698068793,-0.09787510471169786
1484.8740410604587,20.39498668550339,-0.09713549262816548
1487.3214394627191,20.38333042638801,-0.09637868003920667
1489.7674391138858,20.371764984783304,-0.09560539346968117
1492.2120509120598,20.360292337566943,-0.09481648460580001
1494.6552859925678,20.34891435941425,-0.09401282036624002
1497.0971557156975,20.3376328209703,-0.09319524844648039
1499.537671654214,20.32644939115672,-0.09236456911510944
1501.9768455811527,20.315365642862908,-0.09152152982405194
1504.4146894582962,20.30438305928402,-0.09066681480556393
1506.8512154254101,20.293503041507353,-0.08980104055474267
1509.2864357903911,20.282726916640783,-0.08892495417565237
1511.720363020388,20.272055922139703,-0.08803938534243452
1514.153009731045,20.26149119589861,-0.08714517776971681
1516.5843886745527,20.251033774566245,-0.08624316074972904
1519.0145127275007,20.240684595276278,-0.0853341495441009
1521.4433948789338,20.230444497330986,-0.08441894660699663
1523.8710482186134,20.220314223738146,-0.08349833099616172
1526.297485925462,20.210294424018606,-0.08257303008303912
1528.7227212563444,20.200385660408642,-0.08164372777293759
1531.1467675355934,20.19058841307589,-0.08071106001019451
1533.5696381451626,20.180903085874668,-0.07977560321951908
1535.9913465154675,20.171330013488326,-0.07883787290429578
1538.4119061170861,20.16186946873981,-0.07789831799372822
1540.8313304533349,20.152521670580562,-0.07695731484543297
1543.2496330538045,20.14328679279911,-0.07601519676398157
1545.6668274689403,20.13416496918743,-0.07507227383389498
1548.0829272652427,20.125156296327365,-0.07412882792217614
1550.497946020802,20.116260836976704,-0.07318511983658274
1552.9118973212392,20.107478622596314,-0.07224139163091907
1555.3247947559507,20.098809655600604,-0.07129785771822131
1557.7366519146228,20.090253912674417,-0.07035472880341889
1560.1474823841438,20.081811345218007,-0.06941221777958402
1562.55729974557,20.073481879084458,-0.06847054588875563
1564.96611757106,20.06526541357781,-0.06752993810618418
1567.3739494206893,20.057161821005067,-0.06659062234998236
1569.7808088392098,20.04917094632307,-0.06565282793506827
1572.1867093527685,20.041292606970863,-0.06471662982728926
1574.591664465605,20.03352661139159,-0.06378206244448525
1576.995687658972,20.025872763898253,-0.06284914910683898
1579.3987923906398,20.01833086600543,-0.06191791967958288
1581.8009920945603,20.01090071564388,-0.060988403421221096
1584.2023001804375,20.003582107233335,-0.06006083113807435
1586.6027300333055,19.996374807496768,-0.05913550197305409
1589.0022950102052,19.98927854726,-0.0582127410185114
1591.4010084358765,19.982293018337778,-0.057292888916220905
1593.798883598077,19.97541787166783,-0.05637631183386152
1596.1959337426772,19.968652714247767,-0.055463381674009354
1598.5921720683868,19.961997108446887,-0.054554461896591244
1600.9876117214005,19.955450573019295,-0.05364989218182596
1603.3822657901628,19.949012585957476,-0.05274998723012842
1605.7761473004778,19.94268258748986,-0.051855030080470585
1608.1692692109766,19.9364599838802,-0.050965268224354855
1610.5616444090422,19.93034415169328,-0.05008091812984988
1612.9532857072454,19.924334441517697,-0.04920216126950109
1615.3442058402275,19.918430182165356,-0.04832915373300665
1617.7344174620873,19.912630683717396,-0.04746202954218647
1620.1239331441334,19.906935240172334,-0.04660090860026844
1622.5127653729542,19.9013431311403,-0.04574591063141212
1624.900926548691,19.895853621864532,-0.04489716620990127
1627.2884289833146,19.890465961919343,-0.044054805614017124
1629.6752848987448,19.88517938524566,-0.043218955758816804
1632.0615064249744,19.8799931105546,-0.042389743302917456
1634.447105598241,19.87490634135825,-0.04156728553286153
1636.8320943592041,19.86991826709431,-0.040751695471562877
1639.2164845512555,19.865028063637723,-0.03994306882767782
1641.600287918892,19.8602348953784,-0.0391414849126437
1643.9835161063374,19.855537917188883,-0.03834699904694086
1646.3661806564,19.85093627730325,-0.037559640126366374
1648.7482930096764,19.846429120488086,-0.03677941171500123
1651.129864504135,19.842015591082287,-0.03600628682735715
1653.510906375065,19.837694836663005,-0.035240202879315376
1655.8914297554645,19.833466012317487,-0.03448107343271355
1658.2714456769427,19.82932828350556,-0.03372878591948695
1660.6509650709634,19.825280829195222,-0.032983193181597315
1663.0299987704668,19.82132284601343,-0.03224411401682552
1665.4085575119884,19.81745355233141,-0.03151133545403223
1667.7866519382683,19.81367219207693,-0.030784609980705892
1670.1642926013176,19.809978038879244,-0.030063651471913956
1672.5414899659831,19.806370400702615,-0.02934813263252825
1674.9182544140674,19.802848624786712,-0.028637685231503836
1677.294596249042,19.799412102558932,-0.027931894454895533
1679.6705257013489,19.796060275224345,-0.027230292569276813
1682.046052934376,19.792792640116033,-0.026532360786516888
1684.4211880511898,19.78960875682165,-0.025837525004203023
1686.7959411020083,19.786508253821147,-0.02514515248108363
1689.170322092467,19.783490835523416,-0.0244545517228639
1691.5443409927298,19.78055628931667,-0.023764968451426553
1693.9180077474477,19.7777044931025,-0.023075584650793724
1696.29133228662,19.774935422944406,-0.02238551680313496
1698.6643245373734,19.77224916092803,-0.02169381241989704
1701.0369944366848,19.76964590343764,-0.020999454331355746
1703.4093519450973,19.767125968917878,-0.02030135803502705
1705.7814070613674,19.764689805953676,-0.019598371053386902
1708.1531698380818,19.76233800142727,-0.018889275882777508
1710.524650398253,19.76007128832134,-0.018172785505338365
1712.8958589528515,19.757890554060697,-0.017447531802804794
1715.2668058193387,19.755796850244362,-0.016712069007398012
1717.6375014413682,19.753791401963475,-0.015964887561584148
1720.0079564096038,19.751875615456086,-0.015204415323169724
1722.3781814834585,19.750051085617304,-0.014429018722889576
1724.7481876137326,19.748319603370557,-0.013637012792762863
1727.117985966137,19.746683161835424,-0.012826661856767362
1729.4875879455572,19.745143962412612,-0.01199618306258855
1731.8570052210466,19.743704420445102,-0.011143751935349243
1734.2262497515,19.74236717021286,-0.010267504658024954
1736.5953338119257,19.741135069653897,-0.00936554338007701
1738.9642700202842,19.740011204448287,-0.00843594522503536
1741.333071364818,19.738998891021282,-0.007476764104335762
1743.7017512317404,19.73810167932876,-0.006486037452385334
1746.07032343326,19.737323354834473,-0.005461790109749018
1748.43880223584,19.736667940021302,-0.004402051235344228
1750.8072023886425,19.73613969387306,-0.0033048606204238015
1753.1755391519073,19.73574311059861,-0.0021682739942506654
1755.5438283251792,19.7354829177193,-0.0009903597510689853
1757.9120862753055,19.73536407454917,0.0002307907866584069
1760.2803299642515,19.73539176944357,0.00149706014814033
1762.6485769765848,19.735571416661347,0.002810294105703075
1765.0168455465841,19.73590865195403,0.004172300824510117
1767.3851545848186,19.73640932805297,0.005584842249166631
1769.753523704185,19.73707950912287,0.007049631412264493
1772.1219732452798,19.737925464892342,0.008568326723219393
1774.490524301067,19.738953664099128,0.01014252428142283
1776.8591987407588,19.7401707670129,0.01177375373875318
1779.2280192328003,19.74158361746155,0.013463467691054163
1781.5970092668956,19.743199233584477,0.01521303718647071
1783.9661931749258,19.745024798046853,0.017023740277694422
1786.3355961506913,19.747067646880176,0.018896752928849455
1788.705244268317,19.74933525723164,0.020833146505105055
1791.075164499185,19.75183523481225,0.02283397832241538
1793.4453847273624,19.754575312210942,0.02490021035189759
1795.8159337648276,19.75756333745317,0.02703265831805497
1798.186841365322,19.760807256451336,0.029231994683876678
1800.558138236096,19.7643150958134,0.03149874714087628
1802.9298560475936,19.768094945470306,0.03383329188636251
1805.30202744105,19.77215494049667,0.036235846938308926
1807.6746860339097,19.776503242129266,0.03870647235215561
1810.0478664229652,19.781148018811525,0.041245070023871
1812.4216041852226,19.78609742721439,0.043851381278024605
1814.7959358764883,19.79135959296775,0.046524996097788394
1817.1708990276445,19.796942592499487,0.049265353805576735
1819.5465321387444,19.802854434956156,0.052071753623568084
1821.922874670939,19.809103045390984,0.05494336504498841
1824.299967036386,19.81569624919638,0.0578792234184461
1826.6778505862897,19.822641756006597,0.06087821866860469
1829.0565675970104,19.82994714224683,0.06393909147479185
1831.43616125408,19.837619833223805,0.06706046428705954
1833.8166756340668,19.845667088938253,0.07024084999962776
1836.1981556847393,19.85409599093821,0.07347864853193706
1838.5806472036518,19.86291342876204,0.07677215628852319
1840.9641968151032,19.872126087516666,0.08011956176517673
1843.3488519456052,19.88174043492849,0.08351894871299183
1845.7346607977968,19.89176270877405,0.0869683017047849
1848.1216723228497,19.902198904978622,0.0904655077625164
1850.5099361914472,19.913054765910125,0.0940083640468526
1852.8995027633564,19.924335769595746,0.09759457632642178
1855.2904230557078,19.936047118754917,0.1012217585840174
1857.6827487099583,19.948193729785,0.104887452321905
1860.0765319575326,19.96078022406363,0.10858913541476169
1862.4718255844202,19.9738109203134,0.11232422951484725
1864.8686828948578,19.987289827855182,0.11609011015923003
1867.2671576742005,20.00122064107429,0.11988411636520775
1869.6673041511294,20.015606735038116,0.12370355721518933
1872.069176959334,20.030451161903937,0.1275457165372941
1874.4728310987625,20.04575664788841,0.13140786309772176
1876.878321896509,20.061525591460136,0.13528725803902486
1879.2857049674842,20.07776006242482,0.13918115738342643
1881.6950361749753,20.09446180131083,0.1430868348477096
1884.1063715911325,20.111632221492552,0.14700154748130015
1886.5197674577116,20.12927240719031,0.15092254572398225
1888.9352801465745,20.147383112677186,0.15484709153769338
1891.3529661200957,20.16596476366171,0.15877247130281558
1893.772881891735,20.185017460218045,0.16269599862676873
1896.1950839869612,20.204540980053256,0.16661502146614823
1898.6196289045677,20.224534782629195,0.17052692636676975
1901.046573078483,20.244998013793207,0.17442914689978517
1903.4759728401382,20.26592951142118,0.17831910822690736
1905.9078843815087,20.28732780440841,0.1821942734471914
1908.3423637180376,20.309191117222074,0.18605216638800368
1910.7794666521042,20.331517377188636,0.1898903797096782
1913.2192487373668,20.354304222753797,0.1937065852114873
1915.6617652440973,20.377549012979173,0.19749857854271854
1918.1070711256548,20.4012488424043,0.20126432299139374
1920.5552209867433,20.42540056116327,0.2050018910224995
1923.0062690540828,20.45000078808597,0.20870943645411713
1925.4602691486532,20.475045920460463,0.21238518647794996
1927.9172746591084,20.500532142837816,0.2160274365495556
1930.377338516249,20.526455435223763,0.21963454742766436
1932.8405131684758,20.552811580915083,0.2232049444327268
1935.3068505581857,20.579596174247012,0.22673711393568496
1937.7764020990953,20.606804627919296,0.23022960207743548
1940.2492186544457,20.634432180168588,0.23368101690625212
1942.7253505160659,20.662473902197338,0.23709002776184357
1945.2048473843295,20.690924705528758,0.24045536911312637
1947.687758348993,20.719779349822332,0.24377584304149083
1950.1741318709717,20.74903245098731,0.24705032471455565
1952.6640157650902,20.77867848995306,0.25027776147863745
1955.1574571838846,20.808711821330494,0.2534571780469327
1957.6545026024444,20.839126682696126,0.2565876668566666
1960.1551978043678,20.869917202718927,0.25966839928130825
1962.6595878686942,20.901077410632684,0.2626986265773094
1965.1677171579702,20.93260124582196,0.2656776781592613
1967.6796293074688,20.96448256720107,0.2686049615289401
1970.195367215533,20.996715162584543,0.2714799568235315
1972.7149730350432,21.02929275740337,0.2743022127579164
1975.2384881659316,21.06220902293432,0.277071344803797
1977.7659532486837,21.095457584310775,0.2797870326033161
1980.2974081588009,21.129032028223172,0.28244901866972294
1982.8328920021877,21.16292591046354,0.28505710543604
1985.3724431114433,21.197132763115864,0.287611150757616
1987.9160990430173,21.231646101206778,0.2901110679204163
1990.4638965751622,21.266459429357226,0.2925568270692818
1993.015871706685,21.30156624860554,0.2949484664688447
1995.5720596565177,21.3369600645818,0.29728609229334896
1998.1324948642675,21.372634395657002,0.29956986087294574
2000.6972109917463,21.408582778961755,0.3017999759404838
2003.2662409252216,21.444798776074613,0.3039766813311248
2005.8396167783505,21.481275977834347,0.306100262773148
2008.4173698956906,21.518008009367126,0.30817104422379715
2010.9995308568148,21.55498853467398,0.31018938670854845
2013.5861294809756,21.592211261079008,0.3121556945356321
2016.177194832305,21.629669944423284,0.31407041040090566
2018.7727552256358,21.667358393671392,0.31593400287116086
2021.3728382328763,21.705270474015933,0.31774696196226
2023.9774706897583,21.743400109451404,0.3195097983573498
2026.5866787028924,21.781741285254284,0.32122304389994916
2029.200487657123,21.82028805052228,0.3228872397402104
2031.8189222231856,21.859034519291104,0.3245029403279765
2034.4420063655004,21.89797487213046,0.32607070877901007
2037.069763350156,21.937103357183943,0.3275911254476922
2039.7022157530182,21.976414292237667,0.3290647832267683
2042.3393854680867,22.01590206622488,0.3304922844662599
2044.9812937160336,22.05556114036083,0.331874239429214
2047.627961052877,22.095386049092337,0.3332112714109917
2050.279407378768,22.135371401661654,0.33450401146040587
2052.9356519469675,22.175511883036904,0.3357531036740234
2055.596713372932,22.215802255477787,0.336959199145686
2058.2626096435893,22.25623735937527,0.3381229580438646
2060.933358126714,22.296812114340533,0.33924504163833846
2063.608975580435,22.337521519337134,0.34032611765557563
2066.2894781627556,22.378360653455804,0.3413670295219055
2068.97488144117,22.419324696998434,0.34236871524434426
2071.66520040481,22.460408942827755,0.3433321413636359
2074.3604494779493,22.50160879979139,0.3442582744188155
2077.0606425339242,22.542919792721648,0.34514807955367754
2079.765792909051,22.58433756226809,0.34600249029583724
2082.4759134165233,22.62585786110359,0.34682239701690804
2085.191016359856,22.66747654874562,0.34760862269970494
2087.9111135457056,22.709189583469584,0.3483618909071037
2090.636216295722,22.750993010378437,0.34908283620074115
2093.3663354569676,22.792882950722525,0.3497720040033245
2096.1014814110545,22.834855591202924,0.3504298638470632
2098.8416640819987,22.87690717486457,0.3510568198435289
2101.5868929429826,22.919033993245794,0.3516532260782648
2104.337177022172,22.961232380375186,0.35221941388936573
2107.092524907817,23.00349871004191,0.3527557118099834
2109.852944753022,23.04582939545911,0.3532624645479327
2112.618444280477,23.08822089120486,0.35374005733254543
2115.3890307874217,23.130669698084766,0.35418892703445753
2118.164711151192,23.173172369328903,0.354609557643258
2120.9454918355113,23.215725516246092,0.3550024711149397
2123.7313788974607,23.258325812779884,0.3553682261022574
2126.5223779949943,23.300969999912155,0.35570740273959633
2129.3184943949836,23.343654888240906,0.3560205822011307
2132.1197329815727,23.38637735810504,0.3563083307938997
2134.9260982645455,23.429134357800308,0.35657118157741824
2137.7375943874817,23.471922899589597,0.3568096200132211
2140.5542251354327,23.514740053991183,0.35702408075488157
2143.3759939419115,23.55758294368177,0.3572149430180465
2146.202903895153,23.600448736843934,0.3573825293615212
2149.0349577435745,23.643334640367318,0.35752712136088793
2151.8721579004186,23.686237894930624,0.3576489667504318
2154.7145064478104,23.729155770940675,0.35774827569935175
2157.5620051403234,23.772085564024596,0.35782521465136213
2160.414655408006,23.81502458978276,0.3578799520880638
2163.27245835878,23.857970184033327,0.35791267366891655
2166.1354147808643,23.900919704873598,0.35792359015065395
2169.003525145449,23.943870535691676,0.357912944609407
2171.876789609732,23.986820089044805,0.35788101089223595
2174.7552080204173,24.029765810351872,0.3578280928412129
2177.6387799176596,24.072705181492818,0.3577545181540975
2180.5275045394387,24.11563572367131,0.3576606332002611
2183.4213808262793,24.15855499965534,0.35754679719521615
2186.320407426238,24.201460615318766,0.3574133696438372
2189.224582700076,24.244350219676026,0.35726070050755787
2192.1339047264373,24.287221503736934,0.35708912679497085
2195.0483713068857,24.33007219895233,0.3568989662799003
2197.96797997076,24.372900074905917,0.35669051166743715
2200.892727979749,24.41570293630601,0.35646403225450535
2203.8226123321056,24.45847862017655,0.3562197725100634
2206.757629766527,24.501224992877756,0.3559579553918308
2209.697776765672,24.543939947524777,0.35567878572359174
2212.643049559375,24.58662140181161,0.3553824502756579
2215.593444127592,24.629267295844688,0.35506912196725016
2218.5489562030934,24.67187559048076,0.354738945790327
2221.509581273951,24.714444263975597,0.35439199456653264
2224.475314585628,24.75697130332358,0.35402831373402477
2227.446151142027,24.799454700971665,0.35364794354436996
2230.422085706143,24.84189245419699,0.35325090531839204
2233.403112800647,24.8842825628352,0.35283725653271464
2236.389226708187,24.926623033619126,0.35240709162178957
2239.3804214722213,24.968911884613743,0.35196051463453926
2242.376690898375,25.011147146369886,0.35149766792172654
2245.378028555939,25.053326866520493,0.3510186917319756
2248.3844277799217,25.09544910952833,0.3505237126826973
2251.395881673065,25.137511955050254,0.3500128262850041
2254.4123831076713,25.179513494204453,0.34948609261867436
2257.433924726976,25.221451825318695,0.3489435068514149
2260.460498946014,25.263325046140864,0.3483849791615671
2263.492097951551,25.30513124364025,0.3478103242505276
2266.5287137007876,25.346868482550313,0.34721928377918954
2269.570337918694,25.388534796603818,0.34661152532417305
2272.6169620942865,25.43012817964272,0.3459866462389519
2275.6685774758434,25.471646577191393,0.34534419317157733
2278.725175065106,25.513087880371984,0.34468367272948347
2281.786745610751,25.554449921099522,0.3440045518347957
2284.853279601283,25.595730467319697,0.34330627839888805
2287.924767257361,25.636927220727564,0.34258829545068675
2291.0011985238484,25.678037816181646,0.3418500499231745
2294.08256306179,25.719059822172426,0.34109099205824145
2297.168850240451,25.759990741219415,0.3403105788845053
2300.260049129397,25.800828010685557,0.3395082702477044
2303.356148490679,25.841569003115282,0.3386835269837229
2306.457136771053,25.88221102635333,0.3378358052217347
2309.5630020942153,25.922751322979938,0.33696455432067624
2312.673732252973,25.963187069498417,0.3360692133166813
2315.789314701313,26.00351537509642,0.33514920531220593
2318.9097365463244,26.043733279733885,0.3342039387131585
2322.0349845398923,26.083837752379463,0.33323280514775483
2325.1650450701777,26.123825688997194,0.3322351783292342
2328.2999041528574,26.163693910396702,0.33121041839000487
2331.439547422105,26.2034391606035,0.3301578755826244
2334.5839601213775,26.243058105673416,0.3290768987492046
2337.733127094058,26.282547333523322,0.327966850986168
2340.887032774081,26.321903355641663,0.3268271028194869
2344.045661176758,26.36112260798,0.325657013836742
2347.208995889716,26.40020144964041,0.3244559555838316
2350.3770200636727,26.43913616431047,0.3232233184767782
2353.54971640339,26.477922962527682,0.32195850523720004
2356.7270671588935,26.516557983156147,0.3206609379806573
2359.909054116872,26.555037295713827,0.3193300604117079
2363.0956585923577,26.593356902963233,0.3179653509681554
2366.286861420713,26.631512745079412,0.3165663063979129
2369.4826429501227,26.669500701847163,0.3151324469833259
2372.6829830343445,26.70731659548516,0.3136633286106282
2375.8878610258025,26.744956194918437,0.31215854749714705
2379.0972557691925,26.782415220618095,0.3106177366089351
2382.311145595667,26.819689349011167,0.30904049088292807
2385.5295083175483,26.85677420791712,0.3074264043045379
2388.7523212224983,26.893665376433663,0.3057750905791281
2391.97956106767,26.93035838730316,0.30408618452195146
2395.2112040741467,26.966848729445793,0.3023593485721054
2398.4472259216805,27.003131851274446,0.3005942810419542
2401.6876017438335,27.03920316499948,0.2987907164403536
2404.932306123633,27.075058050972324,0.2969484412797406
2408.18131308975,27.110691863925894,0.29506728849668046
2411.434596113421,27.146099938545497,0.29314719741325673
2414.6921281060463,27.181277602235088,0.29118823545410105
2417.9538814183147,27.21622019048958,0.2891905441063609
2421.2198278411734,27.250923055782344,0.28715428734372883
2424.4899386078673,27.285381570263592,0.28507966946967134
2427.764184396299,27.319591130599953,0.28296693668621387
2431.0425353319706,27.3535471630023,0.2808162839303629
2434.324960991531,27.387245117073945,0.2786278894197755
2437.61143040558,27.420680463804317,0.2764019573030088
2440.9019120612365,27.453848698680677,0.27413872259306227
2444.1963739050784,27.486745345391846,0.2718384695150721
2447.4947833465253,27.519365961733655,0.26950150519949223
2450.7971072619334,27.551706142357595,0.26712818456705284
2454.1033119990166,27.583761524505643,0.2647189369977107
2457.4133633819574,27.61552779694537,0.26227427245575735
2460.727226717591,27.64700070964006,0.2597947628962131
2464.0448668027475,27.678176081187605,0.2572810927579536
2467.36624793249,27.709049812318558,0.2547340259893714
2470.691333909968,27.73961789543728,0.2521543951004112
2474.0200880574203,27.76987642284933,0.2495430959755189
2477.352473228162,27.799821594366392,0.2469010805787085
2480.688451819486,27.829449724035836,0.24422935426739853
2484.02798578637,27.858757246547924,0.24152896688397754
2487.371036655956,27.887740722574,0.23880100922696387
2490.7175655426645,27.916396843681238,0.23604661653723197
2494.0675331639063,27.944722437665707,0.23326695371228529
2497.4208998564263,27.972714472111182,0.23046320321532945
2500.77762559308,28.000370056497022,0.22763656319619122
2504.1376699998596,28.027686444080565,0.22478825475462041
2507.500992373149,28.05466103465112,0.22191951863843687
2510.867551697307,28.08129137688773,0.21903163283971785
2514.2373066625337,28.107575172828497,0.2161259000002311
2517.610215683273,28.133510280828524,0.21320364094668165
2520.9862369169723,28.159094717742125,0.21026619050561984
2524.3653282831015,28.1843266606028,0.2073148973094977
2527.747447482374,28.20920444827994,0.20435110660321198
2531.1325520161677,28.233726581072325,0.20137616386878934
2534.5205992058964,28.25789172073658,0.19839141251280148
2537.9115462123846,28.281698690238116,0.19539819468298236
2541.3053500552132,28.305146473600075,0.19239784842423766
2544.701967632045,28.328234215410983,0.1893917056904065
2548.1013557378947,28.350961220093833,0.18638110918851064
2551.503471084306,28.373326953196454,0.18336746564169573
2554.9082703186896,28.39533104907346,0.18035219033242086
2558.3157100445783,28.41697331191335,0.17733668356453258
2561.725746842008,28.438253713941094,0.1743223272222937
2565.1383372876808,28.45917239320777,0.17131047876331312
2568.5534379748656,28.479729650659365,0.16830246750889735
2571.9710055329447,28.499925946760435,0.16529958167714148
2575.390996646556,28.519761896561693,0.16230302313414927
2578.813368074143,28.53923825933779,0.15931393551117035
2582.2380766652636,28.55835593159913,0.15633341932434291
2585.6650793770555,28.577115941918052,0.15336253100720393
2589.0943332900856,28.595519445638917,0.1504023004382658
2592.5257956235623,28.61356772169151,0.14745372822722938
2595.959423750165,28.631262169078777,0.14451778462205786
2599.3951752104545,28.648604303233423,0.1415954098011972
2602.8330077268424,28.665595752409565,0.13868750624564383
2606.2728792171315,28.682238253159042,0.13579494418603133
2609.714747807511,28.698533646461367,0.13291856304481312
2613.158571845086,28.714483874026744,0.1300591706112272
2616.6043099099693,28.73009097450009,0.1272175379825989
2620.0519208269093,28.745357079058003,0.12439440507716404
2623.501363676396,28.760284407667264,0.12159047384571109
2626.952597805316,28.77487526452875,0.11880640819550954
2630.4055828370597,28.78913203351221,0.11604283465048551
2633.860278681081,28.80305717367027,0.11330034978197112
2637.3166455419214,28.816653215644106,0.11057953143352629
2640.7746439277985,28.829922759416128,0.10788092875140871
2644.2342346589285,28.842868470866296,0.10520505241718316
2647.6953788754327,28.855493077156357,0.1025523749634088
2651.1580380446912,28.867799362151967,0.09992333049093483
2654.6221739681496,28.879790161810877,0.0973183155959016
2658.087748787567,28.891468359682385,0.09473769161372039
2661.5547249907286,28.90283688267603,0.09218178542569454
2665.02306541665,28.913898696927113,0.08965088951762554
2668.492733260281,28.92465680366923,0.08714526138389814
2671.963692076721,28.935114235035297,0.08466513099501799
2675.4359057849256,28.945274050754698,0.08221069746358838
2678.909338671016,28.95513933445033,0.07978213611024979
2682.3839553911503,28.96471319078356,0.07737959733689606
2685.859720974044,28.973998742463987,0.07500320895861556
2689.33660082314,28.98299912753902,0.07265307949575772
2692.8145607184447,28.99171749707851,0.07032928409233463
2696.293566818094,29.00015701116959,0.06803187392431377
2699.7735856594345,29.008320836040507,0.06576088386584332
2703.2545841597594,29.016212142104408,0.06351633278789563
2706.736529616812,29.023834102038954,0.06129822837959258
2710.2193897090565,29.031189889444505,0.05910656565671637
2713.7031324957898,29.038282677323313,0.05694133210083287
2717.1877264170685,29.045115637175414,0.05480250466644536
2720.6731402935293,29.051691937735388,0.05269005366222067
2724.1593433260578,29.058014744174855,0.05060394709442201
2727.646305095359,29.064087217826184,0.04854414715273536
2731.133995561498,29.069912515484514,0.046510607472006006
2734.6223850633564,29.075493788381156,0.044503279574234555
2738.111444317962,29.080834181930065,0.04252210497374163
2741.601144419794,29.085936834526915,0.040567018631154285
2745.091456839937,29.090804876762654,0.03863794654173229
2748.5823534251485,29.095441430347663,0.03673480638411079
2752.07380639679,29.099849607113757,0.03485750776716663
2755.5657883496438,29.10403250804582,0.033005958686331806
2759.058272250609,29.10799322308818,0.031180057187715528
2762.55123143738,29.111734829950706,0.029379695122254277
2766.044639616974,29.115260393365375,0.027604758539464095
2769.538470864178,29.11857296439011,0.02585512997916217
2773.032699619905,29.12167557998761,0.024130688686440856
2776.5273006895036,29.12457126262998,0.02243130913208976
2780.0222492410194,29.12726301972583,0.020756861773777224
2783.5175208033866,29.129753843138683,0.01910721591588286
2787.013091264563,29.132046709048588,0.01748223536929917
2790.508936869649,29.134144577292904,0.015881782921360065
2794.0050342189243,29.13605039124347,0.014305718124907564
2797.5013602658737,29.13776707741846,0.012753900341874926
2800.997892315164,29.139297545459485,0.011226186243280055
2804.494608020619,29.140644687808678,0.009722428929782919
2807.991485383156,29.141811379280252,0.008242486127224228
2811.48850274867,29.14280047761552,0.006786214842642345
2814.985638805984,29.143614823396636,0.005353482175370809
2818.4828725847915,29.14425724125768,0.003944154534514273
2821.9801834537425,29.14473053980182,0.002558100590626901
2825.4775511185185,29.145037511872694,0.0011952005447878394
2828.974955619943,29.14518093593807,-0.000144653067779284
2832.4723773322557,29.145163577569935,-0.0014615632452908184
2835.969796961564,29.1449881899805,-0.00275563550843377
2839.467195544362,29.144657513719487,-0.004026975199181883
2842.964554446008,29.144174276695587,-0.005275691809423183
2846.4618553592118,29.143541193678455,-0.006501898942715649
2849.959080302453,29.14276096580533,-0.007705715520446523
2853.4562116183497,29.141836279942876,-0.008887269239657925
2856.953231971943,29.14076980763412,-0.010046689760932209
2860.450124348859,29.139564204862808,-0.011184115179777283
2863.9468720534423,29.138222111041234,-0.012299691423895828
2867.443458706767,29.136746148070365,-0.013393551358862582
2870.939868244536,29.135138921907302,-0.014465823579988216
2874.4360849151644,29.133403023077705,-0.015516635791927058
2877.9320932779337,29.131541026782674,-0.016546116239218915
2881.4278782011475,29.12955549283397,-0.01755439938053793
2884.9234248602875,29.127448964908304,-0.018541604662034313
2888.4187187360762,29.12522397234886,-0.019507750375480203
2891.9137456127582,29.1228830423038,-0.020452833530772575
2895.408491577835,29.12042870228011,-0.02137685154486954
2898.9029430221085,29.117863480094723,-0.022279812223849175
2902.39708663972,29.11518990262786,-0.023161741156550963
2905.8909094280352,29.112410493689076,-0.02402267815092223
2909.384398687278,29.109527772310965,-0.02486270005817371
2912.8775420199554,29.106544248303983,-0.02568190369132175
2916.370327329752,29.103462419861025,-0.026480426324752938
2919.8627428201353,29.100284768702053,-0.027258439580564606
2923.3547769923794,29.097013755952386,-0.02801618302763788
2926.846418643094,29.09365181398907,-0.028753996784655476
2930.3376568607723,29.09020133437491,-0.029472255423150972
2933.8284810208975,29.086664663724132,-0.03017134003515563
2937.3188807805445,29.083044102919914,-0.030851618800934507
2940.808846072895,29.079341908663803,-0.031513444363272684
2944.2983671019347,29.07556029534021,-0.03215715996249024
2947.7874343373755,29.07170143614471,-0.032783084933146876
2951.276038509713,29.067767465952734,-0.0333915065566083
2954.7641706056274,29.06376048516594,-0.03398268549976414
2958.2518218638475,29.05968256290597,-0.03455685348441826
2961.7389837713963,29.05553574048784,-0.035114220145460076
2965.225648060255,29.051322034070385,-0.035654978061817146
2968.7118067043434,29.047043436702968,-0.03617930980320844
2972.197451916748,29.042701919526582,-0.03668738656254258
2975.682576147091,29.038299433139077,-0.037179378788904996
2979.1671720790678,29.033837907684408,-0.037655456686741126
2982.65123262799,29.029319252881997,-0.038115793579509456
2986.134750938336,29.024745357652456,-0.03856056911221257
2989.617720381254,29.02011808935899,-0.03898996414862816
2993.100134551977,29.015439293661156,-0.03940416490802226
2996.5819872672164,29.010710793872192,-0.03980336330407335
3000.063272562481,29.005934390275705,-0.040187748124414016
3003.543984689314,29.001111860500774,-0.04055750616582404
3007.0241181125743,28.996244959760876,-0.040912824235372
3010.503667507746,28.991335420852632,-0.041253887746499504
3013.9826277582483,28.986384954323054,-0.041580876132835475
3017.4609939527672,28.981395249187113,-0.04189396815126721
3020.93876138267,28.976367973008962,-0.04219333649503073
3024.4159255394306,28.97130477262956,-0.04247915329951102
3027.8924821121464,28.966207274233618,-0.04275159125643703
3031.3684269850546,28.961077083282845,-0.043010820986128726
3034.8437562350487,28.95591578476451,-0.04325701329010165
3038.3184661292203,28.9507249431697,-0.043490346882517884
3041.7925531224005,28.9455061015438,-0.04371101025796495
3045.2660138545857,28.940260780312844,-0.04391918944059566
3048.7388451482234,28.934990477579973,-0.044115070691791373
3052.211044005533,28.92969666909696,-0.044298842554143715
3055.6826076058246,28.924380807990463,-0.04447069072235757
3059.1535333027837,28.91904432510378,-0.044630798461007246
3062.623818621796,28.91368862928846,-0.04477935228670261
3066.0934612573105,28.908315107014054,-0.044916532480518585
3069.5624590701523,28.902925123116393,-0.04504251521943367
3073.030810084926,28.89752002129006,-0.04515747748159868
3076.498512487481,28.89210112399227,-0.045261594947212345
3079.96556462236,28.886669732598605,-0.045355044116104096
3083.431964990272,28.881227127304673,-0.045437997152749314
3086.8977122455485,28.875774567646342,-0.045510668935476055
3090.362805193666,28.870313287374085,-0.04557329988129521
3093.827242788151,28.86484449138833,-0.04562613646460655
3097.291024127118,28.859369355012575,-0.04566941652763512
3100.754148449719,28.853889025029257,-0.04570337077558728
3104.216615132723,28.848404620536186,-0.04572822138647257
3107.678423687187,28.84291723396981,-0.04574418004995223
3111.1395737552634,28.837427932363816,-0.045751451895422235
3114.600065107147,28.831937758136366,-0.04575022796496789
3118.0598976381234,28.82644773078057,-0.0457406876728784
3121.519071365817,28.820958848259824,-0.04572299922119307
3124.9775864276085,28.815472088353282,-0.04569732119839454
3128.435443078211,28.809988409809474,-0.04566380503263676
3131.8926416873883,28.804508753205557,-0.04562259935183914
3135.349182737773,28.799034041283335,-0.04557384458102831
3138.805066822727,28.793565179933612,-0.045517678829507455
3142.260294644319,28.78810305847407,-0.04545423550512178
3145.7148670113356,28.782648550213455,-0.04538364922925567
3149.1687848373613,28.777202512305944,-0.04530604987205061
3152.622049138838,28.7717657863213,-0.04522156982211014
3156.0746610331967,28.766339197942646,-0.04513033997815357
3159.52662173695,28.76092355714527,-0.04503249146685083
3162.9779325638074,28.755519658169245,-0.04492815294313838
3166.428594922788,28.750128279816067,-0.044817450264477726
3169.8786103163657,28.74475018578433,-0.04470050814787978
3173.32798033866,28.739386124806586,-0.04457745368643362
3176.776706673637,28.734036830364214,-0.04444841261034348
3180.2247910932806,28.728703020850972,-0.04431351078121534
3183.672235455783,28.723385399557227,-0.04417287653057728
3187.1190417037296,28.71808465437356,-0.04402663871986324
3190.5652118622543,28.712801457727174,-0.043874922024277126
3194.0107480371817,28.70753646708426,-0.04371785450387154
3197.4556524132317,28.702290324543796,-0.04355556795144067
3200.899927252177,28.697063656389624,-0.043388191825048834
3204.3435748909437,28.691857073370617,-0.04321585548292096
3207.7865977397482,28.686671170712668,-0.04303869032206203
3211.2289982802336,28.68150652787402,-0.04285682770720292
3214.6707790635783,28.676363708549157,-0.04267040191026843
3218.111942708604,28.671243260319926,-0.04247954600990837
3221.5524918998426,28.666145714798738,-0.042284393296749975
3224.9924293856184,28.66107158760313,-0.04208507995808116
3228.431757976131,28.65602137800816,-0.041881740269909484
3231.870480541492,28.65099556917577,-0.04167449740594589
3235.308600009793,28.645994629487056,-0.04146347164692778
3238.746119365331,28.641019012889426,-0.04124878967559758
3242.183041646878,28.636069158128354,-0.04103058026666904
3245.619369945853,28.631145488496355,-0.04080897701991038
3249.055107404473,28.626248411253965,-0.04058411926990649
3252.4902572138235,28.621378316941577,-0.04035615235526513
3255.9248226118566,28.616535578658944,-0.04012523175972353
3259.3588068812955,28.611720550847778,-0.03989152349540746
3262.792213347397,28.606933568028328,-0.03965520783165463
3266.2250453755605,28.602174943088528,-0.039416477722973485
3269.657306368731,28.59744496576177,-0.03917554714915406
3273.0889997646223,28.592743900103873,-0.03893264702702869
3276.520129032635,28.58807198246063,-0.03868803119633709
3279.95069767053,28.58342941871707,-0.0384419812483513
3283.3807092007764,28.578816380967268,-0.03819481065507983
3286.8101671664926,28.574233003688658,-0.037946861243883794
3290.2390751269354,28.56967938033939,-0.037698519624643455
3293.6674366525763,28.565155557984433,-0.037450212534989875
3297.0952553195343,28.560661532480236,-0.03720241661715902
3300.522534703432,28.556197242486178,-0.036955663590418124
3303.9492783725304,28.551762562855327,-0.036710548592488255
3307.375489880073,28.547357297024227,-0.036467732700826594
3310.801172755716,28.542981169100127,-0.036227953580517766
3314.226330496008,28.538633814670465,-0.035992030033892855
3317.6509665537683,28.5343147710664,-0.03576086750174006
3321.0750843262963,28.53002346696619,-0.03553546916215826
3324.498687142332,28.52575921066673,-0.03531693739346498
3327.921778247612,28.521521178179515,-0.03510648341373237
3331.3443607889935,28.517308400169867,-0.034905439981019866
3334.766437797014,28.513119747372144,-0.034715264694367594
3338.1880121666986,28.50895391560882,-0.03453754759520755
3341.6090866365716,28.504809409897394,-0.03437401644205106
3345.0296637657593,28.50068452792435,-0.03422654761410756
3348.4497459091103,28.496577342210657,-0.034097173831172264
3351.8693351901757,28.492485681350917,-0.03398808650679586
3355.288433471938,28.4884071109701,-0.03390163870734183
3358.7070423252544,28.48433891432522,-0.03384036026339944
3362.1251629949734,28.480278071093615,-0.03380695843882122
3365.5427963635047,28.476221236080956,-0.033804323855900896
3368.9599429118343,28.47216471721825,-0.03383553655479649
3372.3766026779003,28.468104452831675,-0.03390386706645879
3375.79277521224,28.4640359887837,-0.03401278046600127
3379.2084595308943,28.45995445512778,-0.03416594418630878
3382.6236540655095,28.45585454182542,-0.03436723195239619
3386.0383566105284,28.451730473991134,-0.034620723000822376
3389.452564267407,28.447575987231033,-0.034930700017496034
3392.8662733858746,28.443384303228935,-0.03530165451268353
3396.279479502262,28.439148104687412,-0.03573826620523127
3399.692177274824,28.434859512742783,-0.036245418123902806
3403.1043604163533,28.430510062567915,-0.036828203027142146
3406.5160216238614,28.42609067820466,-0.03749192069384396
3409.927152505246,28.4215916477214,-0.0382420714028283
3413.3377435029724,28.41700259915306,-0.03908435694273239
3416.7477838148707,28.412312476319933,-0.04002468327212981
3420.1572613120293,28.407509514327277,-0.041069155716955366
3423.5661624537483,28.40258121564124,-0.04222407509099277
3426.9744721996253,28.397514326630322,-0.04349593357188718
3430.382173918821,28.392294814601694,-0.04489141609067919
3433.7892492965734,28.386907844670812,-0.04641739557740368
3437.195678237934,28.381337757201525,-0.048080926676269425
3440.601438768798,28.37556804600037,-0.04988923098836021
3444.0065069343177,28.36958133828177,-0.05184968980692985
3447.4108566949117,28.36335937550494,-0.053969823209778826
3450.8144598199724,28.356882996719765,-0.05625728756437888
3454.2172857795786,28.350132122212038,-0.0587198544712374
3457.619301634244,28.34308573967549,-0.06136541485406663
3461.020471923005,28.335721889893,-0.06420196481895792
3464.420758549792,28.328017654114728,-0.06723758436723991
3467.8201206682857,28.31994914399066,-0.07048042017056425
3471.2185145655644,28.31149149357019,-0.07393865750248274
3474.615893544793,28.302618854669895,-0.07762049397548254
3478.012207807353,28.293304395392838,-0.0815341162357846
3481.4074043348005,28.283520301444543,-0.08568768294303446
3484.8014267709736,28.273237779491378,-0.09008931819614702
3488.1942153045125,28.26242706130784,-0.09474707850751869
3491.5857065518694,28.251057411886936,-0.09966889458594691
3494.975833441296,28.239097144536622,-0.10486255839972129
3498.36452509864,28.226513637528654,-0.1103357002940813
3501.7517067351437,28.213273353493364,-0.11609576447113937
3505.1372995375627,28.199341861756828,-0.12214996809434912
3508.5212205609737,28.184683865585505,-0.12850527697836447
3511.9033826248437,28.1692632323481,-0.13516838243520862
3515.2836942127255,28.153043026455876,-0.14214565739980523
3518.6620593759003,28.1359855475679,-0.1494431282390058
3522.0383776416083,28.118052372179218,-0.15706605362778422
3525.41254392627,28.099204445743883,-0.165018716252457
3528.784448459759,28.079402199793588,-0.173304581130267
3532.153976723734,28.058605650057956,-0.1819264357329672
3535.521009401741,28.03677447777,-0.19088641515920338
3538.8854223390736,28.013868107950895,-0.20018584712791207
3542.2470865120276,27.989845806295545,-0.20982533145746063
3545.605868008783,27.96466676652065,-0.21980536510553392
3548.9616280207656,27.938290122707986,-0.23012667954735425
3552.3142228354905,27.910674921162304,-0.24078989156778338
3555.66350382603,27.88178013417417,-0.25179546780557893
3559.009317442131,27.8515646780375,-0.2631432690568769
3562.3515052034954,27.819987485750676,-0.27483245870430245
3565.6899037017856,27.78700759070616,-0.2868614517082557
3569.0243446126706,27.75258421650117,-0.2992277706301145
3572.3546547186506,27.716676884025556,-0.31192786798892697
3575.6806559447336,27.679245539866884,-0.3249569576613825
3579.0021654095176,27.64025070494752,-0.3383088426009666
3582.3189954941113,27.599653643835403,-0.3519758257188966
3585.6309539313716,27.557416544749135,-0.3659485119809642
3588.9378439167413,27.51350272331142,-0.3802159578292514
3592.239464243539,27.46787680837191,-0.3947657037668846
3595.5356094605436,27.420504923919882,-0.4095834948500861
3598.826070051414,27.37135490453787,-0.42465359023825355
3602.1106326399586,27.32039647370928,-0.43995890060457504
3605.389080216804,27.267601405636732,-0.45548117530767235
3608.6611923854803,27.212943664599813,-0.4712011814956256
3611.9267456252323,27.156399522820337,-0.4870984860637277
3615.1855135679707,27.09794770449269,-0.5031513745437628
3618.4372672925097,27.037569539547437,-0.5193368430712008
3621.681775637255,26.975249118378894,-0.5356305946631006
3624.9188055314607,26.910973447019323,-0.5520072282845329
3628.1481223451033,26.84473257962518,-0.5684398988171057
3631.369490254658,26.77651979176713,-0.5848998950998946
3634.58267262967,26.70633180435514,-0.6013573667862593
3637.7874324461927,26.63416892034079,-0.6177815183760718
3640.983532716634,26.560035138135664,-0.6341405583110588
3644.1707369332103,26.483938271138335,-0.6504021259295026
3647.3488095257467,26.405890016026795,-0.6665332481827019
3650.51751632767,26.325906026244873,-0.6825003489435122
3653.6766250508194,26.24400598437165,-0.6982693933677986
3656.825905768944,26.160213657167514,-0.7138059707297041
3659.9651314078037,26.07455694067995,-0.7290753178341998
3663.094078240685,25.98706790253985,-0.7440425680821192
3666.2125263889898,25.897782794369995,-0.7586728832128923
3669.320260324314,25.806742048384447,-0.7729315153108307
3672.41706937012,25.713990266547146,-0.7867839291297241
3675.5027482021055,25.61957619505158,-0.8001959973154666
3678.577097345512,25.523552675373722,-0.8131342210469723
3681.6399236665566,25.425976568848085,-0.8255657077936637
3684.6910408548183,25.326908683912844,-0.837458583760753
3687.730269896888,25.226413653861552,-0.8487822371889363
3690.7574395353513,25.12455978539888,-0.8595075340540642
3693.7723867095992,25.021418881312393,-0.8696070578238666
3696.774956975357,24.91706603437353,-0.8790550714553199
3699.7650048994815,24.811579425798893,-0.8878277583310009
3702.7423944305774,24.705040094799173,-0.8959029925190645
3705.7069992419533,24.597531735696887,-0.903260845683172
3708.658703050237,24.489140434214907,-0.9098837371321525
3711.5973999023427,24.37995438575905,-0.9157563848882355
3714.522994428634,24.27006361957246,-0.9208659149009993
3717.4354020629826,24.159559709784343,-0.925202242457482
3720.334549228157,24.048535440689445,-0.9287589180155422
3723.2203734810396,23.93708437052758,-0.9315324084459684
3726.092823605503,23.825300481514063,-0.9335206274257173
3728.9518596632847,23.71327800622298,-0.9347235729874374
3731.7974530240313,23.601111177464485,-0.93514345485087
3734.629586365327,23.48889396288238,-0.9347847504807733
3737.448253640873,23.376719792824687,-0.9336535801982186
3740.253460016012,23.2646813632009,-0.9317580895822112
3743.045221779596,23.152870392451035,-0.9291090026254845
3745.82356622669,23.041377312135978,-0.9257170177859513
3748.5885315041464,22.930291270001664,-0.9215941468916204
3751.3401664565467,22.81969997237467,-0.9167541092125285
3754.078530453232,22.70968947926917,-0.9112123096750735
3756.803693190744,22.60034400210816,-0.9049862233173742
3759.515734470997,22.491745655310073,-0.8980950899911827
3762.2147439496343,22.38397424451113,-0.8905592248094104
3764.9008208589757,22.277107137534,-0.8824004414767143
3767.5740737154797,22.171219084556792,-0.8736420122898746
3770.2346200056263,22.066382043082008,-0.8643083357546455
3772.882585850796,21.96266504279145,-0.8544247960476186
3775.5181056559313,21.860134067265736,-0.8440185182588651
3778.141321744003,21.758851845074673,-0.8331182793095617
3780.7523839654123,21.658877651557525,-0.8217538454238315
3783.3514492835993,21.560267190106664,-0.8099558492853289
3785.938681346412,21.463072488192424,-0.7977544436326387
3788.514250044995,21.36734195495651,-0.7851774933131458
3791.07833107959,21.27312065575893,-0.7722518807218178
3793.631105558281,21.180450430072312,-0.7590038413331132
3796.1727596098895,21.08936996911234,-0.7454590148681329
3798.703484006183,20.999914887328163,-0.73164230205973
3801.2234737926624,20.912117811080996,-0.7175780968658695
3803.732927929992,20.82600843945709,-0.7032905320059117
3806.232048942727,20.74161357561638,-0.6888039563739736
3808.721042571801,20.658957100851502,-0.6741429263030496
3811.200117423903,20.578059949695135,-0.6593321730921883
3813.6694846178666,20.498940088924073,-0.644396979523226
3816.1293574285373,20.421612451381286,-0.6293626375221756
3818.579950922703,20.346088934878626,-0.6142539148094388
3821.0214815948884,20.272378465101493,-0.5990950840838491
3823.4541670107005,20.200487055011433,-0.583909750201217
3825.878225457302,20.130417884987285,-0.5687205848027822
3828.2938756035005,20.06217141481095,-0.5535488454882367
3830.701336173278,19.995745553352364,-0.538414413351948
3833.1008256396804,19.93113582375013,-0.5233357438851745
3835.4925619385303,19.868335534483908,-0.5083297871887296
3837.8767622026685,19.80733596002126,-0.493412124260306
3840.253642517871,19.748126505110022,-0.4785971232016408
3842.623417698484,19.690694850325826,-0.4638982041572288
3844.986301080523,19.635027065826957,-0.4493282883863563
3847.3425043284224,19.581107671220593,-0.4348996712000004
3849.692237248969,19.528919710676593,-0.42062405499481914
3852.03570761425,19.478444824077215,-0.40651258639186566
3854.3731209931393,19.42966331371019,-0.3925759281976278
3856.7046805907844,19.382554202326475,-0.37882465553528105
3859.0305870950638,19.33709524366224,-0.36526901740287043
3861.351038524303,19.293262961573895,-0.3519185999641568
3863.666230079692,19.251032729578196,-0.33878213995829665
3865.9763540072413,19.2103788727832,-0.3258674938850774
3868.2815994719754,19.17127477351699,-0.31318163393646403
3870.5821524447974,19.133692977444614,-0.3007312706175015
3872.8781956020907,19.097605224970515,-0.28852217302670113
3875.169908229087,19.06298256420731,-0.27655880206527034
3877.457466136792,19.029795507959477,-0.2648440961098371
3879.741041597747,18.998014216426295,-0.25337981383008057
3882.020803303718,18.967608638766684,-0.24216657260101737
3884.29691634037,18.938548650054564,-0.2312039455964933
3886.5695421783767,18.910804176582985,-0.220490816241773
3888.838838679567,18.884345278633972,-0.21002561450106025
3891.104960113003,18.859142204893846,-0.19980635311944112
3893.3680571775903,18.835165442519514,-0.18983072983785826
3895.6282770306925,18.812385754938973,-0.18009643823519814
3897.885763321285,18.79077418235075,-0.1706012946212054
3900.1406562231673,18.770302026996205,-0.16134329267836278
3902.393092466407,18.7509408318748,-0.15232060195235303
3904.643205366232,18.732662359640518,-0.14353151035243833
3906.8911248493887,18.715438578398224,-0.13497408771131342
3909.1369774787963,18.699241687872867,-0.12664620287044404
3911.380886481341,18.684044143528414,-0.11854552477164866
3913.622971778564,18.669818680555817,-0.11066946880966319
3915.863350020231,18.656538344298657,-0.10301514140116956
3918.1021346215466,18.644176527330515,-0.09557934203022692
3920.3394358048263,18.63270700628689,-0.08835886400213033
3922.5753606455805,18.622103942606632,-0.08135036774368544
3924.8100131186934,18.61234189847739,-0.07455032228332215
3927.0434941465105,18.603395859803392,-0.06795490165047131
3929.275901649687,18.595241271605335,-0.061560118817916246
3931.5073306022796,18.587854057347187,-0.055362000598707675
3933.7378730891614,18.581210617275342,-0.049356868862849214
3935.9676183632346,18.5752877930118,-0.04354107140744339
3938.1966528983958,18.570062864442907,-0.03791104258171915
3940.425060442129,18.5655135393331,-0.032463062054632084
3942.652922066849,18.561617971886545,-0.02719339726789228
3944.8803162234753,18.558354764214396,-0.022098365640520208
3947.107318795181,18.555702960337534,-0.01717418587637738
3949.3340031504217,18.55364205803237,-0.012416977958678754
3951.5604401973856,18.55215202067733,-0.007822805052629913
3953.786698439867,18.551213284071014,-0.003387671000185193
3956.0128440339554,18.55080676355099,0.0008924940503335171
3958.2389408455815,18.55091386283703,0.00502181321205921
3960.4650505091217,18.551516480422478,0.00900443167161748
3962.6912324867726,18.55259701222307,0.012844467882707288
3964.9175441282396,18.554138348368994,0.016546001622290744
3967.144040730044,18.55612386856367,0.02011293284523778
3969.3707755942714,18.5585374205051,0.02354897170646326
3971.597800084732,18.561363297109875,0.02685764185625912
3973.8251636803852,18.564586214132625,0.030042243933675945
3976.052914026081,18.568191283404666,0.03310588088721638
3978.2810969800894,18.572163989111132,0.03605148402567692
3980.509756658783,18.576490167194212,0.03888186742903304
3982.738935478846,18.581155991285694,0.04159978538644292
3984.9686741978003,18.586147965532067,0.04420795560630086
3987.199011953664,18.591452920204823,0.04670911895231342
3989.4299863040887,18.5970580144791,0.0491060291514081
3991.6616332658264,18.602950737977267,0.051401472739463265
3993.8939873543836,18.609118914706002,0.053598279099661666
3996.1270816241486,18.61555070819796,0.055699327445261425
3998.3609477091322,18.62223462749139,0.05770754088313263
4000.5956158644312,18.629159532397367,0.05962584888467149
4002.831115008319,18.636314634263528,0.06145715405845698
4005.067472764431,18.643689492750543,0.0632043036206048
4007.304715503561,18.651274009185016,0.06486996665803596
4009.542868384663,18.65905840518398,0.06645663582051849
4011.781955393285,18.667033201482443,0.06796664184419732
4014.021999377463,18.675189198503748,0.06940221678377614
4016.2630220812835,18.683517464517802,0.07076556038342963
4018.5050441770254,18.692009331763813,0.072058706911835
4020.748085296837,18.700656376593233,0.07328359753087864
4022.992164062028,18.709450408296938,0.0744421499815124
4025.237298111024,18.718383466294718,0.07553624471731059
4027.4835041269794,18.727447815660796,0.07656758193549096
4029.7307978648587,18.736635925493054,0.07753781640028398
4031.9791941759177,18.74594046346109,0.0784486529518465
4034.228707031533,18.75535430181531,0.07930206576347615
4036.4793495477506,18.764870549706927,0.08010012226740451
4038.7311340137153,18.774482564379017,0.08084489449406088
4040.984071921441,18.784183951718305,0.08153841142239514
4043.238173995647,18.79396856108899,0.08218263751736256
4045.4934502229776,18.803830477591074,0.08277940666978179
4047.7499098802887,18.813764006391448,0.08333039553643021
4050.007561561056,18.82376365385582,0.08383714567558127
4052.2664131995184,18.83382411133689,0.08430100476985737
4054.526472092879,18.843940231909276,0.08472282178161075
4056.787744920708,18.85410697052307,0.08510368201147081
4059.0502377571706,18.864319412364445,0.08544471918701205
4061.3139560866543,18.874572778666888,0.08574699193730934
4063.5789048200945,18.884862417699367,0.08601152255909415
4065.8450883102187,18.895183800406457,0.08623932860423045
4068.1125103662675,18.905532519838964,0.08643139283130233
4070.381174268648,18.91590428697872,0.08658864407938534
4072.6510827830853,18.926294924268245,0.08671201156387352
4074.9222381739974,18.93670036565591,0.08680242723998279
4077.194642217876,18.947116656924706,0.08686081074819225
4079.468296216707,18.95753995421449,0.08688803731377444
4081.743201011213,18.967966518692144,0.08688491512283857
4084.019356993456,18.978392708506885,0.08685218897129306
4086.296764118477,18.98881497118344,0.08679053695081522
4088.575421915019,18.999229835617538,0.08670056960998367
4090.855329495293,19.009633903970734,0.08658283815448427
4093.1364855637694,19.02002384454927,0.08643783268463522
4095.4188884251153,19.030396384471427,0.08626599665327041
4097.702535991252,19.04074830406982,0.08606774628734878
4099.987425787741,19.0510764336243,0.08584349107215325
4102.2735549597755,19.061377652552956,0.08559364413046411
4104.5609202780815,19.07164888984861,0.08531865129888636
4106.849518144863,19.081887128004478,0.08501898162396018
4109.139344600224,19.092089405799353,0.08469518136122206
4111.43039532892,19.1022528275627,0.08434792712690671
4113.722665668228,19.11237457881793,0.08397792394062072
4116.0161506176855,19.122451929690804,0.08358587469284966
4118.3108448492485,19.132482234653946,0.08317246612787088
4120.606742717407,19.14246293058929,0.08273835701938041
4122.903838269077,19.152391533431615,0.0822841764916861
4125.2021252530885,19.162265634610616,0.08181052587416071
4127.501597129241,19.172082897715516,0.08131799241223585
4129.802247076967,19.181841056804984,0.08080714735226423
4132.104068003784,19.191537914487256,0.0802785348103055
4134.407052553523,19.201171338664494,0.07973266912165859
4136.711193114163,19.210739258959094,0.07917004867691818
4139.016481825238,19.220239664800324,0.07859116303652514
4141.322910585014,19.229670604364706,0.07799648993110078
4143.630471057538,19.239030183156437,0.07738650126805495
4145.939154679517,19.248316563308602,0.07676165844700567
4148.248952667114,19.257527962322243,0.07612241799488266
4150.559856022593,19.266662652481628,0.07546923541133413
4152.8718555408905,19.275718960730988,0.0748025307424159
4155.184941816178,19.284695264420076,0.07412264701974189
4157.499105247909,19.293589982062446,0.07342991514849674
4159.814336045756,19.302401571880267,0.07272465983846332
4162.130624234382,19.311128531060884,0.07200721024420745
4164.447959658109,19.31976939629019,0.07127790570619405
4166.766331985664,19.328322744974933,0.07053710876193077
4169.085730715061,19.336787198026364,0.069785204330499
4171.406145178824,19.345161422546024,0.06902258829246743
4173.727564549529,19.35344413314112,0.06824969806715536
4176.049977845506,19.361634096909178,0.06746696121354608
4178.3733739371355,19.369730132254805,0.06667472950722866
4180.697741553006,19.37773109979567,0.06587324790787132
4183.023069284982,19.385635889544616,0.0650627706773159
4185.349345591727,19.393443422025893,0.06424358324017539
4187.67655880237,19.401152652014712,0.06341597904731966
4190.004697120612,19.40876256950039,0.06258028055494945
4192.333748628952,19.416272203166983,0.06173685438974095
4194.663701293332,19.423680625693752,0.06088610056261545
4196.994542968416,19.430986957761267,0.060028479351401175
4199.326261403347,19.438190375283433,0.059164512740578046
4201.658844248382,19.445290116812302,0.05829479127165772
4203.9922790624,19.4522854917649,0.05741994999710742
4206.326553321412,19.459175885764555,0.056540663470053945
4208.661654427703,19.465960765380963,0.05565769160894132
4210.997569719549,19.472639688374034,0.05477181745893279
4213.334286482153,19.479212306469105,0.05388382008475503
4215.67179195893,19.485678364879277,0.052994462296648344
4218.010073362716,19.492037700354874,0.052104427931319475
4220.349117886759,19.498290231706633,0.05121433778214595
4222.688912714564,19.50443595224049,0.05032476180677479
4225.029445028833,19.510474923657306,0.04943623164528222
4227.370702019672,19.51640727145474,0.04854927022936297
4229.712670892246,19.522233183882264,0.04766441829028966
4232.055338874312,19.527952914077098,0.04678220933353314
4234.398693224001,19.533566779197123,0.0459031571745056
4236.742721237505,19.539075158058065,0.04502776576571706
4239.087410256472,19.544478489949952,0.04415653388898482
4241.432747675266,19.54977727401663,0.04328983981603115
4243.778720948148,19.554972054794554,0.042427997027926746
4246.125317594723,19.560063414437906,0.04157128921574754
4248.472525204455,19.565051969143795,0.04072000409807849
4250.820331440753,19.569938369635565,0.03987443593261028
4253.168724045109,19.57472330194748,0.03903485823150445
4255.517690841343,19.57940748493526,0.038201540663243314
4257.867219739535,19.58399166981485,0.037374738610665405
4260.2172987399135,19.588476638448128,0.03655469528878049
4262.567915936527,19.592863201882782,0.035741633625584045
4264.919059520753,19.59715219791785,0.03493577267376448
4267.270717784503,19.601344490638702,0.03413733797634983
4269.62287912338,19.605440971195865,0.033346515008155296
4271.975532039924,19.609442552996843,0.032563468624716214
4274.328665146283,19.613350169231808,0.031788359833554894
4276.682267166591,19.617164772411833,0.0310213357773997
4279.036326939281,19.62088733270512,0.030262542317006993
4281.390833419206,19.62451883778316,0.02951210144351835
4283.745775679739,19.628060289956384,0.028770116655196694
4286.101142914534,19.631512703955007,0.028036686752710316
4288.456924439009,19.634877106365334,0.027311918963640495
4290.813109691772,19.63815453664097,0.02659591197245023
4293.169688236169,19.641346046077665,0.025888745645852397
4295.5266497616985,19.644452695555167,0.02519050222707093
4297.883984085165,19.647475555822414,0.02450125683522668
4300.241681151864,19.65041570664264,0.023821069990941503
4302.599731036661,19.653274235041554,0.02314998517505944
4304.958123944866,19.65605223326256,0.022488040184000625
4307.316850212857,19.65875079808464,0.021835286328457416
4309.675900308627,19.661371032444055,0.02119178002678572
4312.035264832521,19.66391404604727,0.02055756494691768
4314.394934518046,19.6663809538409,0.019932682135551737
4316.754900232507,19.668772875697165,0.019317169664208222
4319.115152977591,19.67109093605687,0.01871105021520632
4321.4756838899175,19.673336262082696,0.018114323607957034
4323.8364842413675,19.67550998091565,0.01752698681329018
4326.197545439078,19.677613219333242,0.016949018511988313
4328.558859025397,19.679647101554682,0.016380379178906834
4330.920416677584,19.68161274705615,0.015821012175230385
4333.282210207231,19.683511268517176,0.015270851688073779
4335.644231559453,19.685343770719744,0.014729815549188749
4338.00647281194,19.687111348585645,0.014197826794528962
4340.36892617377,19.68881508780099,0.013674791173573266
4342.731583984306,19.69045606274182,0.013160616437542383
4345.094438711835,19.692035336714326,0.012655207331840666
4347.457482952241,19.693553961594148,0.012158484843364306
4349.820709427632,19.695012979775353,0.011670362909154793
4352.184110985205,19.69641342332445,0.011190755804833714
4354.547680596003,19.69775631402103,0.01071958484330136
4356.911411353686,19.699042664202228,0.01025677572212779
4359.275296473391,19.70027347728888,0.009802251760051553
4361.639329290666,19.70144974750009,0.009355937417631476
4364.003503260366,19.702572459990204,0.008917761932561072
4366.367811955565,19.70364259142211,0.008487648392561295
4368.732249066536,19.704661109229217,0.008065511026263877
4371.096808399643,19.705628970552368,0.007651273971890247
4373.461483876109,19.706547123428994,0.007244850772616076
4375.82626953092,19.707416505521707,0.006846147039154623
4378.191159511583,19.708238043166403,0.006455062166802389
4380.556148076763,19.70901265062642,0.006071505219407487
4382.921229594838,19.70974123125275,0.005695389627731867
4385.286398542588,19.710424678008078,0.00532662174615071
4387.65164950395,19.711063872617615,0.004965120007476885
4390.016977168663,19.71165968701851,0.004610796880058917
4392.382376331106,19.712212982644118,0.004263572668629415
4394.747841889023,19.712724611364354,0.003923370696221956
4397.113368842387,19.713195415847903,0.0035901175980064337
4399.478952292288,19.71362622995966,0.003263777617477965
4401.844587439883,19.71401788327376,0.002944323686751709
4404.210269585876,19.71437120211617,0.0026317290556229223
4406.575994130129,19.714687009602844,0.0023259856262772614
4408.941756571282,19.714966127877997,0.002027076263516933
4411.307552506627,19.71520937702962,0.0017349906997993158
4413.673377631871,19.715417575913595,0.001449699016312182
4416.03922774098,19.71559153979555,0.0011711265000876308
4418.405098725755,19.71573207497556,0.0008991928359835754
4420.770986574752,19.715839978115877,0.0006337820924335691
4423.136887372126,19.71591603196697,0.0003747636917208891
4425.5027972959615,19.715961003609976,0.00012202831640933053
4427.868712616395,19.715975647007944,-0.00012452505962205873
4430.234629694036,19.71596070400079,-0.0003650054569159972
4432.600544978516,19.71591690334596,-0.0005994891306271288
4434.966455006917,19.715844964650284,-0.0008280504025182644
4437.332356402675,19.71574559860198,-0.0010507591286160788
4439.698245874507,19.715619507506545,-0.0012676472294313966
4442.0641202154075,19.715467389839013,-0.0014787404766771932
4444.429976302188,19.715289940981812,-0.001684050156021607
4446.795811095106,19.71508785496309,-0.0018835802520732207
4449.1616216377015,19.714861825332843,-0.0020773293962522955
4451.527405056741,19.71461254580529,-0.002265298454518168
4453.893158562238,19.71434070999075,-0.002447504437617262
4456.258879447437,19.714047009458238,-0.0026239950878290306
4458.624565088572,19.7137321300477,-0.002794835881070389
4460.990212944178,19.71339674974197,-0.002960113372312105
4463.355820554147,19.713041536137293,-0.0031199415507069403
4465.721385538483,19.712667143151208,-0.0032744535385796428
4468.086905595662,19.71227420872658,-0.003423802021565105
4470.452378500709,19.71186335248399,-0.00356814960947101
4472.817802103007,19.711435174530855,-0.0037076490564030115
4475.183174323951,19.710990256644088,-0.0038424394359910566
4477.548493154748,19.71052916391177,-0.003972650039765384
4479.913756654418,19.710052445906996,-0.004098369871057498
4482.278962947927,19.70956064152247,-0.004219669074555897
4484.644110224909,19.709054281233524,-0.0043365928993433995
4487.009196738657,19.7085338900856,-0.004449157519182799
4489.374220805467,19.7079999911833,-0.00455736543391007
4491.739180804409,19.70745310733123,-0.004661231931512918
4494.104075177289,19.706893759499447,-0.004760785401229709
4496.468902428429,19.7063224652513,-0.004856065004772338
4498.833661124259,19.705739737450727,-0.0049471376293290965
4501.198349892754,19.705146080935208,-0.005034162734553708
4503.5629674224665,19.70454198140706,-0.005117325618442654
4505.927512460235,19.703927902332847,-0.005196826180576969
4508.291983808515,19.703304283191176,-0.005272862101924188
4510.656380322498,19.702671539738944,-0.005345630754209507
4513.0207009072665,19.70203006404844,-0.005415311700204698
4515.384944514953,19.701380226644414,-0.005482067697125699
4517.74911014215,19.70072237852076,-0.005546031655268572
4520.113196827572,19.700056854722128,-0.005607307873641236
4522.477203650139,19.69938397777729,-0.005665964135656069
4524.841129727472,19.698704062081013,-0.005722042036383921
4527.204974214922,19.69801741703665,-0.005775552695706475
4529.5687363049665,19.697324350713163,-0.005826492326674751
4531.932415227052,19.69662517163396,-0.0058748502510226576
4534.296010247648,19.69592018960384,-0.005920657903844828
4536.6595206704005,19.695209710655377,-0.005963970124253689
4539.022945835679,19.694494034240467,-0.006004843866187551
4541.386285119787,19.693773452976526,-0.006043347303599733
4543.749537934144,19.693048251300095,-0.006079548192800044
4546.1127037243,19.692318705516957,-0.0061135112285149685
4548.475781968962,19.691585084169535,-0.006145301410248995
4550.838772179062,19.690847648000304,-0.006174975232831658
4553.201673896822,19.690106650972364,-0.006202578983716486
4555.564486694939,19.689362341494316,-0.006228143770271746
4557.927210175918,19.688614964241882,-0.006251686240309418
4560.289843971627,19.687864761893046,-0.006273209401818037
4562.6523877430545,19.68711197676483,-0.00629270584194106
4565.014841180267,19.686356852063795,-0.006310154734984503
4567.377204002514,19.6855996334956,-0.006325530376746171
4569.739475958534,19.68484056985039,-0.006338805656208791
4572.101656826916,19.684079913171644,-0.0063499543316015835
4574.463746416497,19.683317918651852,-0.006358953076225324
4576.825744566735,19.682554844282706,-0.006365782105394647
4579.187651148049,19.68179095043006,-0.0063704350086497
4581.549466062101,19.68102649822902,-0.006372912222253639
4583.911189241888,19.680261748762348,-0.006373223054357607
4586.2728206517395,19.679496961995824,-0.006371385631857015
4588.634360287179,19.67873239572,-0.00636742339914606
4590.995808174665,19.677968304912103,-0.006361365377333246
4593.357164371255,19.677204941066822,-0.00635324341238495
4595.718428964183,19.676442551857335,-0.0063430902474693445
4598.079602070406,19.675681381027637,-0.006330935683016011
4600.440683836129,19.674921668745675,-0.006316807331896437
4602.801674436379,19.674163651865847,-0.0063007335123525295
4605.162574074602,19.673407563844364,-0.0062827379362049825
4607.523382982264,19.67265363529202,-0.006262851045022012
4609.884101418499,19.671902093166615,-0.006241100025928339
4612.244729669679,19.671153161163502,-0.006217517282331782
4614.605268049018,19.670407059089623,-0.006192135910763885
4616.965716896109,19.66966400278033,-0.006164997362890812
4619.326076576443,19.668924203096783,-0.006136150260576478
4621.686347480814,19.668187865065512,-0.006105649276231919
4624.046530024622,19.667455187152363,-0.0060735500657958475
4626.40662464708,19.666726361144466,-0.0060399130785005195
4628.7666318104175,19.666001571575045,-0.006004799778092103
4631.126551999007,19.665280995601673,-0.005968277214423726
4633.486385718479,19.664564802335942,-0.005930408863203044
4635.84613349476,19.663853153272356,-0.005891259255855226
4638.205795873152,19.663146202161652,-0.005850890726278527
4640.565373417411,19.6624440952745,-0.005809371748827068
4642.924866708844,19.661746970664638,-0.005766758846801211
4645.284276345324,19.66105495960302,-0.0057231132039099915
4647.643602940476,19.66036818601855,-0.005678492233583594
4650.002847122798,19.65968676695052,-0.0056329548934789175
4652.362009534832,19.659010812363306,-0.005586556993004792
4654.721090832316,19.658340425524145,-0.0055393510576004406
4657.080091683379,19.65767570339723,-0.005491393911807588
4659.439012767786,19.657016736127815,-0.005442739861151056
4661.797854776121,19.656363607344478,-0.005393447099547816
4664.1566184090025,19.655716393692533,-0.0053435718998922025
4666.515304376246,19.655075165064545,-0.005293169698609728
4668.8739133960535,19.654439984700712,-0.005242293319000887
4671.232446194217,19.653810909502432,-0.005190993087816763
4673.590903503357,19.653187990331894,-0.005139323785994424
4675.949286062198,19.652571271477573,-0.005087336685654501
4678.307594614775,19.651960791075293,-0.005035082781933886
4680.6658299097035,19.65135658114146,-0.004982604939371784
4683.02399269944,19.650758668548736,-0.0049299413182797985
4685.382083739666,19.65016707559054,-0.004877130819112075
4687.740103788737,19.649581819892248,-0.004824213447030735
4690.098053607124,19.649002914278604,-0.004771222964198524
4692.455933956837,19.648430367522902,-0.004718199646654741
4694.81374560094,19.647864183565304,-0.004665177539170013
4697.1714893029675,19.647304362260602,-0.004612191770062576
4699.529165826439,19.646750899248193,-0.004559272942948158
4701.886775934348,19.64620378649504,-0.0045064534431921745
4704.244320388728,19.645663012081858,-0.004453759042418446
4706.601799950177,19.645128560996767,-0.004401218706178164
4708.959215377497,19.644600414752027,-0.004348856224272961
4711.316567427267,19.644078552005116,-0.0042966930225578105
4713.6738568535075,19.64356294884241,-0.0042447527802577
4716.031084407368,19.643053578508777,-0.004193056072607613
4718.38825083679,19.642550411780064,-0.004141618574550726
4720.745356886203,19.642053417551118,-0.00409045560922003
4723.102403296309,19.64156256287801,-0.00403958780148158
4725.459390803854,19.641077812341834,-0.003989031791061482
4727.816320141335,19.640599128526908,-0.003938804917541963
4730.173192036758,19.640126471936803,-0.0038889197795871004
4732.5300072133905,19.63965980156325,-0.003839390402809507
4734.886766389578,19.639199074714913,-0.0037902220163476734
4737.243470278544,19.63874424807295,-0.00374142742686857
4739.600119588313,19.638295276781726,-0.0036930174727705664
4741.956715021526,19.637852114684993,-0.0036449978893630295
4744.313257275288,19.63741471493827,-0.003597375712369241
4746.669747041081,19.636983029852786,-0.003550156824602947
4749.026185004664,19.636557011033833,-0.003503346323656706
4751.3825718459875,19.636136609474995,-0.003456952386073306
4753.738908239125,19.635721775188667,-0.0034109798004037318
4756.095194852147,19.63531245761262,-0.003365433756197775
4758.45143234706,19.634908605561876,-0.0033203183150071784
4760.807621379728,19.634510167364073,-0.0032756411102606285
4763.163762599811,19.63411709043084,-0.0032314028870979138
4765.519856650662,19.63372932208439,-0.003187603881373775
4767.875904169313,19.633346809618622,-0.003144248377741817
4770.231905786467,19.632969499813292,-0.0031013364709638973
4772.587862126445,19.632597339436778,-0.003058868887737159
4774.943773807177,19.63223027517025,-0.0030168464127866617
4777.299641440198,19.631868253600718,-0.0029752714465356026
4779.65546563063,19.631511221027132,-0.0029341472434633053
4782.011246977153,19.631159123357918,-0.002893476834873447
4784.366986071956,19.630811906137733,-0.0028532613305426594
4786.722683500692,19.630469514778067,-0.002813500777776493
4789.0783398424655,19.630131894684734,-0.002774194193836752
4791.433955669828,19.629798991381474,-0.002735345299660075
4793.789531548794,19.629470749945515,-0.0026969555748860884
4796.145068038787,19.629147115276528,-0.002659026138462966
4798.5005656926205,19.62882803213991,-0.0026215541540517357
4800.856025056477,19.628513445641424,-0.0025845352239393703
4803.211446669954,19.62820330141455,-0.00254796431606584
4805.566831066124,19.627897545696623,-0.0025118386769166444
4807.922178771608,19.627596125055394,-0.0024761606796427416
4810.277490306615,19.627298985773837,-0.0024409305507070494
4812.632766184907,19.62700607410775,-0.002406149298723487
4814.9880069138,19.626717336191906,-0.002371817645165884
4817.343212994143,19.626432718074486,-0.0023379344566812747
4819.698384920312,19.626152165939686,-0.0023044999003177234
4822.053523180224,19.625875625951647,-0.0022715112131162915
4824.408628255338,19.625603044606073,-0.002238970267179992
4826.7637006206905,19.625334368174013,-0.002206878331527633
4829.1187407448715,19.62506954277423,-0.0021752343591469056
4831.473749090004,19.624808514651132,-0.002144040667320603
4833.828726111762,19.624551229771054,-0.0021132930275303856
4836.183672259334,19.62429763460775,-0.0020829863586175816
4838.538587975488,19.624047676244714,-0.002053116054613358
4840.893473696637,19.62380130231816,-0.0020236784843790335
4843.248329852915,19.623558460900036,-0.0019946722322357617
4845.603156868223,19.623319100232166,-0.0019660966461604377
4847.957955160251,19.623083168634626,-0.0019379473752835085
4850.312725140488,19.62285061494959,-0.0019102165733362458
4852.667467214282,19.62262138896079,-0.0018829044722269354
4855.022181780957,19.622395440424125,-0.0018560126502832962
4857.376869233808,19.62217271890609,-0.0018295439322363288
4859.731529960077,19.62195317363422,-0.001803498211453715
4862.086164340913,19.621736753848847,-0.0017778731830663129
4864.440772751374,19.621523409066878,-0.0017526660090025979
4866.795355560463,19.621313089145797,-0.0017278697664460634
4869.14991313116,19.621105744773825,-0.001703484002060584
4871.504445820533,19.620901326693577,-0.0016795058331648093
4873.858953979736,19.620699785993597,-0.001655929029990047
4876.213437954055,19.62050107451,-0.0016327475159764132
4878.567898082996,19.620305144808082,-0.001609958572668026
4880.9223347003735,19.62011194977936,-0.0015875615842855044
4883.276748134347,19.619921442389245,-0.0015655545076128424
4885.631138707434,19.619733575848333,-0.0015439345512735995
4887.985506736535,19.619548303702178,-0.001522701122481576
4890.339852532979,19.61936557956748,-0.0015018521159578357
4892.694176402528,19.619185357313565,-0.0014813832385768481
4895.048478645405,19.619007591324937,-0.001461291191277606
4897.402759556364,19.618832236381984,-0.0014415684102158733
4899.75701942473,19.618659248172758,-0.0014222113693402605
4902.111258534511,19.618488582808435,-0.001403221587653493
4904.465477164448,19.618320196217915,-0.0013845939191931948
4906.819675587994,19.618154044947612,-0.0013663208236043222
4909.173854073388,19.61799008644878,-0.0013483982979821457
4911.528012883761,19.617828278653022,-0.0013308238031796143
4913.8821522772,19.61766857979664,-0.001313596051311035
4916.236272506775,19.617510948270482,-0.001296711135447256
4918.590373820568,19.61735534293423,-0.001280166571723873
4920.94445646172,19.617201722945623,-0.001263960354585223
4923.298520668473,19.617050047703074,-0.001248091595842728
4925.652566674198,19.616900276711572,-0.0012325543018092183
4928.006594707404,19.616752370195353,-0.0012173464547991536
4930.360604991827,19.616606288620776,-0.001202460000804585
4932.714597746462,19.61646199342068,-0.00118788952655133
4935.068573185672,19.61631944667749,-0.001173629698350292
4937.422531519273,19.61617861111369,-0.00115967709877957
4939.776472952607,19.616039449861834,-0.0011460303952541388
4942.13039768659,19.615901926214402,-0.0011326839600823524
4944.484305917736,19.615766004139193,-0.0011196309026775774
4946.838197838232,19.61563164843087,-0.0011068699648875018
4949.1920736360435,19.615498824035082,-0.0010943949816140002
4951.545933494927,19.61536749663729,-0.0010822013578957945
4953.899777594524,19.615237632474344,-0.0010702836562515644
4956.25360611042,19.615109198435594,-0.001058640185713799
4958.607419214232,19.61498216161331,-0.0010472700582664306
4960.961217073626,19.614856489206318,-0.001036170921594417
4963.314999852331,19.614732148695726,-0.0010253401315256083
4965.6687677101745,19.614609107879943,-0.0010147722184938896
4968.02252080312,19.614487335213724,-0.0010044642657463499
4970.3762592833455,19.614366799501834,-0.0009944106494851816
4972.729983299286,19.614247470223894,-0.00098460651297454
4975.083692995712,19.614129317442337,-0.0009750489508072318
4977.437388513806,19.614012311568242,-0.0009657327129470127
4979.791069991194,19.61389642364269,-0.0009566599948425191
4982.144737562031,19.61378162444331,-0.0009478233243637679
4984.498391356964,19.613667885644386,-0.0009392235562797446
4986.852031503241,19.61355517881763,-0.0009308585409329623
4989.205658124699,19.613443475792717,-0.0009227202632319835
4991.559271341794,19.61333274936113,-0.0009148035116560105
4993.9128712717165,19.61322297293973,-0.0009071015824430873
4996.266458028469,19.613114120749838,-0.0008996122024491842
4998.620031722959,19.613006167285544,-0.0008923265916846711
5000.973592463033,19.61289908809454,-0.0008852407972948095
5003.327140353605,19.612792859198866,-0.0008783514415043347
5005.680675496708,19.612687457025885,-0.0008716551422313722
5008.034197991551,19.612582858408818,-0.0008651535942701121
5010.38770793456,19.612479039977504,-0.0008588376070753528
5012.741205419357,19.612375979464655,-0.0008527062364598159
5015.094690536893,19.61227365471628,-0.0008467576049922959
5017.4481633754585,19.61217204380368,-0.0008409921288001287
5019.801624020715,19.612071124748226,-0.0008354082689592512
5022.155072555685,19.61197087575595,-0.0008300012732458789
5024.508509060776,19.61187127560316,-0.0008247725032965353
5026.861933613849,19.611772302902764,-0.0008197212692204991
5029.215346290197,19.611673936350456,-0.0008148441422236668
5031.568747162559,19.61157615505339,-0.0008101395086537832
5033.922136301165,19.61147893831235,-0.0008056032305194088
5036.275513773762,19.611382265924686,-0.0008012300469308097
5038.628879645673,19.611286118319054,-0.0007970182220735805
5040.982233979871,19.611190476132403,-0.0007929658721254745
5043.3355768370075,19.611095320227747,-0.0007890697973956961
5045.688908275435,19.61100063185206,-0.0007853314857743348
5048.042228351257,19.61090639207377,-0.0007817430341918301
5050.395537118306,19.610812582909666,-0.000778305835544667
5052.748834628254,19.6107191862094,-0.0007750157032465792
5055.102120930599,19.61062618432501,-0.0007718713558580142
5057.455396072718,19.610533559762306,-0.0007688715309623788
5059.8086600998895,19.61044129517859,-0.0007660142413202569
5062.161913055311,19.61034937346963,-0.0007633000157860369
5064.515154980128,19.610257777467737,-0.0007607256292868469
5066.8683859134235,19.610166490392224,0.0
