position,velocity,acceleration
-603.1988595868471,19.444444444444443,-4.494182803682633e-15
-600.8655262535137,19.444444444444443,0.0006110622278043465
-598.5321841208843,19.44451777191178,0.0011733160418517308
-596.1988250925039,19.444658569836804,0.0016885600102859932
-593.8654417488593,19.444861197038037,0.0021586230270470887
-591.5320273210432,19.445120231801283,0.0025853578294043624
-589.1985756640743,19.44543047474081,0.0029706348214831022
-586.865081229964,19.445786950919388,0.003316336197592555
-584.5315390406124,19.4461849112631,0.003624350360100337
-582.1979446606157,19.44661983330631,0.0038965666268291343
-579.8642941700595,19.447087421301532,0.004134870223334772
-577.5305841373721,19.447583605728333,0.004341137555842867
-575.1968115923039,19.448104542235033,0.004517231760189855
-572.8629739990984,19.448646610046257,0.004664998522857484
-570.5290692299141,19.449206409869,0.004786262169462958
-568.1950955385545,19.449780761329336,0.004882822016215834
-565.8610515345579,19.450366699971283,0.004956448979747048
-563.526936157696,19.450961473848853,0.005008882440368048
-561.192748652927,19.451562539741698,0.005041827353503372
-558.8584885458441,19.45216755902412,0.00505695160405395
-556.5241556186581,19.452774393216604,0.005055883597804698
-554.1897498867484,19.45338109924834,0.0050402100840886985
-551.8552715758134,19.45398592445843,0.00501147420333794
-549.5207210996499,19.454587301362828,0.004971173753023202
-547.1860990385843,19.45518384221319,0.004920759665241033
-544.8514061185796,19.45577433337302,0.004861634688968355
-542.5166431910353,19.456357729535696,0.0047951522696222425
-540.1818112132984,19.45693314780805,0.004722615618650945
-537.8469112298965,19.45749986168229,0.004645276965457619
-535.5119443545063,19.458057294918145,0.0045643369839527635
-533.1769117526636,19.45860501535622,0.004480944385767564
-530.8418146252217,19.45914272868251,0.00439619567230201
-528.5066541925621,19.459670272163187,0.004311135037471754
-526.1714316795579,19.460187608367683,0.004226754413053637
-523.8361483012902,19.46069481889725,0.004143993648671653
-521.500805249514,19.46119209813509,0.004063740818222836
-519.16540367987,19.461679747033276,0.00398683264477567
-516.8299446998359,19.46215816695065,0.003914055035972641
-514.4944293574093,19.462627853554967,0.003846143722134041
-512.1588586305131,19.463089390801624,0.0037837849891648114
-509.8232334171131,19.463543445000322,0.003727616498852129
-507.48755452603547,19.463990758980184,0.0036782281889114897
-505.15182266847194,19.464432146362853,0.0036361632456851645
-502.81603845015763,19.464868485952334,0.003601919142235701
-500.4802023642077,19.465300716249402,0.003575948735150263
-498.14431478459596,19.46572983009762,0.003558661413244959
-495.8083759602599,19.46615686946721,0.003550424291868328
-493.47238600981404,19.466582920382233,0.003551563446586954
-491.13634491685457,19.467009107995825,0.003562365180385765
-488.80025252583647,19.46743659181747,0.0035830773186447296
-486.464108538505,19.467866561095708,0.15325415829348496
-484.12796455117353,19.486257060090924,0.2002023004142492
-481.78961370396263,19.510281336140633,0.21296889648926598
-479.44837994362575,19.535837603719344,0.21291581667266993
-477.10407943117946,19.561387501720063,0.2054423931219051
-474.75671293097304,19.58604058889469,0.19312034092498426
-472.4063880603057,19.60921502980569,0.175794380969221
-470.053282256729,19.630310355521996,0.15425865142728146
-467.6976450140664,19.648821393693268,0.12984138660252803
-465.3397864468232,19.66440236008557,0.10290789661030604
-462.98005816361297,19.676751307678806,0.07768132989985693
-460.6188480066915,19.68607306726679,0.05382286500353102
-458.2565192386195,19.692531811067212,0.03307737925479741
-455.8934154212914,19.696501096577787,0.01643407578886994
-453.5298352897021,19.69847318567245,0.004599720730539967
-451.16601850742137,19.699025152160118,-0.004149454071000369
-448.80213548916214,19.698527217671597,-0.0069144350676357946
-446.4383122230415,19.69769748546348,-0.009523638186924713
-444.0745885247859,19.696554648881047,-0.011158200777773686
-441.71100196692015,19.695215664787714,-0.013633447069977057
-439.3475760871456,19.693579651139316,-0.015946636777389403
-436.9843465290089,19.69166605472603,-0.019922509400888924
-434.6213466024418,19.689275353597925,-0.02512595874674902
-432.25863356001,19.686260238548314,-0.03144524404189037
-429.8962823313842,19.68248680926329,-0.038816496689651606
-427.5343839142726,19.67782882966053,-0.04706038103926975
-425.17304445471336,19.672181583935817,-0.05418821109392389
-422.81238266464106,19.665678998604545,-0.06061851559301923
-420.4525011848085,19.65840477673338,-0.06702881430907756
-418.0934926116005,19.65036131901629,-0.07230889085697459
-415.7354492533185,19.641684252113453,-0.07650245315386087
-413.3784471430649,19.63250395773499,-0.07954279340505027
-411.02254666813667,19.622958822526385,-0.0816273715055249
-408.6677916094335,19.613163537945724,-0.08323362129820244
-406.31421198488,19.603175503389938,-0.08406877846554754
-403.9618309244732,19.593087249974072,-0.08450122722086366
-401.6106604544763,19.582947102707568,-0.08521368768771836
-399.2607068021514,19.57272146018504,-0.08603247486379932
-396.9119802269292,19.562397563201383,-0.08691472864247582
-394.56449251934504,19.551967795764288,-0.08785248493203174
-392.2182563838533,19.541425497572444,-0.08881760530901109
-389.8732853241446,19.530767384935363,-0.08976525406888838
-387.5295932379524,19.519995554447096,-0.09063615134707578
-385.1871937714187,19.50911921628545,-0.09136479051746793
-382.8460994654645,19.498155441423354,-0.09188608673084592
-380.5063208124937,19.48712911101565,-0.09214501556141222
-378.1678653191718,19.476071709148282,-0.09210078019703749
-375.830736714074,19.46501961552464,-0.09173304206869128
-373.49493436021106,19.454011650476396,-0.09103422987507084
-371.1604529621539,19.443087542891387,-0.0900084439487164
-368.82728245700696,19.432286529617542,-0.0886709255313019
-366.49540807345284,19.421646018553787,-0.08704084661789802
-364.16481055122637,19.41120111695964,-0.0851377482486689
-361.8354664171912,19.4009845871698,-0.08298040608989234
-359.5073482667308,19.391026938439012,-0.08058656221915289
-357.1804250341181,19.381356550972715,-0.07795846924115424
-354.8546622480014,19.372001534663777,-0.0750977060884255
-352.5300220638417,19.362989809933165,-0.07199237030175515
-350.20646328664975,19.354350725496953,-0.06864733199390222
-347.88394119959014,19.346113045657685,-0.06506363375223304
-345.5624076341112,19.33830540960742,-0.061237132820569466
-343.2418109849583,19.33095695366895,-0.05716569761850781
-340.92209615051803,19.32409706995473,-0.052849220946558896
-338.60320450212345,19.31775516344114,-0.04829368845028937
-336.2850738825105,19.311959920827107,-0.043502825640416576
-333.9676386920113,19.306739581750257,-0.038490111449058895
-331.65082994220126,19.30212076837637,-0.033271252461925756
-329.33457544999607,19.298128218080937,-0.02786214898022764
-327.01880006382635,19.29478476020331,-0.022284754840106565
-324.70342589260196,19.292110589622496,-0.016557026631819176
-322.3883726218473,19.290123746426676,-0.010660157775233978
-320.0735577722761,19.288844527493648,-0.0046181388982434735
-317.75889642897687,19.288290350825857,0.0015267873274373502
-315.44430158687777,19.28847356530515,0.0077811296190848835
-313.12968475904114,19.28940730085944,0.014096013145884684
-310.814955882938,19.291098822436947,0.020387333479215244
-308.5000240242456,19.293545302454454,0.026621965324548146
-306.18479858795104,19.2967399382934,0.03282415222146283
-303.86918979535585,19.300678836559975,0.03899133348412698
-301.55310833496867,19.30535779657807,0.045109229259280514
-299.2364653993793,19.310770904089182,0.05115914231820494
-296.9191728908886,19.316910001167365,0.05712808639323935
-294.60114369074853,19.323765371534552,0.06300277730061454
-292.28229184616436,19.331325704810627,0.06877467576589455
-289.96253276158706,19.339578665902536,0.0744427301502314
-287.64178332167876,19.348511793520565,0.079977306926495
-285.3199619064563,19.358109070351745,0.08536173725512275
-282.9969888180141,19.36835247882236,0.09057466715181106
-280.6727865205554,19.379221438880577,0.09560623710239297
-278.3472799478897,19.390694187332866,0.10043955506667498
-276.0203966454098,19.40274693394087,0.1050626004473834
-273.6920670133369,19.415354445994556,0.10946330009726972
-271.36222447981754,19.428490042006228,0.11363024668079715
-269.0308056747768,19.442125671607922,0.11755502030314106
-266.69775059418384,19.4562322740443,0.12123311775795745
-264.3630027212985,19.470780248175256,0.12465627252124462
-262.0265090915175,19.485739000877807,0.12782293525979704
-259.68822041141215,19.501077753108984,0.13072896691742597
-257.34809108103906,19.516765229139075,0.13337652135083244
-255.00607925354237,19.532770411701176,0.1357608774984581
-252.66214680413822,19.549061717000992,0.13788972728952187
-250.3162593980981,19.565608484275735,0.13976056244664395
-247.96838637998502,19.58237975176933,0.14137062172249204
-245.6185008097727,19.59934422637603,0.1427256761175435
-243.26657950260758,19.616471307510135,0.14382886073889817
-240.91260294570637,19.633730770798802,0.1446858386927808
-238.55655525321052,19.651093071441935,0.14529796381354287
-236.19842408463748,19.66852882709956,0.14567253437443806
-233.83820062538553,19.686009531224492,0.14581669662525454
-231.4758794816386,19.703507534819522,0.14573545563539358
-229.11145857746027,19.72099578949577,0.14544022834412706
-226.74493908272078,19.738448616897067,0.14493661336806654
-224.37632524869312,19.755841010501236,0.14423649054585988
-222.00562432743297,19.77314938936674,0.14334773437888668
-219.63284640070896,19.790351117492207,0.14228233344818692
-217.2580042666099,19.80742499750599,0.14105161513466133
-214.88111326690918,19.82435119132215,0.13965245044997215
-212.50219112395052,19.841109485376148,0.13806885745806957
-210.1212579857054,19.857677748271115,0.13635589437035772
-207.73833665591286,19.87404045559556,0.13454149137691868
-205.3534518012414,19.890185434560788,0.1326264597127209
-202.9666295490941,19.906100609726316,0.1306147418505801
-200.57789747592696,19.921774378748385,0.12846376332665727
-198.18728455047716,19.937190030347583,0.12616880281900633
-195.79482174683545,19.952330286685864,0.123797771526753
-193.40054211243316,19.967186019269075,0.12147859509496785
-191.00447979012088,19.98176345068047,0.11919140775635388
-188.60666817603922,19.996066419611235,0.11689481570846448
-186.20714020568587,20.01009379749625,0.11458738373995364
-183.80592894998634,20.023844283545046,0.11227418615147348
-181.40306763596092,20.03731718588322,0.10996052250128396
-178.99858957365493,20.050512448583376,0.10765296138667999
-176.59252807982492,20.063430803949778,0.10535688962687464
-174.18491638335095,20.076073630705004,0.10307767203124149
-171.77578754766634,20.088442951348753,0.10082291768269704
-169.3651743935045,20.10054170147068,0.09859799891457544
-166.95310938932803,20.11237346134043,0.09641149753982209
-164.5396245739672,20.123942841045206,0.09426967859414029
-162.12475143304175,20.135255202476504,0.09217858342161231
-159.70852080874457,20.146316632487096,0.090145529981349
-157.29096281284612,20.157134096084857,0.0881751605025048
-154.87210672131593,20.167715115345157,0.0862747663130427
-152.4519809074745,20.178068087302723,0.0844485462383106
-150.0306127369982,20.18820191285132,0.08270269776134474
-147.60802850745603,20.19812623658268,0.08103751387807209
-145.1842533590661,20.207850738248048,0.07944887024805353
-142.75931127047633,20.217384602677814,0.0779428266297092
-140.33322511815499,20.22673774187338,0.07652017875465211
-137.9060165891302,20.235920163323936,0.07518308973724894
-135.47770616953133,20.244942134092405,0.07393153483136458
-133.04831311344023,20.25381391827217,0.07276353039155364
-130.61785544324758,20.262545541919156,0.07168262247545054
-128.18634997821727,20.27114745661621,0.07068243582530417
-125.75381228342331,20.279629348915247,0.06976275699949763
-123.32025676155348,20.288000879755188,0.06892261119962143
-120.88569665598285,20.296271593099142,0.068158612302718
-118.45014406481096,20.30445062657547,0.06747407331708206
-116.0136099896219,20.31254751537352,0.06686181678239242
-113.57610428777707,20.32057093338741,0.06632045168282952
-111.13763577577058,20.32852938758935,0.06585165682618604
-108.69821224925985,20.33643158640849,0.06550534910336142
-106.25784045889084,20.344292228300894,0.0652249144244431
-103.81652539149474,20.352119218031827,0.0649900195737531
-101.37427108533092,20.35991802038068,0.0647904632454372
-98.93108092288523,20.367692875970132,0.06461709330819596
-96.48695777776881,20.375446927167115,0.06446413988381008
-94.04190414650876,20.38318262395317,0.06432494433581318
-91.59592223163438,20.390901617273467,0.0641893382789846
-89.14901403756156,20.398604337866946,0.06411649345473516
-86.70118151701752,20.406298317081514,0.06406752903543753
-84.25242571896773,20.413986420565767,0.06401515101891528
-81.80274734849984,20.421668238688035,0.06394999435694827
-79.35214715985727,20.429342238010868,0.06386122111533896
-76.90062609129596,20.437005584544707,0.06374371307370877
-74.4481854211506,20.444654830113553,0.06359026267512202
-71.99482684153698,20.45228566163457,0.06340604937485216
-69.54055256214083,20.45989438755955,0.06316964204553024
-67.08536523563369,20.467474744605013,0.06288788661422284
-64.62926826628109,20.47502129099872,0.06254372096489766
-62.17226571136124,20.482526537514506,0.06214100243876288
-59.7143625268595,20.489983457807156,0.06166504617245358
-57.25556451192264,20.49738326334785,0.06113265404897577
-54.7958785203209,20.504719181833728,0.060526426411194725
-52.33531221850085,20.51198235300307,0.05984944986565315
-49.87387433614048,20.51916428698695,0.0591027047477822
-47.411574621702044,20.526256611556683,0.05828600940594987
-44.94842382831524,20.533250932685398,0.057395764902116946
-42.48443371639299,20.540138424473653,0.056423374032902054
-40.019617105456156,20.546909229357603,0.05537708975809331
-37.55398799793324,20.553554480128575,0.05423724425426751
-35.087561460317815,20.560062949439086,0.0530224161943434
-32.62035390638513,20.566425639382405,0.05177569014984247
-30.15238282965924,20.572638722200388,0.050450640261271947
-27.683666182995193,20.578692799031742,0.04903074133142916
-25.214223047111382,20.584576487991512,0.04750917157965787
-22.7440738685524,20.59027758858107,0.04587975401778887
-20.273240557922673,20.595783159063206,0.04413522122764431
-17.80174657883509,20.60107938561052,0.04226534452993598
-15.329617052561828,20.606151226954115,0.04026962946412982
-12.856878905327335,20.610983582489812,0.03814152410407008
-10.383560875428557,20.6155605653823,0.03588071534613417
-7.909693607582682,20.619866251223836,0.03347600241313
-5.4353096574358215,20.62388337151341,0.03093550204660623
-2.960443652854212,20.627595631759004,0.028247237395523123
-0.48513217704313183,20.630985300246465,0.025417056810787503
1.9905860589864437,20.634035347063758,0.022447046540798866
4.466670300634094,20.636728992648653,0.019349003784752156
6.943077779751933,20.639050873102825,0.016094523269964685
9.419763884524272,20.64098221589522,0.012680575141639581
11.896681750431698,20.642503884912216,0.009096675726100775
14.373782216621164,20.64359548599935,0.005342608928896323
16.851013674941086,20.644236599070815,0.0014074569889515668
19.328322066829585,20.64440549390949,-0.002709663012703213
21.805650726098722,20.644080334347965,-0.007010683236238636
24.28294036622048,20.643239052359615,-0.011504108333480196
26.760129052503633,20.641858559359598,-0.016183391355559067
29.237152079626785,20.63991655239693,-0.021074786317530063
31.713942065914416,20.637387578038826,-0.026207220957783217
34.19042857527908,20.634242711523893,-0.03156058983016047
36.66653770066195,20.630455440744274,-0.037127375811030455
39.14219235355126,20.62600015564695,-0.042918808427343524
41.617312372228895,20.62084989863567,-0.04895031596576466
44.09181436006517,20.614975860719778,-0.05531194886268831
46.565611463351544,20.608338426856253,-0.06193243661108503
49.038612074574296,20.600906534462922,-0.06878276289725507
51.510720858709846,20.59265260291525,-0.07587258359268585
53.981839171059676,20.58354789288413,-0.08318626980894932
56.45186491820577,20.573565540507058,-0.09072166631162029
58.92069278306662,20.562678940549663,-0.09846988351428329
61.38821425593258,20.55086255452795,-0.10642389470286297
63.85431776247594,20.538091687163607,-0.11453754648140575
66.31888876493556,20.52434718158584,-0.12279052258992196
68.78181042672587,20.509612318875046,-0.13125111308936643
71.24296390499087,20.493862185304323,-0.1399761371976554
73.7022273672274,20.477065048840604,-0.14900815710608672
76.15947517308827,20.459184069987874,-0.1583184896971186
78.61457726148682,20.440185851224218,-0.16788874385116584
81.06739956363373,20.420039201962076,-0.17773065644278152
83.51780426786918,20.398711523188943,-0.18782631300080693
85.96564965065186,20.376172365628847,-0.1981892788363671
88.41079033452732,20.352389652168483,-0.20879334802845192
90.85307709278754,20.32733445040507,-0.2196320254050211
93.29235722683615,20.300978607356466,-0.23069655743258155
95.72847465971893,20.273295020464555,-0.24197880562513918
98.16127006217468,20.24425756378954,-0.25346111962958734
100.59058096982942,20.21384222943399,-0.26512485191643365
103.0162420373615,20.18202724720402,-0.27697293716366606
105.43808530702597,20.14879049474438,-0.28897711978410984
107.8559401663953,20.114113240370287,-0.3011064037030736
110.26963375523974,20.07798047192592,-0.3133868070832971
112.67899141187085,20.040374055075922,-0.325808530230697
115.08383629847997,20.00127703144824,-0.3384226004170582
117.48398954225375,19.960666319398193,-0.35125059774881456
119.87926950058153,19.918516247668336,-0.36445284221704133
122.26949145030173,19.87478190660229,-0.3778902219457004
124.654465279094,19.829435079968807,-0.39149434665587257
127.03399748869026,19.7824557583701,-0.4052294439300266
129.40789217969467,19.7338282250985,-0.41913356875057933
131.77595156670648,19.68353219684843,-0.43389499583352903
134.13797543032828,19.631464797348404,-0.4483356906805211
136.4937512060101,19.57766451446674,-0.4624060084583152
138.8430709477461,19.52217579345174,-0.47631218876141423
141.1857320429603,19.465018330800373,-0.4901017921417047
143.52153424265634,19.40620611574337,-0.5037430373416161
145.85027897654555,19.345756951262377,-0.5172533798617669
148.17176981069704,19.283686545678965,-0.5305560607990092
150.48581219617853,19.220019818383083,-0.5436987322879733
152.7922145743845,19.154775970508528,-0.5565770352759938
155.09078769084553,19.087986726275407,-0.5690485498833304
157.38134609799857,19.019700900289408,-0.5811680769558036
159.6637102060333,18.949960731054713,-0.5933102431092776
161.93770549375986,18.8787635018816,-0.6054734776331612
164.20315711398567,18.80610668456562,-0.617478405800969
166.45988991613353,18.732009275869505,-0.6292515168948017
168.70773102923786,18.65649909384213,-0.6407415724058756
170.94651092049892,18.579610105153424,-0.6519063448038516
173.17606413311734,18.501381343776963,-0.6627203942117402
175.39622989437058,18.421854896471554,-0.6731531639578305
177.60685248194716,18.341076516796615,-0.683130750988424
179.80778166396274,18.259100826678004,-0.6925353088613193
181.9988737631641,18.175996589614645,-0.701120063368375
184.17999335391787,18.09186218201044,-0.7089675176899353
186.35101681575912,18.00678607988765,-0.7162609075576916
188.51183114534564,17.920834770980726,-0.7231619494498436
190.66233131786333,17.834055337046745,-0.7295739346422726
192.80241795830895,17.746506464889674,-0.7354410980130424
194.9319987340957,17.658253533128107,-0.7409486517524431
197.05098915807108,17.569339694917815,-0.7459728302126212
199.15930992146122,17.4798229552923,-0.750386609354359
201.25688867609628,17.389776562169775,-0.7541804402422199
203.34366186355666,17.29927490934071,-0.7573365617563667
205.41957485267756,17.208394521929947,-0.7598433199165295
207.48458219530914,17.117213323539964,-0.7617281672886455
209.53864779413394,17.025805943465325,-0.7630201158893317
211.58174450734978,16.934243529558607,-0.7636678496549951
213.6138537308968,16.842603387600008,-0.7636554699380566
215.6349661374088,16.75096473120744,-0.7629801191540757
217.6450819051537,16.65940711690895,-0.7616939418798809
219.64421075918276,16.568003843883368,-0.7597768612518899
221.63237122044876,16.47683062053314,-0.7572201847965314
223.60959089491274,16.385964198357556,-0.7540239484402481
225.57590659871565,16.295481324544728,-0.7502114199011515
227.531364357661,16.20545595415659,-0.7457799829955343
229.4760190721598,16.115962356197127,-0.7408180460762261
231.40993455490346,16.02706419066798,-0.735317222478784
233.33318225778362,15.938826123970525,-0.729286499590794
235.24584139266008,15.85131174401963,-0.7227366648852224
237.14799880194244,15.764583344233404,-0.7157154613486416
239.03974880325043,15.678697488871567,-0.7082260722759114
240.92119250191502,15.593710360198457,-0.7003170743385597
242.79243774513884,15.50967231127783,-0.6919507872258907
244.65359842249217,15.426638216810723,-0.683160536995914
246.50479500850946,15.344658952371214,-0.6740862266724079
248.34615408279402,15.263768605170524,-0.6646727313569349
250.17780631541447,15.184007877407693,-0.6549041895005019
251.9998872607034,15.105419374667632,-0.6447908445729508
253.8125375856635,15.028044473318877,-0.6343349685713924
255.61590292246177,14.95192427709031,-0.6235855838813134
257.4101338357126,14.877094007024553,-0.6125535260071295
259.19538511655554,14.803587583903697,-0.6012583315771551
260.971815626624,14.731436584114439,-0.5897157606438895
262.73958801671773,14.660670692837172,-0.577922039489259
264.4988684998582,14.591320048098462,-0.5659445008650164
266.24982690563,14.52340670799466,-0.5540482799327686
267.99263571058935,14.456920914402728,-0.5420795602007485
269.7274662203177,14.391871367178638,-0.5297810043173269
271.4544907843791,14.328297646660559,-0.5172041083356607
273.17388650197836,14.266233153660279,-0.5044836602373334
274.8858344804176,14.2056951144318,-0.4916735813258335
276.5905178941494,14.1466942846727,-0.4788045934719491
278.28812120831014,14.089237733456066,-0.46589778618318445
279.9788297363249,14.033329999114084,-0.45297801221847594
281.6628293362186,13.978972637647868,-0.4400729277895364
283.3403060527363,13.926163886313123,-0.4272035002003001
285.0114457190939,13.874899466289087,-0.4143957033862282
286.6764336550486,13.82517198188274,-0.4016639489224202
288.3354542928745,13.776972308012049,-0.38902856361986377
289.98869096983594,13.730288880377666,-0.37649713310169164
291.6363256354813,13.685109224405462,-0.364080603445578
293.2785387424099,13.641419551991993,-0.35178620586204856
294.91550908864895,13.599205207288547,-0.339618910561672
296.54741371352355,13.558450938021146,-0.32758313290973273
298.1744278260861,13.519140962071978,-0.31568393001493333
299.7967247415348,13.481258890470185,-0.30392820012629373
301.4144758083912,13.44478750645503,-0.2923161997026099
303.02785030916584,13.409709562490718,-0.2808594333101964
304.63701545666476,13.376006430493495,-0.26956234844686183
306.242136228324,13.343658948679872,-0.25843469892060933
307.8433753021656,13.312646784809399,-0.24747866529543244
309.44089291634276,13.282949344973947,-0.23670341084744906
311.0348468377396,13.254544935672254,-0.2261155362890612
312.6253922300203,13.227411071317567,-0.2157165380494164
314.21268155857837,13.201525086751637,-0.20551241989764119
315.79686456898855,13.176863596363921,-0.19550435155402907
317.3780882005522,13.153403074177437,-0.1856808362548941
318.9564965694535,13.131121373826849,-0.17604363036992948
320.5322311343127,13.109996138182458,-0.16659977845195015
322.10543067089463,13.090004164768224,-0.15736461022046572
323.6762311706668,13.071120411541768,-0.14825783339531556
325.24476562005185,13.05332947153433,-0.1393001018010283
326.811165156636,13.036613459318206,-0.13051995762040336
328.3755587717542,13.020951064403757,-0.12193222703766213
329.9380728994826,13.006319197159238,-0.11350995739700054
331.4988312031417,12.992698002271597,-0.10524578904142769
333.0579549634143,12.980068507586626,-0.09693101469566757
334.6155631843247,12.968436785823146,-0.08871351986888658
336.17177559862347,12.957791163438879,-0.08083518641090623
337.72671053823615,12.94809094106957,-0.07324823620819573
339.2804814511645,12.939301152724585,-0.06590215395203258
340.8331975894915,12.931392894250342,-0.05877379741430325
342.3849647368015,12.924340038560626,-0.05186998350989658
343.9358855414288,12.918115640539439,-0.0451731170114351
345.4860594182935,12.912694866498066,-0.03868685931533958
347.03558280227327,12.908052443380226,-0.03240637811463183
348.5845490954789,12.904163678006471,-0.026366677023161922
350.13304873683967,12.900999676763691,-0.020579353599897987
351.6811686980513,12.898530154331704,-0.014994125502523319
353.2289923165711,12.8967308592714,-0.009622490655432903
354.7766000196837,12.895576160392748,-0.004407863910026637
356.32406915893085,12.895047216723546,0.0007075965045960828
357.8714748249377,12.895132128304096,0.005690111678258794
359.4188906803342,12.895814941705488,0.01052071729928948
360.96638847333884,12.897077427781403,0.01511688049847152
362.5140377646726,12.89889145344122,0.019341582413467368
364.06190473908555,12.901212443330836,0.02342659078155429
365.61005023228523,12.904023634224624,0.027581436070861942
367.15853306839216,12.907333406553127,0.03171203264594781
368.70741307717856,12.91113885047064,0.03577666936888237
370.25674973923503,12.915432050794907,0.03975663165668347
371.80660158533044,12.920202846593709,0.043650912606300114
373.35702592692166,12.925440956106465,0.04755335026726157
374.90807884165446,12.931147358138537,0.051441942216957054
376.4598165246311,12.937320391204572,0.05515949133897059
378.01229497157567,12.943939530165249,0.05869242701139751
379.5655677151955,12.950982621406617,0.06209771834736905
381.1196856297643,12.958434347608302,0.0654251477729258
382.6746977514773,12.966285365341053,0.06865579846047662
384.2306519953182,12.974524061156309,0.07177171211942085
385.787594882657,12.983136666610639,0.07473331575433437
387.34557128265027,12.99210466450116,0.07749413042584538
388.90462384239044,13.001403960152262,0.08006303027091802
390.4647923176087,13.011011523784772,0.08250739269165627
392.0261137004629,13.020912410907771,0.08485411762708664
393.5886231897718,13.031094905023021,0.08716181089539016
395.15235457837457,13.041554322330468,0.08950002960134518
396.7173410970542,13.05229432588263,0.0917970686601619
398.2836164161601,13.063309974121848,0.09402534516390684
399.8512136130547,13.074593015541517,0.09616155058655962
401.42016477491967,13.086132401611904,0.09774852838740922
402.9905006631131,13.097862225018392,0.09949401591526891
404.5622441301153,13.109801506928225,0.10127610960783487
406.1354203109467,13.121954640081166,0.10301472801000937
407.7100548677564,13.134316407442366,0.10461005935631036
409.2861728366495,13.146869614565123,0.10605091079395314
410.8637971903973,13.159595723860397,0.10738975129979196
412.4429486772605,13.172482494016371,0.10841088710163907
414.0236465765425,13.185491800468569,0.10956165378514582
415.60590559259873,13.198639198922786,0.11078305106541804
417.1897422964695,13.211933165050636,0.1120070956489566
418.77517427627555,13.22537401652851,0.11319674599144873
420.362219158259,13.238957626047485,0.11430966395051798
421.9508940733847,13.252674785721547,0.11534710193077428
423.5412150476713,13.266516437953241,0.11630873090862114
425.1331970202257,13.280473485662275,0.11720573405070171
426.7268538385052,13.294538173748359,0.11802284695546257
428.322198419355,13.308700915383014,0.11875019461285788
429.919242529201,13.322950938736557,0.11938514343005761
431.5179966418494,13.337277155948165,0.11992639828990513
433.1184699005632,13.351668323742954,0.12037624985376626
434.72067009941236,13.366113473725406,0.12073684418692084
436.3246037162594,13.380601895027837,0.12110022420427986
437.9302759436627,13.39513392193235,0.1217763182523952
439.5376920142946,13.409747080122639,0.12230034206498865
441.1468616639093,13.424423121170438,0.12191118807050698
442.75779243844977,13.439052463738898,0.12164914312354755
444.3704787340984,13.453650360913723,0.12142787611485532
445.98491677740805,13.468221706047506,0.12090316438870442
447.6011033821338,13.48273008577415,0.12023006814166808
449.21903099242667,13.49715769395115,0.11946520541410997
450.8386899157008,13.511493518600844,0.11897992221722362
452.4600691379329,13.52577110926691,0.11850067734051631
454.08316167104493,13.539991190547774,0.11798550929889244
455.70796061391064,13.55414945166364,0.1174491896064842
457.33445854811026,13.568243354416419,0.11688600457385025
458.96264775064026,13.58226967496528,0.11629038577142536
460.5925201116361,13.59622452125785,0.11566895910654401
462.224067054187,13.610104796350635,0.11501689438259645
463.8572796297491,13.623906823676547,0.11432295501062965
465.4921484485903,13.637625578277822,0.11358007912560213
467.1286635179836,13.651255187772895,0.11278082245239143
468.7668141405164,13.664788886467182,0.11193037063083895
470.40658880689244,13.678220530942882,0.110972779407085
472.0479752706056,13.691537264471732,0.10967690658634191
473.6909597423422,13.704698493262093,0.1082872115373822
475.33552356153365,13.717692958646579,0.10706020268911652
476.9816467165712,13.730540182969273,0.10598331900977445
478.62931153852753,13.743258181250447,0.1044811759052381
480.2785025202776,13.755795922359075,0.10326971135538916
481.92919803096066,13.768188287721722,0.10223027997472145
483.58138062548727,13.780455921318689,0.10126406116367836
485.2350353360455,13.79260760865833,0.10033100422903043
486.89014824908446,13.804647329165814,0.09940794178277654
488.54670592858434,13.816576282179748,0.0984790085378577
490.20469508244594,13.828393763204291,0.09754390780183855
491.86410233403046,13.840099032140511,0.09658419751518596
493.52491421788733,13.851689135842333,0.09558515106706186
495.18711691418844,13.863159353970381,0.09452224146981697
496.8506960366649,13.874502022946759,0.09339079858185415
498.5156362794185,13.885708918776581,0.09221550901650563
500.1819213496717,13.896774779858562,0.09103240435296858
501.8495343232547,13.907698668380919,0.08982620623648954
503.5184581634604,13.918477813129297,0.088594652728988
505.18867550103596,13.929109171456775,0.08734127191916058
506.8601686016108,13.939590124087074,0.08606998810072534
508.5329194165012,13.94991852265916,0.08478498435551288
510.2069096392203,13.960092720781823,0.08347982678227572
511.88212076571415,13.970110299995696,0.0821592252146836
513.5585340017136,13.979969407021457,0.0808322574406114
515.2361303305562,13.98966927791433,0.07949917538399678
516.9148906439059,13.99920917896041,0.07815910061549503
518.5947957453811,14.008588271034268,0.07681113772040882
520.2758263379053,14.017805607560717,0.07545175732319134
521.9579630108126,14.026859818439501,0.07408016199399428
523.6411861890253,14.03574943787878,0.07269368170222827
525.3254761215708,14.044472679683047,0.07129357426616464
527.0108128431327,14.053027908594986,0.06988131517813453
528.6971761921641,14.061413666416362,0.06846182980230575
530.384545832134,14.069629085992638,0.0670375292394947
532.0729013224532,14.077673589501376,0.06561123226395005
533.7622221531933,14.085546937373051,0.06418631867161645
535.452487785678,14.093249295613646,0.0627617431643509
537.1436777011517,14.100780704793367,0.06132471688611577
538.8357713857268,14.108139670819702,0.05989120375354427
540.5287481462252,14.115326615270126,0.058463708748634755
542.2225873400577,14.122342260319963,0.057048149883219164
543.917268411296,14.12918803830595,0.05564282865969605
545.6127709758928,14.135865177745114,0.05424574130285876
547.3090747972221,14.142374666701457,0.05286106113833749
549.0061597572263,14.148717994038057,0.05148903368296828
550.7040059165109,14.154896678080013,0.050128861149300596
552.4025935178805,14.160912141417928,0.048781249741242504
554.1019029748506,14.166765891386877,0.04744245391885767
555.8019148818171,14.17245898585714,0.04611860838086941
557.5026099601199,14.177993218862845,0.04480222250121473
559.2039691463834,14.183369485562991,0.04349552223432686
560.905973484651,14.18858894823111,0.042203995656819024
562.6086041584388,14.193653427709929,0.040914654940443704
564.3118425697639,14.198563186302783,0.03963216087344107
566.0156701521203,14.203319045607596,0.03836585369400597
567.7200684375932,14.207922948050877,0.037154680347909114
569.4250191913593,14.212381509692626,0.0359558238341848
571.1305049725224,14.21669620855273,0.034791493938626794
572.8365085175487,14.220871187825365,0.03365091300210814
574.5430130600878,14.224909297385619,0.03253106542933969
576.2500021757741,14.22881302523714,0.031444795151579136
577.9574597388025,14.232586400655329,0.03045278101627528
579.6653701068811,14.236240734377281,0.029497773704407787
581.3737189950065,14.23978046722181,0.028565234588910103
583.082492651073,14.243208295372478,0.027646549928510865
584.7916776465178,14.2465258813639,0.026735451737680892
586.5012607522814,14.249734135572421,0.025791077771962607
588.21122884855,14.252829064905056,0.02477402029059228
589.9215683363386,14.255801947339927,0.023739332971549922
591.6322645700194,14.258650667296513,0.022694056283412825
593.343302650095,14.261373954050523,0.021641309873808478
595.0546675245811,14.26397091123538,0.020581855314042774
596.7663440339293,14.266440733873065,0.01952729720781408
598.4783169219941,14.268784009538003,0.01850054990167007
600.1905710031386,14.271004075526204,0.017573776945344295
601.9030914922018,14.273112928759645,0.0167073977916805
603.615865043653,14.275117816494646,0.015909977623114212
605.3288791816324,14.27702701380942,0.01510365621175375
607.0421224232895,14.27883945255483,0.014215853884212122
608.755583157596,14.280545355020935,0.013313806763488601
610.4692486001985,14.282143011832554,0.012412517547758309
612.1831057616184,14.283632513938285,0.011507676301609433
613.897141663291,14.285013435094477,0.010570924471681183
615.6113432755023,14.286281946031078,0.009635213116696174
617.3256971090261,14.287438171605082,0.008761441186203521
619.0401896896187,14.288489544547426,0.008323816808076128
620.7548084349644,14.289488402564395,0.008057634916834321
622.4695470432721,14.290455318754415,0.007579344013514793
624.1844016815227,14.291364840036037,0.006928792725771585
625.899365462327,14.29219629516313,0.006234495048514985
627.6144290177465,14.292944434568952,0.00552935025317169
629.3295823498947,14.293607956599333,0.004787006764009127
631.0448153046866,14.294182397411014,0.003957931694006933
632.7601171923759,14.294657349214294,0.0031007694117922485
634.4754760742816,14.29502944154371,0.0022524932253642667
636.1908796072668,14.295299740730753,0.0014302787179380461
637.9063155761545,14.295471374176905,0.0006241734876436091
639.6217721410558,14.295546274995422,-0.00015482534087342642
641.3372376940553,14.295527695954517,-0.0009029307872657666
643.0527010175698,14.295419344260045,-0.0016153888019568405
644.768151338881,14.295225497603811,-0.0022858889063087167
646.4835783985935,14.294951190935054,-0.002917800195599769
648.1989725415058,14.294601054911581,-0.003521421332188521
649.9143246680952,14.294178484351718,-0.004093240200577329
651.6296260862174,14.293687295527649,-0.004634655453633212
653.3448685616808,14.293131136873212,-0.0051559198678055975
655.0600442981056,14.292512426489075,-0.005662609018615782
656.7751457892842,14.291832913406841,-0.0061493260269082795
658.4901657388931,14.291094994283613,-0.006614919759623583
660.2050971382072,14.290301203912458,-0.007060062283378969
661.9199332826767,14.289453996438452,-0.007469967142373886
663.6346677622493,14.288557600381367,-0.007850240254430776
665.349294674295,14.287615571550836,-0.008204110143490068
667.0638085428811,14.286631078333617,-0.008529850462396803
668.7782042722812,14.285607496278129,-0.008828093229183508
670.4924771718346,14.284548125090627,-0.009095513036803428
672.2066229468454,14.283456663526211,-0.009334974312661812
673.9206377464685,14.282336466608692,-0.009548682053178334
675.6345181224616,14.28119062476231,-0.009752243607805152
677.348260997433,14.280020355529373,-0.00993458882266287
679.0618634400965,14.278828204870655,-0.010095083450464299
680.775322824681,14.277616794856598,-0.010230407825228695
682.4886368400638,14.276389145917571,-0.01034261242677339
684.2018035375739,14.275148032426358,-0.010429390698823086
685.914821301465,14.2738965055425,-0.010488854592540493
687.6276888821302,14.272637842991394,-0.010523995150297729
689.3404054232892,14.271374963573358,-0.01053201409254844
691.052970418918,14.270111121882252,-0.010513161407028352
692.7653837535439,14.268849542513408,-0.010464109141370713
694.4776456986456,14.267593849416443,-0.010386727431866805
696.1897569605756,14.26634744212462,-0.010279892461406797
697.9017186536305,14.26511385502925,-0.010140767070804349
699.613532316234,14.263896962980754,-0.009970815728154612
701.3251999517917,14.262700465093376,-0.009768380685327045
703.0367240076029,14.261528259411136,-0.009532558407921561
704.7481073987321,14.260384352402186,-0.00924940579517523
706.4593535210204,14.259274423706765,-0.008907332316294111
708.1704664518652,14.25820554382881,-0.008525507903115438
709.8814511171247,14.257182482880436,-0.008107449899680872
711.5923130150703,14.256209588892474,-0.00764680217368367
713.3030581657374,14.255291972631632,-0.0071481049328520644
715.0136932024532,14.25443420003969,-0.006609567476497665
716.7242253064579,14.253641051942509,-0.006036699036072098
718.434662232691,14.25291664805818,-0.005421524366620472
720.1450122304581,14.252266065134187,-0.004770419310529994
721.8552841582741,14.251693614816922,-0.004073428189407114
723.5654873920521,14.251204803434193,-0.003339811517962736
725.2756319684642,14.250804026052037,-0.00256139435696616
726.9857284515904,14.250496658729201,-0.001734707728392706
728.6957880506379,14.250288493801794,-0.0008584104323782804
730.4058226698942,14.250185484549908,7.246456964320842e-05
732.1158449280401,14.250194180298266,0.0010603790604967072
733.825868229676,14.250321425785526,0.0021104556926917553
735.5359068007702,14.250574680468649,0.0032195037044623833
737.2459757624265,14.250961020913184,0.004394802650639604
738.9560910849361,14.251488397231261,0.005635474886824889
740.6662696926039,14.25216465421768,0.006941675868529929
742.3765294511101,14.252997655321904,0.008318236787849258
744.0868891697487,14.253995843736446,0.00976500160758152
745.7973686709971,14.255167643929356,0.011277821720737331
747.5079887882687,14.256520982535845,0.012863052446731906
749.2187713061729,14.258064548829452,0.014517088136779713
750.9297390520325,14.259806599405866,0.01624292325614181
752.6409158439611,14.261755750196604,0.018042062384056916
754.3523265339848,14.263920797682692,0.019912636789967544
756.0639970297067,14.266310314097488,0.02186057643783523
757.7759542673983,14.268933583270028,0.023887094949741963
759.4882262973907,14.271800034663997,0.02599145312814851
761.2008423015504,14.274919009039374,0.028176635542234946
762.9138325826351,14.278300205304442,0.030443948767801897
764.6272286072716,14.281953479156577,0.03279668530258673
766.3410630247704,14.285889081392888,0.035229777023378345
768.0553697145375,14.290116654635693,0.037744146728882086
769.7701837130938,14.294645952243158,0.040343713819898805
771.485541227363,14.299487197901547,0.043026138196387814
773.2014796911112,14.304650334485114,0.04579324383411567
774.9180377312495,14.310145523745208,0.04864399139521103
776.6352551940989,14.315982802712632,0.051571557813154936
778.3531731304245,14.322171389650212,0.05458594565521341
780.0718336971825,14.328721703128837,0.05767514702757645
781.7912803015579,14.335642720772146,0.06084536514200608
783.5115574280505,14.342944164589186,0.06409372648674791
785.2327107278012,14.350635411767596,0.06741827928257285
786.9547869772133,14.358725605281505,0.0708219389279455
788.6778340498471,14.367224237952858,0.07429955730881269
790.4019009584015,14.376140184829914,0.07785599074770985
792.1270377805811,14.38548290371964,0.0814832561050026
793.8532957290274,14.395260894452239,0.08517908650563463
795.5807270363617,14.405482384832915,0.08894780303712993
797.3093849225417,14.416156121197371,0.09278618884518416
799.0393236570853,14.427290463858792,0.09669356491475903
800.7705985127484,14.438893691648564,0.10066628933588997
802.5032657557463,14.45097364636887,0.1047032225565078
804.2373825933105,14.463538033075652,0.1088013504314539
805.9730071572795,14.476594195127428,0.11296040495702654
807.7101984606949,14.49014944372227,0.11717316690310342
809.4490163939415,14.504210223750643,0.12143832892769782
811.1895216207917,14.518782823221967,0.12575733700274985
812.9317755595783,14.533873703662296,0.13012639365893192
814.6758404040178,14.549488870901367,0.1345375980179494
816.4217790685259,14.56563338266352,0.1389946755834538
818.1696550744455,14.582312743733535,0.14348900468950482
819.9195326036935,14.599531424296275,0.14802168662310355
821.671476374609,14.617294026691047,0.15258967961995296
823.425551657812,14.635604788245441,0.15718928719854422
825.1818242324015,14.654467502709267,0.16181964524428333
826.9403603327266,14.673885860138581,0.16648159523777167
828.7012266359433,14.693863651567113,0.1712031413600189
830.4644902741313,14.714408028530316,0.1759891609601278
832.2302192375549,14.735526727845532,0.18080891415189876
833.9984824448964,14.757223797543759,0.18565075259606084
835.7693493006016,14.779501887855286,0.19050809638316463
837.5428895271442,14.802362859421265,0.1953751617831307
839.3191730702748,14.82580787883524,0.200245267604506
841.098270015735,14.84983731094778,0.20511774654890835
842.8802504930487,14.87445144053365,0.20998748930725952
844.6651846659128,14.899649939250521,0.21485110426579593
846.4531426586228,14.925432071762417,0.2197042716725726
848.2441945072343,14.951796584363127,0.2245134422402291
850.0384100973579,14.978738197431953,0.2292974929605993
851.8358586810497,15.006253896587225,0.23406190015890976
853.6366091486401,15.034341324606293,0.23882337346295043
855.4407301075929,15.063000129421848,0.24359554910343714
857.2482901231235,15.09223159531426,0.24835933513903452
859.0593579145612,15.122034715530944,0.2530962059554177
860.8740020804249,15.152406260245595,0.2578008150296782
862.6922908316544,15.183342358049156,0.26247671265296124
864.5142919146203,15.214839563567512,0.2671063029321775
866.3400726622484,15.246892319919374,0.2716932518708476
868.1696997406387,15.279495510143875,0.27624716802698146
870.003239201856,15.312645170307112,0.28079337446980374
871.8407566222928,15.34634037524349,0.28530016717192563
873.682317467322,15.38057639530412,0.28963178739539386
875.5279866347586,15.415332209791567,0.2938914753215903
877.3778264999336,15.450599186830157,0.2974438892808796
879.2318984023532,15.486292453543863,0.3010947337714032
881.0902534967785,15.522423821596432,0.30506902443285533
882.95294435537,15.559032104528374,0.308926761629045
884.8200282079134,15.596103315923859,0.3127833214432741
886.6915606058243,15.633637314497053,0.3166269271956861
888.5675970835639,15.671632545760534,0.32045497999359907
890.4481929890552,15.710087143359766,0.32406963004395584
892.3334034462583,15.748975498965041,0.3280170092925532
894.2232805061342,15.788337540080148,0.3321676245201307
896.1178810109438,15.828197655022564,0.33636879048527235
898.0172647295466,15.868561909880796,0.34056985140466
899.9214921587322,15.909430292049356,0.3447456201900376
901.8306237937782,15.95079976647216,0.34887262378734674
903.7447197657548,15.992664481326642,0.35293922805112066
905.6638395035139,16.035017188692777,0.35693537359319943
907.5880415661571,16.077849433523962,0.3608350389964237
909.51738349818,16.121149638203534,0.3646223691847913
911.4519214547645,16.16490432250571,0.3682943167898003
913.3917099734651,16.209099640520485,0.37186740360143455
915.3368019303276,16.253723728952657,0.37535447306886327
917.2872487778019,16.29876626572092,0.3787505511948478
919.2431007296884,16.344216331864303,0.3820668940029649
921.2044066895121,16.39006435914466,0.3853079591908952
923.1712144126094,16.43630131424757,0.3884903953185517
925.1435705703191,16.482920161685794,0.39161674204514807
927.1215209897214,16.52991417073121,0.3946883043608458
929.1051106902091,16.57727676725451,0.39770508235368096
931.0943839022797,16.62500137713695,0.4006584448220164
933.0893840675361,16.673080390515594,0.4035413481271316
935.090153714398,16.72150535229085,0.40634155399258465
937.0967343566729,16.77026633876996,0.40905734599411225
939.1091663173253,16.819353220289255,0.4116705757374878
941.12748870376,16.868753689377755,0.41417958381170966
943.1517391464854,16.91845523943516,0.4166031127195427
945.1819537752176,16.968447612961505,0.41893898434430615
947.218167488773,17.018720291082822,0.42117596163849363
949.2604139237029,17.06926140647944,0.42331453953811876
951.3087252924804,17.120059151224016,0.4253659916352013
953.3631323906272,17.17110307022024,0.4274065441837952
955.4236647590536,17.222391855522297,0.4293948991202003
957.4903517817163,17.27391924341672,0.43130468415162987
959.5632220909263,17.325675805514916,0.43314794696482695
961.642303187588,17.377653559150694,0.4349181010059676
963.7276216146861,17.42984373127141,0.4366102613077522
965.8192028624386,17.482236962628342,0.43823055195463423
967.917071297954,17.534824628862896,0.43970807709190207
970.0212502534175,17.587589598113926,0.4409962236322235
972.1317610051912,17.640509144949792,0.4421124366240709
974.2486221025852,17.69356263734468,0.4430811001074297
976.3718496190666,17.74673236935757,0.4439219977756763
978.5014575033895,17.800003009090652,0.44464903797222166
980.6374578644803,17.85336089364732,0.44526364906829413
982.779861171718,17.906792531535515,0.4457803582847591
984.9286762755023,17.960286174529685,0.4462116198623878
987.0839106164459,18.013831568913172,0.4465738890067017
989.2455704047155,18.067420435593977,0.44687229552437685
991.4136608569868,18.1210451110569,0.4471121056910668
993.5881862703136,18.174698563739828,0.4472884665885436
995.7691500979623,18.228373179730454,0.4474072513850429
997.95655487953,18.28206204989666,0.447454705685276
1000.1504023255176,18.33575661457889,0.4474240058107135
1002.350693119267,18.389447495276176,0.4472997036919245
1004.5574268187002,18.443123459719207,0.4470745424172107
1006.7706016338665,18.49677240480927,0.4467405098415071
1008.9902143224435,18.55038126599025,0.44628790387091183
1011.2162600743624,18.603935814454758,0.44571238269689767
1013.448732372097,18.657421300378385,0.44501863620233917
1015.6876229281423,18.710823536722664,0.4442046174593669
1017.9329217525491,18.76412809081779,0.44327171111952335
1020.1846171234472,18.81732069615213,0.44223328973818615
1022.4426956069855,18.870388690920713,0.4410899278265036
1024.707142249896,18.923319482259892,0.43985604573187265
1026.977940587767,18.976102207747715,0.4385330924436836
1029.255072852697,19.02872617884096,0.43711653001166456
1031.538519994158,19.081180162442358,0.4356167798586894
1033.828261613651,19.1334541760254,0.43403480614243684
1036.124276114774,19.185538352762492,0.4323684209343916
1038.4265407171054,19.23742256327462,0.43061321705083716
1040.7350314246983,19.28909614932072,0.42876829211013895
1043.0497229626167,19.340548344373936,0.4268235853530243
1045.3705887639414,19.391767174616298,0.42477225496969184
1047.6976008248953,19.44273984521266,0.42260309543925795
1050.0307296063208,19.49345221666537,0.42031958656729884
1052.3699438723206,19.54389056705345,0.41789776888769187
1054.715210740367,19.594038299319973,0.41534887704180856
1057.0664953362852,19.64388016456499,0.41268347283022133
1059.423760956033,19.693402181304617,0.40990399783631265
1061.7869692177896,19.742590661044975,0.4070171227610949
1064.1560800971151,19.791432715776306,0.4040258847841226
1066.5310520230082,19.839915821950402,0.40093018634441513
1068.9118419216422,19.88802744431173,0.39767966835687163
1071.2984052149595,19.935749004514555,0.39436936944376844
1073.6906950955013,19.98307332884781,0.3909745064730949
1076.088663894963,20.02999026962458,0.38748981409463673
1078.492262727318,20.07648904731594,0.3839065270155046
1080.9014414129958,20.1225578305578,0.38022621129900763
1083.3161483526628,20.16818497591368,0.37645110853182195
1085.7363305497724,20.213359108937496,0.37257327090899917
1088.161933642845,20.258067901446577,0.36859644883723497
1090.5929017910187,20.302299475307045,0.36451275948643824
1093.0291777280556,20.346041006445418,0.3603263356555232
1095.470702648829,20.38928016672408,0.3560346475641821
1097.917416268836,20.432004324431784,0.35164100055167613
1100.3692567877677,20.474201244497984,0.34714455215670487
1102.8261609371075,20.51585859075679,0.3425484162664988
1105.2880639679984,20.556964400708768,0.3378520401752254
1107.7548996960834,20.597506645529794,0.33311925157064326
1110.226600493547,20.63748095571827,0.3282572610726959
1112.7030982082333,20.676871827046995,0.3232898972023408
1115.184322827479,20.715666614711274,0.3182301317895364
1117.6702028212444,20.75385423052602,0.3130786979521012
1120.1606653289075,20.79142367428027,0.3078439584954667
1122.655636169821,20.828364949299726,0.3025246528763582
1125.155039963737,20.86466790764489,0.29712426337257714
1127.6588001126543,20.9003228192496,0.2916454724833695
1130.1668388509643,20.935320275947603,0.2860882422975819
1132.679077284078,20.969650865023315,0.2804554630122113
1135.1954353878807,21.00330552058478,0.27474932914454564
1137.7158320503509,21.03627544008213,0.26897517006977334
1140.2401851031607,21.0685524604905,0.2631321870776382
1142.7684113984196,21.100128322939817,0.25722404751490685
1145.3004267971723,21.130995208641604,0.25125648877764556
1147.8361462222094,21.161145987294923,0.2452326007570093
1150.3754837406848,21.190573899385765,0.23915448001164955
1152.918352608611,21.21927243698716,0.2330274293037888
1155.4646653010495,21.247235728503615,0.22684827270886157
1158.01433358847,21.27445752122868,0.22062344820263222
1160.5672684910173,21.300932335012995,0.21435974895546914
1163.123380371219,21.32665550488765,0.20805909030434555
1165.6825790318055,21.351622595724173,0.2017232149504951
1168.2447737432924,21.375829381518233,0.19535704632379064
1170.8098732690746,21.399272227077088,0.18896322196011195
1173.3777859363238,21.4219478137123,0.18254802658135247
1175.9484196739693,21.44385357690206,0.1761229341973824
1178.5216821031975,21.464988329005745,0.16968405740034198
1181.0974807026782,21.485350415893787,0.16323537198070764
1183.6757227525854,21.504938660531472,0.15677902835157137
1186.2563153918493,21.52375214393366,0.15031826078674593
1188.8391656491212,21.541790335228068,0.14385609092002838
1191.4241804893486,21.55905306613847,0.13739929182738458
1194.0112668572851,21.575540981157758,0.13094956096916766
1196.600331775024,21.591254928474058,0.12451072748764644
1199.1912823664409,21.606196215772574,0.11808520405379082
1201.7840259123336,21.62036644025903,0.11167503299986199
1204.3784698851648,21.633767444219014,0.1052898500056335
1206.974521978471,21.64640222621969,0.0989318568145241
1209.5720902456176,21.65827404903743,0.0926015034801658
1212.171083131502,21.66938622945505,0.08630400438149828
1214.7714094790365,21.67974270998083,0.08004641291730302
1217.3729786042343,21.689348279530904,0.07383058260414423
1219.975700397778,21.6982079494434,0.06765606857246692
1222.5794853517111,21.706326677672095,0.06152397408547222
1225.1842445530317,21.713709554562353,0.05543975050361755
1227.7898896995791,21.720362324622787,0.04940997784192745
1230.396333178534,21.72629152196382,0.043407201197524545
1233.0034881611696,21.731500386107523,0.0374540633340517
1235.6112682075025,21.73599487370761,0.03156195157536443
1238.2195875923474,21.739782307896654,0.025742367042545254
1240.828361469295,21.742871391941758,0.020020107437010375
1243.437506036328,21.7452738048342,0.01438083778647171
1246.046938892908,21.746999505368574,0.008818307836691734
1248.6565788335522,21.748057702308977,0.003344703284098333
1251.2663457578292,21.748459066703067,-0.0020361946370529025
1253.8761608458335,21.74821472334662,-0.007332016998951566
1256.4859466126352,21.747334881306745,-0.012534656987370083
1259.095626798392,21.74583072246826,-0.01765401764490698
1261.7051264850882,21.74371224035087,-0.022687783284788737
1264.3143719539303,21.740989706356697,-0.02763102672114486
1266.9232907186931,21.73767398315016,-0.032494867264313984
1269.531811596671,21.73377459907844,-0.037268213609313525
1272.1398645485606,21.72930241344532,-0.041955171240626046
1274.747380838174,21.724267792896445,-0.04654410035610309
1277.3542929733214,21.718682500853713,-0.051040007155364275
1279.960534873424,21.71255769999507,-0.05544037628018563
1282.5660417974234,21.70590485484145,-0.0597392078820407
1285.1707503800044,21.698736149895606,-0.06393944087585629
1287.774598717992,21.691063416990502,-0.06804088034839148
1290.3775263280309,21.682898511348697,-0.07203196760250433
1292.9794741493927,21.674254675236394,-0.07590695128673422
1295.580384710421,21.665145841081987,-0.07967390376345532
1298.180202211351,21.655584972630372,-0.08331646727356803
1300.7788724080665,21.645586996557544,-0.08685511840536567
1303.3763428476534,21.6351643823489,-0.0903477558993919
1305.9725625735352,21.624322651640973,-0.09376371629045493
1308.567481291732,21.61307100568612,-0.09707619470454862
1311.1610498124144,21.601421862321573,-0.10019625043207495
1313.753220435893,21.589398312269722,-0.10276207743151741
1316.3439482333652,21.57706686297794,-0.10509003340126997
1318.9331962569224,21.56445605896979,-0.10746155355154151
1321.5209309839988,21.551560672543605,-0.1097811730077436
1324.107118264704,21.538386931782675,-0.11182529731176245
1326.691724696518,21.524967896105263,-0.11419018059012347
1329.2747208440505,21.511265074434448,-0.11666168605072605
1331.8560726529827,21.497265672108362,-0.11907460332517708
1334.4357445336357,21.48297671970934,-0.1212751093249121
1337.013701740001,21.468423706590354,-0.12343575071095576
1339.5899125847918,21.45361141650504,-0.12559750901203032
1342.1643459547724,21.438539715423598,-0.1276951175380665
1344.7369707206233,21.42321630131903,-0.12962239021771535
1347.3077566767815,21.407661614492905,-0.13136818883132942
1349.8766760705207,21.391897431833147,-0.13296515885761012
1352.4437037623406,21.375941612770234,-0.13414227301015058
1355.008816755873,21.359844540009014,-0.13481043603972392
1357.5719981006741,21.343667287684248,-0.13562889898474334
1360.1332381751963,21.327391819806078,-0.13641829421110285
1362.6925251935731,21.311021624500746,-0.1374352568162692
1365.2498477885133,21.294529393682794,-0.13857290550920046
1367.8051913157553,21.27790064502169,-0.13915744951811249
1370.358539393158,21.261201751079515,-0.14047642135120697
1372.9098836032877,21.24434458051737,-0.14174813616396129
1375.4592049529497,21.227334804177694,-0.14290970220340682
1378.006485129451,21.210185639913284,-0.14398649180836406
1380.5517074062407,21.19290726089628,-0.14501117141627842
1383.0948562775482,21.175505920326327,-0.14596262106307634
1385.6359169879872,21.157990405798756,-0.1467919235891454
1388.174875836683,21.14037537496806,-0.14750438636144791
1390.7117208816792,21.122674848604685,-0.1481216306334675
1393.2464418635118,21.10490025292867,-0.14869208784270033
1395.7790298938633,21.087057202387545,-0.14918552180977923
1398.3094767581497,21.06915493977037,-0.1495944387022312
1400.8377753509221,21.0512036071261,-0.14981878936318832
1403.3639197837772,21.033225352402518,-0.14993302384397456
1405.8879068260655,21.01523338954124,-0.1499762326205815
1408.4097348328105,20.99723624162677,-0.14997143711742678
1410.9294031818058,20.979239669172678,-0.14992632894603608
1413.4469119421065,20.961248509699153,-0.14985464410567373
1415.9622617632704,20.943265952406474,-0.14975184572352435
1418.4754536775592,20.92529573091965,-0.14962333861544908
1420.9864891652696,20.907340930285798,-0.14946631348623335
1423.495370076904,20.88940497266745,-0.14926919692353766
1426.002098673624,20.871492669036623,-0.14890122577591955
1428.5066777939085,20.853624521943512,-0.14835929092339978
1431.0091127365417,20.835821407032704,-0.14783595190455645
1433.5094113053856,20.818081092804157,-0.14732155125247126
1436.007581036522,20.80040250665386,-0.1467603170675084
1438.5036293373205,20.78279126860576,-0.14613403446147505
1440.997564289553,20.765255184470384,-0.14551655209382786
1443.4893949116895,20.747793198219124,-0.1448832802629416
1445.9791300954757,20.73040720458757,-0.14423067538892453
1448.4667789600262,20.7130995235409,-0.14355583164820962
1450.952350902851,20.695872823743116,-0.14290045198133622
1453.4358556417003,20.678724769505354,-0.1422435795797513
1455.9173026140409,20.661655539955785,-0.14156541302807762
1458.3967012788355,20.644667690392414,-0.14085746352341794
1460.8740614016826,20.627764794769604,-0.14011094590937187
1463.349393177055,20.61095148126048,-0.13932812152875618
1465.8227073548062,20.594232106677026,-0.13850521919587322
1468.2940152076073,20.57761148037352,-0.13763977724931487
1470.763328585252,20.561094707103603,-0.13672654325119046
1473.2306599501046,20.54468752191346,-0.13577712592102142
1475.6960224527343,20.528394266802938,-0.13478820260533375
1478.1594297647507,20.512219682490297,-0.1337684280670886
1480.6208961266495,20.496167471122245,-0.1327190329538456
1483.0804362231843,20.480241187167785,-0.1316459121242613
1485.5380651656444,20.46444367771287,-0.13049093304184367
1487.99379840697,20.44878476574785,-0.12913150331276985
1490.4476525788598,20.433288985350316,-0.12772870279634768
1492.8996472571018,20.417961541014755,-0.12650486067213332
1495.3498026420236,20.402780957734098,-0.1253418825935706
1497.7981363569518,20.38773993182287,-0.12419215956772646
1500.2446651487705,20.372836872674743,-0.12304963814191316
1502.6894055734915,20.358070916097713,-0.12191114194150503
1505.1323740834232,20.34344157906473,-0.12077137614823011
1507.5735870729109,20.328949013926945,-0.11962579530738664
1510.0130609545822,20.314593918490058,-0.11846400285267397
1512.450812224801,20.300378238147736,-0.11728431104287397
1514.8868576133787,20.286304120822592,-0.11608209668770808
1517.3212141078773,20.272374269220066,-0.11485589209327111
1519.7538990201838,20.258591562168874,-0.11359949506863794
1522.184930007644,20.24495962276064,-0.11232200470720881
1524.6143251623753,20.231480982195773,-0.1110206619668052
1527.0421028802389,20.218158502759756,-0.10970004095976332
1529.46828190057,20.204994497844584,-0.10837046544064033
1531.8928812403115,20.19199004199171,-0.10703180310827934
1534.3159200453504,20.179146225618716,-0.10568905484410374
1536.7374175924247,20.166463539037423,-0.1043480694902345
1539.157393217109,20.153941770698594,-0.10300981816425815
1541.575866229593,20.141580592518885,-0.1016759642173872
1543.9928559006953,20.129379476812797,-0.10034112639302087
1546.4083814379128,20.117338541645633,-0.09901065074029704
1548.8224620629103,20.105457263556797,-0.09768457886138399
1551.235116934537,20.09373511409343,-0.09635548193219186
1553.6463651482281,20.082172456261567,-0.09502453059446335
1556.0562258429795,20.070769512590232,-0.09368735239182004
1558.4647181844903,20.059527030303215,-0.09234633364447602
1560.8718614281267,20.04844547026588,-0.09100132262130964
1563.2776748845586,20.03752531155132,-0.08965156691195866
1565.6821779219447,20.026767123521886,-0.08829926308457
1568.0853899767674,20.016171211951736,-0.08694286604846548
1570.4873305222015,20.00573806802592,-0.08559050996873596
1572.8880190903647,19.995467206829673,-0.0842427968930204
1575.2874751551842,19.985358071202512,-0.08289510903629599
1577.6857181237285,19.975410658118157,-0.08155469010246294
1580.0827674027028,19.965624095305863,-0.08022075532225806
1582.4786422941395,19.955997604667193,-0.07889399819308135
1584.8733620066996,19.946530324884023,-0.07757432693733488
1587.2669456456856,19.93722140565154,-0.07626207855337686
1589.6594122143638,19.928069956225137,-0.07495841764745377
1592.0507806091107,19.919074946107443,-0.07365817957351836
1594.4410696026437,19.91023596455862,-0.07236694564460805
1596.8302979183907,19.90155193108127,-0.07108003092777328
1599.2184841501205,19.893022327369934,-0.06979661756409414
1601.6056468294048,19.884646733262244,-0.06852523407961436
1603.9918044373962,19.87642370517269,-0.06726870660673759
1606.376975282017,19.868351460379884,-0.06602473889963384
1608.7611774572624,19.86042849171193,-0.0647872298748952
1611.1444288762677,19.85265402412694,-0.06355743471561459
1613.526747359163,19.845027131961068,-0.0623338590306232
1615.9081506149982,19.83754706887739,-0.0611139520833843
1618.2886562632636,19.830213394627386,-0.059901778982233346
1620.668281870619,19.823025181149518,-0.058694126692885804
1623.047044892357,19.81598188594637,-0.0574933541381799
1625.4249627186705,19.80908268344979,-0.05629675709035762
1627.8020526406845,19.80232707259895,-0.055107152273249485
1630.1783318893963,19.79571421432616,-0.05392382517255895
1632.5538175951153,19.789243355305455,-0.05274700902078137
1634.928526797752,19.78291371422296,-0.05157522628122878
1637.3024764434588,19.776724687069212,-0.050408018313240766
1639.675683405907,19.770675724871623,-0.04924598692859329
1642.0481644928916,19.764766206440193,-0.04808941813537638
1644.4199364376643,19.758995476263948,-0.046939663179225495
1646.791015894816,19.753362716682442,-0.045793741571604575
1649.1614194208178,19.74786746769385,-0.0446534469563538
1651.531163516941,19.742509054059088,-0.04352040501672033
1653.900264603428,19.737286605457083,-0.04250181620942699
1656.268738996083,19.732186387511952,-0.041537319367170256
1658.6366013625843,19.72720190918789,-0.040595856821472896
1661.003865591687,19.722330406369313,-0.03967583955011631
1663.3705452404513,19.7175693056233,-0.038612007529893244
1665.7366535571261,19.712935864719714,-0.03749129735168385
1668.1022058608926,19.708436909037513,-0.036344174007686414
1670.4672182899772,19.70407560815659,-0.035180246607502325
1672.831707362956,19.699853978563688,-0.03400647010929041
1675.1956898403837,19.695773202150573,-0.03282402491763739
1677.5591826246418,19.691834319160456,-0.03163494186338606
1679.9222027429412,19.68803812613685,-0.030442313678577363
1682.2847673180777,19.684385048495418,-0.029249943096336595
1684.6468935238972,19.680875055323856,-0.028058702207724506
1687.0085985305361,19.67750801105893,-0.026869728967258324
1689.3698994918632,19.674283643582857,-0.025683675028846276
1691.7308135290932,19.671201602579394,-0.024496388639314956
1694.0913577214028,19.668262035942675,-0.02330817865046913
1696.451549165716,19.66546505450462,-0.022116996834936516
1698.8114049722565,19.662811014884426,-0.020920337820851787
1701.1709422940426,19.660300574345925,-0.019711549886319117
1703.530178362964,19.657935188359566,-0.018490052499604982
1705.8891305855673,19.655716382059612,-0.017253142684614996
1708.2478165514144,19.653646004937457,-0.016002698552791947
1710.606254072007,19.65172568111112,-0.01473476138055761
1712.9644611537403,19.64995750974545,-0.013448542901821701
1715.3224560549097,19.648343684597233,-0.012142604220635872
1717.6802572970614,19.646886572090757,-0.010821386203746727
1720.0378836857124,19.64558800574631,-0.009478822034339848
1722.395354246402,19.64445054710219,-0.008116638554136996
1724.7526883120543,19.643476550475693,-0.006746488158796457
1727.1099054981114,19.642666971896638,-0.005365526042382593
1729.467025534739,19.642023108771554,-0.003962402766787474
1731.8240683077915,19.64154762043954,-0.002535471026593146
1734.1810540222443,19.64124336391635,-0.001080967265877821
1736.5380032259143,19.641113647844442,0.00039753115263925265
1738.8949368636556,19.64116135158276,0.0019089537661400899
1741.2518762258455,19.641390426034697,0.0034510555264644213
1743.6088430769696,19.641804552697874,0.00503018141374509
1745.9658596232935,19.642408174467523,0.0066438042599258175
1748.3229486042296,19.643205430978714,0.008296061349508266
1750.680133255947,19.644200958340654,0.009985361884226406
1753.037437370948,19.64539920176676,0.011713126318224729
1755.39488527516,19.64680477692495,0.01347988793487658
1757.7525018483911,19.648422363477135,0.015285670337834295
1760.1103125320085,19.650256643917675,0.01713101924477642
1762.4683433292787,19.652312366227047,0.019014739706796596
1764.8266208132259,19.654594134991864,0.02093962606262856
1767.185172109425,19.65710689011938,0.022903242489577667
1769.5440249362393,19.659855279218128,0.024908818064766136
1771.9032075697455,19.6628443373859,0.026952407236720263
1774.262748890232,19.666078626254304,0.029041514564215522
1776.6226783253824,19.66956360800201,0.031169434365519878
1778.9830259583425,19.673303940125873,0.03331615932566531
1781.3438224311576,19.677301879244954,0.03550379381435058
1783.705098656667,19.681562334502676,0.03773327093520443
1786.0668861368072,19.6860903270149,0.040006129165333075
1788.429216976049,19.690891062514737,0.04232377241137464
1790.7921239035509,19.695969915204103,0.04468355612628387
1793.1556402933754,19.701331941939255,0.04709138048695669
1795.5198001264082,19.70698290759769,0.04955435395274739
1797.88463807532,19.71292943007202,0.052090291152128994
1800.2501896069286,19.719180265010277,0.054676046712363764
1802.6164912387299,19.72574139061576,0.057308649271705966
1804.9835802056036,19.732618428528365,0.05998224979245848
1807.351494417027,19.73981629850346,0.06269222109169943
1809.7202723728474,19.747339365034463,0.06543827536253366
1812.0899530966515,19.75519195807797,0.06822157950917486
1814.4605761316209,19.76337854761907,0.07104001586228076
1816.8321815573352,19.771903349522542,0.07389407241485724
1819.2048099592778,19.780770638212324,0.07677890544613189
1821.5785024358634,19.78998410686586,0.07969425823566825
1823.9533005286874,19.79954741785414,0.08263951986961016
1826.32924621883,19.80946416023849,0.08561399582897283
1828.7063819180585,19.819737839737968,0.08861253458651369
1831.084750458827,19.83037134388835,0.09164094057888653
1833.4643950200937,19.841368256757814,0.09469507550692047
1835.8453592109047,19.852731665818645,0.0977736133413639
1838.227687010803,19.864464499419608,0.10087721208028146
1840.6114227507335,19.87656976486924,0.10400084509108892
1842.9966111225178,19.88904986628017,0.10714778229524045
1845.3832971064714,19.9019076001556,0.1102797743970986
1847.77152601849,19.915141173083253,0.11340679421877518
1850.16134295926,19.928749988389505,0.1165414630556
1852.5527929578668,19.942734963956177,0.11968494396891233
1854.9459211535416,19.957097157232447,0.12284258123147217
1857.3407728124096,19.971838266980225,0.12601118174270542
1859.7373934044472,19.98695960878935,0.12919324549600483
1862.135828557502,20.002462798248867,0.13239487996110624
1864.5361240932918,20.0183501838442,0.13560807594015084
1866.9383261153532,20.034623152957018,0.13883311400947915
1869.3424808937082,20.051283126638154,0.1420789309692302
1871.7486348689047,20.068332598354463,0.1453360911800904
1874.1568347807072,20.085772929296073,0.1486035983514583
1876.5671275322227,20.10360536109825,0.1518790572287323
1878.9795601755545,20.121830847965697,0.15515289051495812
1881.3941798773103,20.140449194827493,0.15843178132340335
1883.8110337806895,20.1594610085863,0.16171449461872459
1886.2301691017199,20.17886674794055,0.1650445260876885
1888.6516331114726,20.19867209107107,0.16838498304703192
1891.075473762401,20.218878289036716,0.1717231568017533
1893.5017391570855,20.239485067852925,0.17505091365770648
1895.9304773652277,20.26049117749185,0.17836337432946298
1898.3617363065268,20.281894782411385,0.18166050282170593
1900.7955636804163,20.30369404274999,0.18493727398084323
1903.2320069655464,20.32588651562769,0.1881924018844779
1905.6711133474216,20.34846960385383,0.19142337947062588
1908.112929699884,20.371440409390303,0.19463194231463526
1910.557502549011,20.394796242468058,0.19781635477224768
1913.0048780981072,20.41853420504073,0.20097706962527126
1915.455102202712,20.44265145339576,0.2041107103967311
1917.9082203771195,20.46714473864337,0.20721705634673987
1920.3642777457567,20.49201078540498,0.21029212364700298
1922.8233190400053,20.51724584024262,0.2133371497079595
1925.2853885408344,20.542846298207575,0.21634509136595478
1927.7505300966193,20.56880770917149,0.21930908770601637
1930.21878702172,20.59512479969621,0.22223813640840162
1932.6902019976835,20.62179337606522,0.2251352114406465
1935.1648172028113,20.6488096014381,0.22800071339909644
1937.642674354984,20.67616968704599,0.230839749168316
1940.1238147174295,20.703870456946188,0.23366575214864374
1942.608279172263,20.731910347204025,0.23646677890986179
1945.0961084139276,20.76028636067321,0.23923791755786472
1947.5873427772083,20.788994910780154,0.24197692018383574
1950.082022166502,20.818032141202213,0.24468161112066122
1952.5801860234462,20.847393934536694,0.2473400150022552
1955.0818732955906,20.877074736336965,0.2499572752028307
1957.5871222639512,20.907069609361304,0.2525345239616221
1960.0959706170745,20.9373737522367,0.2550731703127861
1962.608455467343,20.967982532674235,0.25757488845867804
1965.1246133712639,20.998891519289277,0.26004324600894413
1967.6444803535785,21.03009670881035,0.262472111506175
1970.1680919586358,21.061593362191093,0.2648661171526287
1972.6954831620988,21.093377296249407,0.2672243650649728
1975.2266884376486,21.125444220057204,0.2695519079580046
1977.7617417440554,21.157790449012165,0.27187079922453145
1980.300676597937,21.19041494491911,0.2741638773147159
1982.8435263913273,21.223314610196876,0.276405172195843
1985.390324144551,21.25648323086038,0.27866475105639055
1987.9411021322542,21.289923000987145,0.2808406436766261
1990.4958928923727,21.32362387822834,0.28296335877544826
1993.05472775776,21.357579481281395,0.28498248931357795
1995.6176372955138,21.391777379999024,0.28672337416574034
1998.1846505811136,21.42618418489891,0.28833885200223597
2000.7557926833015,21.46078484713918,0.2899319095937474
2003.3310868649583,21.49557667629043,0.2916576214719717
2005.910556066113,21.530575590867066,0.29347257677506966
2008.494225137017,21.565792300080073,0.2952027187713785
2011.0821202130267,21.60121662633264,0.2967980097135115
2013.6742662081865,21.636832387498263,0.2983852101420389
2016.2706860946862,21.672638612715307,0.30000360107201396
2018.871402728212,21.70863904484395,0.30162210809011897
2021.4764394135932,21.744833697814762,0.3033056220312832
2024.085819457331,21.781230372458516,0.3049948358560309
2026.6995671020259,21.81782975276124,0.3066755844776954
2029.3177066723572,21.854630822898564,0.30832943778310407
2031.940262371105,21.891630355432536,0.3099525769839222
2034.567258013757,21.928824664670607,0.3115371593472891
2037.1987169735175,21.966209123792282,0.3130767904789286
2039.8346620683726,22.003778338649752,0.3145690759307417
2042.4751154690107,22.041526627761442,0.316008278960881
2045.120098664342,22.07944762123675,0.31739335652825196
2047.7696323788905,22.11753482402014,0.31872869009691207
2050.423736557773,22.15578226683177,0.32001452066902497
2053.0824304297926,22.194184009312053,0.321238246574451
2055.74573251091,22.232732598900988,0.3223115407082771
2058.413660422778,22.271409983785983,0.32333793248444864
2061.086229620832,22.310210535684117,0.3244192098068658
2063.7634548851142,22.34914084086094,0.325552283140211
2066.4453517860175,22.388207114837765,0.3266817943145138
2069.131936639798,22.427408930155508,0.3277883767282823
2071.8232257114164,22.4667435353629,0.3288712359388333
2074.51923493566,22.506208083675563,0.32992374609700525
2077.2199799057007,22.545798933207205,0.3309415632153191
2079.9254757776857,22.585511920793042,0.3319212519646739
2082.6357372081807,22.6253424710288,0.3328579332352841
2085.350778304704,22.665285423017036,0.33374850989709237
2088.070612555466,22.705335244204687,0.3345932581575265
2090.7952527847706,22.74548643518359,0.3353944012787486
2093.5247111569925,22.78573376333704,0.33614728753959755
2096.2589992085927,22.82607143784179,0.3368553354064374
2098.998127781134,22.86649407809056,0.3375183326790461
2101.742107070505,22.906996278012045,0.3381417168065165
2104.4909466238664,22.947573284028827,0.3387284476244157
2107.24465541795,22.988220697743756,0.3393320648380792
2110.0032419016793,23.028940545524325,0.33993222392351463
2112.7667147671423,23.069732412395147,0.34056026466342165
2115.5350826566296,23.110599644154757,0.3412753565920176
2118.3083546139283,23.1515526869458,0.3420007150629657
2121.086540936362,23.192592772753354,0.3426559595541041
2123.8696520690924,23.233711487899846,0.34329535655472704
2126.65769744764,23.274906930686413,0.34378005981447457
2129.450686279323,23.31616053786415,0.3441446162032387
2132.2486255438666,23.35745789180854,0.3444262522951773
2135.051520490884,23.398789042083962,0.3446262553205343
2137.859375175934,23.440144192722425,0.3447446196217582
2140.672192479061,23.481513547077036,0.34479676331563336
2143.48997410471,23.52288915867491,0.34479266784617657
2146.3127208037513,23.564264278816452,0.3447423222507469
2149.1404325172093,23.605633357486543,0.3446763553071147
2151.973108520108,23.646994520123396,0.34460191390559136
2154.8107478625225,23.688346749792068,0.344530203852504
2157.6533494724977,23.729690374254368,0.3444633448438196
2160.500912317408,23.771025975635627,0.34440967118155263
2163.3534354344843,23.812355136177413,0.3443630772823325
2166.2109180508255,23.853678705451294,0.3443175723018972
2169.0733594954795,23.894996814127524,0.34421971492107395
2171.940759113175,23.936303179918053,0.34404450907681106
2174.813115494765,23.97758852100727,0.3438216681800528
2177.690426117286,24.018847121188877,0.3435593840086647
2180.5726877718284,24.060074247269917,0.34323919306373146
2183.459896681501,24.101262950437565,0.3428752596471212
2186.3520482355534,24.14240798159522,0.3424742452601285
2189.2491371933447,24.183504891026434,0.34204719168688025
2192.151157780268,24.22455055402886,0.3415965823855647
2195.0581038467517,24.265542143915127,0.3411354998649048
2197.9699689040217,24.306478403898915,0.34066474542082414
2200.88674631249,24.347358173349413,0.3401840914197901
2203.8084292932917,24.38818026431979,0.3396889236272654
2206.73501092501,24.42894293515506,0.3391868168145572
2209.6664840772287,24.469645353172808,0.33871212718644755
2212.6028415196092,24.510290808435183,0.3385192170545469
2215.5440764166215,24.55091311448173,0.33845798440460584
2218.4901859903594,24.591528072610284,0.3381204156313513
2221.441169359073,24.632102522486047,0.33759240513650435
2224.3970216617713,24.672613611102427,0.33673027832385694
2227.357735295104,24.71302124450129,0.3361139187462932
2230.323297844444,24.753354914750847,0.3355591002514729
2233.293700434214,24.793622006781025,0.33498773636514234
2236.2689350750275,24.83382053514484,0.3343958212613044
2239.248993539245,24.873948033696198,0.3337570416003188
2242.2338673032887,24.913998878688236,0.3331081029534916
2245.2235471687313,24.953971851042656,0.3324538027320473
2248.2180237908565,24.993866307370503,0.3317107142311432
2251.217287747741,25.03367159307824,0.3309295211328844
2254.2213283389106,25.073383135614186,0.330124479976163
2257.2301343151844,25.112998073211326,0.32930329233301037
2260.24369408397,25.152514468291287,0.3284605057161354
2263.261995820165,25.19192972897722,0.3276041966196166
2266.285027387642,25.231242232571574,0.3267321522883162
2269.3127764555506,25.27045009084617,0.3259079480617546
2272.345230466452,25.309559044613582,0.3250318249501788
2275.382377551806,25.348562863607604,0.3241258124300905
2278.4242050954385,25.387457961099216,0.3232007358487894
2281.4707000507706,25.426242049401072,0.32226097869925785
2284.5218490966986,25.464913366844982,0.32130705068251686
2287.57763870072,25.503470212926885,0.32033571351053436
2290.638055126271,25.541910498548148,0.3193486931223348
2293.7030843860966,25.58023234172283,0.3183462170597686
2296.7727122671035,25.618433887770003,0.3173279933699008
2299.846924333636,25.65651324697439,0.3162924427999324
2302.9257059232727,25.694468340110383,0.31524076232747833
2306.009042124086,25.73229723158968,0.31417141514879543
2309.096917791877,25.769997801407534,0.31308464505590106
2312.1893175280456,25.807567958814243,0.31198088601921914
2315.2862256831036,25.84500566513655,0.31085862436880435
2318.38762636292,25.882308700060808,0.3097144545227794
2321.493503406927,25.91947443460354,0.3085538825641919
2324.6038403390794,25.956500900511244,0.3073722056181319
2327.718620447141,25.99338556518542,0.30617040832741166
2330.8378267149633,26.03012601418471,0.30494955367421706
2333.9614418366655,26.066719960625615,0.3037095203422813
2337.0894482319404,26.10316510306669,0.3024472464283746
2340.2218280443085,26.139458772638093,0.3011625733284856
2343.358563097025,26.175598281437512,0.29985667450263687
2346.4996348907976,26.21158108237783,0.29852840970729744
2349.6450246206828,26.247404491542706,0.2971777557642069
2352.794713159668,26.283065822234413,0.2958061420689143
2355.948681058336,26.318562559282682,0.2944126682336385
2359.1069085654503,26.353892079470718,0.29305888522679036
2362.269375614987,26.38905914569793,0.2917735113517791
2365.4360627124706,26.424071967060144,0.290448764911038
2368.6069513485177,26.45892581884947,0.2890196698218602
2371.7820224467796,26.493608179228094,0.2875104821481559
2374.961255428287,26.528109437085874,0.2859566517307033
2378.1446285607376,26.56242423529356,0.2843838912736415
2381.332119468973,26.596550302246396,0.28280483662088873
2384.5237055052426,26.630486882640902,0.2812031102716322
2387.7193639311595,26.6642312558735,0.2795765464346622
2390.9190716818644,26.69778044144566,0.27792414376387464
2394.1228053348377,26.731131338697324,0.27625139772988083
2397.3305410954813,26.76428150642491,0.2745844654307955
2400.542254876252,26.797231642276607,0.27314638062243046
2403.7579226733255,26.8300092079513,0.27148536254853045
2406.9775237782796,26.862587451457124,0.2697265732744504
2410.2010342724543,26.89495464025006,0.26791771672001913
2413.4284288292843,26.927104766256463,0.2660754575152525
2416.659681401235,26.959033821158293,0.26420331871855285
2419.894765459774,26.99073821940452,0.26230382811450986
2423.1336540461025,27.022214678778262,0.2603755918387066
2426.376319807556,27.053459749798908,0.2584254701476438
2429.6227349775318,27.084470806216626,0.2564537845903211
2432.872871474278,27.115245260367463,0.25446564589265114
2436.126700905522,27.145781137874582,0.25246195232172436
2439.3841946420666,27.17607657215319,0.25044367381151206
2442.645323830725,27.20612981301057,0.24840980618365918
2445.910059408286,27.235938989752608,0.24636313096515305
2449.1783720870562,27.265502565468427,0.24431097116172243
2452.4502323949123,27.294819882007832,0.24224664996652603
2455.7256107807534,27.323889480003814,0.2401725233933902
2459.0044775183537,27.35271018281102,0.2380785017526565
2462.286802740291,27.381279603021337,0.2359664606913553
2465.5725562926536,27.409595578304298,0.23384015960901133
2468.86170776205,27.43765639745738,0.23169432510018792
2472.154226529745,27.465459716469404,0.22953161779866432
2475.450081695721,27.493003510605245,0.22735226222140484
2478.7492421169936,27.520285782071813,0.22515670299489832
2482.0516764108424,27.5473045864312,0.22294678170847526
2485.357352961214,27.574058200236216,0.22072115591514357
2488.6662399452425,27.600544738946034,0.21848127551442875
2491.978305313916,27.626762492007767,0.21622918720768328
2495.2935168129566,27.65270999447269,0.21396277650855525
2498.6118420122934,27.678385527653717,0.21168551948654454
2501.9332482756117,27.703787789992102,0.20939794581192672
2505.2577028104106,27.728915543489535,0.20709776164179122
2508.585172675629,27.75376727488655,0.2047901070276697
2511.9156247486153,27.778342087729868,0.20247348805113963
2515.249025799143,27.802638906296004,0.20014519933177655
2518.5853424678985,27.826656330215815,0.19781345955097257
2521.9245412275245,27.850393945361933,0.19549974487734342
2525.266588500968,27.873853914747215,0.19318957701237183
2528.6114509707377,27.8970366639887,0.190872328025737
2531.9590953704164,27.919941343351788,0.1885463515586197
2535.3094883316185,27.942566905538822,0.18621161066380715
2538.6625963602833,27.96491229881848,0.18386771860913084
2542.0183858361415,27.986976425051576,0.18150846523788222
2545.376823007148,28.00875744088012,0.17913894712373593
2548.7378739000533,28.03025411453497,0.17675882770192003
2552.1015043937973,28.0514651738592,0.17436882064503806
2555.4676802146605,28.072389432336603,0.1719697216623789
2558.8363669465407,28.09302579893609,0.16956348060474868
2562.207530042413,28.11337341660866,0.16715130790916433
2565.581134852406,28.13343157355776,0.16473361668360703
2568.957146641233,28.153199607559795,0.1623095421774084
2572.3355305941404,28.172676752621083,0.15988795582590082
2575.716251804455,28.19186330732019,0.15746334687861163
2579.0992754013337,28.210758908945625,0.15503897727724886
2582.484566470407,28.229363586218895,0.15261331048517301
2585.872090100753,28.247677183477116,0.15018659454907907
2589.2618113627705,28.265699574823007,0.14776299294006934
2592.6536953117493,28.283431133975814,0.14531701309824097
2596.0477070478264,28.300869175547604,0.14285818032373407
2599.4438113488923,28.318012157186452,0.14039877101587256
2602.8419728077547,28.334860009708358,0.13794055499376573
2606.2421560089197,28.35141287630761,0.13548431978270087
2609.6443255540767,28.367670994681532,0.13303683527702403
2613.0484460734383,28.383635414914774,0.13059764327488382
2616.454482323228,28.39930713210776,0.1281407225906267
2619.862399179081,28.414684018818637,0.12567583727352005
2623.272161261339,28.42976511929146,0.12321614877863031
2626.683733075654,28.444551057144896,0.1207639189227081
2630.0970792025114,28.45904272741562,0.118332025067586
2633.512164329801,28.473242570423732,0.11591774308323145
2636.928953438252,28.48715269959372,0.1135229349703053
2640.347411762203,28.500775451790158,0.11115176059510709
2643.767504816418,28.514113663061572,0.108801062241837
2647.189198455985,28.527169790530593,0.10646292389290883
2650.612458830849,28.539945341397743,0.10414079969151557
2654.0372522718167,28.552442237360726,0.10183351363052315
2657.4635453403,28.56466225899639,0.09954483391317123
2660.8913048113795,28.57660763906597,0.09726764954378112
2664.3204977280675,28.58827975701122,0.0950050364955767
2667.7510912989087,28.59968036139069,0.09275977879372524
2671.1830529422755,28.610811534845936,0.09052775535025524
2674.616350326457,28.621674865487968,0.08831428671846803
2678.0509513103157,28.632272579894185,0.08611328734938964
2681.486824019903,28.642606174376112,0.08392950753097755
2684.923936760828,28.65267771527983,0.08176520032744064
2688.3622580866613,28.66248953931912,0.07961846959665107
2691.8017568313794,28.67204375567072,0.07748913921693212
2695.24240208206,28.681342452376754,0.07537734818642136
2698.684163176345,28.690387734159124,0.07328559702579457
2702.127009704444,28.699182005802218,0.07121877725636047
2705.57091154514,28.70772825907298,0.06917652695429252
2709.0158389362286,28.716029442307494,0.06715091787948162
2712.4617624693055,28.72408755245303,0.06515185175449764
2715.9086529756,28.73190577466357,0.06316844117023906
2719.35648166856,28.739485987604,0.06119933899786872
2722.805219987072,28.746829908283743,0.059249045962928126
2726.2548395760664,28.753939793799294,0.0573177162229201
2729.7053123513224,28.760817919746046,0.05540010150986426
2733.156610501692,28.76746593192723,0.05345527858870171
2736.608706413523,28.773880565357874,0.05153736981044124
2740.061572081366,28.78006504973513,0.04966966920886128
2743.5151798873344,28.786025410040192,0.04783177092713711
2746.9695029365394,28.791765222551447,0.04602199139993608
2750.4245147632455,28.79728786151944,0.04423536061273527
2753.880189306628,28.80259610479297,0.042468071428938145
2757.336500839203,28.80769227336444,0.04069355230315329
2760.793423912007,28.81257549964082,0.038924678143797964
2764.2509329719637,28.817246461018073,0.037175695047531404
2767.7090025472858,28.821707544423777,0.03544103661912229
2771.1676074526167,28.82596046881807,0.03372524941846681
2774.6267227088747,28.830007498748287,0.03202754500597533
2778.0863236087243,28.833850804149005,0.030351931387944113
2781.5463857052223,28.837493035915557,0.028697519693808158
2785.0068848695323,28.840936738278813,0.027067369784330886
2788.4677972781255,28.844184822652934,0.025459164503829
2791.9290994568437,28.847239922393396,0.02387121490248624
2795.390768247531,28.850104468181694,0.022308659818086284
2798.8527807837127,28.852781507359865,0.02077634608237263
2802.3151145645957,28.85527466888975,0.019265120245965398
2805.777747524862,28.857586483319263,0.01777274390601067
2809.2406579028607,28.859719212587983,0.016304216901098224
2812.7038242083713,28.861675718616116,0.014857160307870378
2816.167225294605,28.86345857785306,0.013430448527623966
2819.6308403239473,28.865070231676373,0.012021129483052838
2823.0946487517485,28.86651276721434,0.010634254795689687
2826.558630283814,28.86778887778982,0.009268559581176653
2830.022764949149,28.86890110493956,0.007927808412908317
2833.4870330817416,28.86985244194911,0.0066105206917388805
2836.9514153747755,28.870645704432118,0.005312112304472985
2840.4158928593074,28.871283157908653,0.004032950394828048
2843.8804468382564,28.871767111956032,0.0027743201705131637
2847.345058891691,28.872100030376494,0.0015327881508040836
2850.8097108953366,28.87228396495459,0.00031264417630505535
2854.274384971131,28.872321482255746,-0.0008826416621123668
2857.7390635490015,28.872215565256294,-0.0020572719765373604
2861.203729416832,28.87196869261911,-0.003209949679589365
2864.6683656599466,28.871583498657557,-0.004308886159794821
2868.1329556797855,28.871066432318383,-0.005342471532493871
2871.597483651664,28.870425335734485,-0.006342823161557083
2875.061934691952,28.8696641969551,-0.007320064836596979
2878.526294395587,28.86878578917471,-0.008280886036933048
2881.9905486902876,28.867792082850276,-0.009227627134035266
2885.4546837402295,28.86668476759419,-0.010163155026911112
2888.9186859123406,28.86546518899096,-0.011089367103472208
2892.3825417350195,28.864134464938545,-0.012006166518098091
2895.8462378708123,28.862693724956372,-0.012912677527507153
2899.309761117807,28.861144203653073,-0.013811156039389226
2902.7730984222453,28.859486864928346,-0.014719563929893644
2906.2362368460367,28.85772051725676,-0.0156906053745587
2909.6991633081075,28.85583764461181,-0.016672348489274576
2913.161863825461,28.853836962793096,-0.01764972193810356
2916.624324260996,28.851718996160525,-0.018610490009057193
2920.0865305405355,28.849485737359437,-0.019556187176228555
2923.5484688290185,28.84713899489829,-0.020481336581246106
2927.0101255084064,28.844681234508542,-0.0213775194266002
2930.4714872565473,28.84211593217735,-0.022247461930825774
2933.9325411684085,28.83944623674565,-0.023086675566350155
2937.393274716818,28.83667583567769,-0.023890626709423823
2940.853675817099,28.833808960472556,-0.024665682325817537
2944.313732892356,28.83084907859346,-0.025411292557127728
2947.773434781787,28.827799723486603,-0.026130778991203953
2951.232770748605,28.824664030007657,-0.02683166065014467
2954.691730432206,28.82144423072964,-0.027511173204081887
2958.1503037398934,28.81814288994515,-0.02817086770111443
2961.6084808866867,28.814762385821016,-0.02880742254788687
2965.066252372985,28.81130549511527,-0.029429252330810347
2968.5236090323992,28.807773984835574,-0.030027700757871225
2971.9805419105796,28.804170660744628,-0.030614101468907577
2975.437042389869,28.80049696856836,-0.03118212161771664
2978.893102026097,28.796755113974235,-0.03172660763932063
2982.348712639774,28.792947921057518,-0.03225693642318684
2985.8038663903008,28.789077088686735,-0.03276672940092128
2989.258555640943,28.785145081158625,-0.03326246201215677
2992.7127730506822,28.781153585717167,-0.03370620934754222
2996.1665114809684,28.777108840595464,-0.034123469633758875
2999.6197645418397,28.773014024239412,-0.034516965770054316
3003.0725262247483,28.768871988347005,-0.034893096885834196
3006.52479086335,28.764684816720706,-0.03525823522624037
3009.9765530413565,28.760453828493556,-0.03561021438381137
3013.4278075007755,28.7561806027675,-0.035952060359211516
3016.878549173108,28.751866355524395,-0.036283547397101046
3020.328773135771,28.747512329836745,-0.0366057433149162
3023.778474615351,28.743119640638955,-0.03691808923354378
3027.2276489722276,28.73868946993093,-0.03721934646120133
3030.6762917086194,28.734223148355586,-0.0375147641053348
3034.1243984864223,28.729721376662944,-0.03780080890090365
3037.5719650516216,28.725185279594836,-0.03807455468141958
3041.018987285173,28.720616333033064,-0.038337020991225504
3044.465461245137,28.716015890514118,-0.038614279245970246
3047.9113831519985,28.7113821770046,-0.038899538221333026
3051.356749013239,28.70671423241804,-0.039182255204346705
3054.8015547211294,28.702012361793518,-0.039461193481109096
3058.2457962045446,28.697277018575786,-0.039724261672411276
3061.6894694467737,28.692510107175096,-0.039973034834695095
3065.132570659635,28.687713342994932,-0.040208557148865606
3068.5750962607945,28.682888316137067,-0.0404291897631263
3072.0170428587307,28.67803681336549,-0.04063957358248933
3075.4584072763346,28.673160064535594,-0.040832083475426384
3078.8991864840787,28.668260214518543,-0.04100260604373595
3082.339377709821,28.663339901793297,-0.04116190355535409
3085.778978498036,28.658400473366655,-0.0413038818267671
3089.21798655484,28.653444007547442,-0.041435203088528376
3092.6563998357456,28.64847178317682,-0.04155316098501314
3096.094216449727,28.64348540385862,-0.0416591042194146
3099.53143469819,28.63848631135229,-0.04175269417847681
3102.9680530555524,28.633475988050872,-0.04183612913770664
3106.4040701741187,28.628455652554347,-0.041908207863906755
3109.8394848524254,28.62342666761068,-0.04197784585495917
3113.274296052539,28.618389326108083,-0.042037519751067356
3116.7085027716716,28.613344823737954,-0.042087568707457064
3120.14210415052,28.60829431549306,-0.04212347572348585
3123.575099468379,28.60323949840624,-0.042154131767515826
3127.0074882081876,28.59818100259414,-0.04217382225870368
3130.439269928499,28.593120143923095,-0.04218498322401942
3133.87044434577,28.588057945936214,-0.042187427905550065
3137.3010112992824,28.582995454587547,-0.042181058291507076
3140.730970753833,28.577933727592566,-0.0421603479744872
3144.160322801144,28.572874485835627,-0.04213647913772331
3147.5890677394445,28.5678181083391,-0.042105828025759184
3151.017205912445,28.56276540897601,-0.04206626289272089
3154.4447377615224,28.557717457428883,-0.04201708463404277
3157.8716638564138,28.552675407272798,-0.04196118479682292
3161.2979849052863,28.54764006509718,-0.041897086897727746
3164.723701713098,28.542612414669453,-0.0418279194634313
3168.1488152028583,28.53759306433384,-0.04175477491998786
3171.5733263705783,28.532582491343444,-0.04167303556712944
3174.9972362695394,28.52758172707539,-0.04158648734201682
3178.4205460767885,28.522591348594347,-0.041493343132546955
3181.84325703862,28.51761214741844,-0.04139588516565136
3185.26537049631,28.512644641198563,-0.041293211481794975
3188.6868878532537,28.507689455820746,-0.04118553794695015
3192.1078105879524,28.50274719126711,-0.04106633201968429
3195.5281402509045,28.49781923142475,-0.041022770467216696
3198.9478785586753,28.492896498968683,-0.04098903951920166
3202.3670261385514,28.48797781422638,-0.040972787067667646
3205.7855834762586,28.48306107977826,-0.04096500942700634
3209.203550805832,28.47814527864702,-0.0409547096844302
3212.6209282392697,28.473230713484888,-0.04094301146418855
3216.037715924888,28.468317552109184,-0.040863228938685645
3219.453914031141,28.46341396463654,-0.040690639271019464
3222.8695237068973,28.45853108792402,-0.04047365367492134
3226.284547437448,28.45367424948303,-0.04023443107666504
3229.698988347386,28.44884611775383,-0.03998152798815884
3233.1128498815165,28.44404833439525,-0.03972286085132854
3236.526135681644,28.439281591093092,-0.03945955970984439
3239.9388494725754,28.43454644392791,-0.039205229073079856
3243.350995045847,28.42984181643914,-0.038961951436942165
3246.76257606382,28.425166382266706,-0.03873395290401897
3250.173596029692,28.420518307918226,-0.03851563285306213
3253.584058226642,28.41589643197586,-0.0383153582556362
3256.993965798479,28.411298588985183,-0.03812788196006922
3260.4033216291573,28.406723243149976,-0.0379522465788046
3263.8121284183353,28.40216897356052,-0.03778608947759378
3267.2203886951625,28.39763464282321,-0.03762621692311423
3270.628104852301,28.393119496792437,-0.037477730585924476
3274.0352791919163,28.388622169122126,-0.03733299651970237
3277.4419138522107,28.38414220953976,-0.037200497054786646
3280.8480109173556,28.379678149893184,-0.03707532345150812
3284.253572295343,28.375229111079005,-0.036963486918012683
3287.6585997886723,28.370793492648843,-0.03686772995387237
3291.0630950077903,28.36636936505438,-0.036786389495162185
3294.467059331597,28.36195499831496,-0.03671737511949866
3297.870493931395,28.357548913300622,-0.03666663007801073
3301.273399800991,28.35314891769126,-0.03663568374973369
3304.675777671114,28.348752635641294,-0.036623843555203
3308.0776279873908,28.344357774414668,-0.0366359985521893
3311.4789509203206,28.339961454588405,-0.0366735354495369
3314.879746294871,28.33556063033446,-0.03673187796208779
3318.280013570511,28.33115280497901,-0.03681674486190435
3321.6797519071088,28.32673479559558,-0.03693461353132739
3325.07896008258,28.32230264197182,-0.037078477650543964
3328.4776363996166,28.317853224653756,-0.03725240617632939
3331.875778786575,28.313382935912596,-0.03745673371587628
3335.273384738885,28.30888812786669,-0.03769827124697987
3338.670451314229,28.304364335317054,-0.03797755791272607
3342.066975034467,28.29980702836753,-0.03830116511938721
3345.462951877871,28.295210888553203,-0.03866852502543963
3348.8583771844974,28.29057066555015,-0.03907879108034047
3352.2532456643635,28.28588121062051,-0.03954147005587446
3355.647551409638,28.281136234213804,-0.040056541041901136
3359.0412877577432,28.276329449288777,-0.040626723701028974
3362.4344472916578,28.271454242444655,-0.041258740327937644
3365.827021800751,28.266503193605303,-0.0419499387908724
3369.219002183984,28.261469200950398,-0.04270882842504465
3372.610378488098,28.256344141539394,-0.04353777417991439
3376.0011397850826,28.251119608637804,-0.04444162629832378
3379.391274138119,28.245786613482004,-0.04541843673598574
3382.780768531737,28.240336401073684,-0.046476230526320966
3386.169608899866,28.234759253410527,-0.047616925375780814
3389.557780010275,28.229045222365432,-0.0488461082112894
3392.945265436959,28.22318368938008,-0.050171279900117834
3396.3320474796847,28.217163135792063,-0.05159445194305979
3399.7181070559795,28.210971801558895,-0.05312010539379014
3403.1034236721666,28.20459738891164,-0.05475405667513805
3406.487975358836,28.198026902110623,-0.056499136377518515
3409.8717385870896,28.19124700574532,-0.0583601165919055
3413.254688227779,28.18424379175429,-0.06034591838507796
3416.6367974827895,28.17700228154808,-0.062459322337873074
3420.0180377565753,28.169507162867536,-0.0647048968870369
3423.3983786161193,28.161742575241092,-0.06708894713403361
3426.7777877251483,28.15369190158501,-0.06961625627185397
3430.1562307533386,28.14533795083239,-0.07229369448895073
3433.5336713074385,28.136662707493713,-0.07512683023481659
3436.9100708323376,28.127647487865534,-0.07811976924294059
3440.2853885308814,28.11827311555638,-0.08128169327101481
3443.6595813047484,28.10851931236386,-0.08461317238140464
3447.032603622232,28.098365731678093,-0.0881599143059712
3450.4044075100333,28.08778654196138,-0.09195048224064943
3453.7749418950684,28.076752484092502,-0.09595086498023589
3457.1441521931597,28.065238380294872,-0.10016283088660914
3460.511980798795,28.053218840588478,-0.1045768198725108
3463.8783670596654,28.040669622203776,-0.10920267922112405
3467.2432474143297,28.02756530069724,-0.1140291496509475
3470.6065552504133,28.013881802739128,-0.11886581233457087
3473.968221066742,27.99961790525898,-0.12382822660137388
3477.328175215373,27.984758518066815,-0.12903763020938455
3480.686346237541,27.96927400244169,-0.13461234114641998
3484.042659117834,27.95312052150412,-0.14045770657922974
3487.3970335804142,27.93626559671461,-0.14656426486589652
3490.74938545202,27.918677884930702,-0.15292393363343226
3494.0996267982114,27.90032701289469,-0.15948949537343393
3497.4476660397586,27.881188273449876,-0.16630422441796222
3500.7934086325727,27.86123176651972,-0.17334382741032223
3504.136756444555,27.84043050723048,-0.1805982861447877
3507.477608105423,27.818758712893104,-0.1881071019223063
3510.81585915097,27.796185860662426,-0.1958925044249371
3514.1514014542495,27.772678760131434,-0.20399026168209416
3517.484122905465,27.748199928729584,-0.21238653107949265
3520.8139068969126,27.722713545000044,-0.22107889645903456
3524.1406325223124,27.69618407742496,-0.23006857966498478
3527.4641746116035,27.66857584786516,-0.2393553989404224
3530.7844037133473,27.63985319999231,-0.24892591540833373
3534.1011860973463,27.60998209014331,-0.25878425662797255
3537.4143839481635,27.578927979347952,-0.26917122798418003
3540.7238553056854,27.54662743198985,-0.2799673473633884
3544.0294505975244,27.513031350306246,-0.29109686237897425
3547.3310143595613,27.47809972682077,-0.3025565746731942
3550.62838632678,27.441792937859987,-0.31429023540920475
3553.9214014793233,27.404078109610882,-0.32621553570839446
3557.2098908524767,27.364932245325875,-0.3382865720521411
3560.493682721916,27.32433785667962,-0.35031246957062423
3563.7726032647174,27.282300360331146,-0.3625534774597307
3567.0464793079573,27.23879394303598,-0.37499509450526713
3570.3151345811216,27.193794531695346,-0.3876314150728587
3573.578389924925,27.147278761886604,-0.4006599047422743
3576.8360633763514,27.09919957331753,-0.41393860503377833
3580.0879673251493,27.049526940713477,-0.42752529060294986
3583.333910558035,26.998223905841122,-0.4415640361926156
3586.5736974267356,26.945236221498007,-0.4556376531766613
3589.8071257733154,26.890559703116807,-0.4701217329401916
3593.0339929376896,26.834145095163983,-0.48472747959305684
3596.2540903491094,26.775977797612818,-0.49900120060454084
3599.467207684823,26.716097653540274,-0.5128772907517041
3602.6731394032477,26.65455237865007,-0.5258346569519494
3605.871685688686,26.591452219815835,-0.5392594758707365
3609.0626599550637,26.526741082711347,-0.5528021875867846
3612.2458688849892,26.46040482020093,-0.5663709404916559
3615.4211174634133,26.392440307341932,-0.5799120761152465
3618.5882103002946,26.322850858208103,-0.5934060539210715
3621.7469524032795,26.251642131737572,-0.6074083589702064
3624.897149459088,26.178753128661146,-0.6220458289841322
3628.0385998345273,26.10410762918305,-0.6357872092309063
3631.1710927500294,26.027813164075344,-0.6492348437620498
3634.2944303297186,25.9499049828239,-0.6631550465816223
3637.4084189276573,25.870326377234104,-0.6758290242032465
3640.5128580929254,25.789226894329715,-0.6877706078364788
3643.607565320245,25.706694421389336,-0.6991549448634051
3646.6923686508117,25.622795828005728,-0.7096888020605712
3649.767104150172,25.537633171758458,-0.7197317111291747
3652.831620130783,25.451265366422955,-0.7293972713424968
3655.885771974754,25.363737693861857,-0.7386912245000901
3658.9294204980174,25.275094746921848,-0.7482019335158971
3661.962431867648,25.18531051489994,-0.7554403175219186
3664.984669129436,25.094657676797308,-0.7623164420436266
3667.9960280506516,25.00317970375207,-0.7699131318973328
3670.996409615102,24.91079012792439,-0.7774747909395234
3673.985704430453,24.817493153011647,-0.7846956848782046
3676.9638036088145,24.723329670826264,-0.7914816346509956
3679.9306031693136,24.628351874668144,-0.7977568113925047
3682.886005394274,24.532621057301043,-0.8033797999942939
3685.82991992115,24.436215481301726,-0.8081773493761188
3688.762265778906,24.33923419937659,-0.8116329450818536
3691.6829738828314,24.24183824596677,-0.8133497036629329
3694.5919944723473,24.144236281527217,-0.8148881173733382
3697.4893028261304,24.046449707442417,-0.8158610125844268
3700.3748767910233,23.948546385932286,-0.8166960789925846
3703.2487023573353,23.850542856453174,-0.8171638861885188
3706.11076750011,23.752483190110553,-0.8173537197731369
3708.961065482923,23.654400743737778,-0.8166182216954152
3711.7995935721715,23.556406557134327,-0.8151424675661914
3714.6263623590276,23.458589461026385,-0.8130201392318661
3717.4413930943506,23.36102704431856,-0.8103236818436654
3720.2447163396687,23.26378820249732,-0.8070074484466856
3723.036370923968,23.166947308683717,-0.8030407015641108
3725.81640460101,23.070582424496024,-0.798502913293115
3728.58487449195,22.974762074900852,-0.7933630639544056
3731.341845940938,22.879558507226324,-0.7876112181852222
3734.087392961805,22.7850451610441,-0.7812757614069537
3736.8215983811306,22.691292069675264,-0.7744048289603824
3739.5445534294918,22.59836349020002,-0.7670026205305567
3742.2563570483157,22.50632317573635,-0.759114309097687
3744.9571158294043,22.415229458644628,-0.7507505005206428
3747.6469433644415,22.325139398582152,-0.7419330849766999
3750.3259600922715,22.236107428384948,-0.7326736413802142
3752.994292983678,22.14818659141932,-0.7229915823140872
3755.652075374648,22.06142760154163,-0.7130311800007965
3758.299446686833,21.975863859941537,-0.7027100075532059
3760.936550350026,21.891538659035152,-0.6920677724619178
3763.5635349891104,21.80849052633972,-0.6811371522533712
3766.1805538522713,21.726754068069315,-0.6699260143972082
3768.7877643404395,21.64636294634165,-0.6584725819433122
3771.3853278940005,21.567346236508453,-0.6471500949522658
3773.9734094423816,21.48968822511418,-0.6354449568170752
3776.5521720293955,21.41343483029613,-0.6234433067418963
3779.121784209031,21.3386216334871,-0.6108162922440002
3781.6824188050496,21.265323678417822,-0.5985084678979956
3784.23425764646,21.193502662270063,-0.58536145035417
3786.777477965932,21.123259288227562,-0.5722801144290282
3789.3122690805194,21.054585674496078,-0.5591927508636019
3791.8388193614587,20.987482544392446,-0.5461212001466722
3794.3573172667857,20.921948000374844,-0.5330944705335429
3796.8679510268307,20.85797666391082,-0.520135722211208
3799.3709082265,20.795560377245472,-0.5072159077222693
3801.8663754717695,20.7346944683188,-0.49436942385869187
3804.354538807968,20.675370137455758,-0.48163300256646246
3806.8355832244624,20.617574177147784,-0.4690228834768051
3809.30969212572,20.561291431130567,-0.456550886640343
3811.777047097456,20.506505324733727,-0.44423122451348035
3814.237827736424,20.45319757779211,-0.4321717394741397
3816.6922114457593,20.401336969055215,-0.4207023801565212
3819.140371882046,20.350852683436432,-0.4093403696695125
3821.5824742040586,20.30173183907609,-0.3984480307377217
3824.0186820247477,20.253918075387563,-0.38777640070804775
3826.4491521937944,20.207384907302597,-0.3770198542354666
3828.8740383826707,20.16214252479434,-0.36634994477468946
3831.293495485646,20.118180531421377,-0.35580666983803
3833.7076771494167,20.075483731040812,-0.345367524479157
3836.1167351971417,20.03403962810331,-0.33483979602962943
3838.520819952514,19.993858852579756,-0.3244049819792998
3840.920083014824,19.95493025474224,-0.3140792841366383
3843.314674645393,19.917240740645845,-0.3039256357369027
3845.7047435342706,19.880769664357416,-0.2939853712770356
3848.0904358939933,19.845491419804173,-0.28418709083223337
3850.47189486437,19.811388968904303,-0.2747034504618802
3852.8492615406385,19.77842455484888,-0.2655867337754495
3855.2226724872203,19.746554146795827,-0.256829390522598
3857.5922589848356,19.715734619933116,-0.24853245317676542
3859.9581471392275,19.685910725551903,-0.2401728009461877
3862.3204564262937,19.65708998943836,-0.23139098522410273
3864.679307225026,19.62932307121147,-0.22326348479654623
3867.0348259935713,19.602531453035883,-0.21570031667499875
3869.3871297679357,19.576647415034884,-0.2087094699168705
3871.7363274577397,19.55160227864486,-0.20180365143913498
3874.082519731177,19.527385840472164,-0.195088308720711
3876.4258060320335,19.50397524342568,-0.18780924006143795
3878.7662830612444,19.481438134618305,-0.180893561479693
3881.1040556373987,19.45973090724074,-0.17456739154736467
3883.4392233462677,19.438782820255057,-0.1685817577901912
3885.7718772846983,19.418553009320235,-0.1630695873157526
3888.102103645817,19.398984658842345,-0.15840522221518027
3890.429981804878,19.379976032176522,-0.15349613284884023
3892.7555789287394,19.361556496234662,-0.1493449286841278
3895.0789657082873,19.34363510479257,-0.1452226703195792
3897.4002019208624,19.326208384354217,-0.1411816445064504
3899.719346926985,19.309266587013443,-0.13720607999038004
3902.0364589174264,19.2928018574146,-0.13325197162729005
3904.351595140316,19.276811620819323,-0.12954294000699498
3906.6648125348142,19.261266468018484,-0.12597756373585806
3908.9761645109766,19.24614916037018,-0.1224752115732804
3911.285702410221,19.231452134981385,-0.11901669051102452
3913.5934766664186,19.217170132120064,-0.11559026211108794
3915.899537082273,19.203299300666732,-0.11213295536276123
3918.203932998353,19.1898433460232,-0.10882787107821086
3920.506714199876,19.176784001493814,-0.10601354535556551
3922.8079282800554,19.164062376051145,-0.10256917098801932
3925.1076157651814,19.151754075532583,-0.09869023326076184
3927.4058262542453,19.139911247541292,-0.09468140997540966
3929.70261560395,19.128549478344244,-0.09070330024430177
3931.9980415413515,19.11766508231493,-0.08695771991527435
3934.2921613512294,19.107230155925095,-0.0833742957055641
3936.5850289699406,19.097225240440427,-0.08001901099382731
3938.8766959987934,19.087622959121166,-0.07659256317782176
3941.167210753888,19.07843185153983,-0.07319810380925071
3943.4566225760727,19.069648079082718,-0.0698425962787334
3945.7449803455625,19.06126696752927,-0.06660852589300917
3948.032332381666,19.05327394442211,-0.06354322296020816
3950.3187252549965,19.045648757666886,-0.06057104792287428
3952.6042031059164,19.03838023191614,-0.057657975064777364
3954.8888087337464,19.031461274908366,-0.054786548232142025
3957.1725840867352,19.02488688912051,-0.05194803959207446
3959.45557051343,19.01865312436946,-0.04913621323581483
3961.7378088883543,19.012756778781164,-0.04634266760521068
3964.019339701808,19.00719565866854,-0.043556549189032526
3966.3002031808483,19.001968872765854,-0.04078876299560119
3968.58043944558,18.997074221206383,-0.03803837659651543
3970.860088352125,18.9925096160148,-0.03530565829668414
3973.1391895060465,18.988272937019197,-0.03274053981710309
3975.417782258489,18.984344072241143,-0.030435635554316248
3977.6959035471577,18.980691795974625,-0.028229071238000464
3979.973586562675,18.977304307426063,-0.026043908604870616
3982.250863079566,18.97417903839348,-0.023754852000405842
3984.527764564173,18.97132845615343,-0.021244128305161702
3986.8043239789117,18.96877916075681,-0.018657736261421497
3989.0805774782025,18.96654023240544,-0.01605255198547003
3991.3565623060913,18.964613926167182,-0.013446833372473791
3993.6323159772314,18.963000306162485,-0.010745315624505161
3995.907876013971,18.961710868287543,-0.008013797159764342
3998.1832813181654,18.96074921262837,-0.0050790930844186385
4000.458571223681,18.96013972145824,-0.0021041697159752087
4002.7337879902557,18.959887221092323,0.0008358483199544083
4005.0089744567867,18.959987522890717,0.0037437086078759463
4007.2841729595334,18.960436767923664,0.006398908695041875
4009.559425371684,18.961204636967068,0.009048258661949807
4011.8347699281203,18.9622904280065,0.011621179646398406
4014.110244779481,18.963684969564067,0.014169577470127868
4016.3858869758287,18.96538531886048,0.016562194438487846
4018.661733214092,18.9673727821931,0.018797962545656157
4020.937817947955,18.96962853769858,0.020880741728190585
4023.214173372479,18.97213422670596,0.022868560529698725
4025.4908294796837,18.974878453969524,0.024762589279594717
4027.76781489416,18.977849964683074,0.026639787391712487
4030.045156889922,18.98104673917008,0.0285076908776433
4032.3228824986227,18.984467662075396,0.03040004121020218
4034.6010186180715,18.98811566702062,0.0323422353486742
4036.879592498114,18.99199673526246,0.03410906219330585
4039.1586321063455,18.996089822725658,0.035768987079599676
4041.4381628850724,19.00038210117521,0.03736944376993877
4043.7182087372134,19.0048664344276,0.03891795216990179
4045.998792709345,19.00953658868799,0.040414542468721
4048.2799370999874,19.014386333784238,0.04179934361135072
4050.5616634600415,19.0194022550176,0.04307879657098937
4052.8439917306437,19.024571710606118,0.04430191400721635
4055.1269403359165,19.029887940286983,0.045491808739467926
4057.410526888751,19.03534695733572,0.046665086082426796
4059.6947685236314,19.04094676766561,0.04782986726528905
4061.9796821357513,19.046686351737446,0.048976592856120715
4064.26528449796,19.05256354288018,0.050102146435460806
4066.5515921231054,19.058575800452434,0.05120199706269195
4068.8386212191594,19.064720040099957,0.05223259631011102
4071.1263876239714,19.07098795165717,0.053221637319281374
4073.4149061781704,19.077374548135484,0.05413810166994152
4075.7041911239467,19.08387112033588,0.055004045477044974
4077.994255658387,19.090471605793123,0.055833250349660614
4080.285112251082,19.097171595835082,0.056630604760917934
4082.576772842582,19.103967268406393,0.05740081855857817
4084.869248914791,19.110855366633423,0.05813993352688578
4087.162551558787,19.11783215865665,0.05884958219470826
4089.456691417826,19.124894108520014,0.059583241776919066
4091.7516787108484,19.132044097533242,0.060317315552229175
4094.0475240025526,19.13928217539951,0.06098010015454383
4096.344237863601,19.146599787418058,0.06160045451197665
4098.641829838091,19.153991841959495,0.06218965790613429
4100.940308859126,19.161454600908232,0.06274706487408829
4103.239683411235,19.168984248693125,0.06331305338508421
4105.539961521078,19.176581815099336,0.0638925839849101
4107.84115133889,19.184248925177524,0.06444492746309417
4110.1432612099115,19.191982316473094,0.06486073329008457
4112.446299087888,19.199765604467906,0.0652100017651355
4114.750270960424,19.20759080467972,0.06560003883506352
4117.055181856986,19.21546280933993,0.06598177357709124
4119.3610373941065,19.22338062216918,0.06633322684361548
4121.667843068767,19.231340609390415,0.06664262524059707
4123.9756039418935,19.239337724419286,0.06691254533940733
4126.284324468824,19.247367229860014,0.06713880219896143
4128.594008536407,19.25542388612389,0.06732318513388806
4130.904659402742,19.263502668339957,0.0674649430650138
4133.216279722943,19.271598461507757,0.06756443134540527
4135.528871538324,19.279706193269206,0.06762244712216724
4137.842436281517,19.287820886923868,0.06763317956349421
4140.156974787948,19.295936868471486,0.06759877195279948
4142.472487212164,19.304048721105822,0.06752269248090537
4144.788973058697,19.31215144420353,0.0674077767458207
4147.106431232001,19.32024037741303,0.06725592676032599
4149.424860077291,19.328311088624268,0.06705845717065789
4151.744257407926,19.33635810348475,0.06683242077008514
4154.064620380344,19.344377993977158,0.06662120125226975
4156.385945739622,19.35237253812743,0.0663578883581056
4158.708230444197,19.360335484730403,0.06605076446233558
4161.031470702365,19.368261576465883,0.06571064164525672
4163.3556620915415,19.376146853463315,0.06535151010172349
4165.680799713957,19.383989034675523,0.06496401767388264
4168.006878398118,19.391784716796387,0.06454496356100863
4170.333892564134,19.399530112423708,0.06409402510046801
4172.6618361776245,19.407221395435766,0.0636073666592026
4174.990702745077,19.41485427943487,0.06309094244855654
4177.32048525861,19.422425192528696,0.06254499456039547
4179.651176281713,19.429930591875944,0.06197049529968297
4181.982767952738,19.437367051311906,0.06136449095724973
4184.315251998895,19.444730790226775,0.06073748222820726
4186.648619693722,19.45201928809416,0.06008031021114502
4188.9828620082935,19.459228925319497,0.05939747601297014
4191.317969479332,19.466356622441054,0.058696749420391804
4193.653932274025,19.473400232371503,0.057978301967160736
4195.990740301909,19.480357628607564,0.05724036081081173
4198.328383217342,19.48722647190486,0.056490581109445076
4200.666850393971,19.494005341637994,0.05572508181879383
4203.006131034967,19.500692351456248,0.054946080908540904
4205.346214117142,19.507285881165274,0.05415672478056993
4207.687088422882,19.51378468813894,0.05335658588691346
4210.0287425854585,19.52018747844537,0.052542085634165035
4212.371165082872,19.52649252872147,0.051717881404231864
4214.714344186318,19.53269867448998,0.0508895188260415
4217.058268027257,19.538805416749103,0.05005195201107158
4219.402924677267,19.544811650990432,0.04920379859526633
4221.748302075386,19.550716106821863,0.04834697452743651
4224.094388008205,19.556517743765156,0.04748507466285896
4226.4411701374565,19.5622159527247,0.04661634835305052
4228.788636051783,19.567809914527064,0.045742008765203665
4231.1367732415265,19.57329895557889,0.04486083941639275
4233.485569116196,19.578682256308856,0.04397249547977765
4235.8350109869525,19.58395895576643,0.04307103524736784
4238.185086061644,19.589127479996115,0.04216964954033667
4240.535781359244,19.594187837940957,0.04126324910869553
4242.887083899796,19.599139427834,0.04036099832453679
4245.238980631137,19.603982747632944,0.03945820745488783
4247.5914585608525,19.60871773252753,0.03856269716318789
4249.944504688756,19.613345256187113,0.03766769525659498
4252.298106119499,19.617865379617903,0.0367782281446329
4254.652249965053,19.622278766995258,0.035892177139685476
4257.006923417092,19.626585828252022,0.03501233335144609
4259.362113716483,19.630787308254195,0.034137320397305354
4261.7178081934735,19.63488378670187,0.0332657244236714
4264.073994247878,19.63887567363271,0.03240089489906578
4266.430659328714,19.642763781020598,0.031541098306797855
4268.7877909824365,19.646548712817413,0.030684533189430097
4271.145376827974,19.650230856800146,0.029835304316797467
4273.50340453079,19.65381109331816,0.028991798915403853
4275.8618618619885,19.65729010918801,0.0281517071513936
4278.220736675091,19.660668314046177,0.027318741875088107
4280.5800168727765,19.66394656307119,0.026489850196925548
4282.939690460345,19.66712534509482,0.025669053718792176
4285.299745501757,19.670205631541076,0.024856662010223764
4287.660170177542,19.673188430982304,0.024051909558081442
4290.020952789259,19.676074660129274,0.023255070561122124
4292.382081748475,19.67886526859661,0.02246161838239375
4294.743545580706,19.681560662802497,0.021677633129969048
4297.105332860243,19.684161978778093,0.020899117801886934
4299.467432297696,19.68666987291432,0.020129164568561828
4301.829832682446,19.689085372662547,0.019365468025751537
4304.192522927166,19.691409228825638,0.018612011190077923
4306.555492034625,19.693642670168447,0.017867378794244028
4308.918729155045,19.695786755623757,0.017132936129749917
4311.28222356572,19.697842707959328,0.016406418258712096
4313.645964690675,19.699811478150373,0.015685864195520094
4316.0099420680535,19.701693781853834,0.01497287344990793
4318.374145321876,19.703490526667824,0.014270460376570458
4320.738564185076,19.70520298191301,0.013575708093242728
4323.103188542906,19.7068320668842,0.01288914711821705
4325.468008390932,19.708378764538384,0.012210357132088071
4327.833013842676,19.709844007394235,0.01153947699080846
4330.198195123564,19.711228744633132,0.010878905992705617
4332.56354257292,19.712534213352257,0.010226601157417877
4334.929046678522,19.713761405491148,0.009583140431781035
4337.294698047182,19.71491138234296,0.008953049786512235
4339.660487413063,19.715985748317344,0.008331229795361519
4342.026405702861,19.716985495892786,0.0077200159506628195
4344.392443962368,19.717911897806864,0.0071183279114366855
4346.758593390105,19.718766097156237,0.006529766645703587
4349.124845321763,19.71954966915372,0.005954142969300746
4351.491191282062,19.720264166310038,0.005388575079839148
4353.857622982019,19.720910795319618,0.004832323261932494
4356.224132277457,19.72149067411105,0.004288691881964738
4358.59071115835,19.722005317136883,0.0037534914009882576
4360.957351796406,19.722455736105,0.003227132562134461
4363.324046484739,19.722842992012456,0.0027180689789649323
4365.69078764378,19.72316916028993,0.002218079058977783
4368.057567943015,19.723435329777008,0.0017320396709083169
4370.424380182588,19.723643174537518,0.0012561059408136687
4372.791217363532,19.723793907250414,0.0007883500592394015
4375.158072632403,19.723888509257524,0.00033147733288730116
4377.524939253513,19.723928286537472,-0.0001174770556200389
4379.891810647898,19.7239141892908,-0.0005561949973923509
4382.258680350613,19.72384744589111,-0.0009857303409439343
4384.625542044119,19.723729158250197,-0.0014088972557402906
4386.992389543109,19.723560090579507,-0.0018210846733626943
4389.359216753979,19.723341560418703,-0.0022287428746180903
4391.726017741229,19.72307411127375,-0.0026276454444089325
4394.092786634582,19.72275879382042,-0.003023402041547959
4396.45951768984,19.722395985575435,-0.003408741609903934
4398.826205208109,19.721986936582248,-0.003786491292082419
4401.192843640499,19.7215325576272,-0.0041567182127371614
4403.559427547414,19.72103375144167,-0.004518264415855988
4405.925951597587,19.720491559711768,-0.004873373128007321
4408.292410584752,19.719906754936407,-0.005216720876230346
4410.658799395344,19.71928074843126,-0.005550694931415268
4413.025113085157,19.71861466503949,-0.005876167367893224
4415.391346844961,19.717909524955342,-0.006188235778989512
4417.757495987956,19.71716693666186,-0.006490997516175748
4420.123556020355,19.71638801695992,-0.006781973840891998
4422.48952258239,19.715574180099015,-0.007064512436903558
4424.855391484002,19.714726438606586,-0.007338300860029667
4427.221158656635,19.713845842503382,-0.00760236317413945
4429.586820157736,19.712933558922487,-0.007857445842969667
4431.952372184806,19.71199066542133,-0.008102703691173361
4434.317811064657,19.711018340978388,-0.008340327708193578
4436.683133265574,19.710017501653404,-0.00856782534373799
4439.048335365772,19.708989362612154,-0.008786670474599734
4441.413414089286,19.707934962155203,-0.0089988758474881
4443.778366284744,19.706855097053506,-0.009202390441368561
4446.143188896391,19.70575081020054,-0.009399681416129308
4448.507878993615,19.704622848430606,-0.009586530612760848
4450.872433735427,19.703472464757073,-0.009765561939684558
4453.236850431198,19.70230059732431,-0.009938960797174119
4455.601126502877,19.701107922028648,-0.010101239606194436
4457.965259453521,19.699895773275905,-0.010257364984137023
4460.329246946314,19.698664889477808,-0.010404230804526182
4462.693086733051,19.697416381781263,-0.010545188202886344
4465.056776698865,19.696150959196917,-0.01068124938557673
4467.420314813969,19.694869209270646,-0.010811492800130426
4469.783699119081,19.69357183013463,-0.010934147090844903
4472.146927738697,19.692259732483727,-0.01105135906997634
4474.509998906595,19.69093356939533,-0.011161401036970242
4476.872910934922,19.689594201270893,-0.011265831725334878
4479.235662239075,19.688242301463852,-0.011361978076820966
4481.598251315251,19.686878864094634,-0.011452493502438574
4483.960676778943,19.685504564874343,-0.011537691864810221
4486.322937326728,19.684120041850566,-0.011615459557698677
4488.685031731749,19.682726186703643,-0.011687539295823515
4491.0469588741535,19.681323681988143,-0.011756448978515464
4493.408717715992,19.679912908110722,-0.01181581377597343
4495.770307264965,19.678495010457606,-0.011872816334974532
4498.13172666622,19.67707027249741,-0.011924155131438081
4500.4929750989195,19.675639373881637,-0.011972553369208487
4502.854051823785,19.67420266747733,-0.012014263882958974
4505.214956143883,19.672760955811377,-0.012050196818329278
4507.57568745858,19.671314932193177,-0.012084821442084736
4509.936245250444,19.669864753620125,-0.01211375920435803
4512.296629020878,19.668411102515602,-0.01213860788732095
4514.656838353179,19.666954469569124,-0.012157196410735083
4517.016872889528,19.665495605999837,-0.012171906702439226
4519.376732362248,19.664034977195545,-0.012181984219052311
4521.736416559511,19.662573139089258,-0.012189151337424715
4524.095925336202,19.661110440928766,-0.012191705470301099
4526.455258589113,19.65964743627233,-0.01218840499439542
4528.814416281466,19.658184827673004,-0.012183219296218985
4531.173398460787,19.656722841357457,-0.0121729507162158
4533.53220520175,19.65526208727151,-0.012163482756788758
4535.890836652223,19.653802469340693,-0.012147085492525776
4538.249292948543,19.65234481908159,-0.01212942300825093
4540.607574326833,19.650889288320602,-0.012105528462218917
4542.965681041432,19.649436624905135,-0.01208093330465019
4545.323613436421,19.64798691290858,-0.012053754396788808
4547.68137186597,19.646540462380965,-0.012022317599993188
4550.038956721455,19.645097784268966,-0.011990234683761002
4552.396368455567,19.643658956106915,-0.011952751465810048
4554.7536075303005,19.642224625931018,-0.011911985883492918
4557.110674485412,19.640795187625,-0.011870206253528243
4559.467569907927,19.639370762874574,-0.011823933723507308
4561.824294399472,19.637951890827754,-0.011774689431287632
4564.180848626371,19.636538928095998,-0.011728147016445322
4566.537233297742,19.635131550454023,-0.011674652463180394
4568.893449083796,19.633730592158443,-0.011619082719482414
4571.2494967548555,19.632336302232105,-0.011556294301751362
4573.605377111124,19.630949546915893,-0.011497491691202576
4575.9610910567535,19.62956984791295,-0.011435570573105439
4578.316639438503,19.628197579444176,-0.011367732789374953
4580.672023148037,19.62683345150945,-0.01130149107498119
4583.027243162218,19.625477272580454,-0.011234563506656883
4585.382300434928,19.624129124959655,-0.011165802563523047
4587.737195929923,19.62278922865203,-0.011095608484957808
4590.091930637361,19.621457755633838,-0.011019995736958905
4592.446505568037,19.620135356145404,-0.010945572023655235
4594.8009218107745,19.618821887502566,-0.010870160839848335
4597.155180437275,19.617517468201786,-0.010790800169573834
4599.509282533459,19.61622257218144,-0.010711596978486214
4601.863229242121,19.614937180544022,-0.010630043170256852
4604.217021703786,19.61366157536359,-0.0105454728263192
4606.570661092829,19.61239611862443,-0.010462139350477009
4608.924148627064,19.611140661902375,-0.010375446008909456
4611.277485506492,19.609895608381308,-0.010287003221417533
4613.630672979498,19.608661167994736,-0.010199470594632491
4615.983712319658,19.60743723152338,-0.010107803984451321
4618.336604787441,19.606224295045248,-0.010016752302778514
4620.689351702846,19.605022284768914,-0.00992653262368283
4623.041954377018,19.603831100854073,-0.0098369371055404
4625.39441410912,19.60265066840141,-0.009742720860551987
4627.746732189328,19.601481541898142,-0.00965032044374007
4630.098909974356,19.600323503444894,-0.009558185917693855
4632.450948794769,19.599176521134773,-0.00946186501459345
4634.802849977305,19.59804109733302,-0.009363972752463433
4637.154614908985,19.596917420602725,-0.009266514905037923
4639.5062449994575,19.59580543881412,-0.009168626859699932
4641.857741652115,19.59470520359096,-0.009068566657938185
4644.209106276546,19.593616975592006,-0.008970379943565709
4646.5603403136165,19.59254052999878,-0.008869905624080715
4648.911445177217,19.591476141323888,-0.008770768658584314
4651.262422314176,19.59042364908486,-0.008672067408146352
4653.613273152066,19.58938300099588,-0.00857380619954036
4655.963999112185,19.588354144251937,-0.008475106258574033
4658.314601609495,19.58733713150091,-0.008376823672602217
4660.665082065275,19.586331912660196,-0.00827503439015052
4663.015441894794,19.585338908533377,-0.008171124623868207
4665.365682563818,19.584358373578514,-0.008072020511522934
4667.715805568648,19.58338973111713,-0.00797284897813851
4670.065812336382,19.582432989239752,-0.007871564091959972
4672.415704295091,19.581488401548718,-0.007771222538021948
4674.765482903277,19.580555854844157,-0.007674337905915698
4677.115149605858,19.57963493429545,-0.007572972967620448
4679.464705797974,19.578726177539334,-0.007473389592913994
4681.814152939279,19.577829370788184,-0.007374344612691173
4684.163492463774,19.57694444943466,-0.007274766827708543
4686.512725797706,19.576071477415333,-0.007174965834609619
4688.861854374995,19.575210481515178,-0.007077524590562134
4691.2108796327775,19.57436117856431,-0.006978988980791936
4693.559802974205,19.573523699886614,-0.00688115181557814
4695.9086258181915,19.572697961668744,-0.00678380461623341
4698.2573495735915,19.571883905114795,-0.006686545512458799
4700.6059756422055,19.5710815196533,-0.006590829748220578
4702.954505424564,19.570290620083515,-0.006497781792244837
4705.302940298973,19.569510886268446,-0.00640319559065762
4707.6512816053255,19.56874250279757,-0.006307210456973463
4709.9995307056615,19.567985637542733,-0.006212700922134324
4712.347688982167,19.567240113432078,-0.006116624729228062
4714.695757795778,19.56650611846457,-0.006022549693151863
4717.043738529994,19.565783412501393,-0.005930668325407857
4719.391632539494,19.565071732302343,-0.005840846428667541
4721.739441147371,19.5643708307309,-0.005750761044996168
4724.087165647058,19.563680739405502,-0.005659562301707631
4726.434807335787,19.563001591929297,-0.0055692515241503576
4728.782367526818,19.562333281746398,-0.005480875074804034
4731.129847520628,19.56167557673742,-0.0053932964224838
4733.477248589837,19.561028381166725,-0.005308698134562663
4735.824571995577,19.560391337390577,-0.005225005092272696
4738.171818956063,19.559764336779505,-0.005138293213978554
4740.518990676477,19.55914774159383,-0.0050528891766381916
4742.866088405469,19.558541394892632,-0.004968437925423504
4745.213113372856,19.55794518234158,-0.004886722836678096
4747.560066794737,19.55735877560118,-0.004804069856237329
4749.906949847809,19.556782287218432,-0.00471978314640099
4752.253763722276,19.556215913240862,-0.004637599020211218
4754.600509631865,19.555659401358437,-0.0045581595845213055
4756.9471887600275,19.555112422208293,-0.0044803542420254056
4759.293802250692,19.554574779699248,-0.004403608498436429
4761.640351224256,19.554046346679435,-0.004329388370974637
4763.986836785857,19.553526820074918,-0.004253102260306085
4766.333260004266,19.55301644780368,-0.0041799003446163835
4768.679621978003,19.55251485976233,-0.004105314126283602
4771.025923761174,19.552022222067176,-0.004033357205667831
4773.372166427823,19.551538219202495,-0.0039595914788702015
4775.718351014127,19.55106306822503,-0.003888369634097906
4778.064478582313,19.55059646386894,-0.003817869657824261
4780.410550157978,19.55013831951,-0.00374934987885235
4782.756566756319,19.549688397524537,-0.0036815084076337427
4785.102529364022,19.54924661651562,-0.0036138436425016806
4787.448438958004,19.54881295527852,-0.003545925934206542
4789.794296512638,19.548387444166416,-0.0034794574648842353
4792.140103005938,19.54796990927063,-0.003415074351263485
4794.48585939505,19.54756010034848,-0.0033510029985027155
4796.831566607092,19.54715797998866,-0.0032885002765094657
4799.177225564691,19.54676335995548,-0.00322854222312807
4801.522837167886,19.546375934888705,-0.0031687917340363385
4803.868402280073,19.54599567988062,-0.003107567638017187
4806.213921761659,19.545622771764055,-0.0030487437494963517
4808.55939649427,19.545256922514117,-0.002991166063908019
4810.904827324972,19.54489798258645,-0.0029331082419781058
4813.250215082882,19.54454600959741,-0.0028781455489419114
4815.595560604034,19.54420063213154,-0.002823022160472693
4817.94086467989,19.54386186947228,-0.0027679118097454613
4820.286128104227,19.543529720055112,-0.0027151657145892314
4822.631351670633,19.54320390016936,-0.0026618127010687217
4824.9765361386535,19.54288448264523,-0.002610236123890629
4827.321682276571,19.542571254310364,-0.002559666667702836
4829.666790827088,19.54226409431024,-0.0025071801187530078
4832.011862518406,19.54196323269599,-0.002457379884335205
4834.356898106329,19.541668347109873,-0.002410831402737069
4836.701898307982,19.541379047341543,-0.00236580220005494
4839.046863793664,19.54109515107754,-0.002320256453215498
4841.391795211793,19.54081672030315,-0.002274277474558095
4843.736693218229,19.540543807006205,-0.002230077892628245
4846.08155847507,19.54027619765909,-0.0021849020016843426
4848.426391618789,19.540014009418886,-0.002143396746822289
4850.771193299919,19.53975680180927,-0.0021012984355138114
4853.115964116137,19.539504645997006,-0.0020595332697486758
4855.460704673656,19.539257502004638,-0.002018212096276132
4857.805415573897,19.539015316553083,-0.001978053792033396
4860.1500974118835,19.53877795009804,-0.0019376852014630949
4862.494750765895,19.538545427873864,-0.0019001932139691392
4864.83937621724,19.538317404688186,-0.0018626207809605774
4867.183974305803,19.53809389019447,-0.001826254350045122
4869.528545572626,19.537874739672464,-0.0017871124622488713
4871.873090541387,19.537660286176994,-0.0017542099941661462
4874.217609775728,19.537449780977695,-0.0017210541737818104
4876.562103749446,19.53724325447684,-0.0016903614638474282
4878.906572939983,19.53704041110118,-0.0016576493546898378
4881.251017789315,19.536841493178617,-0.0016293765932476594
4883.595438768496,19.53664596798743,-0.0015947115652285152
4885.939836284654,19.5364546025996,-0.0015626074923885732
4888.284210836966,19.536267089700516,-0.0015313134074659315
4890.62856288773,19.53608333209162,-0.0015037807027141728
4892.972892887581,19.535902878407295,-0.0014749559219184064
4895.31720123299,19.535725883696664,-0.001448994319154684
4897.661488339033,19.535552004378363,-0.0014204853214119513
4900.005754579558,19.535381546139796,-0.0013937891699607823
4902.350000365095,19.5352142914394,-0.0013683400623451542
4904.694226080068,19.535050090631916,-0.0013431157006689167
4907.038432090943,19.534888916747835,-0.0013185103843197975
4909.382618760953,19.534730695501718,-0.0012931234045161757
4911.726786444413,19.534575520693178,-0.0012727566458231505
4914.070935506896,19.53442278989568,-0.001248939051671863
4916.415066241683,19.534272917209478,-0.0012305824608087545
4918.759178991749,19.53412524731418,-0.001210782853875523
4921.103274021427,19.533979953371713,-0.0011900026335449902
4923.447351615831,19.533837153055686,-0.0011714725763536402
4925.791412074198,19.53369657634652,-0.0011515513141682342
4928.13545566336,19.533558390188823,-0.0011299702766028943
4930.479482670182,19.53342279375563,-0.001110529385090894
4932.823493405433,19.533289530229418,-0.0010920646377864857
4935.16748814906,19.533158482472885,-0.0010762946026079898
4937.511467166956,19.533029327120573,-0.0010576057281536785
4939.855430686211,19.532902414433195,-0.001041120568324712
4942.199378975943,19.532777479964995,-0.0010250836907834638
4944.5433122735385,19.5326544699221,-0.00100870179104906
4946.887230809929,19.532533425707175,0.0
