position,velocity,acceleration
-255.05846928800912,19.444444444444443,-7.298606163885779e-16
-252.72513595467578,19.444444444444443,-0.00029189602216342
-250.39180682464516,19.444409416921783,-0.0005337217448948004
-248.05848538020769,19.444345370312394,-0.0007288241816171562
-245.72517443083842,19.4442579114106,-0.000880367667366977
-243.39187615876355,19.444152267290516,-0.000991340464676396
-241.05859216199138,19.444033306434754,-0.0010645613799049206
-238.72532349490308,19.443905559069165,-0.0011026863672652734
-236.39207070649846,19.443773236705095,-0.0011082150997828992
-234.05883387639128,19.44364025089312,-0.0010834974885153615
-231.72561264864794,19.443510231194498,-0.00103074013312601
-229.39240626356252,19.443386542378523,-0.0009520126886645435
-227.05921358745982,19.443272300855885,-0.000849254135030875
-224.72603314061666,19.44317039035968,-0.0007242789370905511
-222.39286312339019,19.443083476887228,-0.0005787830848315934
-220.05970144064014,19.443014022917048,-0.00041435000422361263
-217.72654572453015,19.44296430091654,-0.00023245633071394296
-215.39339335579135,19.442936406156853,-3.447753835544933e-05
-213.06024148352907,19.44293226885225,0.0001783065813423609
-210.72708704365203,19.442953665642012,0.00040470659582605886
-208.393926776,19.44300223043351,0.0006436182672303915
-206.06075724024493,19.44307946462558,0.0008940175506865392
-203.72757483063714,19.443186746731662,0.0011549557577036791
-201.39437578966644,19.443325341422586,0.001425554886411866
-199.06115622070536,19.443496408008954,0.001705003119818244
-196.72791209969935,19.443701008383332,0.0019925504926487972
-194.39463928596626,19.44394011444245,0.002287504726778271
-192.0613335321651,19.444214615009663,0.0025892272348141394
-189.72799049349175,19.44452532227784,0.002897129290878938
-187.39460573615662,19.444872977792745,0.003210668367298533
-185.061174745197,19.44525825799682,0.0035293446354596825
-182.72769293167465,19.445681779353073,0.0038526976288538726
-180.39415563930643,19.446144103068537,0.004180303065906326
-178.06055815057405,19.446645739436445,0.004511769830039319
-175.72689569235612,19.44718715181605,0.004846737104062336
-173.3931634411239,19.447768760268538,0.00518487165585168
-171.05935652773982,19.44839094486724,0.0055258652720319365
-168.72547004189585,19.44905404869988,0.005869432336234228
-166.3914990362262,19.44975838058023,0.006215307548332728
-164.05743853012788,19.45050421748603,0.006563243780976134
-161.7232835133191,19.45129180673975,0.006913010069545405
-159.38902894916532,19.452121367948095,0.007264389731673716
-157.0546697777994,19.452993094715897,0.0076171786123081404
-154.72020091906148,19.453907156149373,0.007971183450283345
-152.38561727528187,19.454863698163408,0.008326220362295982
-150.05091373392904,19.455862844606884,0.008682113440182077
-147.71608517014266,19.456904698219706,0.009038693457336879
-145.38112644917052,19.457989341434587,0.009395796680112622
-143.0460324287262,19.459116837036202,0.009753263780075273
-140.71079796128342,19.46028722868981,0.010110938842963305
-138.3754178963213,19.46150054135097,0.01046866847024547
-136.04003783135917,19.462756781567396,0.010817368788004773
-133.70450701757107,19.464054865821957,0.011735126186619795
-131.36882043367245,19.46546308096435,0.013373289004037435
-129.03296486395672,19.467067875644837,0.015736918532773116
-126.69691671887934,19.46895630586877,0.018786308365180557
-124.36064196217508,19.47121066287259,0.022463805016505283
-122.02409668263037,19.47390631947457,0.02669925009981146
-119.68722792429342,19.477110229486545,0.031411184823771955
-117.34997469675504,19.480879571665398,0.036508993932760914
-115.0122691481552,19.485260650937327,0.04189835584704924
-112.67403787004272,19.490288453638975,0.04748390629607816
-110.33520325560605,19.495986522394503,0.05317588607774332
-107.9956848729187,19.50236762872383,0.05888802833079552
-105.65540075747184,19.50943419212353,0.06453729891733243
-103.31426865441702,19.51717866799361,0.07006125749224992
-100.97220721425779,19.525586018892678,0.07541502461571935
-98.62913689199067,19.534635821846564,0.08056733633476044
-96.28498059336908,19.544303902206735,0.08549869499389211
-93.93966412510427,19.554563745606004,0.09019969324116317
-91.59311647563155,19.565387708794944,0.09466817202332792
-89.24526995057616,19.576747889437744,0.09890840704517188
-86.89606020384363,19.588616898283163,0.10293034737107908
-84.54542617604966,19.600968539967692,0.10675708156605049
-82.19330995125354,19.613779389755617,0.11040073736595771
-79.83965642448287,19.627027478239533,0.11386896509871726
-77.48441312709413,19.640691754051378,0.11716310788134589
-75.12753011660796,19.65475132699714,0.12028088789931342
-72.7689599573683,19.66918503354506,0.1232176571826508
-70.4086577533429,19.683971152406976,0.12596703436059836
-68.04658121505406,19.699087196530247,0.12852092408032093
-65.68269075147043,19.714509707419886,0.13087254931992692
-63.316949586580044,19.730214413338278,0.13301518660860562
-60.949323856979454,19.74617623573131,0.1349364485487226
-58.579782708691695,19.762368609557154,0.13662620261137526
-56.20829847554484,19.778763753870518,0.13808143101802084
-53.834846825080376,19.79533352559268,0.13930509366511265
-51.459406802009255,19.812050136832497,0.1403043627186155
-49.08196078558935,19.82888666035873,0.14108929012053167
-46.7024943863463,19.845817375173194,0.1416721202361004
-44.32099630132552,19.862818029601527,0.14206695961773794
-41.93745813777334,19.879866064755657,0.1422897454074173
-39.551874210002666,19.896940834204546,0.1423595503898114
-37.16424130989812,19.914023980251322,0.1422951856141734
-34.77455843226796,19.931099402525025,0.1421144289722131
-32.38282650396496,19.94815313400169,0.14182928977933304
-29.989048127884754,19.96517264877521,0.14144733496798736
-27.59322741003173,19.982146328971368,0.14097344771282427
-25.195369850555167,19.999063142696908,0.14041068245486527
-22.79548227343154,20.01591242459149,0.1397605224762236
-20.39357278248056,20.03268368728864,0.13902291170608327
-17.989650740005924,20.04936643669337,0.13819624949858303
-15.58372676760272,20.0659499866332,0.1372750287532366
-13.175812769206736,20.08242299008359,0.1362522096083081
-10.765922010396705,20.098773255236587,0.13512360633077833
-8.354069219768315,20.11498808799628,0.13388427503529585
-5.940270649208761,20.131054201000516,0.13253182587473833
-3.5245441450886994,20.146958020105487,0.13106628727152075
-1.1069091826760409,20.162685974578068,0.12948929932478528
1.3126131342733274,20.178224690497043,0.12780383832016887
3.7340000971329723,20.193561151095462,0.1260139548732358
6.157227435264428,20.20868282568025,0.12412440072504638
8.582269374346058,20.223577753767255,0.12214137185360825
11.009098704798129,20.238234718389688,0.12007184664799583
13.437686871004892,20.252643339987447,0.11792198839352129
15.868004071803385,20.26679397859467,0.11569646965998197
18.300019349234745,20.28067755495387,0.11339849215964676
20.73370065582921,20.294285374013025,0.11103049831010127
23.169014900710774,20.307609033810238,0.10859377077089222
25.605927984768,20.320640286302744,0.1060873452905789
28.04440481912433,20.333370767737613,0.1035098231255057
30.484409311252843,20.345791946512673,0.10085933200723392
32.925904344834365,20.357895066353542,0.09813403846110016
35.368851752796786,20.369671150968873,0.09533044286663747
37.81321229091305,20.38111080411287,0.09244471023899435
40.25894558740659,20.392204169341547,0.08947513078390898
42.70601008772758,20.402941185035615,0.0864215421588732
45.15436302993185,20.41331177009468,0.08328503637212731
47.603960442343215,20.423305974459335,0.08006810147729038
50.05475715927834,20.43291414663661,0.07677448678614408
52.50670685687473,20.442127085050945,0.07340904385330695
54.95976210708084,20.45093617031334,0.0699776123053937
57.413874447518445,20.459333483789987,0.06648666411608481
59.868994465573245,20.467311883483916,0.06294306224376633
62.325071891591314,20.474865050953166,0.059355534771632516
64.78205569770569,20.48198771512576,0.05573291526522613
67.23989422352078,20.48867566495759,0.05208309090040841
69.6985353033157,20.494925635865638,0.048411849952525524
72.15792637961957,20.50073505785994,0.04472312638244029
74.61801458656277,20.506101833025834,0.04102003929540479
77.07874680652587,20.51102423774128,0.03730481431992282
79.54006971505483,20.51550081545967,0.03357897022005757
82.00192981290999,20.519530291886078,0.029843387011923787
84.46427344793632,20.52311149832751,0.026097073569242922
86.92704682773562,20.526243147155817,0.02233674253111012
89.39019600539432,20.52892355625955,0.018557498926810332
91.85366683214546,20.531150456130767,0.014754953774406793
94.31740488688115,20.532921050583695,0.01092564528336961
96.7813554129512,20.5342321280177,0.007066288348092281
99.24546326831333,20.53508008261947,0.0031738880376371383
101.70967287822766,20.535460949183985,-0.0007544559470554307
104.17392819212974,20.53537041447034,-0.004721759311746328
106.63817264186618,20.53480380335293,-0.008731291531264038
109.10234909826853,20.533756048369177,-0.012786726931440324
111.56639982407283,20.532221641137404,-0.01689230108837859
114.03026642100932,20.5301945650068,-0.02105296906428613
116.49388976881013,20.527668208719085,-0.0252745455400318
118.95720995385642,20.524635263254282,-0.029563808369058055
121.42016618544693,20.521087606249996,-0.033928538297125825
123.88269669819692,20.51701618165434,-0.03837750868317437
126.34473863999544,20.51241088061236,-0.04292042617754545
128.80622794566892,20.507260429471057,-0.04756784944164741
131.26709919720545,20.501552287538058,-0.052331115332608646
133.72728547171002,20.495272553698143,-0.057221931304818625
136.1867181781538,20.488405921941563,-0.06225188313318806
138.6453268887868,20.48093569596558,-0.06743258804170213
141.10303917230266,20.472843785400578,-0.07277566566549222
143.55978042655073,20.464110705520717,-0.07829290560933302
146.01547371121322,20.454715556847596,-0.08399605936951814
148.47003957803494,20.444636029723252,-0.08989668222690936
150.92339590160174,20.433848427856024,-0.09600593139916368
153.37545771294447,20.422327716088123,-0.10233442872393363
155.82613703887503,20.41004758464125,-0.1088922109234415
158.27534274903198,20.396980519330437,-0.11568879483461676
160.72298041135164,20.383097863950283,-0.12273316210293028
163.16895215502566,20.36836988449793,-0.13003371507737857
165.6131565411654,20.352765838688644,-0.1375982202790531
168.05548844180805,20.336254052255157,-0.14543372195910917
170.49583892807868,20.318802005620064,-0.1535464967121851
172.9340951687531,20.3003764260146,-0.16194200853170507
175.37014033987484,20.280943384990795,-0.17062483742718615
177.80385354607373,20.260468404499534,-0.17959861490887494
180.23510975461366,20.23891657071047,-0.18886593601755022
182.66377974309893,20.216252658388363,-0.19842829131710982
185.08973006210553,20.19244126343031,-0.20828599747664364
187.51282301371717,20.167446943733115,-0.21843809594473848
189.93291664696514,20.141234372219746,-0.22888223707957622
192.3498647716315,20.113768503770196,-0.23961468379054932
194.76351699208394,20.08501474171533,-0.2506301248570026
197.1737187610898,20.05493912673249,-0.26192131474182834
199.5803114562977,20.023508568963468,-0.27347982804789384
201.9831324845733,19.99069098959772,-0.2852961612409447
204.38201540332503,19.956455450248807,-0.2973594529505597
206.77679005735487,19.92077231589474,-0.3096552361938861
209.16728273526223,19.883613687551474,-0.3221682500598008
211.5533163777684,19.8449534975443,-0.334880949800175
213.9347107974737,19.804767783568277,-0.34777219687126826
216.3112829315019,19.763035119943726,-0.36082000534140773
218.68284714589515,19.71973671930276,-0.37400393659410774
221.04921555221148,19.674856246911467,-0.387304387909963
223.41019830184086,19.628379720362272,-0.40070044557832335
225.76560386828433,19.580295666892873,-0.4141719745580369
228.11523934831146,19.530595029945907,-0.42769933131381427
230.45891075190497,19.47927111018825,-0.4412617058416725
232.79642328512756,19.42631970548725,-0.4548371745637152
235.12758164978604,19.371739244539604,-0.468401214256265
237.45219035913078,19.315531098828853,-0.48192989283829774
239.77005409099024,19.25769951168826,-0.4953984766640573
242.08097803239284,19.198251694488572,-0.5087807587815366
244.38476823573146,19.137198003434786,-0.5220488108723741
246.68123199614362,19.074552146130102,-0.5351728939431833
248.97017825367922,19.01033139885692,-0.5481216820394303
251.25141802154207,18.944556797012186,-0.560862124332624
253.52476483718354,18.87725334209227,-0.5733595035655616
255.79003523823462,18.808450201664403,-0.5855791235474272
258.04704926243437,18.738180706838712,-0.5974868633176742
260.295630947255,18.66648228324059,-0.6090485466385518
262.5356088212439,18.593396457643966,-0.6202302411317455
264.7668163961612,18.518968828708157,-0.6309982539613779
266.98909265560616,18.443249038232793,-0.6413200950120964
269.2022825401941,18.36629062683134,-0.6511640936151178
271.4062374154139,18.288150935597525,-0.6604984658710217
273.6008155276856,18.208891119693003,-0.6692917427064289
275.78588246204873,18.128576110568233,-0.6775126975590872
277.96131159531694,18.047274586861143,-0.6851318069707588
280.1269845457403,17.96505877002465,-0.6921212954041517
282.28279159814326,17.882004214576153,-0.6984551322179545
284.4286321038924,17.79818959871,-0.7041093120057287
286.56441485573765,17.713696481269313,-0.7090620956516827
288.69005843349,17.62860902979111,-0.713294286262235
290.8054915170649,17.543013715439642,-0.7167890853624885
292.9106531629177,17.456999025196144,-0.7195334620833863
295.00549304594125,17.370655009746137,-0.7215171437590414
297.0899716471108,17.284072952495052,-0.7227329193392699
299.1640604014102,17.19734500217434,-0.7231766855686921
301.22774180167113,17.1105637999061,-0.7228474606938118
303.2810094576599,17.02382210462284,-0.7217477940942112
305.3238681102146,16.937212369331537,-0.7198836211379569
307.3563335945344,16.85082633479498,-0.7172649407564715
309.3784327547098,16.764754541904203,-0.7139048577499283
311.39020329973835,16.679085958974213,-0.7098175122786599
313.39169361481527,16.593907857500774,-0.7050190750250853
315.38296255771536,16.509305568497766,-0.6995279860361405
317.3640792259351,16.42536221017343,-0.6933648482020118
319.3351226911559,16.342158428389187,-0.6865522600255514
321.2961817025626,16.25977215718612,-0.6791148980940934
323.2473543614249,16.17827836941483,-0.6710791853862852
325.1887477657547,16.097748867168477,-0.6624730676573013
327.12047762981496,16.0182520990496,-0.6533259212361543
329.04266788170094,15.939852988501263,-0.6436682576074866
330.9554502403211,15.862612797588366,-0.6335314916254997
332.8589637760317,15.786589018593306,-0.6229477753401828
334.7533544582629,15.711835285552484,-0.6119498896604042
336.6387746925292,15.638401298793235,-0.6005713489768768
338.5153828483844,15.56633273691601,-0.5888461368617411
340.3833427768143,15.495671200492602,-0.5768082849720904
342.2428233208734,15.42645420629595,-0.5644915859270674
344.09399782562895,15.358715215984702,-0.551929399995582
345.9370436515471,15.292483687985232,-0.5391544452458484
347.77214169410536,15.22778515455573,-0.5261985389529741
349.59947591265205,15.164641329881373,-0.5130925814692534
351.41923287223784,15.103070220105064,-0.4998665006535037
353.23160129865045,15.043086240026643,-0.4865493021111883
355.03677164745363,14.9847003237733,-0.4731689706101252
356.83493568630644,14.927920047300084,-0.45975237030021493
358.6262860919824,14.872749762864059,-0.44632525521189487
360.4110160635261,14.819190732238631,-0.43291226379042075
362.18931895139474,14.76724126058378,-0.41953687110654425
363.9613879026648,14.716896836050996,-0.4062213947371888
365.7274155229909,14.668150268682533,-0.3929871828268495
367.4875935552328,14.62099180674331,-0.3798544806865094
369.242112572042,14.575409269060929,-0.3668423851930423
370.9911616843293,14.531388182837764,-0.3539688919471667
372.73492826626983,14.488911915804104,-0.3412509282050795
374.47359769616634,14.447961804419496,-0.32870501131748353
376.2073531126967,14.408517203061397,-0.3163464151917253
377.93637517706406,14.37055563323839,-0.30418844725537314
379.66084185305266,14.334053019567744,-0.29224299256200215
381.3809282154008,14.298983860460304,-0.28052070994171563
383.096806278656,14.265321375267298,-0.2690310852530743
384.80864484368806,14.23303764503693,-0.2577824554589295
386.5166093610925,14.202103750381859,-0.24678206135251313
388.2208618111383,14.172489903019557,-0.23603608141745133
389.92156059950065,14.144165573249463,-0.22554973784317983
391.61886046829056,14.117099604708281,-0.2153273636882741
393.3129124208556,14.091260321065688,-0.20537248731677699
395.00386365938346,14.066615622587674,-0.19568787434307253
396.69185753409397,14.043133077666505,-0.1862755432799564
398.37703350341394,14.02078001247291,-0.17713687159998978
400.05952710491067,13.999523587880912,-0.16827267700032444
401.7394699354564,13.979330866640874,-0.15968321057416907
403.4169896394533,13.960168881371974,-0.1513681596017948
405.09220990521794,13.942004702219759,-0.14332669186548966
406.76525046948433,13.9248054991959,-0.13555747830411868
408.4362271293878,13.908538601799405,-0.1280586583930391
410.10525176160377,13.89317156279224,-0.12082786410204333
411.77243234913885,13.878672219099995,-0.11386222608883298
413.43787301543085,13.865008751969334,-0.10715840331476757
415.10167406566717,13.852149743571562,-0.10071264547045848
416.76393203489573,13.840064226115107,-0.09452082991910964
418.42473974202954,13.828721726524813,-0.08857852845610044
420.08418634921253,13.818092303110081,-0.08288102719782084
421.74235742558574,13.808146579846342,-0.0774233322705461
423.3993350151673,13.798855779973877,-0.07220019726323698
425.0551977087642,13.790191756302288,-0.06720622860209867
426.71002071952046,13.782127008870036,-0.06243599455019075
428.36387596058483,13.774634689524014,-0.05788395328286927
430.01683212332773,13.76768861513007,-0.05354444122885403
431.66895475714335,13.761263282182608,-0.0494116356774444
433.3203063510053,13.755333885901313,-0.045479561474247636
434.9709464173134,13.749876338524404,-0.041742113120185165
436.62093157793635,13.744867284949981,-0.03819309912651729
438.27031565213036,13.740284113054798,-0.034826233066094156
439.9191497456969,13.736104965086867,-0.03163514584258171
441.56748234150734,13.732308747585757,-0.028613378239425485
443.21535939121765,13.728875142197026,-0.025754302451801776
444.8628244082813,13.72578462590281,-0.023051236215826665
446.50991856338965,13.723018477556911,-0.020497510609602157
448.1566807806965,13.72055877628376,-0.018086500579860238
449.8031478338505,13.718388396214177,-0.01581169195701569
451.4493544413962,13.716490993179335,-0.013666656271437044
453.09533336057774,13.714850994426762,-0.011645031454740449
454.74111547990896,13.713453590652193,-0.009740469218436616
456.3867299107872,13.712284734345982,-0.007946584305914058
458.0322040789087,13.711331144229272,-0.006257095499811487
459.6775638162162,13.710580292769293,-0.00466589884007997
461.3228334513485,13.710020384908484,-0.003167085690360553
462.96803589753756,13.709640334625641,-0.0017549383749250883
464.61319273769266,13.70942974202065,-0.0004240460435631439
466.2583243067351,13.709378856495421,0.0008307385902437577
467.90344976951457,13.70947854512625,0.0020143409131785127
469.5485871949297,13.709720266035832,0.003131481242086275
471.193753626854,13.710096043784883,0.004186675351560333
472.8389651521082,13.71059844482707,0.005184241867325052
474.4842369654874,13.711220553851149,0.006128309725453274
476.1295834319495,13.711955951018203,0.007022910524404008
477.7750181460717,13.71279870028113,0.00787194244807377
479.4205539901055,13.713743333374898,0.008679142073582806
481.06620319011046,13.714784830423728,0.009448066956947186
482.7119773697613,13.715918598458561,0.010182095390329072
484.35788760157635,13.7171404499054,0.010884422565392278
486.003944455565,13.718446580613248,0.011558046485165386
487.6501580452386,13.719833546191468,0.012205761205105763
489.29653807078154,13.72129823753608,0.012830147882287484
490.94309385928585,13.722837855281956,0.0134335632592483
492.5898344019197,13.724449882873065,0.014018128812168733
494.23676838786446,13.726132058330526,0.014585738087107955
495.88390423486413,13.727882346900978,0.015138054491211134
497.53125011649223,13.729698913439924,0.015676471778386283
499.178813986105,13.73158009005333,0.016202180493986484
500.8266035969114,13.733524351712608,0.016716202321599725
502.4746265191169,13.7355302959912,0.017219407081275822
504.12289015463585,13.737596624840954,0.017712531073192407
505.77140174961676,13.739722128569737,0.018196192378089997
507.4201684050451,13.741905671655108,0.01867090709730306
509.06919708564374,13.744146180506783,0.019137100915152354
510.71849462730455,13.746442632616601,0.019595116371734743
512.3680677432185,13.748794046581208,0.020045223396766607
514.0179230288082,13.751199473388821,0.020487620231242926
515.6680669656149,13.75365798781657,0.020922447232613186
517.3185059241529,13.756168681484484,0.021349798949699485
518.969246165931,13.758730657358448,0.021769707101981763
520.6202938448141,13.761343022210687,0.02218213735627448
522.2716550074794,13.76400487869344,0.0225869873411382
523.9233355929225,13.766715317174377,0.022984090902727933
525.5753414309835,13.769473408082705,0.023373223688833076
527.2276782399534,13.772278194925365,0.02375410297641032
528.8803516233445,13.775128687282534,0.024126394935582603
530.5333670658184,13.778023854674803,0.024489682358019915
532.1867299283793,13.780962616557765,0.024843270401748607
533.8404454423663,13.783943809005976,0.02518636780533317
535.4945186994471,13.786966173142616,0.025518365447901998
537.1489546402242,13.790028376996364,0.025838746712865013
538.8037580454638,13.793129026601909,0.026147038066260175
540.4589335286561,13.79626667116986,0.02644280280614441
542.1144855291965,13.799439807506598,0.0267256395641591
543.7704183060973,13.802646884254298,0.026995187799125853
545.4267359322079,13.805886306790192,0.027251127584843167
547.0834422890227,13.809156442100374,0.027493175117113525
548.7405410620748,13.812455623114428,0.027721075450334174
550.3980357368486,13.815782152168468,0.027934601760130632
552.0559295951088,13.819134304379684,0.028133531465748086
553.7142257116343,13.822510328155573,0.028317656002037107
555.3729269510129,13.825908446875818,0.028486774073702734
557.032035964638,13.829326859764663,0.028640692560744894
558.6915551878097,13.832763742871952,0.028779170091595436
560.3514868369543,13.836217243282944,0.02890195804457081
562.0118329061482,13.839685478248292,0.029008816240017655
563.6725951635381,13.843166536197094,0.02909952813171618
565.3337751478817,13.8466584795729,0.02917390258759205
566.9953741654305,13.85015934788341,0.02923179221046198
568.6573932871764,13.853667162948666,0.029273097407499185
570.3198333467303,13.857179934637566,0.029297763430284954
571.9826949388869,13.8606956662492,0.02930578200884645
573.6459784188368,13.864212360090262,0.02929720987601136
575.3096839020476,13.867728025275383,0.029272176981512386
576.9738112650806,13.871240686513165,0.029230889593301793
578.6383601474622,13.874748393264362,0.029173617368396677
580.3033299546539,13.878249227348569,0.029100683604544847
581.9687198619357,13.881741309381114,0.02901245720182974
583.6345288190614,13.885222804245334,0.028909341492015163
585.3007555555708,13.888691925224375,0.02879176117129264
586.9673985865978,13.89214693656493,0.028660148611941414
588.6344562189856,13.895586154398364,0.028514938499849565
590.3019265575134,13.899007947018346,0.028356557917899088
591.9698075111556,13.902410733968493,0.028185424657373545
593.6380967992319,13.905792984927377,0.028001945223921753
595.3067919574232,13.909153218354248,0.027806517230023104
596.9758903436258,13.912490000421851,0.027599534858848338
598.6453891436764,13.915801944604913,0.027381391751398403
600.315285377029,13.91908771161508,0.027152487082909356
601.9855759024229,13.92234601006503,0.026913236260293176
603.6562574236307,13.925575598416266,0.026664076010252006
605.3273264954406,13.928775287537496,0.026405470534164397
606.9987795299451,13.931943944001596,0.026137910794432867
608.6706128032253,13.935080493296928,0.0258619176766494
610.3428224624209,13.938183923418126,0.02557803509453256
612.0154045332312,13.94125328762947,0.025286830619643794
613.6883549277467,13.944287707303827,0.024988882673003487
615.3616694526231,13.947286373224587,0.024684780354750527
617.0353438174101,13.950248546867158,0.02437510807758392
618.7093736430342,13.953173559836468,0.02406043819946958
620.3837544702145,13.956060812420406,0.02374131803221989
622.058481767705,13.958909770584272,0.023418269348876027
623.7335509401751,13.961719962906137,0.02309178034389361
625.4089573357238,13.964490976547404,0.022762301835051683
627.0846962529095,13.967222452767611,0.022430241246816366
628.7607629472416,13.96991408171723,0.022095972630102125
630.4371526370477,13.972565598432842,0.021759837012993725
632.1138605088596,13.9751767788744,0.021422147855449616
633.7908817223246,13.977747436617054,0.021083198862089664
635.4682114147187,13.980277420480505,0.020743274234013228
637.1458447051763,13.982766613388586,0.020402656556238952
638.8237766987829,13.985214932175335,0.020061625553804748
640.5020024906439,13.987622327241791,0.019720472564515108
642.180517169913,13.989988783949533,0.019379501800072373
643.8593158239869,13.992314324165541,0.01903902077826253
645.5383935428868,13.994599006658932,0.01869935007315019
647.2177454236859,13.99684292866771,0.018360806618142232
648.897366575126,13.999046225461887,0.01802370283002368
650.5772521221813,14.00120906980149,0.017688345126928868
652.2573972105575,14.003331671216722,0.017355019357625828
653.9377970111035,14.005414273539637,0.01702398889074221
655.6184467239283,14.007457152206527,0.016695479315003155
657.299341582193,14.009460609724327,0.016369685263813116
658.9804768553599,14.011424971955984,0.01604676472621029
660.6618478519947,14.01335058372313,0.01572684505287461
662.3434499220415,14.015237805129475,0.015410007827151222
664.025278458657,14.017087006068733,0.015096310224247131
665.7073288993853,14.018898563295643,0.014785779067119644
667.3895967269808,14.020672856783698,0.014478431727942831
669.0720774697949,14.02241026859105,0.014174276838766375
670.7547667020258,14.024111181811703,0.013873322069592442
672.4376600438432,14.025775980460054,0.013575577799612663
674.1207531614983,14.027405049796007,0.013281068789302906
675.8040417674739,14.028998778050724,0.012989834995252365
677.48752162084,14.030557558250154,0.012701927496055027
679.1711885278299,14.03208178954968,0.012417415436014692
680.8550383425759,14.033571879402002,0.012136376887037526
682.5390669681041,14.035028244628446,0.011858897255437853
684.2232703574595,14.036451312299098,0.011585060791853228
685.9076445149353,14.03784151959412,0.011314940881845594
687.5921854972867,14.039199312499942,0.011048595889098812
689.2768894147866,14.040525144006635,0.010786062836375078
690.9617524320674,14.041819471546999,0.01052735672980018
692.646770768653,14.043082754354575,0.01027246750951037
694.3319406991756,14.044315450455716,0.010021366513005453
696.0172585532302,14.045518014437278,0.009773995778659153
697.7027207149628,14.046690893930716,0.009530277112526042
699.3883236222345,14.04783452718422,0.009290121322248305
701.0740637654966,14.04894934174289,0.009053431556581594
702.7599376865057,14.05003575352968,0.008820110656442845
704.4459419769292,14.051094166808454,0.008590064792644205
706.1320732769462,14.052124974583572,0.008363215231875729
707.8183282738963,14.053128560411396,0.00813950328502812
709.5047037011457,14.0541053008056,0.00791888777616573
711.1911963372423,14.05505556733874,0.007701348959822347
712.877803005323,14.05597972921392,0.007486884135788555
714.5645205728287,14.056878155310216,0.00727550822690823
716.2513459514659,14.057751216297445,0.007067247405792728
717.9382760974215,14.05859928598614,0.006862132373998223
719.6253080117399,14.059422741871021,0.006660194491434141
721.3124387407644,14.060221965209994,0.006461456593838294
722.9996653765896,14.060997340001254,0.0062659299632760995
724.6869850573897,14.061749251596847,0.006073609020787742
726.3743949675813,14.062478084679341,0.005884472809433706
728.0618923377428,14.063184221416474,0.005698478070410437
729.7494744443128,14.063868038784923,0.005515562639879749
731.437138608967,14.06452990630171,0.005335650157420086
733.1248821977232,14.0651701843206,0.005158654396579899
734.8127026198416,14.06578922284819,0.004984484205202708
736.5005973265834,14.066387360952815,0.0048130512783778525
738.1885638098977,14.06696492710622,0.0046442766755467975
739.8765996011505,14.067522240307285,0.004478092499925695
741.5647022699874,14.068059611407277,0.004314444521993746
743.2528694233563,14.068577344749915,0.004153297240729893
744.9410987047263,14.069075740418803,0.00399463895903056
746.6293877935766,14.069555097093888,0.0038384766952749907
748.3177344052278,14.070015714297321,0.0036848308103658253
750.0061362909436,14.070457893994565,0.003533735642849134
751.6945912382229,14.070881942271706,0.00338522961796917
753.3830970712954,14.071288169825863,0.003239353136471221
755.0716516516745,14.07167689220224,0.003096141609711214
756.7602528787388,14.072048429195405,0.002955616204558912
758.4488986902422,14.072403103139953,0.0028177876689824783
760.137587062619,14.072741237660232,0.0026826466528830912
761.8263160111383,14.073063155258577,0.0025501696736414904
763.5150835897692,14.073369175619414,0.00242031708308116
765.2038878908436,14.073659613669383,0.0022930328466513336
766.8927270444839,14.073934777610981,0.0021682507841073472
768.5815992177972,14.074194967705074,0.0020458997141076323
770.2705026139218,14.074440475670766,0.0019259050527818775
771.9594354710024,14.0746715842771,0.001808190834860466
773.6483960611156,14.074888567177283,0.0016926982218189329
775.3373826891768,14.075091690963902,0.0015793841124669777
777.0263936920925,14.075281217057398,0.001468219439499477
778.7154274381394,14.075457403390137,0.001359191441254798
780.4044823265463,14.075620506363087,0.0012523052378489478
782.0935567873098,14.07577078299163,0.0011475814659536406
783.7826492812688,14.075908492767544,0.0010450498913217078
785.471758300401,14.076033898754503,0.0009447458617989423
787.1608823682516,14.076147268257918,0.000846704460014532
788.8500200404425,14.07624887279312,0.0007509573992799172
790.5391699051777,14.076338987681034,0.0006575311176976323
792.2283305836994,14.076417891415158,0.0005664328516132274
793.9175007306692,14.076485863357352,0.00047765608301989713
795.606679034272,14.076543182087313,0.0003911763656051672
797.2958642161225,14.076590123251187,0.00030695219992924074
798.9850550309126,14.076626957515177,0.00022492954186131703
800.6742502658144,14.076653949060201,0.0001450391444907247
802.3634487397017,14.07667135375754,6.720650362282509e-05
804.0526493021525,14.076679418537974,-8.631040707117421e-06
805.741850832377,14.076678382813089,-8.251316040776673e-05
807.4310522383146,14.07666848123384,-0.00015442079115591425
809.1202524560626,14.0766499507389,-0.0002242339362623918
810.8094504501513,14.076623042666549,-0.0002916924717410421
812.4986452152713,14.07658803956994,-0.0003563406179888376
814.1878357800197,14.07654527869578,-0.0004174735914538316
815.8770212134632,14.076495181864805,-0.00047409248127332817
817.5662006352869,14.076438290767053,-0.0005248507623459726
819.255373230179,14.076375308675571,-0.000568002264794575
820.9445382672201,14.076307148403796,-0.000601359091736115
822.6336951250286,14.076234985312787,-0.0006222535764609474
824.322843323266,14.076160314883612,-0.0006275207307946223
826.011982561052,14.076085012395916,-0.0006134877128797316
827.7011127625395,14.07601139387037,-0.0005759949856922709
829.390234129804,14.075942274472087,-0.0005105099563047243
831.0793472027406,14.07588101327733,-0.0004121668709645009
832.7684529243338,14.075831553252815,-0.0002758363231426033
834.4575527107241,14.075798452894038,-9.604651692646815e-05
836.1466485250714,14.075786927312006,0.00013297525228524792
837.8357429563489,14.07580288434228,0.00041722250117352507
839.52483930247,14.075852951042421,0.000762926962801074
841.2139416565951,14.075944502277958,0.0011765698713509425
842.9030549968685,14.07608569066252,0.001664862716630882
844.592185279748,14.076285474188516,0.002234719430727151
846.2813395366506,14.076553640520205,0.00289333371121134
847.9705259735131,14.07690084056555,0.0036481433726086427
849.659754074381,14.077338617770263,0.004506454083460379
851.3490347085134,14.077879392260279,0.005475523609151453
853.0383802355847,14.078536455093376,0.006562554891992079
854.7278046101959,14.079323961680416,0.0077746502306440465
856.4173234855975,14.080256919708093,0.009118751681696178
858.1069543159625,14.081351169909897,0.010601580841467407
859.7967164563518,14.082623359610874,0.012229576132560928
861.4866312595051,14.084090908746782,0.014008848995222183
863.1767221685546,14.08577197062621,0.01594513909378134
864.8670148050298,14.087685387317464,0.01804374254110301
866.5575370515079,14.089850636422396,0.02030944481166127
868.2483191278786,14.092287769799794,0.022746487767906522
869.9393936602546,14.095017348331943,0.025358542167229294
871.6307957420545,14.098060373392011,0.028148663117952406
873.3225629868615,14.101438212966166,0.031119275475159296
875.0147355724174,14.105172526023185,0.03427215856216263
876.7073562755402,14.109285185050645,0.0376084327434832
878.4004704977463,14.113798196979863,0.04112855178885971
880.0941262813839,14.118733623194526,0.0448323001813418
881.7883743161672,14.124113499216287,0.048718795393063785
883.4832679360732,14.129959754663455,0.05278649153068093
885.1788631066328,14.136294133647137,0.05703315461109697
886.8752184026704,14.14313811220047,0.06145582559905984
888.5723949761344,14.150512811272357,0.06605090267857794
890.2704565134871,14.158438919593786,0.0708141863020958
891.9694691838384,14.166936621950038,0.07574091151977365
893.6695015784725,14.17602553133241,0.08082578051637987
895.3706246422323,14.185724624994375,0.0860630116154663
897.0729115972316,14.196052186388231,0.09144641649260496
898.7764378595982,14.207025756367344,0.09696938930048721
900.4812809503622,14.218662083083402,0.10262499117118529
902.1875204003322,14.230977082023944,0.10840596529526834
903.8952376501751,14.243985797859377,0.1143047588340608
905.6045159459183,14.257702368919464,0.12031354503493265
907.3154402301886,14.272139994323656,0.12642425360782963
909.0280970295075,14.287310904756595,0.13262860894637152
910.7425743380783,14.303226337830159,0.13891816237352006
912.4589614986179,14.319896517314982,0.1452843187612706
914.1773490806956,14.337330635566335,0.1517182503849182
915.8978287569636,14.355536825612525,0.1582110320552242
917.620493176037,14.374522149459152,0.164753716646834
919.3454358339721,14.394292595456772,0.17133738101537704
921.072750945427,14.414853081178617,0.17795316571658665
922.8025333151684,14.436207461064607,0.1845923173863757
924.5348782104961,14.458358539150971,0.19124604814097296
926.2698812351942,14.481308064927887,0.19790557902926792
928.0076382029856,14.505056734411399,0.2045623142796798
929.7482450111149,14.52960421212496,0.2112080835129929
931.4917975165699,14.554949182146519,0.21783523899638627
933.2383914184276,14.581089410826085,0.22443649362338344
934.9881221477267,14.60802179006089,0.23100487771138856
936.741084762534,14.635742375386258,0.23753373453588753
938.4973738475803,14.664246423530564,0.24401671806124745
940.257083418404,14.693528429697913,0.2504477898680895
942.0203068299678,14.723582164482083,0.25682120817892545
943.7871366897057,14.754400709463555,0.26313151431713405
945.5576647748413,14.78597649118161,0.26937352261922
947.3319819537832,14.818301313895917,0.27554231420237707
949.1101781114506,14.851366391600202,0.2816332267151115
950.8923420784427,14.885162378806015,0.2876418541890683
952.6785615638994,14.919679401308704,0.2935632362615893
954.4689230920565,14.954906989660095,0.2993929086306459
956.2635119308156,14.990834138695773,0.30512726379503624
958.0624120274591,15.027449410351178,0.31076309133262003
959.8657059567013,15.064740981311092,0.31629756400961595
961.6734748744586,15.102696688992246,0.3217281519077305
963.4857984771377,15.141304067221174,0.32705262567300086
965.3027549652043,15.180550382301934,0.3322690100645588
967.1244210110805,15.220422663509682,0.33737553500537815
968.9508717307016,15.260907727710327,0.3423706877592644
970.7821806580268,15.301992210241439,0.3472532149778553
972.6184197232558,15.343662596038781,0.3520221029072626
974.4596592347805,15.385905248387653,0.35667657517900325
976.305967864587,15.428706437409133,0.3612161013102931
978.1574126370762,15.472052369566368,0.365640314395437
980.0140589214242,15.515929207293821,0.3699490152189471
981.8759704262994,15.560323089120095,0.3741421739582832
983.7432091969938,15.60522014999509,0.3782199265779405
985.6158356149932,15.650606541184443,0.3821825735844791
987.4939083999353,15.69646845001458,0.38603057430384385
989.3774846139371,15.74279211893104,0.389764543190632
991.2666196682088,15.789563864113916,0.39338524605503483
993.1613673319025,15.83677009364052,0.3968935172148575
995.0617797431394,15.884397315706304,0.4002902009822599
996.9679074210242,15.932432139824176,0.40357623418381827
998.879799277803,15.980861287926233,0.40675268507512724
1000.7975026323542,16.02967161013525,0.40982068925392234
1002.7210632255704,16.07885009284572,0.41278138577458123
1004.6505252367119,16.12838385913867,0.4156358321464857
1006.5859312998085,16.17826015899625,0.4183849670831763
1008.5273225188881,16.22846635504623,0.4210296502041475
1010.4747384814937,16.278989913070728,0.4235706122635585
1012.4282172710622,16.329818386542353,0.42600812102542096
1014.3877954774473,16.380939361065405,0.428342164942233
1016.3535082007752,16.432340420858473,0.430572479164634
1018.3253890512782,16.48400911835823,0.4326988100848497
1020.3034701454811,16.53593297556841,0.4347213002344541
1022.2877821025494,16.588099531596544,0.4366401079077121
1024.278354046341,16.64049634454547,0.4384553656472046
1026.2752136076865,16.693110988423133,0.4401670533342416
1028.2783869262973,16.74593103482324,0.4417752221718994
1030.287898650476,16.79894406148387,0.4432798232629736
1032.3037719378542,16.852137640275426,0.44468062991911306
1034.3260284546873,16.90549931586572,0.44597723970982095
1036.3546883725912,16.9590165846309,0.4471690354050661
1038.389770362747,17.012676868879506,0.4482551470184004
1040.4312915870125,17.066467486521713,0.44923443747325553
1042.4792676853951,17.120375619018503,0.4501054962941105
1044.5337127596774,17.174388278573797,0.45086664161328455
1046.5946393531062,17.22849227556739,0.4515159285407422
1048.6620584261743,17.282674186992278,0.4520511843291567
1050.7359793286134,17.336920329111777,0.4524700183229462
1052.816409768107,17.391216731310532,0.452769836700465
1054.9033557758642,17.445549111714588,0.45294786274932625
1056.9968216692698,17.499902855244507,0.45300116278803365
1059.0968100118992,17.55426299477907,0.4529266715415986
1061.2033215712727,17.608614195364062,0.4527212174744722
1063.3163552747164,17.662940741461,0.452381546960186
1065.4359081636917,17.717226527096223,0.45190435622938335
1067.5619753469432,17.77145504984375,0.4512862098952283
1069.6945499529245,17.825609395031176,0.45052357578616287
1071.8336230803282,17.879672224125514,0.4496128660616826
1073.9791837472233,17.933625768052917,0.44855051959620595
1076.1312188393897,17.98745183040446,0.4473331418458174
1078.2897130590381,18.04113180742596,0.4459574729848911
1080.4546488759293,18.094646704184147,0.4444203746987515
1082.6260064804314,18.147977149147998,0.4427188454094087
1084.8037637383293,18.201103410597128,0.4408500408183055
1086.9878961476008,18.254005415495325,0.4388113113358869
1089.1783767974603,18.30666277285563,0.4366002254536009
1091.375176330203,18.359054799910062,0.43421458072514224
1093.578262906192,18.411160549597078,0.4316524130894821
1095.7876021721438,18.462958839167815,0.4289119939072486
1098.003157232844,18.514428278436686,0.4259918249118168
1100.2248886262564,18.565547297426104,0.4228906925693156
1102.4527543019476,18.61629418053442,0.4196077068037765
1104.6867096036117,18.666647105350876,0.4161423240284269
1106.9267072562538,18.716584184234286,0.41249436743801643
1109.172697358362,18.766083508326847,0.40866404454152383
1111.4246273793613,18.81512319367183,0.4046519671428726
1113.6824421626018,18.863681429728974,0.40045916538864423
1115.9460839341693,18.91173652957561,0.3960871037946407
1118.2154923177184,18.959266982030968,0.3915377977853462
1120.490604355562,19.00625151776521,0.3868137713436681
1122.771354537694,19.05266917032645,0.38191811571222956
1125.0576748381332,19.098499344211916,0.37685428972581075
1127.3494947594386,19.143721858979013,0.3716259119166425
1129.646741382516,19.188316968409012,0.3662368862743208
1131.949339418725,19.23226539476193,0.3606915027725174
1134.2572112660964,19.275548375094633,0.35499452908383594
1136.5702770711077,19.318147718584694,0.34915122632138257
1138.888454797338,19.36004586574326,0.3431673465509129
1141.211660301227,19.40122594732937,0.33704908072962786
1143.5398074149066,19.441671837016923,0.3308030249391558
1145.8728080353487,19.481368200009623,0.3244360695444072
1148.2105722193498,19.52030052835495,0.3179553508986437
1150.5530082827524,19.55845517046279,0.3113684039960919
1152.900022903208,19.59581937894232,0.3046831367571876
1155.2515212286812,19.632381355353182,0.297907754256591
1157.6074069913236,19.668130285863974,0.2910507358172284
1159.9675826256273,19.703056374162042,0.28412087100632755
1162.3319493905267,19.7371508786828,0.2771273550649392
1164.7004074959686,19.770406161290595,0.2700797066215829
1167.0728562353236,19.802815726085186,0.26298762381575735
1169.4491941224537,19.834374240943077,0.2558607476119998
1171.8293190313668,19.865077530656517,0.24870869938527304
1174.2131283350457,19.89492257458275,0.24154107976349448
1176.6005190439955,19.92390750415437,0.23436742423768864
1178.9913879444941,19.952031595062895,0.22719710714908214
1181.3856317359016,19.979295247920785,0.22003936892612183
1183.783147165652,20.00569997219192,0.21290341622846995
1186.183831162315,20.031248382139335,0.20579830138878724
1188.5875809681718,20.05594417830599,0.19873284209485195
1190.9942942695684,20.07979211935737,0.19171560098109539
1193.4038693238913,20.102797991475104,0.1847549556218035
1195.8162050828682,20.12496858614972,0.1778591544540216
1198.2312013132062,20.146311684684203,0.17103615076692102
1200.6487587153683,20.166836022776234,0.16429350301299278
1203.0687790381014,20.186551243137792,0.15763836086542996
1205.491165187278,20.205467846441643,0.1510774479034904
1207.915821328851,20.223597140190062,0.1446170427090725
1210.3426529856738,20.24095118531515,0.1382628303139477
1212.7715671279116,20.257542724952824,0.13202015185136098
1215.2024722549058,20.273385143174988,0.1258939361622339
1217.6352784720868,20.288492415514455,0.11988856702036413
1220.0698975619487,20.3028790435569,0.1140077439655653
1222.5062430471755,20.316559972832767,0.108254408103539
1224.9442302439154,20.32955050180519,0.10263098472295606
1227.383776304132,20.341866219971944,0.09713942349534592
1229.8248002505286,20.353522950791387,0.0917811961388705
1232.2672230046235,20.364536694328052,0.08655734103251353
1234.710967407943,20.374923575251955,0.08146821166435678
1237.1559582369732,20.384699760651678,0.07651369740667267
1239.6021222082513,20.39388140434048,0.07169314923935392
1242.049387976772,20.4024845822492,0.06700540757811371
1244.497686126642,20.410525231158577,0.06244899477107879
1246.9469491543812,20.418019110531105,0.05802206992837711
1249.3971114476449,20.42498175892251,0.05372252236350257
1251.8481092587156,20.43142846160613,0.04954886739338253
1254.2998806741084,20.437374325693337,0.045499900638173434
1256.7523655931916,20.442834313769918,0.04157442102339953
1259.205505710844,20.447823244292724,0.03777116039053781
1261.659244500159,20.452355783539588,0.034088793060428196
1264.1135271941837,20.456446438706838,0.03052589645304935
1266.5683007668285,20.460109546281203,0.02708089046771968
1269.0235139123822,20.46335925313733,0.023751999034007414
1271.4791170227586,20.46620949302141,0.02053718363572728
1273.9350621619212,20.468673955057696,0.017434156855857454
1276.3913030365281,20.4707660538804,0.01444036364627882
1278.8477949629937,20.472498897517955,0.011552998982008336
1281.3044948306958,20.473885257395796,0.008768952822830793
1283.7613610615833,20.474937531734536,0.006084965336622909
1286.2183535653915,20.47566772757493,0.0034977231457729717
1288.6754336927004,20.476087454352424,0.0010038838508912508
1291.1325641872227,20.47620792041453,-0.0013999430140968837
1293.5897091376723,20.476039927252838,-0.003717239618076978
1296.0468339289428,20.47559385849867,-0.005951443847766886
1298.5039051919625,20.47487968523694,-0.008105723232549463
1300.960890754191,20.47390699844903,-0.010183025370596411
1303.417759594005,20.47268503540456,-0.01218614739770592
1305.8744817982536,20.471222697716836,-0.014117757769630167
1308.3310285219795,20.46952856678448,-0.015980412544617843
1310.7873719499937,20.467610917279124,-0.017776567233326754
1313.2434852600672,20.465477729211123,-0.019508591649412956
1315.6993425875726,20.463136698213194,-0.021178792076236852
1318.154918991358,20.460595243164047,-0.02278942545081358
1320.6101904205377,20.45786051210995,-0.024342694392353818
1323.0651336819908,20.45493938878287,-0.025840636802133082
1325.5197264086448,20.451838512366614,-0.027285216747080076
1327.9739470301288,20.448564286356962,-0.02867834631356762
1330.4277747444917,20.445122884799336,-0.030021887610258934
1332.8811894906676,20.441520258286104,-0.03131766081860453
1335.334171921662,20.43776213898787,-0.03256752472250931
1337.7867033783405,20.43385403602117,-0.033773275985052024
1340.238765862663,20.429801242902965,-0.034936627103120774
1342.6903420118115,20.42560884765059,-0.03605919582417905
1345.1414150735295,20.42128174415169,-0.03714250132113578
1347.5919688828278,20.416824643993152,-0.03818794759665619
1350.041987840107,20.412242090281552,-0.039196828321854414
1352.4914568909408,20.40753847088293,-0.040170324935232496
1354.9403615074466,20.402718031890704,-0.04110951282931418
1357.3886876712734,20.397784890351186,-0.042015356269816534
1359.8364218581155,20.39274304759881,-0.04288872625729104
1362.2835510238274,20.387596400447936,-0.04373041057451154
1364.730062591881,20.382348751178995,-0.0445411016476745
1367.1759444420225,20.377003818981272,-0.04532142934888288
1369.6211849003002,20.371565247459408,-0.0460719885405101
1372.0657727299954,20.36603660883455,-0.046793341544860804
1374.5096971230555,20.360421407849167,-0.047486012736792205
1376.9529476919975,20.354723086320753,-0.048150502821643036
1379.395514462356,20.348945025982157,-0.048787286573812726
1381.8373878654738,20.3430905515933,-0.04939666889814977
1384.278558731665,20.33716295132552,-0.04997842535310918
1386.7190182858242,20.33116554028315,-0.050532149808790464
1389.158758150658,20.325101682306094,-0.051057573119473204
1391.5977703525348,20.318974773531757,-0.05155476733150103
1394.0360473253586,20.312788201451976,-0.052023942338625284
1396.4735819095329,20.306545328371342,-0.05246531567890795
1398.9103673489374,20.300249490489872,-0.052879047411232664
1401.3463972877962,20.293904004800524,-0.053265325875263836
1403.7816657683722,20.287512165695492,-0.053624407704383974
1406.2161672282557,20.281077236770965,-0.05395666624928393
1408.6498964966681,20.274602436821052,-0.054262662464841335
1411.0828487890867,20.26809091732527,-0.05454302345621188
1413.5150196991658,20.261545754510525,-0.05479840896146209
1415.946405189707,20.25496994543515,-0.055029483873368014
1418.3770015831592,20.248366407370344,-0.05523685189828983
1420.8068055520437,20.24173798514255,-0.055421069106073764
1423.235814110261,20.235087456849822,-0.05558255523241906
1425.664024605083,20.22841755022193,-0.055721616509063286
1428.0914347111095,20.221730956240844,-0.055838482087855336
1430.5180424258583,20.215030338390303,-0.05593330484654639
1432.943846066465,20.208318341808717,-0.05600617414686777
1435.368844267482,20.201597600911093,-0.056057185122848914
1437.7930359795914,20.194870738696352,-0.056086646303008116
1440.216420468235,20.18814034113999,-0.05609494714887394
1442.6389973091716,20.181408947482126,-0.05608256665930211
1445.0607663828694,20.17467903948301,-0.056050129479389026
1447.4817278676073,20.167953023945483,-0.05599833806870139
1449.9018822304809,20.161233223377238,-0.055927947717559344
1452.321230217286,20.15452186965113,-0.05583973971994727
1454.7397728416443,20.147821100884737,-0.05573446657588889
1457.1575113737504,20.141132964895633,-0.05561284822414387
1459.5744473295379,20.134459423108737,-0.05547555831013791
1461.9905824603109,20.12780235611152,-0.05532318487415828
1464.4059187430441,20.12116357392662,-0.05515622029828609
1466.8204583719153,20.114544827490825,-0.05497508173954407
1469.2342037512142,20.107947817682078,-0.05478012308938978
1471.647157489336,20.10137420291135,-0.05457162558832227
1474.0593223936853,20.094825607840754,-0.05434980100968105
1476.4707014666262,20.088303631719594,-0.05411482235031141
1478.8812979024326,20.081809853037555,-0.05386684585513663
1481.2911150847972,20.07534583153494,-0.05360603746632883
1483.7001565845815,20.06891310703898,-0.053332663869951426
1486.108426157426,20.062513187374588,-0.05304716356703084
1488.515927739911,20.056147527746543,-0.0527500128770315
1490.9226654432405,20.0498175262013,-0.05244173147685607
1493.3286435463847,20.043524518424075,-0.05212288808571852
1495.7338664885956,20.03726977185379,-0.05179408651724725
1498.138338861218,20.03105448147172,-0.051455933494149515
1500.5420653989945,20.024879769452422,-0.05110887168758935
1502.9450509713288,20.01874670484991,-0.050753292025098026
1505.3473005759108,20.0126563098069,-0.05038951829123702
1507.7488193330876,20.006609567611953,-0.0500178021947158
1510.149612481201,20.000607431348588,-0.04963824911663388
1512.5496853729628,19.994650841454593,-0.04925108153959238
1514.9490434739373,19.98874071166984,-0.04885664840878086
1517.3476923593378,19.982877913860786,-0.048455315039745754
1519.7456377090011,19.97706327605602,-0.04804745254899721
1522.1428853021278,19.97129758175014,-0.047633451958143204
1524.5394410119377,19.965581567515162,-0.04721372561051306
1526.9353108000396,19.9599159204419,-0.0467887101958809
1529.3305007104925,19.954301275218395,-0.04635885879495466
1531.7250168635187,19.948738212163,-0.045924633549126126
1534.1188654489783,19.943227256137106,-0.04548649862100133
1536.5120527197148,19.937768876302588,-0.045044917963769554
1538.904584984871,19.932363486146937,-0.04460035534618319
1541.2964686032087,19.927011443505396,-0.04415325197035244
1543.6877099764295,19.921713053268952,-0.04370401987805481
1546.0783155428217,19.916468570883584,-0.04325303387371855
1548.4682917713276,19.91127820681874,-0.04280061855052415
1550.8576451561457,19.906142132592677,-0.042347058390872244
1553.246382212057,19.901060485585774,-0.0418925955958761
1555.6345094703272,19.896033374114268,-0.04143743472648941
1558.022033475221,19.891060881947087,-0.040981750149414894
1560.4089607810547,19.88614307192916,-0.04052567628958109
1562.7952979496863,19.88127999077441,-0.04006931184842581
1565.1810515485793,19.876471673352597,-0.03961273072319116
1567.5662281493817,19.871718145665813,-0.03915601259500525
1569.9508343268617,19.867019424154414,-0.03869925113902249
1572.3348766577603,19.86237551401773,-0.03824255764838421
1574.7183617194426,19.857786407099926,-0.03778605760108754
1577.1012960882945,19.853252080187797,-0.03732989311392149
1579.483686337917,19.848772493014128,-0.03687422672697875
1581.8655390370789,19.84434758580689,-0.03641923255623844
1584.2468607473756,19.839977277900143,-0.03596508452679134
1586.6276580207236,19.83566146775693,-0.03551196401943734
1589.0079373968545,19.831400032074598,-0.03506004612093923
1591.3877054007035,19.827192826540085,-0.03460949578115136
1593.7669685398882,19.823039687046347,-0.03416044960335319
1596.1457333023338,19.818940433093942,-0.03371302709609039
1598.5240061543052,19.814894869842412,-0.033267330976353905
1600.9017935386862,19.81090279012525,-0.03282343615133308
1603.2791018735013,19.806963977787092,-0.03238140459891121
1605.6559375508357,19.803078209235224,-0.031941272131012596
1608.032306935944,19.799245256579503,-0.03150306309372875
1610.4082163667335,19.795464889008255,-0.031066805462065767
1612.7836721534145,19.791736872352807,-0.030632523297379463
1615.158680578097,19.788060969557122,-0.03020023758453557
1617.5332478944438,19.784436941046977,-0.029769980767407684
1619.9073803273693,19.780864543354888,-0.029341794762204557
1622.281084072572,19.777343527983422,-0.028915731210890094
1624.65436529593,19.773873640238115,-0.02849185861304689
1627.0272301327584,19.77045461720455,-0.028070259274638593
1629.3996846868229,19.767086186091593,-0.02765101586773598
1631.771735029154,19.763768064187463,-0.027234223963154038
1634.1433871968563,19.760499957311886,-0.026819985651188132
1636.5146471917337,19.757281559033743,-0.02640839165042587
1638.8855209788178,19.754112552035693,-0.025999538993094692
1641.256014485062,19.750992607356523,-0.02559350989994644
1643.6261335979448,19.747921386168528,-0.025190359065688495
1645.995884164285,19.744898543080645,-0.02479011744425291
1648.3652719894546,19.741923728987334,-0.024392800645970217
1650.734302836933,19.738996592909817,-0.02399841142248107
1653.1029824280822,19.73611678353912,-0.023606947065219003
1655.4713164421069,19.733283949891295,-0.023218402269094177
1657.8393105160937,19.730497741619004,-0.02283276582325338
1660.206970245088,19.727757809720213,-0.02245003572781678
1662.5743011822544,19.725063805432875,-0.022070213607349152
1664.9413088389065,19.722415379799994,-0.021693312478986846
1667.3079986844825,19.719812182302515,-0.021319355786096783
1669.6743761463588,19.717253859608185,-0.02094837735986695
1672.0404466095117,19.714740054325002,-0.0205804188743306
1674.4062154160308,19.71227040406008,-0.020215531616903024
1676.771687864518,19.709844540266054,-0.0198537679773166
1679.13686920935,19.707462088108777,-0.019495186367904645
1681.501764659923,19.70512266574463,-0.019139850275861164
1683.8663793798125,19.702825883711526,-0.018787825960013167
1686.230718485858,19.700571344596323,-0.018439174239564215
1688.5947870472096,19.698358643687577,-0.018093943225999363
1690.958590084452,19.696187370500457,-0.017752176499630148
1693.3221325689121,19.6940571093205,-0.017413916503941734
1695.6854194220307,19.691967439340026,-0.017079194153039427
1698.0484555147516,19.68991793604166,-0.016748038966685298
1700.4112456670766,19.687908171365656,-0.01642047408937797
1702.7737946476404,19.68593771447493,-0.016096517888647112
1705.1361071733775,19.684006132328292,-0.015776190099296247
1707.4981879092568,19.682112989516376,-0.01545951112449337
1709.8600414679988,19.680257848181437,-0.015146499601672053
1712.2216724097807,19.678440268229238,-0.014837177947441518
1714.583085241968,19.676659806875545,-0.014531565175125669
1716.9442844187931,19.67491601905453,-0.014229689120911255
1719.3052743410797,19.67320845636002,-0.013931578713015319
1721.666059355843,19.671536666914456,-0.013637262027823782
1724.0266437558726,19.66990019547112,-0.01334676588162434
1726.3870317793292,19.668298583565324,-0.01306011543044184
1728.747227609357,19.66673136971367,-0.012777335732902113
1731.1072353737227,19.665198089425722,-0.012498446402804514
1733.4670591444537,19.663698275857385,-0.012223464980043328
1735.8267029375565,19.66223146005978,-0.011952405758775968
1738.1861707127637,19.660797171368724,-0.011685273572363798
1740.5454663733278,19.65939493854004,-0.011422070447127603
1742.9045937659525,19.658024290086384,-0.01116279207350144
1745.2635566807628,19.656684755037563,-0.010907429420477465
1747.6223588513674,19.655375863507107,-0.010655978451960917
1749.9810039549882,19.654097146092873,-0.010408421733521345
1752.3394956125194,19.65284813548485,-0.010164743501407137
1754.6978373887775,19.65162836626468,-0.009924926927218117
1757.0560327927294,19.650437375033416,-0.009688955432125718
1759.4140852777334,19.64927470038156,-0.009456811162076785
1761.771998241779,19.648139883042113,-0.009228476662517155
1764.1297750277442,19.64703246584261,-0.009003930406030296
1766.4874189236455,19.645951994193886,-0.00878315542267023
1768.8449331629488,19.644898015543166,-0.008566137062937702
1771.2023209248139,19.643870079095613,-0.008352849271767888
1773.5595853343054,19.642867737183,-0.008143246098512904
1775.9167294627673,19.64189054765118,-0.007937231869007312
1778.2737563284854,19.6409380798269,-0.007734625181062512
1780.6306688980646,19.64000992480517,-0.007535109143284452
1782.9874700890412,19.639105711707977,-0.007338171692077354
1785.3441627744462,19.638225131104928,-0.007143051006412802
1787.7007497901789,19.637367964984158,-0.006948692661392613
1790.057233945977,19.63653412186479,-0.006753691571835857
1792.4136180406008,19.63572367887617,-0.006556235112058302
1794.769904882066,19.634936930662725,-0.006354061004168748
1797.1260973137455,19.634174443342225,-0.006144437412929163
1799.4821982469466,19.63343711085267,-0.005924142081650518
1801.838210700249,19.632726213802872,-0.005689460190259743
1804.1941378459053,19.63204347858004,-0.005436198284523328
1806.5499830633348,19.631391134785897,-0.005159624074651356
1808.9057499995092,19.630771979896938,-0.004854484197577836
1811.261442637097,19.630189441793227,-0.0045151117686350545
1813.6170653701122,19.62964762838099,-0.004135507854735896
1815.9726230855179,19.62915136743842,-0.0037093943825800887
1818.3281212496104,19.62870624011251,-0.0032302825030142055
1820.6835659984238,19.628318606212147,-0.002691547696353375
1823.0389642311693,19.627995620488583,-0.002086505961410398
1825.394323705628,19.627745239773216,-0.001408469235026254
1827.749653134401,19.627576223465013,-0.000650828279896584
1830.1049622812168,19.627498124071426,0.00019290117374947234
1832.4602620561054,19.627521272212277,0.001129038816659644
1834.815564608771,19.627656756870277,0.002163713682155829
1837.1708834195954,19.627916402512135,0.0033028268528165097
1839.5262333878968,19.628312741734472,0.004552016942819676
1841.881630916905,19.62885898376761,0.005916618554762047
1844.237093994957,19.629568977994182,0.007401640225745612
1846.5926422723162,19.63045717482127,0.00901172721398256
1848.9482971332948,19.631538582086947,0.010751137050272789
1851.3040817631452,19.63282871853298,0.012623703114835634
1853.6600212093692,19.63434356290676,0.014632793577090408
1856.016142436918,19.636099498136012,0.01678130989602961
1858.3724743766943,19.638113255323535,0.019071690299491764
1860.7290479673331,19.640401858159475,0.021505840808003655
1863.0858961903123,19.642982559056435,0.024085043801803544
1865.443054097399,19.645872764312653,0.026809934001265495
1867.8005588291164,19.649089956392803,0.029680518209833858
1870.1584496238836,19.652651618577984,0.03269618474516112
1872.516767818113,19.656575160747405,0.03585571399076535
1874.8755568374027,19.660877846426295,0.03915728498568665
1877.2348621789738,19.66557672062458,0.0425984969503072
1879.5947313854488,19.670688540258617,0.046176392576310704
1881.9552140102799,19.676229707367774,0.04988742098492887
1884.316361575164,19.682216197885968,0.05372769329690143
1886.6782275189103,19.688663521081597,0.057692916642690904
1889.04086714144,19.695586671078722,0.06177839423083892
1891.4043375419694,19.703000078386424,0.06597905214322902
1893.768697551376,19.710917564643612,0.07028947252180927
1896.1340076591332,19.71935230134623,0.0747039204022491
1898.5003299352948,19.7283167717945,0.07921638197149612
1900.86772794791,19.73782273763108,0.08382059016193859
1903.2362666764257,19.747881208450515,0.08851005351008756
1905.6060124214398,19.758502414871725,0.09327807749434439
1907.9770327112244,19.769695784171045,0.09811780673403483
1910.3493962053249,19.78146992097913,0.1030222436194345
1912.7231725958425,19.793832590213462,0.10798387187830945
1915.0984325066681,19.80679065483886,0.11299435445215536
1917.4752473852488,19.82034997737312,0.11804591734177877
1919.8536893825337,19.834515487454134,0.12313132101507021
1922.2338312410282,19.84929124597594,0.1282434105400123
1924.6157461905452,19.86468045524074,0.13337504416579948
1926.999507845174,19.880685460540636,0.1385192662772022
1929.3851901004389,19.8973077724939,0.14366945245953608
1931.7728670331383,19.914548106789045,0.14881926868073864
1934.162612805953,19.932406419030734,0.15396245988536097
1936.5545015762366,19.95088191421698,0.15909291694802496
1938.9486074059425,19.96997306425074,0.16420472070119038
1941.3450041736526,19.989677630734885,0.1692921371780434
1943.7437654893408,20.00999268719625,0.17434958087825836
1946.1449646118044,20.030914636901638,0.17937158634493236
1948.5486743682327,20.05243922726303,0.1843528529918512
1950.9549670755043,20.074561569622052,0.18928826015307185
1953.363914463859,20.09727616084042,0.19417288117520518
1955.7755876031597,20.120576906581444,0.19900199869419521
1958.1900568319495,20.14445714642475,0.20377112385652174
1960.6073916895205,20.16890968128753,0.20847602846650695
1963.027660851275,20.193926804703512,0.21311276337011487
1965.4509320678394,20.219500336307927,0.21767785731499462
1967.8772721081964,20.245621679185728,0.22216820915740468
1970.3067467096987,20.272281864284615,0.2265810352777237
1972.7394205334128,20.299471588517942,0.2309138685669036
1975.175357124035,20.32718125274597,0.2351645919079488
1977.6146188743644,20.355401003774922,0.2393313735062354
1980.0572669948174,20.384120768595672,0.2434126363055573
1982.5033614870488,20.413330284952337,0.24740703664494673
1984.952961121243,20.443019129349732,0.25131343350794766
1987.406123416765,20.473176741370686,0.2551308142882852
1989.8629046257295,20.50379243908528,0.2588583236766182
1992.3233597184196,20.534855437926474,0.26249527436010833
1994.7875423709709,20.566354870849686,0.2660411416456027
1997.2555049554728,20.59827980784716,0.26949556615012077
1999.7272985324146,20.630619275785175,0.27285834865438413
2002.2029728455088,20.6633622776237,0.27612945119085225
2004.6825763188237,20.696497811766605,0.27930894440948845
2007.1661560562356,20.730014885095745,0.2823970248170215
2009.6537578424472,20.76390252807379,0.285394056462941
2012.1454261458161,20.798149814849342,0.28830058214560755
2014.641204123598,20.832745884706814,0.29111689704795923
2017.1411336297629,20.867679912352568,0.29384331979774303
2019.6452552192452,20.902941110728296,0.2964804754076505
2022.1536081525326,20.938518767777214,0.29902930251926124
2024.6662304046658,20.974402284079527,0.30149094393363324
2027.1831586787555,21.010581197351563,0.30386677141259905
2029.7044284224378,21.047045209921073,0.30615836106048516
2032.2300738476283,21.083784213248332,0.30836748142570275
2034.7601279532182,21.120788311019417,0.31049606299031624
2037.2946225505405,21.158047838578256,0.3125462838578824
2039.83358829117,21.1955533926412,0.31452047708405334
2042.3770546982869,21.233295849891288,0.3164210303111908
2044.9250502002737,21.271266373528633,0.31825033891474985
2047.477602165097,21.309456414198404,0.3200107828616173
2050.034736934801,21.3478577081418,0.321704690257099
2052.596479859778,21.38646227097265,0.3233343430606758
2055.162855332295,21.42526239213993,0.3249019757151176
2057.7338868193515,21.464250629225745,0.3264097728491949
2060.3095968948587,21.50341980196765,0.32785986566668296
2062.890007271095,21.542762985847652,0.32925433154114664
2065.4751388293967,21.58227350563259,0.3305951968937836
2068.0650116500724,21.621944929259843,0.33188443494334446
2070.6596450415836,21.661771061453045,0.3331239671759965
2073.259057568958,21.701745937514165,0.3343156653813692
2075.8632670814595,21.741863817359928,0.33546135327154686
2078.4722907395426,21.782119179752513,0.3365628040310479
2081.086145041113,21.822506716236237,0.3376217398201856
2083.7048458470613,21.86302132501466,0.3386398316702679
2086.328408406063,21.903658104815094,0.3396186947748681
2088.9568473786408,21.944412348188077,0.3405598878779418
2091.5901768604235,21.98527953473343,0.34146491021730146
2094.2284104045916,22.026255323959507,0.3423352331021293
2096.871561043467,22.067335551931762,0.34317227731123995
2099.5196413096987,22.10851622520911,0.3439773988765881
2102.172663256724,22.149793513074304,0.3447518846605864
2104.8306384782927,22.191163739233573,0.3454969514142716
2107.4935781270005,22.232623373403285,0.3462137454703995
2110.161492931809,22.274169022859734,0.34690334287876523
2112.834393214552,22.315797424005186,0.34756675081125776
2115.512288905433,22.35750543410254,0.34820486985625654
2118.1951895575253,22.39929001848529,0.34881852321356976
2120.8831043597434,22.441148241270916,0.3494084670988199
2123.5760421486957,22.483077257322776,0.34997540019421486
2126.2740114195744,22.52507430534608,0.3505199690145204
2128.977020336216,22.567136701627824,0.3510427817528311
2131.685076740411,22.609261835438165,0.3515443981076641
2134.3981881606637,22.651447163211085,0.3520253813340949
2137.116361820249,22.693690208971177,0.35248628098794854
2139.8396046453254,22.73598856268973,0.3529276231501482
2142.567923272848,22.778339877467747,0.35334990523149784
2145.301324058144,22.820741866095528,0.35375359636615644
2148.0398130820754,22.863192297659467,0.3541391454091775
2150.7833961577944,22.90568899510857,0.35450697942638226
2153.5320788372073,22.948229832639736,0.3548574995589933
2156.285866417124,22.990812732586814,0.35519108048253195
2159.0447639450344,23.033435662244717,0.355508068907303
2161.8087762245036,23.076096630513593,0.3558087845725941
2164.5779078201654,23.118793684662304,0.356093517552213
2167.352163062325,23.16152490676857,0.35636253522635725
2170.1315460511373,23.204288410995733,0.35661608317836474
2172.916060660457,23.247082340977137,0.3568543864095287
2175.705710541374,23.28990486734628,0.35707765287875803
2178.500499125456,23.33275418569173,0.3572860732743922
2181.300429627739,23.375628514484657,0.35747982657600014
2184.1055050494774,23.418526093673776,0.3576590821403265
2186.9157281807184,23.461445183530614,0.357824001662736
2189.731101602742,23.504384063730143,0.35797474157841064
2192.5516276903895,23.54734103271955,0.3581114530251833
2195.377308614316,23.590314407082573,0.3582342880717876
2198.208146343166,23.63330252165119,0.35834339315712377
2201.044142645764,23.676303728830042,0.35843891516740256
2203.8852990932237,23.71931639865013,0.3585210008208653
2206.7316170610616,23.762338918748632,0.35858979630240045
2209.583097731311,23.805369694304922,0.3586454490247532
2212.439742094628,23.848407148187892,0.35868811085140156
2215.3015509524107,23.89144972149006,0.35871793440317334
2218.1685249189895,23.934495873618438,0.35873507368019136
2221.0406644238237,23.97754408246006,0.3587396839027832
2223.917969713719,24.020592844528394,0.3587319240033954
2226.8004408550623,24.063640675408802,0.35871195459627553
2229.6880777361116,24.106686109960354,0.35867993988898655
2232.5808800693067,24.149727702747033,0.358635995112318
2235.4788473936364,24.19276402216051,0.35858022151054914
2238.381979076296,24.235793648741776,0.3585127199318291
2241.290274314145,24.278815175133595,0.35843360007418185
2244.203732135161,24.321827207142498,0.35834298111227914
2247.122351400018,24.364828364875972,0.3582409880298705
2250.046130803803,24.407817283439556,0.35812775452273726
2252.975068877816,24.450792613982284,0.35800342470138663
2255.9091639914936,24.49375302494645,0.35786815735899064
2258.8484143544874,24.53669720382953,0.3577221242760563
2261.792818018947,24.579623858742657,0.3575655063904518
2264.7423728819963,24.62253171950951,0.35739849583259314
2267.6970766883373,24.66541953900942,0.3572212968609093
2270.6569270330183,24.70828609463273,0.35703412519893135
2273.6219213643744,24.7511301896566,0.35683720555609805
2276.592056987133,24.793950654323332,0.3566308153115272
2279.567331065652,24.836746352160716,0.35641525850300054
2282.5477406279115,24.879516183181078,0.35619085177830045
2285.5332825698933,24.922259085394472,0.35595791367163127
2288.5239536601407,24.96497403503507,0.355716761271222
2291.519750544345,25.007660046387617,0.3554676314792901
2294.520669749911,25.05031616216513,0.3552107377394735
2297.526707689371,25.092941450693868,0.3549462861664835
2300.5378606634545,25.135535005033844,0.3546744759471018
2303.5541248640584,25.178095942147497,0.35439550335112086
2306.575496377116,25.22062340254963,0.3541095596767167
2309.601971185422,25.263116549710837,0.35381679938299454
2312.633545171387,25.305574565636796,0.3535173518602382
2315.6702141192636,25.347996647860025,0.3532113389653683
2318.711973717007,25.39038200853587,0.3528988604761429
2321.758819558031,25.432729871793008,0.35257995701206235
2324.810747142646,25.475039466634456,0.3522545771970769
2327.867751878642,25.517310015898104,0.35192255005941897
2330.92982908055,25.559540721905236,0.3515835525000149
2333.9969739671787,25.601730748205238,0.35123708641247514
2337.0691816569633,25.643879198574734,0.35088245199642776
2340.1464471607924,25.685985092814306,0.3505186918371676
2343.22876537193,25.728047335834766,0.35014452696794424
2346.31613105223,25.77006467907092,0.3497583897772676
2349.4085388137187,25.812035685844194,0.34935843755401946
2352.50598309602,25.853958698350677,0.3489425581938655
2355.608458139822,25.89583180533394,0.34850837139663604
2358.715957956462,25.937652809901536,0.3480532247178508
2361.82847629365,25.979419196867678,0.34757419473966283
2364.9460065972744,26.02112810023644,0.34706812399149345
2368.0685419693027,26.062776275115418,0.3465316988949668
2371.1960751223164,26.104360078982815,0.3459614776139086
2374.328598331794,26.145875456296483,0.3453536538161801
2377.4661033865495,26.187317894754425,0.34470437634975487
2380.60858153392,26.228682419916396,0.3440097173525417
2383.75602342431,26.269963585998703,0.3432659197546119
2386.90841905463,26.311155496369256,0.3424692784370286
2390.065757714194,26.3522518097817,0.34161597816706657
2393.228027931368,26.393245727161748,0.34070205457024244
2396.3952174186275,26.434129973710178,0.33972348065369146
2399.567313015473,26.47489679138862,0.33867622028585326
2402.7443006304393,26.515537937822923,0.3375563084881026
2405.926165182978,26.556044694841496,0.33635990307539937
2409.112890546359,26.596407883210546,0.33508324522692584
2412.304459492344,26.63661787263778,0.3337226598254033
2415.5008536370606,26.676664591816827,0.3322745884203559
2418.7020533880786,26.716537542427268,0.33073560392734136
2421.90803789317,26.75622581489855,0.32910242992952543
2425.118784990958,26.795718106490092,0.32737195743548186
2428.334271163737,26.83500274138235,0.3255414007515083
2431.5544714927028,26.87406770947253,0.32360820219537545
2434.7793596178394,26.912900693735974,0.3215700164800854
2438.0089077010875,26.951489095713583,0.31942475652019386
2441.2430863925733,26.989820066496005,0.31717060816024717
2444.481864800553,27.027880539475234,0.3148060621904942
2447.72521046529,27.065657266938093,0.31232993265477094
2450.9730893373226,27.103136858856665,0.30974134795045094
2454.2254657603853,27.14030582061072,0.30703973136371765
2457.4823024588586,27.177150588374367,0.30422484753383827
2460.7435605294636,27.21365757007843,0.30129682118905055
2464.009199437873,27.249813188621115,0.29825614521806104
2467.2791770205076,27.285603926047283,0.2951036879309002
2470.5534494916333,27.32101636859899,0.29184069194090323
2473.831971455865,27.356037251631896,0.28846877587005404
2477.114695926061,27.390653504736303,0.2849900035924238
2480.4015743466293,27.424852305167395,0.28140684547070505
2483.6925566232494,27.45862112662388,0.2777220819632758
2486.987591158444,27.491947776459472,0.27393872605731484
2490.2866248916193,27.524820423586352,0.27006009888592714
2493.5896033424497,27.557227635452662,0.26608998341471374
2496.896470658704,27.589158433462426,0.2620325719061682
2500.2071696707194,27.620602342091168,0.2578923775113399
2503.5216419517706,27.651549427392528,0.2536741972256847
2506.8398278830578,27.68199033105961,0.24938307550943065
2510.161666722785,27.71191630012074,0.2450242810870196
2513.4870966787994,27.741319213851185,0.24060327601816914
2516.8160549844615,27.770191606973366,0.23612569541262907
2520.148477977298,27.798526690422882,0.23159732058033924
2523.484301180149,27.826318368892522,0.2270240374864508
2526.8234593844163,27.853561253390897,0.22241181574192398
2530.1658867348233,27.880250671279928,0.2177666271967408
2533.511516815377,27.906382666543536,0.2130944670277668
2536.860282735362,27.931954002586867,0.2084014031850073
2540.2121172156726,27.956962170969067,0.20369351691044993
2543.566952676189,27.981405392998322,0.19897688069984965
2546.924721323349,28.005282618682305,0.19425751729760457
2550.285355237591,28.02859352075802,0.18954137221657644
2553.6487864600817,28.051338485424008,0.18483431384313395
2557.0149470783326,28.073518603085184,0.18014227238354072
2560.383769310703,28.095135675771207,0.1754710774701178
2563.7551855917955,28.11619220506762,0.17082638735757985
2567.1291286564037,28.13669137155053,0.16621365157978488
2570.5055316209896,28.156637009740106,0.16163808301468943
2573.8843280621586,28.17603357970187,0.15710458133024496
2577.2654520917226,28.194886129461498,0.15261762483590238
2580.648838427258,28.213200244441808,0.14818136387005218
2584.034422456591,28.230982008106213,0.14379965223792335
2587.4221402975636,28.248237966374763,0.13947600500097626
2590.8119288535286,28.26497508697488,0.1352136314951245
2594.2037258639657,28.281200722754292,0.13101544825141725
2597.597469950696,28.29692257654446,0.12688408941881993
2600.9931006598813,28.31214866727472,0.12282191157857082
2604.3905584999543,28.326887296664147,0.11883096578924447
2607.789784975554,28.341147012558856,0.11491303151412685
2611.190722617061,28.354936576340553,0.11106968795484128
2614.593315006222,28.368264938895134,0.10730246074831994
2617.9975067988894,28.381141234184934,0.10361274699979504
2621.4032437469914,28.39357476382491,0.10000178402885265
2624.8104727186505,28.40557497790837,0.09647057919256585
2628.2191417159997,28.417151447411477,0.09301989476674663
2631.629199889689,28.428313834783488,0.08965023512047539
2635.040597549863,28.439071862997945,0.0863616812676375
2638.453286173423,28.44943526475006,0.0831539596334501
2641.867218405193,28.459413739906076,0.0800265376870809
2645.282348053982,28.469016924428526,0.07697866502109146
2648.6986300849135,28.478254364231056,0.07400936166316745
2652.116020608621,28.487135487630635,0.07111745175416585
2655.5344768671366,28.495669581841135,0.06830160616754209
2658.9539572169574,28.50386577458124,0.06556036834306755
2662.374421109907,28.511733018782408,0.06289218196484977
2665.795829072161,28.51928008061819,0.06029541979265766
2669.218142681835,28.52651553099331,0.05776838667280594
2672.641324545554,28.53344773739405,0.05530933655300149
2676.0653382740416,28.54008485778041,0.052916477527841704
2679.490148456975,28.54643483508375,0.050587988754649926
2682.915720637185,28.552505393734307,0.04832202750771864
2686.342021284433,28.558304037035235,0.04611673597780375
2689.7690177688773,28.563838045352572,0.04397024625243099
2693.1966783343196,28.569114474902864,0.04188068837642477
2696.624972071308,28.574140157508037,0.039846197075737104
2700.053868890209,28.578921701157125,0.037864913456089756
2703.4833394943475,28.583465490771854,0.035934991466242946
2706.91335535324,28.587777689747803,0.034054598160185245
2710.34388867601,28.591864241527023,0.03222191731965059
2713.774912384993,28.595730871605383,0.030435162475437216
2717.2064000895857,28.599383091102435,0.02869258285603031
2720.638326060518,28.602826201045158,0.026992481858274266
2724.0706652046433,28.60606529886815,0.025333221602448858
2727.5033930405075,28.609105285460444,0.023713216016002292
2730.936485674763,28.611950871382366,0.02213093450638312
2734.369919779329,28.61460658352313,0.020584906424276274
2737.803672569352,28.617076772294045,0.01907372378012677
2741.237721782027,28.61936561914766,0.017596044577961264
2744.672045656325,28.621477144497018,0.016150592508504296
2748.1066229136645,28.623415215598037,0.014736159748095069
2751.5414327395365,28.62518355476781,0.013351609180182022
2754.9764547661084,28.62678574786943,0.011995874912412434
2758.4116690558526,28.62822525285892,0.010667960301563171
2761.8470560861956,28.629505408095106,0.009366935173540439
2765.282596735167,28.630629440315932,0.008091932801849226
2768.718272268005,28.631600472252153,0.006842148560891863
2772.1540643246753,28.63242153007946,0.005616835161200712
2775.589954908285,28.6330955502988,0.004415302895252016
2779.025926374321,28.63362538664623,0.0032369224842717574
2782.4619614207186,28.634013817344343,0.0020811198944711328
2785.8980430788,28.634263551731678,0.0009473728480271416
2789.334154705008,28.63437723647344,-0.00016478932932778334
2792.7702799733847,28.634357461753922,-0.001255788503030245
2796.206402868795,28.63420676713356,-0.0023260007271713205
2799.642507680851,28.6339276470463,-0.003375721848706647
2803.0785789984966,28.633522560424453,-0.004405123836558385
2806.5146017057477,28.632993945564067,-0.005414318960343548
2809.9505609792154,28.632344227288826,-0.006403387432050712
2813.38644228649,28.63157582079698,-0.007372340688244089
2816.8222313849856,28.63069113991439,-0.008321129497885134
2820.2579143217754,28.629692604374643,-0.009249698986414643
2823.6934774343003,28.628582640496273,-0.010157998996643429
2827.12890735116,28.627363680616675,-0.011045992459516716
2830.5641909928336,28.62603816152153,-0.011913667389128439
2833.9993155722163,28.624608521434837,-0.012761041065312452
2837.4342685947886,28.623077196506998,-0.013588171170321173
2840.869037858369,28.62144661596656,-0.01439515726386557
2844.303611452285,28.619719197094895,-0.015182135964998107
2847.7379777559368,28.617897340779095,-0.015949289345857532
2851.1721254368304,28.615983426057593,-0.016696830038711058
2854.6060434479573,28.613979806452946,-0.017424999023583472
2858.0397210247315,28.611888806570114,-0.018134049957368913
2861.47314768152,28.60971272057523,-0.018824262144300944
2864.906313207989,28.607453809117917,-0.019495910161719025
2868.3392076650834,28.60511429989851,-0.020149260880835847
2871.7718213810713,28.60269638859281,-0.02078456257551258
2875.2041449477024,28.60020224108375,-0.021402044839761852
2878.6361692166324,28.597633995702978,-0.02200191437863266
2882.067885296117,28.59499376597754,-0.02258434496015066
2885.499284548034,28.592283644582324,-0.023149489411651028
2888.930358585384,28.589505705852925,-0.02369747277615397
2892.3610992700865,28.586662009119788,-0.02422840935643755
2895.791498711181,28.583754599997015,-0.02474239653963561
2899.2215492631803,28.58078551241226,-0.025239539795602974
2902.65124352467,28.577756767636785,-0.025719961153971762
2906.0805743367864,28.574670372298307,-0.026183796286742195
2909.509534781462,28.571528316743898,-0.02663120055285099
2912.9381181794715,28.568332572677555,-0.027062345721366805
2916.3663180881927,28.56508509119099,-0.027477440860283985
2919.7941282991355,28.561787798287757,-0.02787670088545589
2923.22154283493,28.558442594181503,-0.02826036734669664
2926.6485559462317,28.555051350099898,-0.02862870144466687
2930.0751621082436,28.55161590592654,-0.028981975887461753
2933.501356016955,28.548138068820045,-0.029320467168697684
2936.9271325852133,28.5446196127598,-0.029644462997942614
2940.3524869387443,28.541062277200048,-0.029954259131495617
2943.777414412008,28.537467766104267,-0.03025014600233473
2947.2019105439404,28.533837748583988,-0.030532394658029545
2950.6259710737704,28.530173861225023,-0.03080126515221203
2954.0495919371174,28.52647770940676,-0.031056997658301076
2957.4727692622464,28.522750869687762,-0.03129980510716521
2960.895499366609,28.518994893074904,-0.03152988269485374
2964.317778753778,28.51521130715152,-0.031747396599454136
2967.7396041106363,28.511401619559585,-0.03195250607104464
2971.1609723049833,28.50756731883106,-0.03214536131941093
2974.581880383243,28.503709875472733,-0.03232610753372503
2978.0023255683,28.499830742568687,-0.032494894541117494
2981.4223052574084,28.495931355223753,-0.03265188006320809
2984.8418170200353,28.49201312961617,-0.032797232165897076
2988.260858595589,28.488077461756262,-0.032931131173244546
2991.6794278909997,28.484125726015474,-0.03305377147314429
2995.0975229781216,28.480159273438698,-0.03316536914145729
2998.515142090934,28.476179429141723,-0.03326615663759201
3001.932283622431,28.472187490345213,-0.033356378413138627
3005.3489461212725,28.468184724935636,-0.03343628902146929
3008.765128288265,28.46417237025306,-0.03350615086238373
3012.180828972695,28.460151632149575,-0.03356622926676352
3015.596047168553,28.456123684637564,-0.03361679560723348
3019.0107820107096,28.452089669164696,-0.03365810808057916
3022.4250327710092,28.448050696195025,-0.03369041457315992
3025.838798854553,28.444007846446247,-0.03371395076249119
3029.2520797961265,28.439962172354747,-0.03372890393880875
3032.664875256809,28.43591470388209,-0.03373540871848038
3036.077185021275,28.431866454835873,-0.03373359604016283
3039.4890089958553,28.427818423311052,-0.033723588291989647
3042.9003472066524,28.42377159271601,-0.03370549676796234
3046.3111997977785,28.419726933103856,-0.03367943316145474
3049.721567029751,28.41568540112448,-0.03364550797295573
3053.131449277886,28.411647940167725,-0.033603839555404726
3056.540847030706,28.407615479421075,-0.03355454861329849
3059.9497608882366,28.40358893358748,-0.033497764546119635
3063.358191560267,28.399569201841945,-0.033433626604241845
3066.766139864488,28.395557166649436,-0.03336230062595707
3070.173606724486,28.39155369057432,-0.033283970745916734
3073.580593167355,28.38755961408481,-0.03319883738856363
3076.987100321045,28.383575753598183,-0.03310711321943857
3080.393129411477,28.37960290001185,-0.03300901725723573
3083.7986817594783,28.37564181794098,-0.03290477447966091
3087.2037587776313,28.37169324500342,-0.03279459527231841
3090.6083619670317,28.367757893570744,-0.032678603581236816
3094.0124929142603,28.363836461140995,-0.032556895560973645
3097.4161532895973,28.359929633673676,-0.03242956937943244
3100.819344845638,28.356038085348146,-0.032296727463116404
3104.22206941588,28.352162478052573,-0.032158479680084937
3107.6243289132462,28.348303460490964,-0.03201494564586494
3111.0261253285053,28.34446166701346,-0.03186624422042462
3114.427460728547,28.340637717707008,-0.03171247001187643
3117.8283372546716,28.33683222130558,-0.03155372036260547
3121.228757121228,28.333045774862068,-0.03139010753570466
3124.6287226142117,28.329278961957783,-0.031221757480349454
3128.0282360896467,28.32553235106014,-0.03104881309373991
3131.427299971774,28.321806493488893,-0.030871431804132685
3134.8259167509927,28.318101921672397,-0.03068978951542865
3138.2240889815935,28.314419146930547,-0.03050406947380092
3141.6218192792253,28.31075865859369,-0.03031446880585826
3145.0191103182565,28.30712092233699,-0.030121192378112813
3148.415964828937,28.303506379251615,-0.02992445299627251
3151.8123855944473,28.29991544489206,-0.029724466653124712
3155.2083754478344,28.296348508893686,-0.029521449103822484
3158.6039372689015,28.292805935001226,-0.029315615809864436
3161.9990739811014,28.289288061104042,-0.029107202572977196
3165.393788548434,28.285795196795284,-0.028896445137714933
3168.788083972049,28.28232762337876,-0.028683573910288807
3172.1819632868546,28.278885594509525,-0.028468813926242727
3175.575429558196,28.275469336838377,-0.02825238923698416
3178.968485878617,28.27207905012994,-0.028034521579540575
3182.3611353646324,28.268714907540396,-0.02781541972331581
3185.7533811535372,28.2653770571736,-0.02759528348780083
3189.145226400398,28.262065623155063,-0.027374301661105074
3192.5366742751767,28.25878070695573,-0.0271526506198302
3195.9277279600115,28.25552238888135,-0.026930490067304757
3199.318390646677,28.252290730073273,-0.026707968881163047
3202.708665534286,28.249085773807533,-0.026485230181801916
3206.0985558271427,28.245907546185716,-0.02626240342816134
3209.488064732685,28.242756057774336,-0.02603961025171492
3212.8771954596177,28.23963130454413,-0.025816963269472165
3216.265951216163,28.236533268951792,-0.025594562161284203
3219.6543352084373,28.233461921492438,-0.025372513029488755
3223.042350639016,28.2304172199289,-0.025150915819228452
3226.4300007054076,28.227399110030593,-0.024929867594691475
3229.8172885986114,28.22440752591923,-0.02470945141834886
3233.204217501722,28.221442391749026,-0.024489745091222658
3236.5907905887316,28.21850362233808,-0.024270816423117764
3239.977011023412,28.215591124367307,-0.02405272521294034
3243.3628819583364,28.212704797341754,-0.023835525567831944
3246.7484065340172,28.209844534273614,-0.023619260752045564
3250.13358787813,28.207010222983367,-0.023403973073590514
3253.518429104888,28.204201746214537,-0.023189694641155844
3256.902933314434,28.201418982857597,-0.02297645237751913
3260.2871035923768,28.198661808572293,-0.022764272141721848
3263.6709430094056,28.195930095915287,-0.022553168204016292
3267.0544546209153,28.193223715730806,-0.02234315523129575
3270.437641466803,28.19054253710305,-0.02213423943540028
3273.8205065712555,28.187886428370803,-0.021926416668678696
3277.20305294266,28.18525525837056,-0.021719681736036417
3280.5852835736646,28.182648896562235,-0.021514023819510182
3283.967201441252,28.180067213703893,-0.02130943155022948
3287.3488095068965,28.177510081917866,-0.021105893238209644
3290.730110716727,28.17497737472928,-0.020903394184074352
3294.1111080016944,28.172468967427193,-0.020701921128802404
3297.491804277786,28.169984736891738,-0.020501461061646645
3300.8722024462127,28.167524561564342,-0.02030200222123781
3304.2523053936,28.165088321297794,-0.02010353237220493
3307.632115992156,28.16267589741313,-0.01990603791587668
3311.0116370998453,28.160287172863224,-0.0197095103167143
3314.390871560589,28.15792203162522,-0.01951393937332282
3317.769822204384,28.15558035890042,-0.019319317069020677
3321.148491847452,28.153262040852137,-0.01912563737053069
3324.5268832923543,28.150966964367672,-0.0189328914185345
3327.9049993280782,28.148695017397447,-0.018741074039055162
3331.282842730166,28.14644608851276,-0.01855018022633007
3334.6604162607878,28.1442200668856,-0.018360206849749094
3338.0377226688142,28.142016842063633,-0.018171151483461663
3341.414764689862,28.139836303885616,-0.017983008572074143
3344.7915450463283,28.13767834285697,-0.017795778542736288
3348.168066447471,28.13554284943184,-0.017609465168129886
3351.544331589403,28.133429713611665,-0.017424071788327163
3354.9203431550363,28.131338824997066,-0.01723959907068961
3358.296103814036,28.129270073108582,-0.017056050582384425
3361.671616222809,28.127223347038697,-0.016873433349888795
3365.0468830244536,28.12519853503671,-0.016691752081833388
3368.421906848658,28.12319552478689,-0.01651101758840421
3371.7966903116326,28.12121420267628,-0.01633123823650047
3375.1712360159536,28.1192544540879,-0.016152425025944352
3378.545546550444,28.117316163084787,-0.01597458605107431
3381.9196244900145,28.115399212758657,-0.01579773424204337
3385.2934723955455,28.113503484649613,-0.015621882529277072
3388.667092813703,28.111628858746098,-0.015447043102455071
3392.040488276753,28.109775213573805,-0.015273226448592189
3395.413661302382,28.107942426399973,-0.01510044905700265
3398.78661439355,28.10613037251313,-0.014928723113815916
3402.1593500382514,28.104338925739473,-0.01475805973441972
3405.53187070934,28.102567958571342,-0.014588474335899843
3408.9041788643685,28.100817341651034,-0.014419982710643979
3412.2762769453666,28.099086943725755,-0.014252597265339482
3415.648167378614,28.097376632053916,-0.01408633356776762
3419.0198525744604,28.095686272025784,-0.01392120942679967
3422.3913349271033,28.09401572689457,-0.013757235983666856
3425.7626168143306,28.092364858576527,-0.013594426355936244
3429.1337005973596,28.090733527413814,-0.013432831606530403
3432.5045886206494,28.08912158762103,-0.013272615850283009
3435.875283211164,28.087528873718995,-0.013114185846764896
3439.2457866760105,28.085955171417382,-0.012958347641996062
3442.616101296581,28.08440016970034,-0.01280648056074406
3445.986229316945,28.08286339203305,-0.01266072991071168
3449.3561729239887,28.081344104443765,-0.012524190942851385
3452.725934216522,28.079841201530623,-0.012401100906020698
3456.095515160706,28.0783530694219,-0.012297001681081512
3459.4649175290365,28.076877429220172,-0.01221887936121925
3462.834142820543,28.075411163696824,-0.012175267515668426
3466.2031921601865,28.073950131594945,-0.012176554939945818
3469.572066175978,28.072488945002153,-0.012235084922632596
3472.940764849378,28.071020734811437,-0.012364989971930276
3476.3092873375554,28.069536936014806,-0.012582089888062663
3479.6776317698773,28.068027085228238,-0.012903567257608722
3483.045795020105,28.066478657157326,-0.013347558403452649
3486.4137724589636,28.06487695014891,-0.013933302039602101
3489.7815576929816,28.063204953904158,-0.014681124977908362
3493.14914228745,28.06144321890681,-0.015612319413803212
3496.5165154737188,28.059569740577153,-0.01674901376590099
3499.883663842588,28.057559858925245,-0.018114019687481577
3503.2505710256587,28.05538617656275,-0.01973078790717679
3506.617217366846,28.053018482013886,-0.02162319664403551
3509.9835795846875,28.0504236984166,-0.023815577394698962
3513.3496304284977,28.047565829129237,-0.026332442433714222
3516.7153383279933,28.04440593603719,-0.029198163425776275
3520.0806670403176,28.040902156426096,-0.03243651626886136
3523.445575299089,28.037009774473834,-0.03607071081055145
3526.810016472026,28.03268128917657,-0.04012326665422437
3530.173938226727,28.027866497178064,-0.04461581721867306
3533.537282206388,28.022512599111824,-0.04956881167642572
3536.8999837182814,28.01656434171065,-0.05500130415887216
3540.2619714392868,28.009964185211587,-0.06093095329093303
3543.623167141512,28.002652470816674,-0.06737406278358689
3546.98348543801,27.994567583282645,-0.07434535729113198
3550.342833548004,27.98564614040771,-0.08185617829962091
3553.701111084853,27.975823399011755,-0.0899112191550884
3557.0582098927343,27.965034052713143,-0.0985124597200431
3560.4140139790597,27.95321255754674,-0.1076620404446183
3563.7683994859653,27.940293112693386,-0.11736333563098407
3567.1212346594884,27.926209512417667,-0.12761885480851276
3570.4723798009786,27.910895249840646,-0.13842979072760725
3573.8216872309595,27.894283674953332,-0.14979521175220617
3577.1690012719537,27.87630824954307,-0.16171071000106968
3580.514158261899,27.85690296434294,-0.17416843303368787
3583.85698661762,27.836002752378896,-0.18715785958063497
3587.1973069479054,27.81354380922922,-0.20066477817613076
3590.534932205013,27.789464035848084,-0.214672082252667
3593.8696678893148,27.763703385977763,-0.22915846639465604
3597.2013122956323,27.736204370010405,-0.24409822181853963
3600.529656820034,27.70691258339218,-0.2594629047936722
3603.854486330041,27.675777034816942,-0.2752248316594183
3607.175579574219,27.642750055017814,-0.2913553390891737
3610.4927095808207,27.607787414327113,-0.3078241461651626
3613.80564407054,27.570848516787294,-0.32459909334793347
3617.1141458925545,27.531896625585542,-0.3416461491996587
3620.4179734876247,27.490899087681584,-0.3589295778590687
3623.7168813781464,27.447827538338494,-0.3764124256547166
3627.010620682747,27.402658047259926,-0.3940568439785178
3630.298939648418,27.355371225982505,-0.4118229056024304
3633.581584195536,27.305952477310214,-0.42966880886863196
3636.858298492813,27.25439222024598,-0.4475513798044482
3640.1288255592426,27.200686054669447,-0.4654290275148678
3643.3929078858027,27.144834571367664,-0.4832621103214086
3646.650288034367,27.086843118129096,-0.5010082468237271
3649.9007092085426,27.026722128510247,-0.5186213162702343
3653.1439158639637,26.964487570557818,-0.5360604649240831
3656.3796543724307,26.90016031476693,-0.5532873941234631
3659.6076736102027,26.833765827472114,-0.5702665679379761
3662.8277255094995,26.765333839319556,-0.5869678386076042
3666.0395655702177,26.694897698686642,-0.6033660118012963
3669.24295329406,26.622493777270485,-0.6194389844962311
3672.4376525473326,26.548161099130937,-0.6351667895881445
3675.6234318792285,26.471941084380358,-0.6505310980067612
3678.8000648093544,26.393877352619548,-0.6655160111412319
3681.967330091669,26.3140154312826,-0.6801078559274363
3685.1250119434226,26.232402488571307,-0.6942948208432419
3688.272900242051,26.149087110070116,-0.7080663620554083
3691.4107906952595,26.06411914662347,-0.7214126979639256
3694.538484992854,25.977549622867798,-0.7343269718502172
3697.6557909475982,25.88943038624577,-0.7468042012188835
3700.762522593948,25.799813882099503,-0.758841950527749
3703.8585002597997,25.708752848036173,-0.7704394246065756
3706.943550601564,25.616300117083384,-0.7815969403676445
3710.017506615614,25.522508484239268,-0.7923157136285157
3713.0802076337227,25.427430598603845,-0.8025983002464095
3716.1314993055553,25.331118802574277,-0.8124471562154278
3719.171233561864,25.233625143828426,-0.8218635448948372
3722.1992685791233,25.135001518441047,-0.8308472168208592
3725.215468761336,25.035299852422543,-0.8393971632007041
3728.2197047436266,24.93457219283846,-0.8475090589559617
3731.211853406767,24.832871105763743,-0.8551724972773939
3734.191797939459,24.730250406090455,-0.8623727150610158
3737.1594279881897,24.626765680283132,-0.8690910791583061
3740.114639869824,24.522474750784134,-0.8753057458346009
3743.0573368399178,24.41743806128398,-0.880992607807753
3745.987429407272,24.31171894834705,-0.8861260477094426
3748.9048356810736,24.205383822621915,-0.8906808994273677
3751.809481739788,24.098502114690632,-0.89463174050734
3754.701301993551,23.99114630582975,-0.8979519624570647
3757.5802395502506,23.883392070334903,-0.9006153307964981
3760.446246598691,23.775318230639325,-0.9025968796829023
3763.2992847863675,23.667006605077376,-0.9038734535845006
3766.1393255789767,23.558541790647237,-0.9044245833961799
3768.9663505938543,23.450010840639695,-0.9042340880432388
3771.780351894731,23.341502750074508,-0.9032915578080482
3774.58133222474,23.233107763137543,-0.9015875918617189
3777.3693051563164,23.124917252114138,-0.8991135374456154
3780.14429522657,23.017023627620663,-0.8958622999499021
3782.9063380618845,22.909520151626676,-0.8918282563607892
3785.65548048008,22.80250076086338,-0.8870079031852524
3788.3917805713836,22.696059812481153,-0.8814009587303747
3791.115307748881,22.590291697433507,-0.875012375581798
3793.826142752573,22.48529021236369,-0.867849518293277
3796.524377578057,22.3811482701685,-0.8599229904161075
3799.210115370477,22.277957511318565,-0.8512471250421509
3801.8834702718354,22.175807856313508,-0.8418401431915049
3804.544567214593,22.074787039130527,-0.8317238969918288
3807.1935416592887,21.974980171491506,-0.8209244127559485
3809.8305392798675,21.87646924196079,-0.8094762802875887
3812.455715588903,21.77933208832628,-0.7974151191937652
3815.069235439502,21.68364227402303,-0.7847749279744924
3817.671272512385,21.58946928266609,-0.7715906304903976
3820.2620088263047,21.496878407007245,-0.7578987018116089
3822.8416342351456,21.40593056278985,-0.7437361103545705
3825.4103459026805,21.316682229547304,-0.7291404775585557
3827.968347770226,21.229185372240277,-0.7141499534707111
3830.515850014895,21.143487377823792,-0.6988027307894211
3833.053068500234,21.059631050129063,-0.6831367229104176
3835.5802242262494,20.977654643379815,-0.6671895701813793
3838.097542783455,20.897591894958047,-0.6509991152702094
3840.60525381085,20.81947200112562,-0.6346033658527127
3843.1035904509854,20.743319597223294,-0.6180401281925486
3845.592788802652,20.669154781840188,-0.601346935360686
3848.073087376473,20.596993149596905,-0.5845606913556769
3850.5447265544244,20.526845866634226,-0.5677181712137617
3853.0079480584204,20.458719686088575,-0.5508544623931497
3855.462994420751,20.392617150601396,-0.534003398859305
3857.910108478823,20.32853674273828,-0.5171975305148004
3860.3495328879517,20.266473039076505,-0.5004679143795502
3862.781509652641,20.206416889350958,-0.48384393112037594
3865.206279679363,20.148355617616513,-0.46735343777471705
3867.6240823534768,20.092273205083547,-0.45102279361003667
3870.035155138087,20.038150469850343,-0.43487602368312117
3872.4397331944688,19.985965347008367,-0.4189351968780018
3874.8380490361096,19.935693123383007,-0.40322208263108456
3877.2303322109155,19.887306473467277,-0.3877563167758356
3879.6168089877315,19.840775715454175,-0.37255508075330457
3881.997702073586,19.796069105763777,-0.35763370292785884
3884.3732303662778,19.753153061412434,-0.34300590618371846
3886.7436087336473,19.711992352670386,-0.3286839190725899
3889.1090478159676,19.672550282381675,-0.3146785510427
3891.4697538498535,19.634788856256552,-0.3009993837845418
3893.825928512604,19.598668930202408,-0.2876549566691235
3896.1777687842286,19.56415033540211,-0.2746526801432196
3898.525466824477,19.531192013784924,-0.2619986906218883
3900.8692098661313,19.4997521709103,-0.2496979700248539
3903.2091801266406,19.469788414507317,-0.2377543402702595
3905.5455547363813,19.441257893674887,-0.22617050465753738
3907.8785056836223,19.414117433115983,-0.21494808988522257
3910.2081997755963,19.388323662329757,-0.20408765932709846
3912.534798615076,19.363833143210506,-0.1935887415274359
3914.8584585922613,19.340602494227213,-0.18344993705113813
3917.1793308915685,19.318588501781075,-0.17366902841024692
3919.4975615117824,19.297748218371847,-0.16424290476511866
3921.813291297987,19.278039069800034,-0.15516767365594447
3924.126655986363,19.259418948961322,-0.1464387455541369
3926.437786260238,19.241846299494824,-0.13805083249818542
3928.746807816178,19.22528019959504,-0.12999802052465848
3931.0538414401294,19.209680437132082,-0.12227392328247282
3933.359003092585,19.195007566338184,-0.1148717316927859
3935.662404000546,19.18122295853505,-0.10778423446060104
3937.9641507555702,19.168288850399776,-0.10100369557186455
3940.264345417618,19.15616840693115,-0.09452161315440458
3942.5630856264497,19.14482581335262,-0.08832909040354558
3944.8604647240522,19.134226322504198,-0.08241702814163392
3947.156571882753,19.124336279127203,-0.07677620034226867
3949.451492236248,19.11512313508613,-0.07139729511533793
3951.7453070124584,19.10655545967229,-0.06627096671868972
3954.0380936676193,19.098602943666048,-0.06138786931528135
3956.329926020859,19.091236399348215,-0.056738716112339195
3958.620874388781,19.084427753414733,-0.05231429815580682
3960.9110057191906,19.078150037636036,-0.048105516873646115
3963.200383723707,19.072377375611197,-0.04410339892016705
3965.4890690087805,19.067084967740776,-0.04029911505786204
3967.7771192049095,19.06224907393383,-0.03668399257120276
3970.0645890937817,19.057846994825287,-0.03324946455872335
3972.351530733161,19.05385705907824,-0.029987294390230127
3974.63799358025,19.05025858375141,-0.02688947262053736
3976.9240246103004,19.047031847036948,-0.02394811933129632
3979.209668431945,19.04415807271719,-0.021155573947409932
3981.494967400671,19.0416194038435,-0.018504376294176752
3983.7799617291325,19.0393988786882,-0.01598724492184746
3986.064689594575,19.03748040929758,-0.0135970813201018
3988.3491872436907,19.035848759539167,-0.011326993214586068
3990.6334890948356,19.034489520353418,-0.009170283894283654
3992.917627837278,19.033389086286103,-0.007120481765374583
3995.2016345276325,19.03253462847426,-0.005171352399852093
3997.4855386830495,19.03191406618628,-0.003316907406273663
3999.7693683709917,19.031516037297525,-0.0015515825785582585
4002.0531502954673,19.031329847388097,0.0001297472294967842
4004.3369098771536,19.031345417055636,0.0017319079671153394
4006.6206713272004,19.03155324601169,0.0032595042501864318
4008.904457716722,19.03194438652171,0.004716874804182429
4011.1882910431045,19.032510411498215,0.006108051497754991
4013.472192292484,19.033243377677945,0.007436833948760737
4015.7561814978053,19.034135797751794,0.008706825228460903
4018.0402777935356,19.03518061677921,0.009921464796068402
4020.3244994675492,19.03637119255474,0.011084035638538667
4022.608864010656,19.037701276831363,0.01219768473713624
4024.893388163876,19.03916499899982,0.013265410533677673
4027.178087963756,19.04075684826386,0.014290060840378004
4029.4629787855474,19.042471655564707,0.015274534858187536
4031.748075384215,19.04430459974769,0.01622171819561606
4034.0333919361847,19.046251205931163,0.01713434737472418
4036.3189420808962,19.04830732761613,0.018014975637172564
4038.6047389602104,19.05046912469259,0.018865946542206486
4040.8907952551735,19.052733038277655,0.019689382083500562
4043.177123219767,19.055095764127675,0.02048717581860504
4045.463734711462,19.057554225225907,0.0212609973384293
4047.7506412184894,19.06010554490652,0.022012290713936438
4050.037853883878,19.06274701979219,0.022742291796839325
4052.325383526253,19.06547609480781,0.023451691524686322
4054.61324065763,19.06829029779077,0.024140700536932045
4056.9014354933647,19.0711871818552,0.024809201210780143
4059.1899779551873,19.074164286000496,0.025456894783474227
4061.4788776695073,19.07721911337451,0.02608338371440706
4063.7681439631124,19.08034911942024,0.026688504906164385
4066.057785857443,19.083551740008982,0.027272514978872547
4068.347812066244,19.086824441806446,0.02783583367902352
4070.6382309992605,19.09016474184793,0.028378975708681392
4072.929050768282,19.09357021893297,0.028902568981002807
4075.220279194554,19.097038527210692,0.029407343881253357
4077.5119238178195,19.100567408476444,0.029894074169220866
4079.8039919068365,19.10415469737675,0.030363527479958904
4082.0964904705215,19.107798320674345,0.030816421669394387
4084.3894262690023,19.111496291274673,0.03125336836138452
4086.6828058239553,19.11524669547804,0.031674450915129417
4088.9766354274125,19.119047629587854,0.03207916183919344
4091.270921142963,19.122897129008557,0.0324665546234577
4093.5656687984438,19.126793115563373,0.03283604026935697
4095.8608839723115,19.130733440395694,0.033187539106996886
4098.156571985159,19.134715945088534,0.03352115058043922
4100.4527378985695,19.138738483158185,0.033836874795788036
4102.749386516549,19.14279890813368,0.03413455595809402
4105.046522385524,19.146895054848653,0.03441409764060867
4107.344149792107,19.151024746565525,0.03467563638130189
4109.642272761695,19.15518582293128,0.03491945508587877
4111.940895060447,19.159376157541587,0.035145920715045145
4114.240020199351,19.163593668027392,0.03535551127012866
4116.539651439514,19.167836329379806,0.03554876963697305
4118.83979179904,19.172102181736243,0.035726279849426536
4121.140444060848,19.176389335318174,0.035888627790695814
4123.441610781086,19.18069597065306,0.03603634852531666
4125.743294297564,19.185020332476096,0.036169884281976726
4128.045496737461,19.189360718589935,0.036289568853100855
4130.348220023691,19.193715466852307,0.0363956223294854
4132.651465879713,19.198082941531844,0.03648816012891369
4134.955235832697,19.202461520747313,0.03656719547706721
4137.259531215187,19.206849584204562,0.03663266556694305
4139.564353165291,19.211245504072597,0.03668446688381177
4141.86970262578,19.215647640098656,0.0367224292111502
4144.175580342591,19.220054331603993,0.03674631023546579
4146.481986862384,19.22446388883225,0.03675588981558109
4148.788922529044,19.22887459561012,0.03675102596742231
4151.096387480517,19.23328471872621,0.036731672095942226
4153.404381646764,19.237692519377724,0.03669788657792366
4155.712904749089,19.242096265767074,0.036649848638161876
4158.021956300981,19.246494247603653,0.03658784852017712
4160.331535610694,19.250884789426074,0.03651221323977402
4162.641641785425,19.255266255014845,0.03642332533567599
4164.952273736027,19.259637054055126,0.036321634673469695
4167.263430182513,19.263995650215943,0.03620761870161994
4169.575109660539,19.268340564460136,0.03608172327095772
4171.887310528275,19.27267037125265,0.03594434934503205
4174.200030972825,19.276983693174056,0.03579582786523603
4176.513269016005,19.281279192517886,0.0356363952686474
4178.827022519107,19.285555559950122,0.03546619383533987
4181.141289186301,19.289811503210363,0.03528527441395828
4183.456066566686,19.29404573614004,0.035093599121371846
4185.771352055022,19.298256968034604,0.03489109525039617
4188.087142891187,19.302443899464652,0.03467765983410717
4190.403436159123,19.306605218644744,0.034453221737639914
4192.720228785361,19.31073960525326,0.0342177742364296
4195.037517537991,19.314845738161633,0.033971406960162286
4197.355299026571,19.318922306996853,0.033714338471661054
4199.67356970341,19.322968027613452,0.03344694085403907
4201.992325866724,19.326981660515937,0.03316975622026118
4204.311563665986,19.33096203126237,0.032883443785116706
4206.631279109737,19.334908044516585,0.03258880018115755
4208.951468075079,19.338818700538322,0.03228669685782531
4211.272126319143,19.34269310416126,0.031978049172445795
4213.593249491642,19.346530470061953,0.03166374983174567
4215.91483314805,19.350330120041765,0.031344609916673045
4218.236872762455,19.354091473231765,0.031021305628613684
4220.559363739243,19.3578140299072,0.030694358008568647
4222.882301422832,19.361497352868227,0.030364129359001072
4225.205681105176,19.36514104839131,0.030030798594741004
4227.529498030983,19.368744744222678,0.029694395133224638
4229.85374740029,19.372308071638663,0.029354815122492463
4232.178424368886,19.375830649453363,0.02901195431193686
4234.5035240468205,19.379312083970795,0.028665745104741146
4236.829041496897,19.382751973383364,0.028316151981896992
4239.154971733703,19.386149911621192,0.0279632020065241
4241.481309723097,19.389505495861975,0.027607022964993122
4243.8080503826,19.392818338617776,0.027247843981898515
4246.135188583235,19.396088079895602,0.0268860088121697
4248.4627191528225,19.399314400953063,0.026521982831224422
4250.790636880937,19.40249703889281,0.026156321350782982
4253.118936525604,19.405635797454906,0.025789630674545358
4255.447612821299,19.40873055313585,0.025422537749550812
4257.776660487675,19.411781257665798,0.025055651613644477
4260.106074238595,19.414787935859437,0.024689514483659136
4262.4358487908985,19.417750677597475,0.02432458780260863
4264.76597887221,19.420669628133787,0.023961221967041743
4267.096459227587,19.423544974769833,0.0235996382453839
4269.427284624559,19.42637693135928,0.023239930216238745
4271.758449856323,19.42916572298523,0.022882075877527816
4274.089949743081,19.43191157209053,0.022525952501911358
4276.4217791317315,19.43461468639076,0.022171378041099837
4278.753932894098,19.43727525175569,0.021818145001591596
4281.0864059243095,19.43989342915588,0.021466050500050585
4283.419193135808,19.442469355215888,0.021114932570339202
4285.7522894584345,19.44500314712433,0.020764710815516063
4288.085689836089,19.44749491242219,0.020415392628267828
4290.41938922558,19.449944759537583,0.020067078247602066
4292.753382596724,19.452352808927294,0.01971996531164334
4295.087664933795,19.454719204764693,0.019374344345327307
4297.422231238367,19.45704412608613,0.01903055943860562
4299.757076533498,19.459327793218765,0.018688988748175907
4302.092195868684,19.461570471868548,0.018350021542056595
4304.427584325308,19.463772474453595,0.01801402694768767
4306.763237022243,19.465934157687318,0.01768131075489259
4309.099149121165,19.468055914977906,0.017352098283431473
4311.435315830962,19.470138166771918,0.01702653153816832
4313.771732410975,19.472181350556497,0.016704645918223095
4316.108394173042,19.474185908066683,0.01638638369311638
4318.44529648201,19.476152274109857,0.016071608189080103
4320.782434754903,19.478080867092547,0.015760133246675488
4323.119804458955,19.47997208308215,0.015451736419174945
4325.457401108924,19.48182629145245,0.015146177231625261
4327.795220263899,19.483643832720244,0.01484323743273196
4330.133257523826,19.485425021212173,0.014542752509613923
4332.4715085263715,19.487170151513325,0.01424461257117106
4334.8099689445535,19.488879505021867,0.013948792228304687
4337.148634485156,19.49055336008926,0.013655348666274181
4339.487500888367,19.492192001929215,0.01336441732543864
4341.826563928599,19.49379573200827,0.013076191799015965
4344.16581941644,19.49536487502415,0.012790917353136692
4346.505263201443,19.496899785106528,0.012508849057722043
4348.844891175656,19.498400846993455,0.012230236946781837
4351.184699277295,19.499868475427068,0.011955306066889064
4353.524683494346,19.501303112155096,0.011684230470710646
4355.864839867805,19.50270521981158,0.011417117012948714
4358.205164494182,19.504075273853136,0.011154005785705098
4360.545653527044,19.50541375454742,0.010894853990902944
4362.88630317759,19.50672113702633,0.010639552914005068
4365.227109714033,19.50799788337601,0.010387935427481619
4367.568069460038,19.50924443562731,0.010139791106304464
4369.9091787923135,19.510461210560067,0.009894887869991098
4372.250434137581,19.511648597104465,0.009653004164341365
4374.591831969233,19.512806957604187,0.009413952678425605
4376.933368804145,19.5139366319256,0.009177596402960578
4379.275041199976,19.515037943493954,0.008943847420418191
4381.616845753195,19.516111205184405,0.008712693203478127
4383.958779097817,19.51715672836882,0.008484185221124265
4386.300837905221,19.518174830595356,0.008258438984826463
4388.643018884893,19.519165843273534,0.008035610946373709
4390.985318786085,19.520130116587097,0.007815887112969724
4393.327734400076,19.521068023040655,0.007599455148927352
4395.670262562841,19.521979957658527,0.007386497351141979
4398.012900157761,19.522866337340663,0.007177160090765987
4400.355644118242,19.523727596551556,0.006971548767451675
4402.698491429828,19.52456418240365,0.006769709650691946
4405.041439131716,19.525376547561734,0.006571626065612952
4407.384484317424,19.526165142689607,0.00637719886408687
4409.727624134546,19.526930406553298,0.0061862930654919095
4412.070855783332,19.527672761721156,0.005998733419288504
4414.414176514739,19.528392609731473,0.005814317879642816
4416.757583627907,19.52909032787703,0.005632853934006669
4419.101074467252,19.52976627034911,0.005454149067784918
4421.444646419694,19.530420768237246,0.005278041515065693
4423.788296911883,19.531054133219055,0.005104415974314196
4426.132023407869,19.531666663135972,0.00493321944514775
4428.475823407446,19.53225864946939,0.004764463660007595
4430.819694445382,19.532830385108593,0.004598204791365379
4433.163634091595,19.533382169683556,0.004434543496354438
4435.507639951957,19.533914314903118,0.004273607745604435
4437.851709669745,19.53442714783259,0.004115543443950466
4440.195840927485,19.534921013045867,0.003960495426924888
4442.540031449051,19.5353962724971,0.003808595874232744
4444.884279001751,19.535853304002007,0.003659934907711682
4447.228581398231,19.53629249619093,0.0035145643288903663
4449.572936497773,19.5367142439104,0.003372477451179955
4451.917342207043,19.53711894120454,0.0032336049138321017
4454.261796479987,19.537506973794198,0.003097840843706338
4456.606297316843,19.53787871469544,0.0029650354544466344
4458.950842762606,19.538234518949974,0.002835009761309164
4461.29543090488,19.538574720121332,0.0027075805622610197
4463.640059871294,19.538899629788805,0.0025825728862671404
4465.984727826869,19.539209538535157,0.002459831704318025
4468.329432971494,19.539504718339675,0.0023392417944336817
4470.6741735376945,19.539785427355007,0.0022207196676878537
4473.018947788977,19.54005191371513,0.0021042420854585023
4475.363754018623,19.540304422765384,0.001989825343693212
4477.708590549355,19.540543201806628,0.0018775389251322982
4480.053455733571,19.540768506477644,0.0017674697753443775
4482.3983479543485,19.540980602850684,0.0016597310360211527
4484.743265626691,19.541179770575006,0.0015544305893047266
4487.08820719916,19.541366302245724,0.0014516676334992338
4489.43317115543,19.541540502361745,0.0013515174937418627
4491.778156015713,19.541702684460994,0.0012540175734895224
4494.123160337848,19.541853166569812,0.001159169465703734
4496.4681827178365,19.541992266905698,0.0010669318280927419
4498.813221789866,19.54212029872507,0.0009772124156032748
4501.158276225712,19.542237564214943,0.0008898941019579078
4503.503344733418,19.54234435150718,0.0008048369516159315
4505.848426055599,19.54244093194137,0.0007218765852242263
4508.193518967431,19.5425275571316,0.0006408620265587944
4510.538622274287,19.542604460574786,0.0005616546982669131
4512.883734809556,19.54267185913858,0.0004841332718404156
4515.228855432652,19.5427299551312,0.00040821936434376585
4517.573983027268,19.542778941454923,0.0003338746555076854
4519.919116500242,19.542819006413584,0.0002610907001424249
4522.264254781012,19.5428503372976,0.00018989471333137432
4524.609396821487,19.5428731246632,0.00012035015456960684
4526.954541596447,19.54288756668175,5.2529373762467914e-05
4529.299688104448,19.5428938702066,-1.3487128651210156e-05
4531.644835368873,19.542892251751162,-7.762435511144821e-05
4533.989982439083,19.542882936828548,-0.00013981420885069063
4536.335128391503,19.542866159123484,-0.0002000195699319321
4538.680272330597,19.54284215677509,-0.00025823593153972827
4541.0254133894105,19.542811168463306,-0.0003144876523714577
4543.370550729626,19.542773429945022,-0.00036883341181263087
4545.71568354122,19.542729169935605,-0.0004213662715217994
4548.060811041612,19.54267860598302,-0.0004721981562164033
4550.40593247433,19.542621942204274,-0.0005214645580718487
4552.751047107395,19.542559366457304,-0.0005693001235298156
4555.09615423137,19.542491050442482,-0.0006158287257791138
4557.441253157423,19.542417150995387,-0.0006611510424513562
4559.786343215542,19.542337812870294,-0.0007053525388658675
4562.131423753086,19.54225317056563,-0.0007484807324715197
4564.476494133554,19.542163352877733,-0.0007905527360945845
4566.821553735899,19.5420684865494,-0.0008315517764333804
4569.166601954285,19.541968700336227,-0.0008714401424588304
4571.511638198326,19.541864127519133,-0.000910159850434408
4573.856661893628,19.541754908337083,-0.000947630074770128
4576.201672482629,19.54164119272811,-0.0009837760011237975
4578.546669425757,19.541523139607975,-0.001018537825453085
4580.891652202509,19.54140091506892,-0.0010518713145324164
4583.236620312317,19.541274690511177,-0.0010837513013868428
4585.581573275179,19.54114464035501,-0.0011141863435617325
4587.926510632022,19.541010937993782,-0.001143221661069394
4590.271431944581,19.540873751394454,-0.0011709326631144051
4592.616336794748,19.54073323947488,-0.0011974142745475864
4594.961224783486,19.540589549761933,-0.001222779898049601
4597.306095529457,19.540442816174167,-0.0012471428040296407
4599.650948667398,19.540293159037684,-0.0012706248832234156
4601.9957838464825,19.540140684051696,-0.001293328437454066
4604.3406007285685,19.539985484639203,-0.0013153401474961938
4606.685398986725,19.539827643821504,-0.0013367222699431976
4609.030178303983,19.53966723714911,-0.0013575042959396034
4611.374938372441,19.5395043366336,-0.0013776818252278654
4613.719678892837,19.539339014814573,-0.0013972233836839828
4616.064399574615,19.53917134800853,-0.0014160782109040018
4618.409100136376,19.539001418623222,-0.0014341884183069742
4620.753780306611,19.538829316013025,-0.0014514793519307162
4623.098439824532,19.538655138490792,-0.0014678852336100486
4625.443078441151,19.53847899226276,-0.0014833499250934189
4627.787695920222,19.53830099027175,-0.0014978243133598678
4630.132292039055,19.53812125135415,-0.0015113029057150173
4632.476866589217,19.53793989500546,-0.001523805600103181
4634.821419376618,19.53775703833345,-0.0015353687750569802
4637.165950221218,19.537572794080443,-0.0015460756049365428
4639.510458956507,19.53738726500785,-0.001556006896366426
4641.854945428308,19.537200544180287,-0.0015652596347160027
4644.19940949361,19.537012713024122,-0.0015739468089139377
4646.5438510191725,19.536823839407052,-0.0015821748690126017
4648.888269879902,19.53663397842277,-0.0015900298144865261
4651.232665957313,19.536443174845033,-0.001597582693195116
4653.577039138294,19.53625146492185,-0.001604865057950835
4655.921389314084,19.536058881114897,-0.0016118926540042084
4658.265716379818,19.535865453996415,-0.001618648188761959
4660.610020234297,19.535671216213764,-0.0016250921924887117
4662.954300780242,19.535476205150665,-0.0016311708503960155
4665.298557924861,19.53528046464862,-0.0016368042456477178
4667.642791580619,19.53508404813914,-0.001641918320017226
4669.987001666395,19.534887017940736,-0.0016464355543283897
4672.331188108548,19.534689445674218,-0.0016502969369327834
4674.675350842029,19.534491410041785,-0.0016534720786990983
4677.019489811234,19.53429299339234,-0.0016559486928477603
4679.363604970441,19.5340942795492,-0.001657745144379022
4681.7076962839865,19.533895350131875,-0.0016589051210857356
4684.051763726003,19.533696281517344,-0.0016594899755595905
4686.395807279785,19.533497142720275,-0.001659598517570866
4688.739826936911,19.533297990898166,-0.0016593346808473966
4691.083822695819,19.533098870736463,-0.0016587943232354264
4693.427794560308,19.532899815417675,-0.0016580670844585017
4695.771742538158,19.53270084736754,-0.0016572270232711956
4698.115666639842,19.532501980124746,-0.0016563353439887577
4700.459566877457,19.532303219883467,-0.001655420327197948
4702.803443263843,19.532104569444204,-0.001654475579894605
4705.147295812177,19.531906032374618,-0.001653472256056396
4707.491124536062,19.53170761570389,-0.0016523585793103235
4709.834929449946,19.531509332674375,-0.0016510532413854914
4712.178710569867,19.53131120628541,-0.0016494792777494575
4714.522467914621,19.531113268772078,-0.0016475460976688317
4716.866201506874,19.530915563240356,-0.001645186461550642
4719.2099113744625,19.53071814086497,-0.0016423467183454114
4721.553597551367,19.530521059258767,-0.0016389983949906038
4723.897260078477,19.53032437945137,-0.0016351311893450934
4726.240899004011,19.530128163708646,-0.0016307736796659347
4728.584514383656,19.529932470867085,-0.0016259860822055545
4730.92810628016,19.52973735253722,-0.0016208424746162232
4733.2716747624645,19.52954285144027,-0.0016154296146436433
4735.615219904637,19.529348999886512,-0.0016098554107558435
4737.958741784623,19.52915581723722,-0.0016042153967805123
4740.302240482692,19.528963311389607,-0.0015985989936577395
4742.645716080058,19.528771479510368,-0.0015930769698342447
4744.989168657599,19.528580310273988,-0.001587700430848134
4747.332598294832,19.528389786222284,-0.0015824761395694864
4749.676005069178,19.528199889085535,-0.0015773764826981422
4752.0193890558685,19.52801060390761,-0.0015723535198834066
4754.362750328338,19.527821921485224,-0.001567335363534522
4756.706088958916,19.5276338412416,-0.0015622347071554109
4759.049405019865,19.52744637307674,-0.0015569568211080064
4761.392698584634,19.527259538258207,-0.001551420290613437
4763.735969729225,19.527073367823334,-0.0015455526231610804
4766.079218533364,19.526887901508555,-0.0015392990485333371
4768.4224450815445,19.526703185622733,-0.0015326409799437059
4770.7656494638195,19.52651926870514,-0.0015255906745569362
4773.108831776064,19.526336197824193,-0.0015181867611787664
4775.451992119803,19.526154015412853,-0.001510497507176854
4777.795130601653,19.525972755711994,-0.0015026202513199584
4780.138247332338,19.525792441281837,-0.0014946721402201513
4782.4813424252925,19.52561308062501,-0.0014867601142494358
4784.824415994967,19.5254346694113,-0.0014789709005809666
4787.167468155297,19.52525719290323,-0.001471380981487551
4789.510499018445,19.52508062718545,-0.0014640445298046323
4791.853508693708,19.52490494184187,-0.0014569889570353982
4794.196497286729,19.524730103167027,-0.001450197468406835
4796.539464899109,19.52455607947082,-0.0014436133479643204
4798.882411628645,19.524382845869063,-0.0014371521971714909
4801.225337570149,19.524210387605404,-0.0014307214600220474
4803.568242816662,19.5240387010302,-0.0014242241326052373
4805.911127460786,19.523867794134286,-0.0014175590027068348
4808.2539915960815,19.52369768705396,-0.0014106472164953062
4810.596835318528,19.523528409387982,-0.0014034212216172232
4812.939658727654,19.52335999884139,-0.0013958596188862911
4815.282461927515,19.523192495687123,-0.0013879620578456297
4817.625245026998,19.52302594024018,-0.0013797788194467471
4819.968008139826,19.52286036678185,-0.0013713799334349442
4822.31075138384,19.522695801189837,-0.001362850565476803
4824.653474879983,19.52253225912198,-0.0013542972231334785
4826.996178751077,19.522369743455204,-0.001345830153351523
4829.338863120292,19.5222082438368,-0.0013375449515957922
4831.681528109553,19.52204773844261,-0.0013295042265200681
4834.0241738381665,19.521888197935425,-0.0013217568060532874
4836.366800421919,19.5217295871187,-0.0013143155751528736
4838.709407972373,19.52157186924968,-0.0013071595797335038
4841.051996596683,19.52141501010011,-0.001300242197796677
4843.394566397896,19.521258981036375,-0.0012934893641784759
4845.73711747562,19.521103762312674,-0.0012868157297233154
4848.079649927097,19.520949344425105,-0.001280125100333787
4850.422163848429,19.520795729413067,-0.0012733335182718254
4852.764659335959,19.520642929390874,-0.001266368154738712
4855.107136487485,19.520490965212307,-0.001259180640668735
4857.449595403311,19.520339863535426,-0.0012517465840834554
4859.792036186936,19.520189653945337,-0.0012440743958893178
4862.134458945409,19.52004036501783,-0.0012362038821592787
4864.476863789211,19.51989202055197,-0.0012281968462003778
4866.819250831677,19.519744636930426,-0.0012201284627240713
4869.161620188109,19.519598221514897,-0.0012120897650652396
4871.503971974691,19.51945277074309,-0.0012041604886207735
4873.84630630718,19.519308271484455,-0.0011964121784768188
4876.188623299759,19.519164702023037,-0.0011888971663256399
4878.530923064001,19.51902203436308,-0.0011816394078676966
4880.873205708125,19.518880237634136,-0.001174637715886895
4883.215471336642,19.51873928110823,-0.0011678760364254622
4885.557720050375,19.51859913598386,-0.0011613188275038779
4887.899951946693,19.51845977772456,-0.0011549138712793757
4890.24216712002,19.518321188060003,-0.001148587901237142
4892.5843656625875,19.518183357511855,-0.0011422737195462445
4894.926547665489,19.51804628466551,-0.001135911070798694
4897.268713219649,19.517909975337012,-0.0011294524803607021
4899.610862416689,19.517774441039368,-0.0011228606201236886
4901.952995349614,19.517639697764952,-0.0011161305991940077
4904.295112113346,19.517505762093048,-0.001109275099156342
4906.637212804797,19.51737264908115,-0.0011023252156351078
4908.9792975226865,19.517240370055273,-0.0010953277425036821
4911.321366367093,19.517108930726174,-0.0010883375030697263
4913.663419438781,19.516978330225804,-0.0010814088108847886
4916.005456838408,19.516848561168498,-0.0010745959363957257
4918.347478665748,19.516719609656132,-0.0010679473262463026
4920.689485018906,19.516591455976982,-0.0010615040883665279
4923.031475993624,19.51646407548638,-0.0010552745741656308
4925.373451682682,19.51633744253748,-0.001049257193710573
4927.715412175786,19.516211531674234,-0.0010434383887197776
4930.057357559586,19.516086319067586,-0.0010377860665217134
4932.399287917874,19.515961784739602,-0.001032261948002045
4934.7412033320425,19.51583791330584,-0.0010268194008630617
4937.0831038816395,19.51571469497774,-0.001021415419802238
4939.4249896450365,19.515592125127363,-0.0010160123619501367
4941.766860700051,19.51547020364393,-0.0010105768420164574
4944.108717124489,19.515348934422885,-0.001005086744111341
4946.450558996619,19.51522832401359,-0.0009995400869666892
4948.792386395501,19.515108379203156,-0.000993943893586291
4951.134199401005,19.514989105935925,-0.0009883111477569748
4953.475998093718,19.514870508598193,-0.0009826672081569815
4955.81778255475,19.514752588533213,-0.0009770378388710328
4958.159552865374,19.51463534399255,-0.0009714459064475672
4960.501309106653,19.514518770483775,-0.000965916934263713
4962.843051359111,19.514402860451664,-0.0009604648731195032
4965.184779702366,19.51428760466689,-0.000955110769086638
4967.526494214926,19.5141729913746,-0.0009498663050997653
4969.868194973891,19.514059007417988,-0.0009447469099011212
4972.209882054782,19.5139456377888,-0.0009397430511702108
4974.551555531317,19.51383286862266,-0.0009348498190755489
4976.893215475551,19.513720686644373,-0.000930047362862252
4979.234861957949,19.51360908096083,-0.0009253217848366974
4981.576495047664,19.51349804234665,-0.0009206567966780511
4983.918114812745,19.51338756353105,-0.0009160275054601578
4986.259721320369,19.513277640230395,-0.0009114199038514846
4988.601314637197,19.513168269841934,-0.0009068238798889345
4990.942894829578,19.513059450976346,-0.0009022308861649029
4993.284461963695,19.512951183270005,-0.0008976383232132195
4995.626016105688,19.512843466671217,-0.0008930350405464233
4997.967557321688,19.51273630246635,-0.0008884161261276825
5000.3090856779845,19.512629692531217,-0.0008837796259756143
5002.650601241088,19.5125236389761,-0.0008791307066748454
5004.992104077765,19.5124181432913,-0.0008744789396923824
5007.33359425496,19.512313205818536,-0.0008698330701649974
5009.675071839659,19.512208825850117,-0.000865217518791144
5012.016536898761,19.512104999747862,-0.0008606502032672376
5014.357989498731,19.512001721723472,-0.0008561475549904404
5016.699429705337,19.511898984016874,-0.000851723699127114
5019.040857583419,19.51179677717298,-0.0008474005535629401
5021.382273196679,19.511695089106553,-0.0008431914883583689
5023.723676607372,19.51159390612795,-0.0008391085642549957
5026.065067876108,19.511493213100238,-0.0008351526377496547
5028.4064470616795,19.51139299478371,-0.000831309460249547
5030.747814221054,19.511293237648477,-0.0008275646366535954
5033.089169409572,19.51119392989208,-0.0008239061674353663
5035.430512681159,19.511095061151988,-0.0008203078687856901
5037.771844088497,19.510996624207735,-0.0008167358434890092
5040.1131636834025,19.510898615906516,-0.0008131580832210103
5042.4544715173115,19.51080103693653,-0.0008095448266646633
5044.795767641744,19.51070389155733,-0.000805883090941962
5047.13705210873,19.510607185586416,-0.0008021651194262163
5049.478324971001,19.510510925772085,-0.0007984012975045564
5051.819586282093,19.510415117616382,-0.0007946106360421338
5054.160836096207,19.510319764340057,-0.0007908213606743568
5056.502074467928,19.510224865776777,-0.0007870767971445296
5058.843301451821,19.510130416561122,-0.0007834205283867221
5061.1845171018085,19.510036406097715,-0.0007798921683996835
5063.525721470541,19.50994281903751,-0.0007765308929373558
5065.866914608825,19.509849635330355,-0.0007733620520840172
5068.208096565065,19.509756831884104,-0.0007704037536838961
5070.549267384891,19.509664383433662,-0.0007676553332688218
5072.890427110903,19.509572264793672,-0.0007650862072612314
5075.231575782678,19.509480454448802,-0.0007626691759211565
5077.572713437212,19.50938893414769,-0.0007603630948246821
5079.91384010931,19.50929769057631,-0.0007581124234990179
5082.254955832179,19.50920671708549,-0.0007558561968611678
5084.59606063823,19.509116014341867,-0.0007535397454728322
5086.937154559951,19.50902558957241,-0.0007511375873522413
5089.2782376307,19.508935453061927,-0.0007486311215070328
5091.619309885067,19.508845617327346,-0.000746013894760125
5093.960371359147,19.508756095659976,-0.0007433175067604505
5096.301422090626,19.508666897559166,-0.000740580182375309
5098.642462118333,19.508578027937283,-0.0007378559341229022
5100.983491481686,19.508489485225187,-0.0007351992419765749
5103.324510219913,19.50840126131615,-0.0007326641004828787
5105.66551837127,19.508313341624092,-0.0007302977450875789
5108.006515972265,19.50822570589468,-0.000728144529840295
5110.3475030569725,19.5081383285511,-0.0007262230606614084
5112.688479656399,19.508051181783824,-0.0007245370795584148
5115.029445798213,19.507964237334278,-0.0007230698855271438
5117.370401506692,19.507877468948013,-0.0007217807889979251
5119.711346802967,19.507790855253333,-0.0007206065046801315
5122.052281705597,19.50770438247277,-0.0007194824906253291
5124.393206231493,19.507618044573896,-0.0007183483225915437
5126.734120396843,19.507531842775183,-0.0007171421225376573
5129.075024217976,19.507445785720478,-0.0007158126121075613
5131.415917712262,19.507359888207024,-0.0007143353751092529
5133.756800898846,19.50727416796201,-0.0007127127057889295
5136.097673799002,19.507188642437313,-0.0007109708458830459
5138.438536436095,19.50710332593581,-0.0007091456681867239
5140.779388835207,19.507018228455628,-0.0007072848864289374
5143.120231022622,19.506933354269258,-0.0007054463357776835
5145.461063025134,19.506848700708964,-0.0007036971132907256
5147.801884869219,19.50676425705537,-0.0007020925392092076
5150.142696580066,19.506680005950663,-0.0007006783629947954
5152.48349818078,19.506595924547103,-0.0006994834450771246
5154.824289691725,19.506511986533692,-0.0006985129313683952
5157.165071130109,19.506428164981926,-0.0006977564658550094
5159.505842509907,19.506344434206024,-0.0006971726616173
5161.846603842012,19.50626077348663,-0.000696698808507213
5164.187355134831,19.50617716962961,-0.0006962759338945256
5166.528096395186,19.506093616517543,-0.0006958409712892915
5168.868827629169,19.506010115600986,-0.0006953333454168514
5171.2095488430405,19.505926675599536,-0.0006946984987828834
5173.550260044112,19.50584331177968,-0.0006939070940239092
5175.8909612415255,19.505760042928397,-0.000692958585717718
5178.231652446677,19.50567688789811,-0.0006918713962416783
5180.572333673224,19.505593863330564,-0.0006906804006892579
5182.913004936824,19.50551098168248,-0.000689446326439674
5185.253666254626,19.50542824812331,-0.000688218780147523
5187.594317644401,19.50534566186969,-0.0006870596154954087
5189.934959123825,19.505263214715832,-0.0006860261712202812
5192.275590709591,19.505180891575286,-0.0006851534015033045
5194.616212416579,19.505098673167105,-0.0006844687803719055
5196.95682425736,19.50501653691346,-0.0006839698868121482
5199.297426241789,19.504934460527043,-0.0006836397533724204
5201.6380183770525,19.50485242375664,-0.000683437840996514
5203.978600667903,19.50477041121572,-0.0006833165925852949
5206.319173117249,19.50468841322461,-0.0006832263141578036
5208.6597357268365,19.50460642606691,-0.0006830978124253524
5211.000288497965,19.50452445432942,-0.0006828846410328792
5213.340831432484,19.504442508172495,-0.0006825428200657825
5215.681364533465,19.504360603034087,-0.0006820600776475126
5218.0218878058295,19.504278755824767,-0.0006814430207659777
5220.362401256529,19.504196982662275,-0.000680709029276882
5222.702904894448,19.504115297578764,-0.0006798979453846393
5225.043398730158,19.50403370982532,-0.0006790515078744283
5227.383882775337,19.503952223644372,-0.0006782187574047393
5229.724357042174,19.503870837393485,-0.0006774473827402476
5232.064821542662,19.503789543707555,-0.0006767743015346072
5234.405276287906,19.50370833079137,-0.0006762319635062868
5236.745721287602,19.50362718295575,-0.0006758342160834087
5239.086156549556,19.50354608284982,-0.0006755806161883206
5241.426582079498,19.503465013175877,-0.000675440024146891
5243.766997881079,19.50338396037298,-0.0006753825493078687
5246.107403956324,19.503302914467064,-0.0006753646923466586
5248.447800306059,19.50322187070398,-0.0006753399050160075
5250.788186930544,19.50314082991538,-0.0006752660409549648
5253.128563830133,19.503059797990467,-0.0006751105575596424
5255.468931005892,19.50297878472356,-0.0006748515170854355
5257.809288460059,19.502897802541508,-0.000674488026066464
5260.149636196365,19.50281686397838,-0.0006740323818200292
5262.489974220042,19.502735980092563,-0.0006735083678051785
5264.830302537654,19.502655159088427,-0.0006729531916608667
5267.170621156744,19.502574404705427,-0.0006723999244357589
5269.510930085309,19.502493716714497,0.0
