position,velocity,acceleration
-46.65004131112986,19.444444444444443,1.1317613513028847e-16
-44.316707977796526,19.444444444444443,0.0004780469512653125
-41.98336776058709,19.444501810078595,0.0009374935919257018
-39.65001404346994,19.444614309309625,0.0013787550030771338
-37.31664047228074,19.444779759909995,0.0018022416212094773
-34.983240948812195,19.44499602890454,0.002208359175211649
-32.649809624971525,19.445261032005565,0.0025975086286824543
-30.316340897006604,19.445572733041008,0.002970086127361972
-27.98282939980145,19.44592914337629,0.0033264829514648197
-25.649270001241796,19.446328321330466,0.003667085472702537
-23.315657796651333,19.44676837158719,0.003992275115824863
-20.9819881032992,19.44724744460109,0.004302428324478569
-18.648256454979197,19.447763736000027,0.004597916531209786
-16.314458596661144,19.448315485983773,0.004879106131448321
-13.980590479214799,19.448900978719546,0.005146358461300008
-11.64664825420661,19.449518541734903,0.005400029778990797
-9.312628268769604,19.45016654530838,0.005640471249824864
-6.9785270605466,19.45084340185836,0.005868028934491242
-4.64434135270694,19.4515475653305,0.006083043780601083
-2.3100680490368393,19.452277530584173,0.0062858516173091815
0.02429577089655055,19.45303183277825,0.0064767831528895255
2.358752856507342,19.453809046756597,0.006656163975155055
4.693305790879376,19.454607786433616,0.00682431455459231
7.027956995380995,19.455426704180166,0.006981550250100703
9.362708734206215,19.456264490210177,0.007128181317224383
11.697563118842405,19.457119871968246,0.0072645129187803815
14.032522112464624,19.457991613518498,0.007390845137772126
16.367587534256828,19.45887851493503,0.007507472992493242
18.702761063660123,19.45977941169413,0.007614686453737347
21.038044244548352,19.460693174068577,0.007712770464007772
23.373438489331264,19.46161870652426,0.0078020049586590935
25.70894508298558,19.462554947119298,0.007882664888871209
28.044565187014296,19.463500866905964,0.007955020246383409
30.38029984333456,19.46445546933553,0.008019336089912756
32.71614997809451,19.46541778966632,0.00807587257317671
35.052116405419525,19.4663868943751,0.008124884974452814
37.38819983108817,19.46736188057203,0.008166623727599936
39.724400856138494,19.468341875419345,0.008201334454485268
42.06071998040496,19.469326035553884,0.008229257998739107
44.39715760598661,19.470313546513733,0.008250630460783772
46.73371404064689,19.471303622169028,0.008265683234071817
49.07038950114574,19.472295504157117,0.008274643042479417
51.4071841165044,19.473288461322216,0.008277731978792943
53.74409793120356,19.474281789159672,0.00827516754424239
56.08113090831536,19.47527480926498,0.008267162689014942
58.41828293256988,19.47626686878766,0.008253925853713522
60.75555381335669,19.477257339890105,0.008235661011697584
63.092943287662074,19.47824561921151,0.008212567712268403
65.4304510229425,19.47923112733698,0.008184841124644342
67.76807661993514,19.48021330827194,0.008152672082678438
70.10581961540576,19.48119162892186,0.3618099702021144
72.44356261087638,19.524608825346114,0.489666642347575
74.78651566991792,19.583368822427822,0.5212518531268968
77.13651992860926,19.64591904480305,0.5092515487404263
79.49403021398562,19.7070292306519,0.47960957596719156
81.85887372166385,19.764582379767965,0.44360288981949797
84.23062360723601,19.817814726546306,0.40615676634872483
86.60876137442156,19.866553538508153,0.3676190328430998
88.99274779904253,19.910667822449327,0.331682133586284
91.38202793773645,19.95046967847968,0.298193470976841
93.77608429915401,19.986252894996902,0.26700505035357314
96.17443464655364,20.01829350103933,0.23797611315594502
98.57662986667836,20.046850634618043,0.2109734140312714
100.98225194283252,20.072167444301794,0.18587125092711165
103.39091203614873,20.09447199441305,0.1625512356821298
105.8022486754783,20.113978142694904,0.14090196160414828
108.21592605260169,20.130886378087403,0.12080411429336337
110.63163241797217,20.145382871802607,0.10218333684274497
113.04907836258849,20.157644872223734,0.08494158796786211
115.46799574725534,20.167837862779876,0.06898933084958642
117.88813629078894,20.17611658248183,0.054243589341238345
120.30927028068676,20.182625813202776,0.04062691059992009
122.73118537827109,20.187501042474768,0.028066746334282574
125.15368550336807,20.19086905203488,0.01649503182894814
127.57658978961226,20.192848455854353,0.00584786250727674
129.99973160431477,20.193550199355226,-0.003934777739753069
132.4229576282374,20.193078026026456,-0.01290925751041538
134.8461269913606,20.191528915125204,-0.02112851817198931
137.26911046117561,20.188993492944565,-0.028642278302160047
139.69178968032895,20.185556419548305,-0.0354972248931635
142.11405645067475,20.181296752561124,-0.041737192839759046
144.5358120609821,20.176288289420352,-0.04740333372951573
146.95696665571253,20.17059988937281,-0.05253427470756633
149.37743864243728,20.1642957764079,-0.05716626805845051
151.79715413560623,20.15743582424089,-0.06133333207195358
154.21604643451514,20.150075824392253,-0.0650673837095267
156.6340555334422,20.142267738347112,-0.06839836354993895
159.05112766204385,20.13405993472112,-0.07135435346136085
161.4672148542104,20.125497412305755,-0.0739475382489144
163.8822745436871,20.116623707715885,-0.07622708150901003
166.29626938861298,20.107476457934805,-0.07821017380278075
168.70916656356516,20.09809123707847,-0.07991584384111841
171.1209375120146,20.088501335817536,-0.08136323911041206
173.5315576723127,20.078737747124286,-0.08257089217982153
175.9410062019676,20.06882924006271,-0.08355642964134438
178.34926571077514,20.058802468505746,-0.08433647858081614
180.75632200699584,20.04868209107605,-0.0849266600254011
183.16216385792498,20.038490891873,-0.0853416195683839
185.56678276494975,20.028249897524795,-0.08559507280236282
187.97017275265273,20.01797848878851,-0.08569985557293822
190.37233017130734,20.00769450611976,-0.08566797464982437
192.77325351204172,19.99741434916178,-0.08551065692847198
195.17294323394114,19.98715307033036,-0.08523839640575576
197.57140160238077,19.97692446276167,-0.08486099867853658
199.96863253791219,19.966741142920245,-0.08438762293689306
202.36464147506263,19.956614628167817,-0.08382682151972418
204.75943523044276,19.94655540958545,-0.08318657713929384
207.153021879593,19.936573020328733,-0.08247433754487651
209.54541064203246,19.926676099823347,-0.08169717678574503
211.93661177401125,19.916872438609058,-0.0808613401981684
214.32663646664435,19.907169077785277,-0.07997292347820692
216.7154967559786,19.897572326967893,-0.07903757363130293
219.10320543521473,19.888087818132135,-0.07806053363158444
221.48977597339058,19.878720554096343,-0.07704667407172514
223.87522243988215,19.869474953207735,-0.07600052405638474
226.2595594342671,19.86035489032097,-0.07492628738979493
228.6428020211056,19.851363735834195,-0.07382786766718563
231.0249656694057,19.842504391714133,-0.07270888711876493
233.4060661964114,19.833779325259883,-0.0715727028684998
235.78611971544257,19.82519060091566,-0.07042242803646953
238.16514258755245,19.816739909551284,-0.06926094140650102
240.5431513766986,19.808428596582505,-0.06809090484474911
242.9201628082885,19.800257688001135,-0.066914777072926
245.29619373084864,19.792227914752385,-0.06573482655300115
247.67126108061893,19.784339735566025,-0.0645531435841414
250.04538184888685,19.77659335833593,-0.06336085546154151
252.41857305188717,19.768990055680543,-0.09443028425217793
254.79085185856883,19.757658421570284,-0.13794961774194375
257.16177086915724,19.74110446744125,-0.18510023512675355
259.53070340525016,19.71889243922604,-0.232021272887281
261.8969704979573,19.691049886479565,-0.27708396210061215
264.25989648433483,19.65779981102749,-0.31966091270415437
266.61883246165814,19.619440501502993,-0.35957061715236127
268.9731653218385,19.57629202744471,-0.39682691540102205
271.3223203651319,19.528672797596585,-0.4331592337218002
273.66576110084344,19.47669368954997,-0.4661002458186446
276.00296434358944,19.42076166005173,-0.49631126523114333
278.33345574279565,19.361204308223993,-0.5241669106584244
280.65680025978253,19.298304278944983,-0.5499077211675074
282.97259677325593,19.232315352404882,-0.573709361477196
285.2804746155445,19.16347022902762,-0.5957141364036349
287.58009104302783,19.091984532659183,-0.616045465959651
289.8711291869469,19.018059076744024,-0.6348146499258118
292.1532962761562,18.941881318752927,-0.652124136394308
294.42632203440655,18.86362642238561,-0.6680691986856487
296.6899572050928,18.783458118543333,-0.6827388815581237
298.943972179318,18.701529452756358,-0.6962166062641857
301.18815571364877,18.617983460004655,-0.708580611059439
303.4223137288493,18.532953786677524,-0.7199043075465366
305.6462681832506,18.44656526977194,-0.7302565897379832
307.8598560156232,18.358934479003384,-0.739702113040575
310.06292815310366,18.270170225438516,-0.7483058963197341
312.2553485801563,18.18037351788015,-0.756278369847381
314.43699340230194,18.089620113498462,-0.7635261162489324
316.60774781592175,17.99799697954859,-0.7700728575904152
318.7675074534676,17.90558823663774,-0.7744456852745583
320.91617804186416,17.812654754404793,-0.7792983053349143
323.05369661239274,17.719138957764603,-0.7840341957744024
325.1799932873245,17.625054854271674,-0.788398846880021
327.2949998698371,17.530446992646073,-0.7923166114605422
329.3986535089546,17.435368999270807,-0.7957782887108659
331.49089778886713,17.339875604625504,-0.7987830922008607
333.5716828614222,17.244021633561402,-0.8013546822633671
335.64096545744957,17.147859071689798,-0.8035199074140176
337.69870854605233,17.051436682800116,-0.8053191048418646
339.74488094798835,16.954798390219093,-0.8067833951403164
341.77945675481465,16.857984382802254,-0.8079404907716403
343.8024148807509,16.761031523909658,-0.8088172069743378
345.8137386636201,16.663973459072736,-0.8094320869765967
347.8134154787088,16.566841608635546,-0.8098815532272235
349.8014364717451,16.469655822248278,-0.8083627423952029
351.7777951704149,16.372652293160854,-0.8079868723936938
353.74251344559417,16.27569386847361,-0.8085258639923507
355.695596709811,16.17867076479453,-0.8085212877512856
357.63703720158634,16.081648210264373,-0.8075617014098513
359.56683498681804,15.984740806095191,-0.8078240937137023
361.48500388354944,15.887801914849547,-0.8060782121069481
363.39154011333136,15.791072529396713,-0.8045613725605523
365.286468816859,15.694525164689447,-0.8034452385851709
367.1698118366217,15.598111736059225,-0.8024573542620899
369.0415852449488,15.501816853547774,-0.8014797047083105
370.90180326737453,15.405639288982778,-0.8004636882436658
372.75047998205247,15.309583646393538,-0.7993917347941618
374.58763001961967,15.213656638218238,-0.7982599881843946
376.41326881620586,15.11786543963611,-0.7970705019006075
378.2274126689622,15.022216979408038,-0.7958277338927855
380.03007870649117,14.926717651340903,-0.7945263314968338
381.8212848246521,14.831374491561283,-0.7931884925907184
383.6010497636394,14.736191872450396,-0.7918161485045809
385.36939278833347,14.641173934629846,-0.7904127916147575
387.126333660489,14.546324399636076,-0.788982427208564
388.87189258844535,14.451646508371049,-0.7875291109457436
390.6060901694499,14.35714301505756,-0.7752975364802288
392.3289473312568,14.264107310679933,-0.7373820481534394
394.0406402085384,14.17562146490152,-0.6899462343988549
395.7417147843266,14.092827916773658,-0.6390319745491304
397.43285413433944,14.016144079827763,-0.5898286039548719
399.11479142391875,13.945364647353179,-0.5431054381822932
400.7882351816011,13.880191994771303,-0.49801919361204794
402.4538582209737,13.820429691537857,-0.45673226620754054
404.11230978395827,13.765621819592953,-0.41791632546537927
405.7641844023094,13.715471860537107,-0.38323582696268277
407.4100410255739,13.669483561301586,-0.3507241793462721
409.05037905293005,13.627396659780034,-0.3189270240028109
410.68566665210363,13.589125416899696,-0.28954465090252146
412.3163617021316,13.554380058791393,-0.2609637423488995
413.9428873091866,13.523064409709525,-0.23481293206008708
415.56565503835174,13.494886857862314,-0.21066267999918503
417.1850414612952,13.469607336262412,-0.18826389973704094
418.8013943416467,13.447015668293966,-0.16745222970334936
420.415036221842,13.426921400729565,-0.14810460958919036
422.02626678992954,13.409148847578862,-0.13011949267106854
423.635364651639,13.393534508458334,-0.11338432644565885
425.24258879265403,13.379928389284855,-0.09785697794956527
426.8481801993682,13.368185551930907,-0.08345379175043838
428.4523624655999,13.358171096920854,-0.06886201182946189
430.0553429972304,13.349907655501319,-0.05600158697993058
431.65733191589055,13.343187465063727,-0.044400509596400906
433.2585144116982,13.337859403912159,-0.03381504313458975
434.8590575401676,13.333801598736008,-0.02410640977726771
436.4591137320159,13.330908829562736,-0.01518496563361353
438.05882279156344,13.329086633686702,-0.006984888915872301
439.65831318760587,13.328248447016797,0.0005473453887006107
441.2577030012479,13.328314128463441,0.007458277050809753
442.8571006966635,13.329209121709539,0.013789917884533848
444.45660579126866,13.330863911855683,0.019580961349527026
446.05630946069135,13.333213627217626,0.024867408289528423
447.6562950959575,13.33619771621237,0.029682896545687766
449.256638821903,13.339759663797853,0.03405894019666087
450.8574099815587,13.343846736621453,0.038025100866944536
452.45867158995327,13.348409748725485,0.041609100123417016
454.0604807598003,13.353402840740296,0.04483695865753879
455.66288910068914,13.358783275779201,0.04773308185862108
457.26594309378265,13.364511245602236,0.05033075714868451
458.8696844432549,13.370550936460077,0.052634123360863566
460.47415055563016,13.37686703126338,0.05466726719766938
462.07937459938177,13.3834271033271,0.056450843882398474
463.685385851781,13.390201204592989,0.05800334866956108
465.2922099963322,13.397161606433336,0.05934172552191493
466.8998693891042,13.404282613495965,0.06048167637487452
468.5083833027237,13.41154041466095,0.06143783319623866
470.117768152483,13.418912954644497,0.06222386619608048
471.72803770704036,13.426379818588027,0.06285256141719767
473.3392032852709,13.433922125958091,0.06333588125479975
474.9512739403859,13.441522431708666,0.062457137677535655
476.5642566321909,13.449017288229971,0.062243702570828334
478.1781387067785,13.45648653253847,0.062265000113952
479.7929170906831,13.463958332552144,0.06233169938019718
481.40859209058937,13.471438136477767,0.06236310661779271
483.0251646669667,13.478921709271901,0.062327287885731594
484.6426352720793,13.48640098381819,0.06221404179985826
486.2610033901375,13.493866668834173,0.06202270906192911
487.8802673903976,13.501309393921604,0.061756682674905854
489.5004245176682,13.508720195842592,0.061420943658949435
491.1214709411693,13.516090709081666,0.061020962496197276
492.7434018262591,13.52341322458121,0.06056221666059276
494.3662114132089,13.530680690580482,0.06004998562315761
495.9898930960785,13.537886688855261,0.05948927028738385
497.61443949874115,13.545025401289747,0.058884768163745424
499.23984254689594,13.552091573469397,0.05824087281335743
500.86609353571225,13.559080478207001,0.057561513410045825
502.4931831930971,13.565987859816206,0.05685083322604532
504.121101736275,13.572809959803331,0.056112293672186966
505.74983893145145,13.579543435043993,0.05537251915174674
507.37938414365675,13.586188137342203,0.05459505442141997
509.0097267201378,13.592739543872774,0.05379205088404764
510.6408554654025,13.59919458997886,0.052970128060015526
512.2727588161999,13.605551005346062,0.05213371296607165
513.9054249368414,13.61180705090199,0.05128579110492079
515.5388417829497,13.617961345834582,0.050428652290618575
517.1729971444498,13.624012784109455,0.04956448834869402
518.8078786785429,13.629960522711299,0.0486950142888601
520.4434739412683,13.635803924425963,0.0478220371368114
522.0797704121994,13.64154256888238,0.046947030929917775
523.7167555204653,13.64717621259397,0.046071269215406704
525.3544166659766,13.65270476489982,0.04519614283112264
526.9927412377646,13.658128302039554,0.04432276829114959
528.6317166340093,13.663447034234492,0.04345218021160428
530.2713302781175,13.668661295859884,0.04258532855074961
531.9115696336207,13.673771535285974,0.04172308051543359
533.552422217855,13.678778304947826,0.04086622439352758
535.1938756144488,13.68368225187505,0.04001547408767531
536.8359174846738,13.688484108765572,0.03917138975253279
538.4785355777257,13.693184675535875,0.03833469437631602
540.1217177387899,13.697784838861033,0.037505872147275174
541.7654519194532,13.702285543518705,0.036685369847951135
543.4097261846755,13.70668778790046,0.03587359046946895
545.0545287192235,13.710992618756796,0.03507089231739757
546.6998478334743,13.715201125834884,0.034277590542080114
548.3456719685745,13.719314436699934,0.0334939596151175
549.9919897009785,13.723333711853748,0.03269776505530015
551.6387897464009,13.727257443660383,0.0319280843726594
553.2860606396401,13.731088813785101,0.031175660304101013
554.9337912972943,13.734829893021594,0.030436414160968504
556.581970884457,13.73848226272091,0.030951410308830102
558.2305887559835,13.74219643195797,0.03071968212106212
559.8796523278185,13.745882793812497,0.030162561402151903
561.5291582630759,13.749502301180755,0.02947002486566819
563.1790985392176,13.753038704164634,0.028727561302385938
564.8294631837174,13.75648601152092,0.027973472378834026
566.4802415050999,13.75984282820638,0.027224759399322986
568.1314226444847,13.7631097993343,0.026488811806358144
569.7829958204048,13.766288456751063,0.02576868771705003
571.434950435215,13.769380699277109,0.025065499038814644
573.0872761191282,13.772388559161767,0.024369824675562906
574.7399627462277,13.775312938122834,0.023699231455511297
576.3930002988023,13.778156845897495,0.023048688690319192
578.04637912031,13.780922688540334,0.022415724276292855
579.7000898429349,13.783612575453489,0.02178911253815893
581.3541233519893,13.786227268958068,0.02118807103260046
583.0084706242643,13.788769837481981,0.020597926497702288
584.6631230047622,13.791241588661705,0.020034804527002823
586.3180719954015,13.793645765204946,0.01949388386529506
587.9733094872261,13.795985031268781,0.018952585466049623
589.6288276909784,13.798259341524707,0.018425900852804558
591.2846188119613,13.800470449627044,0.017899193438899622
592.9406752659165,13.802618352839712,0.0173911893114628
594.5969894682573,13.804705295557088,0.016898582189871593
596.2535541037242,13.806733125419873,0.016408815438134963
597.9103620787746,13.80870218327245,0.01593803439151899
599.5674063407673,13.810614747399432,0.015482515225337359
601.2246801104552,13.812472649226473,0.015040479393956986
602.8821768283624,13.814277506753747,0.014611035320915067
604.5398901291728,13.816030830992258,0.015458559944395617
606.1978138288919,13.817885858185585,0.015554135283647465
607.8559601318741,13.819752354419624,0.015316121149762461
609.5143304144044,13.821590288957594,0.014942621519021603
611.1729212490793,13.823383403539877,0.014517757206003139
612.8317272575041,13.825125534404597,0.014079167693715791
614.4907423216326,13.826815034527844,0.013643516860166262
616.149960125776,13.828452256551063,0.013218012264198012
617.8093743965621,13.830038418022767,0.012805606991039241
619.4689790067249,13.83157509086169,0.012407348198329785
621.1287680176283,13.83306397264549,0.012023436130894315
622.7887356943457,13.834506784981198,0.011653718993532599
624.4488765085434,13.835905231260421,0.01129784342029139
626.1091851362947,13.837260972470856,0.010955436104935528
627.7696564529913,13.838575624803449,0.010626102734283115
629.4302855279677,13.839850757131563,0.010309448688741585
631.0910676188236,13.841087890974212,0.010005087476164631
632.7519981657405,13.842288501471351,0.009712643643220074
634.413072785917,13.843454018708538,0.009431753273892332
636.074287268162,13.844585829101405,0.009162063426719855
637.7356375676542,13.845685276712612,0.008898674339988913
639.3971198008597,13.84675311763341,0.008648911237745603
641.0587301749757,13.84779098698194,0.00841069536690331
642.7204650934135,13.848800270425969,0.008182904544490364
644.3823211258647,13.849782218971308,0.007964876586313886
646.0442949921412,13.850738004161666,0.007756149177427556
647.7063835526407,13.851668742062957,0.007556359192928291
649.3685838016883,13.852575505166108,0.007365163697744719
651.0308928623082,13.853459324809837,0.007182259882174873
652.6933079812853,13.854321195995698,0.007007356110128628
654.3558265248048,13.855162078728913,0.006840149376028065
656.0184459742522,13.855982896654037,0.006680355186085309
657.6811639218507,13.856784539276367,0.006527695921372501
659.3439780665639,13.857567862786931,0.006381875262468263
661.0068862100983,13.858333687818428,0.006242608449627374
662.6698862526365,13.859082800832383,0.006109620370214473
664.3329761887364,13.859815955276808,0.0059826138842505525
665.9961541033697,13.860533868942918,0.005861310172696942
667.6594181676428,13.861237226163642,0.005745430650759387
669.3227666347824,13.861926677841733,0.005634698126124258
670.9861978361234,13.862602841616868,0.005528845128168853
672.6497101771174,13.863266303032248,0.0054275864874017
674.3133021334813,13.863917613410736,0.0053306559982242
675.9769722470907,13.864557292130524,0.005237789514732872
677.6407191221463,13.865185826872292,0.005148726315442161
679.3045414213709,13.865803674030145,0.005063209977987985
680.9684378622545,13.866411259227503,0.004980989029750351
682.6324072133618,13.867008977911073,0.004901817491202545
684.2964482907112,13.867597196010017,0.0048254553620966
685.9605599542324,13.868176250653468,0.004751669070870775
687.6247411043108,13.868746450941972,0.0046802318946111855
689.2889906784238,13.869308078769325,0.004610924351234652
690.9533076478762,13.869861389691474,0.0045435345633168
692.6176910146391,13.870406613839071,0.004477858592223095
694.2821398082998,13.870943956870137,0.004413700741024659
695.9466530831243,13.87147360095906,0.004350873823676245
697.6112299152394,13.871995705817902,0.0030653820024195777
699.2758693999375,13.872363551658193,0.002615265610697862
700.9405530261365,13.872677383531476,0.0025324329849520837
702.6052743121603,13.872981275489671,0.0026059182948674642
704.2700320652191,13.873293985685056,0.0027407524625517408
705.9348273435013,13.873622875980562,0.0028944696668255264
707.599662088619,13.87397021234058,0.0030482537451104953
709.2645385140999,13.874336002789994,0.0031939538531295325
710.9294588344346,13.87471927725237,0.003328221172488294
712.5944251477049,13.875118663793067,0.0034498619579808013
714.2594393873601,13.875532647228026,0.003558643233952546
715.9245033050274,13.8759596844161,0.0025441996318794355
717.5896184671574,13.876264988371926,0.0023745273087201237
719.254770265762,13.876549931648972,0.002561414038180547
720.9199562575599,13.876857301333553,0.0028855372709080613
722.5851791337199,13.877203565806061,0.002160337522511006
724.2504435616166,13.877462806308763,0.0017853910871054954
725.9157390983737,13.877677053239216,0.003249466741457465
727.5810603447624,13.878066989248191,0.003451366691832677
729.2464283834721,13.878481153251212,0.004866663232790008
730.9118461218623,13.879065152839146,0.006764238197513575
732.577333940203,13.879876861422849,0.007370427545044258
734.2429191635737,13.880761312728254,0.007220992260856495
735.9086105211011,13.881627831799557,0.006639416570800043
737.5744058609171,13.882424561788053,0.006314745437025883
739.2402968083317,13.883182331240496,0.006055193669093654
740.9062786880805,13.883908954480788,0.005522054355513973
742.5723477626183,13.884571601003449,0.0052997314594960005
744.2384963547387,13.885207568778588,0.004845195901933613
745.9047212629921,13.88578899228682,0.00431626179907482
747.5710159420665,13.886306943702708,0.0033651189782491057
749.2373727753109,13.886710757980099,0.0029400198682686517
750.9037780662685,13.887063560364291,0.0027341973636541904
752.5702256935123,13.88739166404793,0.002631326363719542
754.236712693198,13.887707423211577,0.002556987502973005
755.9032375839834,13.888014261711934,0.0024940757086389384
757.5697992953887,13.88831355079697,0.0024487638595706686
759.2363969214844,13.888607402460119,0.002400882075386819
760.9030298097796,13.888895508309165,0.002361883326067335
762.5696972707767,13.889178934308294,0.0023137029979454233
764.2363987428937,13.889456578668048,0.0019768273624102
765.9031335323339,13.889693797951537,0.0016611510253396443
767.569896788088,13.889893136074578,0.0015040861688675024
769.236683964417,13.890073626414843,0.001416404225331751
770.9034927995868,13.890243594921882,0.0013580116242053472
772.5703220309774,13.890406556316787,0.0013189287478813942
774.2371708177354,13.890564827766532,0.0012783694994114424
775.9040385970674,13.890718232106462,0.0012356899706084255
777.5709247849202,13.890866514902935,0.0008884905863925708
779.2378287667085,13.890973133773302,0.0007397809759353028
780.9047455427612,13.891061907490414,0.0007618429857943143
782.5716729716601,13.89115332864871,0.0005369669662982647
784.2386113710979,13.891217764684665,0.00044421400003609885
785.9055575028601,13.89127107036467,0.00029017656529783606
787.5725100313039,13.891305891552506,0.00013174973855603178
789.2394667382902,13.891321701521132,0.00027330166445192153
790.9064253424727,13.891354497720867,0.00041400553040383257
792.5733878821992,13.891404178384516,0.00019602553263671095
794.2403563836053,13.891427701448432,2.976668341412588e-05
795.9073277077791,13.891431273450442,0.00020724108469990314
797.5742994605932,13.891456142380605,3.279612872744803e-05
799.2412741976789,13.891460077916053,-2.170382166334718e-05
800.9082494070288,13.891457473457454,0.0001103438175958179
802.5752243038437,13.891470714715565,0.00010565955877500629
804.2422007896096,13.891483393862618,-3.2462919812222214e-06
805.9091787968731,13.891483004307581,-0.0002727506706719604
807.57615675739,13.8914502742271,-0.0001633983656453954
809.2431307902972,13.891430666423222,-0.00031671494353487475
810.9101024702679,13.891392660629998,-0.0003959396641320975
812.5770695895435,13.891345147870302,-0.00041495206999215325
814.244031007288,13.891295353621903,-0.00026650056531345113
815.9109864497226,13.891263373554064,-0.00011111142066699012
817.5779380545491,13.891250040183584,-1.5825121121582644e-05
819.2448880593712,13.891248141169049,-0.00026939467368798534
820.9118378363115,13.891215813808206,-8.89368435593072e-05
822.5787837339685,13.891205141386978,-0.00015517487975299024
824.245728350935,13.891186520401408,-0.001348052699840078
825.9126707333832,13.891024754077428,-0.00047723891628200866
827.5795937038724,13.890967485407474,-0.0009706542039000567
829.2465098021213,13.890851006903006,-0.0010339407526182174
830.9134119229496,13.890726934012692,-0.0009680846702687872
832.5802991550312,13.89061076385226,-0.0008346395398019985
834.2471724466934,13.890510607107483,-0.0006708944256554564
835.9140337195463,13.890430099776404,-0.0004948579431206497
837.5808853315194,13.890370716823229,-0.00031548810644727477
839.2477298175382,13.890332858250455,-0.00013276480966072085
840.9145697605283,13.890316926473295,4.6851181529161355e-05
842.581407791705,13.890322548615078,0.00022602260999885613
844.2482464975388,13.890349671328279,-0.0004450044395110178
845.9150884580982,13.890296270795538,-0.00055504202987164
847.5819240105938,13.890229665751953,-0.0004944811391483404
849.2487515704839,13.890170328015255,-0.0003456040706531267
850.9155720098457,13.890128855526777,-0.00014702627840073852
852.5823874725089,13.89011121237337,6.960473559021459e-05
854.2492008179937,13.89011956494164,0.0002962713781261558
855.9160151657867,13.890155117507016,-0.00027996497466719505
857.5828337798876,13.890121521710055,-0.0002912496239347823
859.2496483624927,13.890086571755184,-0.00016307016562295767
860.9164587511034,13.890067003335309,-0.0005357842889526076
862.5832667915037,13.890002709220635,-0.000563960760455117
864.2500671166101,13.88993503392938,-0.0003857617383931595
865.9168593206816,13.889888742520773,-0.00032066051867578815
867.5836459697841,13.889850263258532,-0.0002291054720496073
869.2504280013751,13.889822770601887,-0.00024153968911350498
870.9172067338474,13.889793785839194,-0.00015722139969126997
872.583981988148,13.88977491927123,-0.00011947488138589908
874.2507549784606,13.889760582285465,-5.253859879723233e-05
875.9175262483349,13.88975427765361,-6.6088069504241096e-06
877.5842967616533,13.889753484596776,4.7122717878019996e-05
879.2510671798049,13.889759139322921,8.839964278182339e-05
880.9178382765236,13.889769747280054,0.00012967723695449563
882.5846106461972,13.889785308548488,0.00015988958882817402
884.2513848832231,13.889804495299147,-0.00021005604156159544
885.918161422659,13.889779288574159,0.0001862983310540646
887.5849349372878,13.889801644373886,0.0003301705810187226
889.2517111346127,13.889841264843609,-4.7742116755889385e-05
890.9184920863939,13.889835535789599,-8.0244088864024e-05
892.5852723506887,13.889825906498935,4.73085129225374e-05
894.2520514594686,13.889831583520486,-0.0001389223180328771
895.9188312494911,13.889814912842322,-6.218524898163883e-05
897.5856090390322,13.889807450612444,0.00013578457781895543
899.2523859331056,13.889823744761783,-3.075770833684393e-05
900.9191647824771,13.889820053836782,6.383086298023444e-05
902.5859431889374,13.88982771354034,-0.00013212570994451168
904.2527225145623,13.889811858455147,-0.0014767533571711433
905.9194999375769,13.889634648052287,-0.0003824577471258241
907.5862560953432,13.88958875312263,-0.00017861151755834792
909.2530067457179,13.889567319740523,5.072525270409747e-05
910.9197548240868,13.889573406770849,0.0002459982759642925
912.5865036328993,13.889602926563963,0.0002453038158110432
914.253255984087,13.88963236302186,-0.0004978724709543525
915.9200118676496,13.889572618325346,4.2073624221992925e-06
917.5867605818486,13.889573123208837,0.00017402830241285816
919.2535093566337,13.889594006605126,0.00020807129139962792
920.9202606374263,13.889618975160094,0.00020134009469439663
922.5870149144455,13.889643135971458,0.00017045754219246714
924.253772090762,13.889663590876522,0.00012896620274876656
925.9205317216672,13.889679066820852,8.325587805406318e-05
927.5872932096858,13.889689057526219,3.869468859431919e-05
929.2540558965889,13.88969370088885,-8.88962319461776e-06
930.9208191406955,13.889692634134066,-5.673523082237245e-05
932.5875822567915,13.889685825906367,-0.00010387520297602816
934.2543445559003,13.88967336088201,-0.00015018517508867788
935.9211053592061,13.889655338661,-0.0001960108227742991
937.5878639998454,13.889631817362268,-0.0002405116141939522
939.2546198179289,13.889602955968565,-0.0002834447583916094
940.9213721726451,13.889568942597558,-0.00032492971174930083
942.5881204457568,13.889529951032149,0.01897289199699324
944.2548640398807,13.891806698071788,0.046055678156695846
945.9218808436493,13.897333379450592,0.07723527749042086
947.5895608491834,13.906601612749443,0.10695781964209715
949.2583530427133,13.919436551106495,0.13496567339855972
950.9286854288462,13.935632431914321,0.1621545736537706
952.6009613206759,13.955090980752773,0.18587756597397043
954.2755722383662,13.97739628866965,0.2072830915752686
955.9528597930065,14.002270259658683,0.2293967384665804
957.6331322241656,14.029797868274672,0.24958665066652097
959.3167079683585,14.059748266354655,0.269345773387914
961.0038777603211,14.092069759161204,0.2872040052754732
962.6949261314204,14.12653423979426,0.3035113892153084
964.3901102401957,14.162955606500097,0.3203720586423418
966.0896649129756,14.201400253537178,0.3352953912413781
967.7938329434002,14.241635700486144,0.34885848036664935
969.5028292274585,14.283498718130142,0.361253796699044
971.2168490736341,14.326849173734027,0.3717421380322887
972.9360709744822,14.371458230297902,0.3818423741212369
974.6606459621179,14.41727931519245,0.39290961949275793
976.390719479941,14.464428469531581,0.4024557790391444
978.1264508962848,14.512723163016279,0.41095447553176545
979.8679776758468,14.56203770008009,0.4186430476857
981.6154221998564,14.612274865802375,0.42564419519645513
983.3688951837527,14.66335216922595,0.43205186858248984
985.1284974440598,14.715198393455848,0.43791585149823653
986.8943212512745,14.767748295635636,0.44327690524542174
988.6664510467508,14.820941524265086,0.44817054388920974
990.4449640296626,14.87472198953179,0.452615682770609
992.2299306684065,14.929035871464263,0.4566605634116348
994.0214149729823,14.98383513907366,0.4603302323239999
995.8194751896712,15.03907476695254,0.4636496391706213
997.6241641617055,15.094712723653014,0.46663101086938186
999.4355296885439,15.15070844495734,0.4693136048308369
1001.2536147019388,15.20702607753704,0.47171522520062875
1003.0784578312432,15.263631904561116,0.47385417925063883
1004.9100936597905,15.320494406071193,0.4757483616701849
1006.748552988519,15.377584209471616,0.47741487924944376
1008.5938630936556,15.43487399498155,0.4788699173520748
1010.4460479730534,15.492338385063798,0.4801286956700855
1012.305128579261,15.549953828544208,0.48120555523146064
1014.1711230386863,15.607698495171983,0.4821139079860639
1016.044046858107,15.665552164130311,0.4828663272718694
1017.9239131178026,15.723496123402935,0.483474592508281
1019.8107326526109,15.781513074503929,0.4839402238019147
1021.7045142215513,15.839585901360158,0.4842893015664934
1023.6052645297145,15.897700617548137,0.48452797528013253
1025.5129886038203,15.955843974581754,0.48466370410878956
1027.42768988077,16.01400361907481,0.4847042332509703
1029.3493703150589,16.072168127064927,0.48465715082322924
1031.2780304903067,16.130326985163716,0.48452970443981264
1033.2136697285264,16.188470549696493,0.48432873481361405
1035.15628619449,16.24658999787413,0.48406066106760653
1037.1058769942347,16.30467727720224,0.48373148859010046
1039.062438267499,16.362725055833053,0.48334682564776016
1041.0259652741988,16.420726674910785,0.4829119044418163
1042.996452475188,16.478676103443803,0.48243160194533297
1044.9738936076014,16.536567895677244,0.48191046077211824
1046.9582817550827,16.594397150969897,0.48135270920227935
1048.9496094131991,16.65215947607417,0.48076228020076694
1050.947868550328,16.709850949698264,0.48014282950376497
1052.9530506642918,16.767468089238715,0.4794977521693714
1054.9651468350005,16.82500781949904,0.47883019906384705
1056.9841477733403,16.8824674433867,0.47814309166464497
1059.0100438665468,16.93984461438646,0.4774391362375176
1061.0428252202732,16.99713731073496,0.4767208371833231
1063.0824816975614,17.054343811196958,0.4759905096063167
1065.129002954905,17.111462672349717,0.47525029115205514
1067.182378475587,17.168492707287964,0.47450215327032563
1069.2425976004615,17.225432965680405,0.4737479112972109
1071.3096495563432,17.28228271503607,0.4729892349346904
1073.3835234821474,17.339041423228235,0.47222765728824656
1075.4642084529348,17.395708742102823,0.4714645836816002
1077.551693501987,17.452284492144614,0.47070129995848803
1079.6459676410445,17.508768648139633,0.4699389803055518
1081.7470198788212,17.565161325776298,0.4691786946264062
1083.8548392379143,17.621462769131465,0.46842141549337807
1085.96941477021,17.677673338990672,0.4676680247017271
1088.090735570889,17.733793501954878,0.4669193194488664
1090.2187907911234,17.789823820288742,0.4661760181596104
1092.353569649558,17.845764942467895,0.46543876597709966
1094.495061442654,17.901617594385147,0.46470813993762383
1096.6432555539802,17.95738257117766,0.4639846538464142
1098.7981414625215,18.013060729639232,0.4632687628703881
1100.959708750078,18.06865298118368,0.4625608678628109
1103.12794710782,18.124160285327214,0.46186131943386555
1105.3028463420594,18.179583643659278,0.4611704217802487
1107.4843963792985,18.23492409427291,0.4604884362862167
1109.6725872706113,18.290182706627256,0.4598155849076224
1111.8674091954065,18.34536057681617,0.4591520533500334
1114.0688524646243,18.400458823218173,0.45849799405117414
1116.2769075234105,18.455478582504313,0.4578534773372899
1118.4915649533111,18.510420999784788,0.45721868585827763
1120.7128154732852,18.56528724208778,0.4565936670437517
1122.9406499423358,18.62007848213303,0.455978457005575
1125.1750593601917,18.674795896973702,0.45537307620302786
1127.4160348678286,18.729440666118066,0.45477752851581393
1129.6635677477627,18.784013969539963,0.45419180178421
1131.9176494241076,18.83851698575407,0.45361586894378064
1134.178271462398,18.892950890027322,0.4530496893645917
1136.4454255692012,18.947316852751072,0.4524932102219385
1138.7191035915314,19.001616037977705,0.4519463678239095
1140.9992975160887,19.055849602116574,0.45140908886504977
1143.2859994683427,19.11001869278038,0.45088129159516965
1145.5792017114763,19.1641244477718,0.4503628869012262
1147.878896645209,19.21816799419995,0.44985377930412856
1150.1850768045128,19.272150447716445,0.44935386787376846
1152.4977348582388,19.326072911861296,0.4488630470665209
1154.816863607662,19.37993647750928,0.4351123704628445
1157.1424559849631,19.43214996196482,0.40962065411835313
1159.4743139803988,19.481304440459024,0.37855600043375753
1161.812070513254,19.526731160511076,0.348040508689335
1164.1552782525152,19.568496021553795,0.31885265012172914
1166.5034977751018,19.6067583395684,0.291278913004979
1168.85630877585,19.641711809129,0.2653873622830707
1171.2133141929455,19.67355829260297,0.24115098661419143
1173.5741411880579,19.702496410996673,0.21725897205457684
1175.9384407573775,19.72856748764322,0.19607274512708753
1178.3058688558947,19.752096217058472,0.17553301686518563
1180.6761204019417,19.773160179082296,0.1583098217872978
1183.0488996234317,19.792157357696773,0.14304755545060627
1185.4239585063553,19.809323064350846,0.12741764337546713
1187.8010772740774,19.8246131815559,0.11297724735747028
1190.180030855864,19.838170451238796,0.09957521748392359
1192.5606113100127,19.850119477336868,0.08711350068912621
1194.9426256472932,19.860573097419564,0.07375239518109233
1197.3258944189836,19.869423384841294,0.0620873895181738
1199.7102252251645,19.876873871583474,0.05157772238067175
1202.0954500897546,19.883063198269156,0.04198080631674059
1204.481417673547,19.888100895027165,0.033162372945152854
1206.8679897809502,19.892080379780584,0.02503855184480828
1209.2550394265238,19.89508500600196,0.017549622920356913
1211.642449627244,19.897190960752404,0.010648099146426684
1214.0301125425344,19.898468732649974,0.004293188108681722
1216.4179287904524,19.898983915223017,-0.001551654677910927
1218.805806860279,19.89879771666167,-0.0069199882014809744
1221.1936625862784,19.89796731807749,-0.011842996038825045
1223.5814186644477,19.89654615855283,-0.01634982168814768
1225.969004203474,19.894584179950254,-0.020467776463392654
1228.356354305068,19.892128046774648,-0.02422248662882391
1230.7434096706809,19.889221348379188,-0.02917815590149771
1233.1301162324864,19.88571996967101,-0.032879332399485206
1235.516402628847,19.88177444978307,-0.035864789351843895
1237.9022155628209,19.87747067506085,-0.03838818491077982
1240.2875120438282,19.872864092871556,-0.04057375408556117
1242.6722557349729,19.867995242381287,-0.042486670143539566
1245.0564151640585,19.862896841964062,-0.04416486268680247
1247.4399627850942,19.857597058441645,-0.045633290840171585
1249.8228744321073,19.852121063540825,-0.0469109892568879
1252.205128959732,19.846491744829997,-0.04801336531553482
1254.5867079691116,19.840730140992132,-0.048953904534472195
1256.9675955860307,19.834855672447997,-0.04974487114855418
1259.3477782667244,19.82888628791017,-0.050397518443288235
1261.7272446212737,19.822838585696974,-0.05092230125136957
1264.1059852515573,19.81672790954681,-0.05132896895237994
1266.483992600703,19.810568433272525,-0.05162662833016691
1268.8612608126957,19.804373237872905,-0.051823791613712845
1271.2377856012404,19.79815438287926,-0.05192841667670847
1273.6135641271858,19.791922972878055,-0.051947942605470115
1275.9885948839312,19.7856892197654,-0.05188932225670338
1278.362877590303,19.779462501094596,-0.05175905187190179
1280.7364130904343,19.773251414869968,-0.05156319979774392
1283.1092032602187,19.767063830894237,-0.05130743244710516
1285.481250919926,19.760906939000584,-0.05099703903146695
1287.852559752606,19.75478729431681,-0.05063695490118323
1290.2231342279242,19.748710859728668,-0.050231782904582904
1292.5929795310917,19.74268304578012,-0.04978581462286247
1294.9621014965853,19.736708748025375,-0.0493030492528719
1297.3305065463483,19.73079238211503,-0.04878721177995274
1299.698201632202,19.724937916701435,-0.048241770047039764
1302.0651941822061,19.71914890429579,-0.04766995091306345
1304.4314920507215,19.713428510186223,-0.04707460498562511
1306.797103471944,19.707779557587948,-0.046458773716930094
1309.1620370188546,19.702204504741918,-0.04581672815078487
1311.5263015594237,19.696706497363824,-0.045165091304392585
1313.8899063391073,19.691286686407295,-0.044502635296577865
1316.252860741476,19.685946370171706,-0.04382988116857104
1318.6151743058967,19.680686784431476,-0.043148058960696206
1320.9768567200285,19.67550901735619,-0.042458644032720316
1323.3379178021112,19.670413980072265,-0.041763151936076826
1325.6983674797198,19.665402401839938,-0.04106305048589316
1328.0582157679405,19.66047483578163,-0.04035972432976846
1330.4174727482343,19.65563166886206,-0.039654462962438033
1332.7761485484978,19.65087313330657,-0.038948459082417425
1335.1342533244945,19.646199318216677,-0.03824281138768262
1337.4917972426804,19.641610180850154,-0.037538529158347475
1339.8487904643823,19.637105557351152,-0.03683653744166819
1342.2052431312645,19.632685172858153,-0.036137682316693856
1344.5611653520075,19.62834865098015,-0.03544273601389578
1346.916567190125,19.624095522658482,-0.03475240179934237
1349.271458652844,19.61992523444256,-0.03406731859260089
1351.6258496809771,19.615837156211448,-0.03338806531412956
1353.9797501397225,19.611830588373753,-0.03271516496930885
1356.3331698103273,19.607904768577434,-0.03204908848077488
1358.6861183825565,19.60405887795974,-0.03139025828237642
1361.0386054479118,19.600292046965855,-0.030739051688284585
1363.3906404935476,19.59660336076326,-0.030095370535237233
1365.7422328968391,19.59299191629903,-0.029453069594866686
1368.093391926795,19.589457547947646,-0.02882543519044156
1370.4441268325488,19.585998495724795,-0.02820907494539766
1372.7944466520357,19.582613406731348,-0.02760257290525213
1375.1443602608435,19.579301097982718,-0.02700538897760597
1377.4938763926016,19.576060451305406,-0.02641736314435325
1379.8430036467582,19.572890367728082,-0.025838492717576416
1382.1917504908856,19.569789748601973,-0.02526883283047119
1384.5401252607178,19.56675748866232,-0.02470845251202769
1386.8881361593574,19.563792474360874,-0.024157415797731535
1389.2357912562807,19.560893584465145,-0.02361577408439186
1391.5830984864165,19.558059691575018,-0.023083563504547655
1393.9300656494054,19.555289663954472,-0.022560804512824106
1396.27670040908,19.552582367412935,-0.022047502419836926
1398.6230102931695,19.549936667122555,-0.021534349373918273
1400.9690026932242,19.547352545197686,-0.021035712184861548
1403.3146849986479,19.544828259735503,-0.020548796173966585
1405.6600643898162,19.542362404194627,-0.020072304490838418
1408.0051478783196,19.539953727655725,-0.019605612084936358
1410.3499423256383,19.53760105420553,-0.01914839309304659
1412.694454452143,19.535303247034367,-0.018700452966195602
1415.038690841787,19.533059192678422,-0.018261653031936265
1417.3826579449085,19.53086779431459,-0.01783187677584149
1419.7263620802262,19.528727969101492,-0.01741102181494696
1422.0698094365184,19.526638646483697,-0.016998966749381367
1424.4130060740965,19.524598770473773,-0.016586376633327467
1426.7559579265535,19.522608405277772,-0.01618826042265909
1429.0986709351869,19.520665814027055,-0.01580119621223128
1431.44115083287,19.518769670481586,-0.015423578089975581
1433.7834031933278,19.516918841110787,-0.015054618637582711
1436.1254334542612,19.515112286874277,-0.014693898681450525
1438.467246928686,19.513349019032503,-0.014341164163072262
1440.80884881097,19.511628079332933,-0.013996234592783395
1443.1502441804898,19.5099485311818,-0.013658961880357251
1445.4914380042317,19.508309455756155,-0.013329211902841408
1447.8324351389224,19.506709950327814,-0.013006856328602164
1450.1732403329618,19.50514912756838,-0.012691769061962925
1452.51385822827,19.503626115280944,-0.012383827165947301
1454.8542933621038,19.50214005602103,-0.012082900744348733
1457.1945501688263,19.500690107931707,-0.011788866554449471
1459.534632981778,19.499275443945173,-0.011501600404396517
1461.8745460350515,19.497895251896644,-0.011220977734904745
1464.214293465279,19.496548734568456,-0.010946876107722051
1466.5538793134274,19.49523510943553,-0.01067916668432467
1468.8933075265597,19.49395360943341,-0.01041772804238887
1471.2325819596917,19.492703482068325,-0.01016243820493431
1473.5717063775398,19.491483989483733,-0.009913175394658084
1475.910684456278,19.490294408436373,-0.00966982114947856
1478.2495197852904,19.489134029898437,-0.00943225149164375
1480.5882158688783,19.48800215971944,-0.0091911737699471
1482.9267761280446,19.486899218867045,-0.008961823693497002
1485.2652040343087,19.485823800023827,-0.008740580031600543
1487.6035028903116,19.484774930420034,-0.008525756368337072
1489.941675881962,19.483751839655834,-0.008316536952324243
1492.2797261027208,19.482753855221556,-0.008112502644745504
1494.6176565653475,19.48178035490419,-0.007913412363020081
1496.955470207936,19.480830745420626,-0.007719105622950085
1499.2931698973866,19.47990445274587,-0.0075294586148367945
1501.6307584317162,19.47900091771209,-0.007344364436354644
1503.9682385418416,19.478119593979727,-0.007163724223185482
1506.3056128931191,19.477259947072945,-0.0069874431933398115
1508.642884086768,19.476421453889746,-0.00681542890457261
1510.9800546612348,19.475603602421195,-0.006647590506368349
1513.3171270935254,19.474805891560433,-0.006483838436829679
1515.6541038005128,19.474027830948014,-0.006324084316667328
1517.9909871402265,19.473268940830014,-0.006168240928655461
1520.327779413126,19.472528751918574,-0.006016222232531524
1522.6644828633564,19.47180680525067,-0.0058679433928628
1525.0010996799865,19.471102652043527,-0.005723320810056627
1527.3376319982317,19.47041585354632,-0.005582273037286712
1529.6740819006573,19.469745980781845,-0.0054447174212388545
1532.010451418351,19.469092614691295,-0.00531057480669108
1534.346742532114,19.468455345714492,-0.0051797670729239265
1536.6829571735996,19.467833773665742,-0.005052217272339312
1539.0190972264395,19.467227507593062,-0.00492790402473635
1541.3551645273506,19.466636159110095,-0.004806653513290959
1543.6911608664439,19.4660593606885,-0.004688419988467167
1546.0270879897264,19.465496750289883,-0.004573143863230185
1548.3629475997611,19.464947973026295,-0.004460760103680898
1550.6987413565244,19.464412681813855,-0.004351202013381609
1553.034470878342,19.463890537572247,-0.004244402936824557
1555.3701377428508,19.46338120921983,-0.004140297022546631
1557.7057434879573,19.462884373577122,-0.004038819560920021
1560.0412896127866,19.46239971522981,-0.0039399071293454236
1562.376777578614,19.46192692637429,-0.00384355042129057
1564.712208809779,19.461465700323735,-0.003749584354302219
1567.0475846938177,19.46101575020122,-0.003657981834660886
1569.3829065838418,19.46057679238106,-0.0035686989334326683
1571.7181757989274,19.46014854850905,-0.0034816848989246496
1574.0533936247484,19.459730746321178,-0.0033968866636052758
1576.388561314307,19.459323119921546,-0.0033142508651585337
1578.7236800886976,19.458925409817727,-0.0032337247451028326
1581.0587511378758,19.458537362848315,-0.0031552565406928476
1583.3937756214175,19.45815873206343,-0.0030787956480231773
1585.728754669265,19.457789276585668,-0.003004355153216049
1588.0636893824553,19.45742875396728,-0.0029317881162771557
1590.3985808329314,19.45707693939333,-0.002861066909421038
1592.7334300656587,19.456733611364196,-0.002792154660786383
1595.0682380990224,19.456398552804902,-0.002725010949229267
1597.4030059253591,19.456071551490997,-0.0026595943647016156
1599.737734511538,19.45575240016723,-0.002595863653374356
1602.0724247995581,19.455440896528827,-0.002533778223814258
1604.4070777071415,19.45513684314197,-0.002473352565874884
1606.7416941283186,19.454840040834064,-0.002414455479270103
1609.0762749332187,19.45455030617655,-0.0023570711196130817
1611.4108209699598,19.454267457642196,-0.0023011725449264813
1613.7453330648768,19.453991316936804,-0.0022467283462613615
1616.0798120229092,19.45372170953525,-0.0008224359772134327
1618.4142586280534,19.453623017217986,-0.000224296452328582
1620.7486933901196,19.453596101643708,0.00011971201367234434
1623.0831249223168,19.453610467085348,0.0001660092246527753
1625.417558178367,19.453630388192305,0.00026349538953467447
1627.7519938249502,19.45366200763905,9.682265161657268e-06
1630.0864332658668,19.453663169510868,-0.0002266147686666349
1632.420872846208,19.453635975738628,-0.00023128067069776192
1634.7553091632967,19.453608222058143,-0.00018167614244819812
1637.0897421499437,19.45358642092105,-0.0005117826639163396
1639.4241725204542,19.453525007001378,-0.00045919391263087066
1641.7585955212944,19.45346990373186,-0.0004948604347678779
1644.0930119097422,19.45341052047969,-0.0005365258987463008
1646.4274211721997,19.453346137371838,-0.0006961229242572738
1648.7618227086843,19.453262602620928,-0.0007853846750710263
1651.096214220999,19.45316835645992,-0.0008190076696376061
1653.4305944237742,19.453070075539564,-0.0007116478179753302
1655.764962832839,19.452984677801407,-0.0006603513960060248
1658.0993209941753,19.452905435633888,-0.0008166578948137081
1660.4336696464513,19.45280743668651,-0.0007716990730617657
1662.7680065388538,19.452714832797742,-0.0008769736274351351
1665.1023323187894,19.45260959596245,-0.0008418909072056291
1667.436645470305,19.452508569053585,-0.0009258605386184637
1669.7709464985915,19.452397465788952,-0.0008643771246398655
1672.1052341944862,19.452293740533996,-0.0008278102499237786
1674.4395094433503,19.452194403304006,-0.0011589265103630684
1676.7737727717467,19.45205533212276,-0.00099631683366619
1679.1080194116014,19.451935774102722,-0.0009341424545065498
1681.4422517044936,19.451823677008182,-0.0009341818649934554
1683.7764705457346,19.451711575184383,-0.0010636837043494364
1686.1106759347567,19.45158393313986,-0.0009704390266422575
1688.4448660067335,19.451467480456664,-0.0009828708956758495
1690.7790421043883,19.451349535949184,-0.0010463740224951517
1693.113204048702,19.451223971066486,-0.0009929311410364977
1695.44735092523,19.45110481932956,-0.001629479990067013
1697.7814835035495,19.450909281730752,-0.001337630950180239
1700.1155926173572,19.45074876601673,-0.0012586669542362745
1702.4496824692792,19.45059772598222,-0.001455674984439474
1704.783754196397,19.45042304498409,-0.0018333828498110455
1707.1178049617952,19.450203039042112,-0.002493716480323145
1709.4518293264803,19.449903793064472,-0.003439399098956661
1711.785817781648,19.449491065172598,-0.0041747884797682915
1714.1197567094687,19.448990090555025,-0.005303254759476055
1716.4536355203352,19.448353699983887,-0.005176136344329546
1718.7874379643333,19.447732563622566,-0.0060066329585372995
1721.121165871968,19.44701176766754,-0.006219904440694033
1723.4548072840882,19.44626537913466,-0.006012960739532619
1725.7883591295845,19.445543823845913,-0.005527103155758035
1728.121824388446,19.444880571467223,-0.0051307373529900615
1730.455210057022,19.444264882984864,-0.004017958375777107
1732.7885218429801,19.44378272797977,-0.0035625243648793243
1735.1217757703378,19.443355225055985,-0.00335458750103737
1737.4549783973446,19.442952674555862,-0.0032600165540614323
1739.7881327182913,19.442561472569373,-0.0032534939786554224
1742.1212400949996,19.442171053291936,-0.003237075355891206
1744.4543006213946,19.44178260424923,-0.0022441673148612387
1746.7873145339045,19.441513304171448,-0.0017994652285944354
1749.120296130405,19.441297368344017,-0.0015766361456849482
1751.4532518146063,19.441108172006533,-0.001484679866933359
1753.7861847952472,19.440930010422502,-0.001469975683635664
1756.119096396498,19.440753613340465,-0.0014727512149482372
1758.4519868300988,19.440576883194673,-0.001510931957217519
1760.7848560560822,19.440395571359808,-0.0015391580955869356
1763.1177035246453,19.440210872388338,-0.0015635148575648388
1765.450528829332,19.44002325060543,-0.0014217611446153727
1767.7833316194046,19.43985263926808,-0.0012909654589082398
1770.1161139361168,19.43969772341301,-0.001084615536107543
1772.4488776629264,19.439567569548675,-0.0008899621607952405
1774.7816257712723,19.43946077408938,-0.0008197805215653329
1777.114361064163,19.43936240042679,-0.0006469078826099514
1779.4470845522142,19.439284771480878,-0.0004361150747134487
1781.7797987247918,19.43923243767191,-0.00035426207918427886
1784.1125066173124,19.439189926222408,-0.00034997690867411273
1786.445209408459,19.439147928993368,-0.00021059562482493674
1788.7779071599382,19.43912265751839,-0.00017052841772448202
1791.1106018788405,19.439102194108262,1.2301061353027027e-06
1793.4432941421335,19.439102341720996,0.00011192977653638858
1795.77598642314,19.43911577329418,3.5736557612767576e-05
1798.1086803159353,19.439120061681095,9.562302524806024e-05
1800.441374723337,19.439131536444126,8.45575735200329e-05
1802.7740705077103,19.439141683352947,0.00022990170933467587
1805.1067675097127,19.439169271558068,0.001090604473409248
1807.4394678222995,19.439300144094876,0.0006906537776772325
1809.772183839591,19.439383022548196,0.001249705418075146
1812.1049098022968,19.439532987198366,0.0013861854527999241
1814.4376537607607,19.4396993294527,0.0013059111949190578
1816.770417680295,19.43985603879609,0.0011168665128413338
1819.1032004049505,19.439990062777632,0.0008718314741670911
1821.4359992124837,19.44009468255453,0.0006028864602548078
1823.7688105743903,19.44016702892976,0.00031423190244557356
1826.101630617862,19.440204736758055,0.0008702441282842659
1828.434455186273,19.44030916605345,0.0007545779037819945
1830.7672922861993,19.440399715401902,0.0005471732507569497
1833.1001402520476,19.440465376191995,0.00022402245232598934
1835.4329960971907,19.440492258886273,0.0007048568552347814
1837.765855168257,19.4405768417089,0.0004519207014137178
1840.098724389262,19.44063107219307,0.00016845663329935262
1842.4316001179252,19.440651286989066,0.0005912163164223239
1844.764478272364,19.44072223294704,0.0009223850567776403
1847.0973649403177,19.440832919153852,0.0006719225186975746
1849.4302648906162,19.440913549856095,0.0004548987724816428
1851.7631745165988,19.440968137708794,0.00028994896507097284
1854.0960906931239,19.441002931584602,0.00022873538106046453
1856.429011044914,19.44103037983033,0.00017375514257645655
1858.7619346904937,19.44105123044744,0.0001263421552052999
1861.0948608381475,19.441066391506062,0.0007363031489651746
1863.4277888051283,19.44115474788394,0.0007302760578646178
1865.7607273748745,19.441242381010884,0.0007281092185314796
1868.0936764605958,19.441329754117106,0.0006232530267345081
1870.4266360310899,19.441404544480314,0.0005147189800254721
1872.7596045764276,19.441466310757917,0.00037490600189386516
1875.0925805337185,19.441511299478144,0.0002321077267752977
1877.425561889656,19.44153915240536,0.0007141595878603372
1879.7585465879445,19.4416248515559,0.0006406774796832279
1882.091541570131,19.441701732853463,0.0005589839284115035
1884.4245457780735,19.441768810924874,0.00040742480965967127
1886.7575580353844,19.441817701902032,0.0002209098226409096
1889.0905761596125,19.44184421108075,0.00034607357735267567
1891.4235974649423,19.44188573991003,0.00020048717998596069
1893.7566237537314,19.44190979837163,0.0002757435863477205
1896.089652929536,19.44194288760199,0.00043610393638652753
1898.4226860760482,19.441995220074357,0.00028028675822283676
1900.7557255024572,19.442028854485343,0.0003451226795255589
1903.0887689649953,19.442070269206887,0.0005012332837511636
1905.4218173973002,19.442130417200936,0.0003446563505468378
1907.7548730473643,19.442171775963,0.00026874179244635785
1910.0879336604798,19.442204024978093,0.00032626590656623827
1912.4209981434772,19.44224317688688,0.0004080594436254132
1914.7540673247036,19.442292144020115,0.00047497396341147376
1917.087142381986,19.442349140895725,0.0004050887079027984
1919.4202242788936,19.442397751540675,0.00022562578334577033
1921.7533120090784,19.442424826634678,0.00029444923941319447
1924.0864029882746,19.44246016054341,0.0002211918982689238
1926.4194982075398,19.442486703571202,8.432094335090196e-05
1928.7525966119683,19.442496822084404,0.00032976091208845334
1931.0856962306184,19.442536393393855,0.00037789974459541366
1933.4188005978256,19.442581741363206,0.0006970890290443771
1935.7519104067892,19.442665392046692,0.006817074318416681
1938.0850302538347,19.4434834409649,0.023780840331612235
1940.4182482667504,19.446337141804694,0.04556195117859482
1942.751808723767,19.451804575946124,0.06882822858707244
1945.0860252728805,19.460063963376573,0.09174383809809213
1947.4212329484858,19.471073223948345,0.11335985381350552
1949.7577617353595,19.484676406405967,0.13533092290654136
1952.0959229041282,19.500916117154752,0.15493581059863146
1954.4360328381867,19.51950841442659,0.17238514931776266
1956.778373847918,19.540194632344722,0.18906204950205463
1959.1231972037992,19.562882078284968,0.2046219718063803
1961.4707430531935,19.587436714901735,0.21911173845423457
1963.8212354589816,19.61373012351624,0.2325932695040409
1966.1748830738036,19.641641315856727,0.24511601892845153
1968.5318800317064,19.67105523812814,0.25674011992991214
1970.8924066602817,19.70186405251973,0.26752211608423404
1973.2566303465842,19.733966706449838,0.27751516303492274
1975.624706351358,19.76726852601403,0.2867692221389789
1977.9967785744798,19.801680832670705,0.29533124747780853
1980.3729802744003,19.83712058236804,0.30324536245348466
1982.7534347442845,19.87351002586246,0.3105530266213951
1985.138255947388,19.910776389057027,0.3160611021461418
1987.5275491140749,19.948703721314565,0.3218482255989251
1989.9213935606326,19.987325508386437,0.3274964065469672
1992.319872621639,20.026625077172074,0.3328339614182953
1994.7230676308995,20.06656515254227,0.3383482401987232
1997.1310554492047,20.107166941366117,0.3431152365542267
1999.5439154821686,20.148340769752625,0.3473439354172348
2001.9617163745388,20.190022042002692,0.3511444392841233
2004.384519019579,20.232159374716787,0.35457881005260533
2006.8123781445452,20.2747088319231,0.3576866436566739
2009.245343204376,20.3176312291619,0.3604967220154355
2011.6834589518755,20.360890835803755,0.3630322332465227
2014.126765852172,20.404454703793338,0.36531322636703195
2016.5753004166272,20.448292290957383,0.3673663748751642
2019.0290954915422,20.492376255942403,0.36792434033010246
2021.4881806422552,20.536527176782016,0.36913846313432686
2023.9525639034691,20.580823792358135,0.3705392972113237
2026.422262758552,20.625288508023495,0.37192237633885433
2028.8972973795148,20.669919193184157,0.3732209618236842
2031.377687682697,20.714705708603,0.3743667965301133
2033.8634523677292,20.759629724186613,0.37536275775893324
2036.3546079346315,20.804673255117685,0.37622448521380325
2038.8511687252455,20.84982019334334,0.37693513897990333
2041.3531471484469,20.89505241002093,0.3775148210172611
2043.8605534376493,20.940354188543,0.3780006507512887
2046.3733959402743,20.985714266633156,0.3783739590281471
2048.89168165227,21.031119141716534,0.3773736368304131
2051.415415949276,21.076403978136184,0.3772577196620439
2053.9445844266525,21.12167490449563,0.37742675637580214
2056.4791854151918,21.166966115260728,0.37766453246625264
2059.019221349023,21.21228585915668,0.3778817110698369
2061.564695652122,21.25763166448506,0.37803974245578686
2064.11561145186,21.302996433579754,0.3769124088678204
2066.6719710238895,21.34822592264389,0.3768311522244202
2069.233758134607,21.39344566091082,0.3770352091755012
2071.8009716139163,21.438689886011883,0.37730318363763116
2074.373614400238,21.4839662680484,0.376997402527942
2076.9516903524036,21.529205956351753,0.3774789577194021
2079.5351950671657,21.57450343127808,0.3782130120163796
2082.124135478919,21.619888992720046,0.3779807051543965
2084.7185221580453,21.665246677338573,0.3777923319051617
2087.318351759326,21.71058175716719,0.3775834816910041
2089.9236215701862,21.75589177497011,0.37732840542247914
2092.5343285831827,21.801171183620806,0.3770186067458694
2095.150469125217,21.84641341643031,0.37517641836180016
2097.7720387351887,21.891434586633725,0.3740317355983843
2100.3990108855846,21.93631839490553,0.3731901666418934
2103.0313690929734,21.98110121490256,0.3724750573003285
2105.669101238762,22.025798221778597,0.3718080024935331
2108.312197025375,22.07041518207782,0.3711548805044347
2110.9606468472243,22.114953767738353,0.37050148280644396
2113.614441299353,22.159413945675126,0.3698425115154667
2116.273570972834,22.203795047056982,0.3691766145372495
2118.938026378481,22.248096240801452,0.3685041475957665
2121.6077979273773,22.292316738512945,0.36782616770723897
2124.282875935999,22.336455878637814,0.3671431311433226
2126.9632506414355,22.38051305437501,0.3650836329700847
2129.6489122079606,22.424323090331423,0.36384791773111125
2132.3398309788004,22.467984840459156,0.3629834343201641
2135.0359891596554,22.511542852577577,0.3622863328599399
2137.737374301965,22.55501721252077,0.3616650526179124
2140.4439763674673,22.59841701883492,0.3610787102705302
2143.1557864097276,22.64174646406738,0.36050927347838646
2145.872795985416,22.68500757688479,0.35994899461151453
2148.594996894642,22.72820145623817,0.3593947371043544
2151.3223810693908,22.771328824690695,0.35884541496833966
2154.0549405283537,22.814390274486897,0.3583008383410648
2156.792667361292,22.857386375087824,0.35776119399879336
2159.5355537263026,22.900317718367678,0.35722681255719585
2162.2835918525066,22.94318493587454,0.3566977225773929
2165.0367740448114,22.98598866258383,0.35617488567727607
2167.7950926843214,23.028729648865102,0.35565849767117313
2170.5585402421852,23.071408668585644,0.35514880544214744
2173.3271092824157,23.1140265252387,0.35464606027886614
2176.100792465444,23.156584052472162,0.35415049809108723
2178.879582551741,23.199082112243094,0.353662331685085
2181.66347240521,23.241521592045302,0.3531817484129116
2184.4524549962557,23.28390340185485,0.352708910179995
2187.2465234044785,23.32622847107645,0.3522439544539562
2190.0456708210077,23.368497745610927,0.35178700814602226
2192.849890550481,23.41071218658845,0.351338140548953
2195.6591760128717,23.452872763454327,0.3508974323648514
2198.4735207444864,23.49498045533811,0.3504649413990045
2201.292918399127,23.537036248305988,0.35004070609117044
2204.1173627489234,23.579041133036927,0.34962474751640565
2206.946847684888,23.620996102738896,0.34921707256608087
2209.7813672172165,23.662902151446826,0.34881767397135766
2212.62091547539,23.704760272323387,0.34842653248423805
2215.465486708069,23.746571456221496,0.3480436177488524
2218.3150752828155,23.788336690351358,0.3476688892666917
2221.1696756856577,23.83005695706336,0.3473023084334176
2224.029282520505,23.871733234075368,0.3469437944173054
2226.8938905085943,23.913366489405444,0.3465932888355029
2229.763494487323,23.954957684065704,0.3462507219611437
2232.638089409411,23.99650777070104,0.3459160153934787
2235.517670341895,24.03801769254826,0.345589092634754
2238.402232465001,24.07948838366443,0.34526984365832586
2241.291771071041,24.120920764903428,0.34493833679711505
2244.186281562829,24.162313365319083,0.34462936255737336
2247.0857591666677,24.203668888825966,0.34433407884524553
2249.990199433327,24.244988978287395,0.34404847718140213
2252.8995981107214,24.286274795549165,0.34377075535951895
2255.8139510861874,24.327527286192307,0.3448295232703554
2258.7332543605307,24.36890682898475,0.3450336440699822
2261.657523180009,24.410310866273147,0.34486340904364476
2264.586760483962,24.451694475358384,0.3445352992949702
2267.520963821005,24.49303871127378,0.3441466542456654
2270.4601284663577,24.53433630978326,0.3436981560890294
2273.404248823532,24.575580088513945,0.34328791596898384
2276.3533184341536,24.616774638430222,0.34290294269764904
2279.3073313907653,24.65792299155394,0.3425371416509524
2282.2662821497515,24.69902744855205,0.3421450501557939
2285.230165443578,24.740084854570746,0.3418107541895866
2288.1989756261264,24.781102145073497,0.3415071239530532
2291.172707883535,24.822082999947863,0.34123111936546296
2294.151357843529,24.863030734271717,0.3409607141016816
2297.1349215316413,24.903946019963918,0.34069767855338107
2300.123395054037,24.944829741390322,0.3403978505393851
2303.1167746230035,24.98567748345505,0.3401239834306004
2306.115055921018,25.026492361466723,0.33986779873612716
2309.118235004394,25.067276497315056,0.3396253536093967
2312.126308184072,25.108031539748183,0.3393950307356264
2315.139271968842,25.14875894343646,0.3391264696295705
2318.1571230420545,25.189454119792007,0.33889624034354593
2321.1798575364296,25.23012166863323,0.3386884558174721
2324.2074721366657,25.270764283331328,0.3384957373145774
2327.2399638506654,25.311383771809076,0.3383145557940358
2330.2773299032824,25.35198151850436,0.33814312803314517
2333.319567685503,25.392558693868338,0.33798046629849743
2336.366674728767,25.433116349824157,0.3378259488866956
2339.418648690746,25.473655463690562,0.33768066007987274
2342.475487346389,25.51417714290015,0.3375413366883671
2345.537188603537,25.554682103302753,0.3387273678842656
2348.603750455933,25.595329387448864,0.3390453074841272
2351.675189982427,25.636014824346958,0.3389859116277799
2354.751511761349,25.67669313374229,0.33865891966545736
2357.832714937398,25.717332204102146,0.338348478900655
2360.9187948018903,25.757934021570225,0.33805704181603957
2364.009746884479,25.79850086658815,0.3377851429151797
2367.1055669884695,25.839035083737972,0.33753247220622873
2370.206251198518,25.87953898040272,0.3372983598002006
2373.3117958761663,25.920014783578743,0.3370819942205656
2376.422197650196,25.960464622885212,0.3368825202549577
2379.537453404942,26.000890525315807,0.3366990823413167
2382.65756026798,26.041294415196766,0.33653084335040717
2385.7825155978035,26.081678116398816,0.33637699227683404
2388.9123169717714,26.122043355472037,0.33623674695178574
2392.046962174428,26.16239176510625,0.33611122600240456
2395.1864491862407,26.20272511222654,0.3359966030785576
2398.330776199708,26.243044704595967,0.33589286975857613
2401.4799415642597,26.283351848966994,0.3357996674096484
2404.6339437861357,26.32364780905615,0.3357164929602673
2407.7927815232224,26.363933788211384,0.33564279128449226
2410.9564535778077,26.40421092316552,0.33557799641597585
2414.1249588885876,26.444480282735437,0.335521549682963
2417.298296522516,26.484742868697392,0.3354729074469997
2420.47646566676,26.524999617591032,0.33543154417060517
2423.659465620871,26.565251402891505,0.33539695339782005
2426.8472957892177,26.605499037299243,0.3353686478136729
2430.0399556736934,26.645743275036885,0.3353461589081022
2433.237444866698,26.685984814105858,0.3353290364804967
2436.4397630443905,26.72622429848352,0.3353168480910703
2439.6469099602086,26.766462320254448,0.33530917850549086
2442.8588854386394,26.806699421675106,0.33530753842181765
2446.0756893692405,26.846936326285725,0.3353082247681749
2449.2973217283948,26.887173313257907,0.33531169173478315
2452.5237825259856,26.92741071626608,0.3353179535737284
2455.7550718119373,26.96764887069493,0.33532683420355736
2458.9911896764206,27.00788809079936,0.33533807966976537
2462.2321362473167,27.04812866035973,0.335351408692598
2465.4779116865598,27.08837082940284,0.33536653526992377
2468.728516186088,27.12861481363523,0.3353831786710012
2471.9839499637246,27.16886079507575,0.3354010665303484
2475.2442132591336,27.209108923059393,0.33541994132153996
2478.509306329901,27.249359316017976,0.3354395544181894
2481.779229447823,27.28961206254816,0.3354596696386707
2485.0539828953288,27.3298672229048,0.3354800629072745
2488.3335669620774,27.370124830453673,0.335500521917532
2491.6179819417316,27.410384893083776,0.335520845813449
2494.907228128902,27.45064739458139,0.33554084488906766
2498.2013058162515,27.49091229596808,0.3355602699058444
2501.5002152917677,27.53117952835678,0.3355790832810518
2504.8039568351705,27.571449018350506,0.3355970860738488
2508.1125307173725,27.611720668679368,0.3357224883741201
2511.425937197614,27.652007367284263,0.3357677322476529
2514.744178081688,27.692299495153982,0.3357781479870964
2518.0672540211067,27.732592872912434,0.33577396732715803
2521.3951651658563,27.772885748991694,0.3343702996966801
2524.7279114557355,27.813010184955296,0.31869413356863363
2528.0654726779303,27.85125348098353,0.29752571715642595
2531.4076230956484,27.8869565670423,0.27334746319828573
2534.7540578836933,27.919758262626097,0.24997042142936338
2538.1044288752087,27.94975471319762,0.22778186949173648
2541.458399440792,27.97708853753663,0.2069066883685427
2544.8156500652967,28.001917340140857,0.18735416224074494
2548.1758801461137,28.024399839609746,0.1690841134589648
2551.538808126867,28.04468993322482,0.15203661920336134
2554.904170918854,28.062934327529224,0.13614527976583135
2558.2717230381577,28.079271761101122,0.12136374099625687
2561.6412356494898,28.093835410020674,0.10758980873899
2565.012495898692,28.10674618706935,0.09477087207756303
2568.3853054411406,28.11811869171866,0.081467058021693
2571.7594796841468,28.127894738681263,0.06984869405607803
2575.1348270527883,28.136276581967994,0.059403082001420915
2578.5111802426245,28.143404951808165,0.049872587872413755
2581.8883888368414,28.149389662352856,0.04112306786221588
2585.2663155963237,28.154324430496324,0.033054453562110134
2588.644834527983,28.158290964923776,0.025610043674311994
2592.023829443774,28.161364170164692,0.018743867975968217
2595.4031931441937,28.163613434321807,0.012416034327379175
2598.7828267563123,28.165103358441094,0.0065905543401956436
2602.1626391593254,28.165894224961917,0.0012342928898582805
2605.542546466321,28.1660423401087,-0.0036835707438714685
2608.9224715471337,28.165600311619436,-0.008182010000046713
2612.302343584528,28.16461847041943,-0.012302569994366911
2615.682097800978,28.163142162020108,-0.016068148006800426
2619.0616748604207,28.16121398425929,-0.019501392263557942
2622.4410205385316,28.158873817187665,-0.02262408383084223
2625.820085396594,28.156158927127965,-0.02545774482907908
2629.1988244678496,28.153103997748474,-0.028010316389195312
2632.5771969475795,28.14974275978177,-0.030316853952102023
2635.9551660787533,28.146104737307517,-0.03239132398533464
2639.3326986472302,28.142217778429277,-0.034248432755574494
2642.7097647806418,28.13810796649861,-0.03590269845395658
2646.0863377366218,28.133799642684135,-0.03736806329419001
2649.4623936937437,28.12931547508883,-0.03865774764590223
2652.837911550754,28.124676545371322,-0.039784211756087914
2656.2128727361987,28.11990243996059,-0.04075916558109846
2659.587261028994,28.11501134009086,-0.04159359263641839
2662.9610623898047,28.11002010897449,-0.042297792210363866
2666.3342648028815,28.104944373909245,-0.04288141379009847
2669.706858127751,28.09979860425443,-0.04335349477597524
2673.0788339602614,28.094596184881315,-0.043722496713485035
2676.4501855024473,28.089349485275697,-0.04399633972173175
2679.8209074406805,28.08406992450909,-0.04418243504156025
2683.1909958316214,28.078768032304104,-0.04428771573212867
2686.5604479954977,28.07345350641625,-0.04430885696326231
2689.9292624162676,28.06813644358066,-0.044268339359921555
2693.2974387894974,28.06282424285747,-0.044168101205450436
2696.66497769864,28.057524070712816,-0.04401174344020493
2700.0318805871257,28.052242661499992,-0.04380345470656637
2703.3981497065056,28.046986246935205,-0.04354751737674513
2706.763788056138,28.041760544849996,-0.04324809649397215
2710.1287993215196,28.036570773270718,-0.04290915301690937
2713.493187814312,28.03142167490869,-0.04253441429725063
2716.856958415301,28.02631754519302,-0.04212736947909979
2720.2201165207243,28.02126226085553,-0.04169127586371471
2723.582667992027,28.016259307751884,-0.04122916858730482
2726.9446191089573,28.01131180752141,-0.04074402968654686
2730.30597652586,28.006422523959024,-0.04023820739654478
2733.666747228735,28.001593939071437,-0.039714219308211826
2737.0269385014235,27.996828232754453,-0.03917436816854469
2740.386557889354,27.99212730857423,-0.038620773498296124
2743.745613166383,27.987492815754432,-0.03805539485960161
2747.1041123042737,27.98292616837128,-0.037480044770133725
2750.462063444478,27.97842856299886,-0.03689639994124452
2753.819474872038,27.974000995005913,-0.03630601078116516
2757.1763549914385,27.969644273712174,-0.03571030984699172
2760.532712304284,27.965359036530536,-0.03383644128121219
2763.8885553886676,27.96129866357679,-0.03277754165472643
2767.243911228297,27.957365358578222,-0.0320784114110549
2770.598795071326,27.953515949208896,-0.03153444846225614
2773.953216985231,27.949731815393424,-0.03105417064927063
2777.307184803078,27.94600531491551,-0.0305971236007332
2780.660705440868,27.94233366008342,-0.03014583882384309
2784.013785480078,27.93871615942456,-0.029693172650531507
2787.3664314192088,27.935152978706494,-0.02923658620480077
2790.7186497766534,27.93164458836192,-0.028775573232485186
2794.070447127257,27.92819151957402,-0.02831049570003167
2797.4218301096057,27.924794260090017,-0.02784206252250388
2800.7728054208164,27.921453212587316,-0.02737109699691384
2804.1233798063267,27.918168680947687,-0.026898434465489722
2807.4735600480403,27.91494086881183,-0.026424879418851188
2810.8233529522977,27.91176988328157,-0.025951187815042968
2814.1727653382914,27.908655740743765,-0.025478059256565717
2817.5218040271807,27.905598373632976,-0.025006137950215755
2820.870475832017,27.90259763707895,-0.024536015669674054
2824.2187875484665,27.89965331519859,-0.02406823359217246
2827.56674594629,27.89676512716753,-0.023603285753940325
2830.9143577615505,27.893932732877058,-0.023141622003489855
2834.2616296894957,27.89115573823664,-0.022683650496227697
2837.6085683780843,27.888433700177092,-0.022229740506435194
2840.9551804221055,27.88576613131632,-0.021780225062610806
2844.3014723578635,27.883152504308807,-0.021335473757093652
2847.6474506583804,27.880592247457955,-0.020895623334988636
2850.9931217280755,27.878084772657758,-0.020460950389267377
2854.3384919007945,27.875629458611044,-0.020031682859289628
2857.6835674358276,27.87322565666793,-0.019608013541049137
2861.0283545146276,27.870872695043005,-0.01919010727883836
2864.3728592380326,27.868569882169545,-0.01877810514814126
2867.717087623893,27.86631650955177,-0.018372127182362596
2871.061045605039,27.864111854289884,-0.01797227437221436
2874.4047390275537,27.861955181365218,-0.017578630281016423
2877.7481736493173,27.859845745731494,-0.017191262438575522
2881.0913551388053,27.857782794238865,-0.016810223591937776
2884.434289074114,27.855765567407833,-0.01643519131242116
2887.776980942203,27.85379334445034,-0.01606682441561236
2891.119436143537,27.851865325520468,-0.01570497809720804
2894.4616599825995,27.849980728148804,-0.015349617365487256
2897.8036576699774,27.848138774064946,-0.015000649095123272
2901.145434322865,27.846338696173532,-0.01465806347726953
2904.486994966406,27.84457972855626,-0.014321840433189214
2907.828344533833,27.842861107704277,-0.013991951143508983
2911.1694878667577,27.841182073567055,-0.013668359279830075
2914.510429715586,27.839541870453473,-0.013351021961261577
2917.8511747400403,27.837939747818123,-0.013039910627755131
2921.1917275097785,27.83637495854279,-0.012734927807591886
2924.5320925048036,27.83484676720588,-0.012436031342102456
2927.872274116868,27.83335444344483,-0.012143165416641417
2931.2122766500815,27.831897263594833,-0.011856266074169015
2934.5521043217127,27.830474511665933,-0.011575264088469442
2937.8917612631126,27.829085479975316,-0.01130008651582919
2941.2312515207095,27.827729469593415,-0.009791684892510687
2944.5705790570605,27.826554467406314,-0.00909950062026996
2947.909765593149,27.825462527331883,-0.00876999495458525
2951.248821096429,27.824410127937334,-0.008598882152030411
2954.5877503117813,27.82337826207909,-0.00849434426781297
2957.926555703231,27.82235894076695,-0.008415334257800217
2961.2652387761227,27.821349100656015,-0.008343710305149712
2964.6038006682015,27.820347855419396,-0.008271725341127096
2967.942242410852,27.81935524837846,-0.008196065286783356
2971.2805650406576,27.818371720544047,-0.008115652855045466
2974.618769647123,27.81739784220144,-0.0080303066430918
2977.956857388187,27.81643420540427,-0.007940229285936224
2981.2948294928356,27.81548137788996,-0.007845777850529777
2984.632687258182,27.814539884547894,-0.007747361414952591
2987.970432044328,27.8136102011781,-0.007645395928323117
2991.3080652684694,27.812692753666703,-0.007540284837698146
2994.6455883989092,27.81178791948618,-0.007432411277435965
2997.9830029492477,27.810896030132888,-0.007322133011959455
3001.3203104728636,27.81001737417145,-0.007209791559342609
3004.657512557764,27.80915219918433,-0.007095699503487671
3007.9946108216664,27.80830071524391,-0.00698014858905552
3011.331606907496,27.807463097413223,-0.006864171944147853
3014.6685024791855,27.806639396779925,-0.006746648504838261
3018.005299206799,27.805829798959344,-0.006627541400494944
3021.341998782674,27.805034493991286,-0.006509131491745085
3024.678602921953,27.80425339821228,-0.005178754611738467
3028.0151133297386,27.803631947658868,-0.004668904049172698
3031.3515491634575,27.803071679172966,-0.004519108685260848
3034.6879177649585,27.802529386130736,-0.004522048129260456
3038.024221291294,27.801986740355225,-0.004584712547996219
3041.3604597001367,27.801436574849465,-0.004665691073294533
3044.696632089119,27.80087669192067,-0.004746847323406348
3048.0327372921492,27.80030707024186,-0.004820527132820975
3051.3687741405784,27.799728606985923,-0.004883781937494572
3054.704741573417,27.799142553153423,-0.004935755562527489
3058.0406386797954,27.79855026248592,-0.00497652914790918
3061.376464711294,27.797953078988172,-0.005006560950836516
3064.7122190807727,27.797352291674073,-0.005026464158032821
3068.047901355774,27.79674911597511,-0.005036899408340776
3071.383511249691,27.79614468804611,-0.0050385273653670085
3074.7190486122563,27.795540064762264,-0.004434411091834738
3078.054513420028,27.795007935431244,-0.003953193340613619
3081.3899143722797,27.79453355223037,-0.004164090399331495
3084.7252583985473,27.79403386138245,-0.004185837332793367
3088.0605424619134,27.79353156090251,-0.004236298007022246
3091.3957662492217,27.79302320514167,-0.00443356280359787
3094.7309290338385,27.792491177605235,-0.004685284008274273
3098.066027975151,27.791928943524244,-0.00495259683052556
3101.401059448374,27.79133463190458,-0.005213588418371648
3104.7360196042023,27.790709001294374,-0.005474938977015537
3108.0709046843576,27.79005200861713,-0.005684952909848593
3111.4057109253918,27.78936981426795,-0.005872536754153054
3114.740435303104,27.78866510985745,-0.005932783422393727
3118.075075116287,27.787953175846763,-0.006009030771364687
3121.4096294973883,27.7872320921542,-0.005924293309059906
3124.7440973484468,27.786521176957113,-0.005727493064230026
3128.0784798896816,27.785833877789404,-0.005640354756182447
3131.4127799550165,27.785157035218663,-0.0053894734666777595
3134.7469987992426,27.78451029840266,-0.005052736938485581
3138.081140035051,27.783903969970044,-0.004757988150365367
3141.4152085114474,27.783333011392,-0.004469735293686779
3144.7492084728146,27.782796643156757,-0.004193100904531324
3148.0831440699935,27.782293471048213,-0.003955430311508079
3151.4170192865195,27.781818819410834,-0.0036967468644887504
3154.7508375448488,27.781375209787097,-0.0033788975344913575
3158.0846025700234,27.78096974208296,-0.0031980282827839294
3161.4183189390733,27.780585978689025,-0.0023104030977336
3164.751989256516,27.780308730317298,-0.001907962195393402
3168.085626304154,27.78007977485385,-0.0017233958866188276
3171.4192358771365,27.779872967347455,-0.0016361912796261104
3174.752820633218,27.7796766243939,-0.0015919857106095642
3178.0863818281455,27.779485586108628,-0.0015662920732894096
3181.4199200984785,27.779297631059833,-0.0015479904547495871
3184.7534358142057,27.779111872205263,-0.0015324059855506187
3188.08692923887,27.778927983486998,-0.0015173132644942418
3191.4204005968886,27.77874590589526,-0.001501764893012974
3194.753850105596,27.7785656941081,-0.0014853899078014511
3198.087277988889,27.77838744731916,-0.0014680756484620342
3201.4206844825676,27.778211278241347,-0.0014498235803251987
3204.7540698359567,27.778037299411707,-0.0014306840297610393
3208.087434311886,27.777865617328136,-0.0014107267116748767
3211.4207781859654,27.777696330122733,-0.0013900274863951235
3214.75410174558,27.777529526824367,-0.00021195066530188084
3218.087405288799,27.77750409274453,0.0002642621588200163
3221.420705779928,27.777535804203588,0.00042748586273501897
3224.7540100764327,27.777587102507116,0.0004531246499729636
3228.0873205287335,27.777641477465114,0.0004201743504940341
3231.4206375060294,27.77769189838717,0.0003640977386822604
3234.7539605338357,27.777735590115814,0.0003007068417256102
3238.0872888046497,27.777771674936822,0.00023694955411504386
3241.420621405642,27.777800108883316,0.00017578114990862096
3244.753957418708,27.777821202621304,8.237947288362967e-05
3248.087295963023,27.77783108815805,2.0004444484232996e-05
3251.420635693602,27.777833488691385,-2.6917014608838187e-05
3254.753975712245,27.777830258649633,-6.548651505954097e-05
3258.087315343283,27.777822400267826,-9.897733668107798e-05
3261.4206540313153,27.777810522987426,-0.000128931427428726
3264.753991294074,27.777795051216135,-0.00015610647682776844
3268.08732670022,27.777776318438914,-0.00018090366702635329
3271.4206598584324,27.77775460999887,-0.00020356089221437452
3274.7539904116325,27.777730182691805,-0.00022424006239843913
3278.0873180335557,27.777703273884317,-0.00024306657609387018
3281.4206424264216,27.777674105895187,-0.00029207419378508707
3284.753963319129,27.777639056991934,-0.00031331942659632153
3288.0872800059683,27.77760145866074,-0.00032223920939469406
3291.4205921810076,27.777562789955613,-0.0003257558235308383
3294.753899715802,27.77752369925679,-0.0003269513067778876
3298.0872025597128,27.777484465099977,-0.0003271781764794884
3301.420500695525,27.7774452037188,-0.00032676421156568457
3304.753794119971,27.77740599201341,-0.0003347772696471139
3308.087082839013,27.777365818741053,-0.0003283525816844529
3311.4203667372617,27.77732641643125,-0.00031657098390132496
3314.7536459072335,27.77728842791318,-0.0003034137214353417
3318.086920518583,27.77725201826661,-0.0003156804438656697
3321.4201907607753,27.777214136613345,-0.00032066090058783
3324.753456457169,27.777175657305275,-0.00032223761982173106
3328.0867175360454,27.777136988790897,-0.0003221565269256023
3331.4199739747005,27.777098330007664,-0.00032119947602847335
3334.7532257743014,27.77705978607054,-0.0003197138364015688
3338.0864729486298,27.777021420410172,-0.0003557769225414722
3341.419715519079,27.77697872717947,-0.00036933135505751386
3344.7529529663407,27.77693440741686,-0.0003725349325199282
3348.0861850952306,27.776889703224956,-0.00037088877838573314
3351.4194118596174,27.77684519657155,-0.0003668869879734058
3354.752633283206,27.776801170132995,-0.0003616650185945806
3358.0858494236218,27.776757770330764,-0.0003557441655858144
3361.4190603560614,27.776715081030893,-0.0003493678215952766
3364.752266165785,27.7766731568923,-0.00034253531927941675
3368.085466944612,27.776632052653987,-0.00037224064564962824
3371.4186627909307,27.77658738377651,-0.00037794756387731366
3374.751853276984,27.776542030068843,-0.0003729946877403271
3378.0850383205925,27.776497270706315,0.0007707001524179176
3381.418217993077,27.776589754724604,0.001209480780964771
3384.751408763644,27.776734892418318,0.001335005832642555
3388.0846169507345,27.776895093118235,0.0013238767539923775
3391.4178443619085,27.777053958328715,0.001255573386482311
3394.751090836908,27.77720462713509,0.0011657240528373121
3398.0843553921645,27.777344514021433,0.0010701658738935904
3401.4176367338473,27.7774729339263,0.0009763066633762263
3404.7509334859183,27.777590090725905,0.0008856964729613884
3408.0842442968055,27.77769637430266,0.0008009652121325684
3411.4175678617216,27.777792490128117,0.0007214223445492034
3414.750902960537,27.777879060809465,0.0006471966179531679
3418.0842484478344,27.77795672440362,0.0005781651596107899
3421.417603254763,27.77802610422277,0.0005141020945553826
3424.7509663872697,27.778087796474118,0.0004547451510733042
3428.0843369228464,27.778142365892247,0.00039982518390609226
3431.4177140067536,27.778190344914314,0.00034907895195366375
3434.7510968481433,27.77823223438855,0.0003022543529840478
3438.08448471627,27.77826850491091,0.00024151659826713014
3441.417876936859,27.7782974869027,0.00019626752038987428
3444.7512726352875,27.77832103900515,0.00015945393787750238
3448.084671159968,27.778340173477694,-0.0006801267073123296
3451.418071980785,27.778258558272817,-0.0008427715072912151
3454.7514630077776,27.778157425691944,-0.0002335026362063276
3458.0848418988608,27.778129405375598,-0.0007581097584879417
3461.4182174275056,27.77803843220458,-0.0007959000771046858
3464.75158203937,27.777942924195326,-0.00019168701835821388
3468.0849351902734,27.777919921753124,-0.0006190294650397102
3471.418285580884,27.77784563821732,-0.0007594985262061385
3474.75162705747,27.777754498394174,-0.00012061865072301512
3478.0849575972775,27.77774002415609,0.0002834266548802975
3481.4182864001764,27.777774035354675,0.00014912826450623232
3484.751619284419,27.777791930746414,0.00022381433790823765
3488.084954316109,27.777818788466963,-9.513371451407242e-05
3491.418292570725,27.777807372421222,-0.00015121562353158206
3494.7516294554157,27.7777892265464,-0.0004994290085437676
3498.0849641626014,27.777729295065374,-0.0005676474438844729
3501.418291678009,27.777661177372106,-1.8677107863919745e-05
3504.7516110192937,27.777658936119163,-0.0005429881244224356
3508.084930091628,27.777593777544233,-0.000428735628083524
3511.4182413449334,27.77754232926886,-6.55366380431783e-05
3514.7515464244457,27.777534464872296,-0.0003483749416727342
3518.0848505602303,27.777492659879297,-0.0006734724186512028
3521.418149679416,27.777411843189057,-0.00019372886078425176
3524.7514391005984,27.777388595725764,-0.0004938599391780859
3528.0847257320856,27.777329332533064,-0.0006665150429143562
3531.4180052519896,27.777249350727914,-0.00015547925977618286
3534.751275174077,27.77723069321674,-9.842801629122862e-05
3538.084542857263,27.777218881854786,-0.0001723091723866969
3541.4178091230856,27.7771982047541,-0.0003383165510670905
3544.751072907656,27.77715760676797,-0.000552389435345023
3548.0843318204684,27.77709132003573,-0.00016519998053639182
3551.4175827788727,27.777071496038065,-0.00024769878256292416
3554.750831358397,27.77704177218416,-0.00021039487565923003
3558.0840763710594,27.77701652479908,-0.00019987895362205162
3561.417318354035,27.776992539324645,-0.0001878812130473971
3564.750557458754,27.77696999357908,-0.00018341975248231914
3568.0837938579834,27.776947983208782,-0.00018472725682239704
3571.4170276159684,27.776925815937965,-0.00019023505378294015
3574.750258713881,27.77690298773151,-0.00020064443816703975
3578.083487072409,27.77687891039893,-0.00021524556471061177
3581.4167125416566,27.776853080931165,-0.00023311458422490481
3584.749934911368,27.776825107181057,-0.00025254974206706976
3588.08315392423,27.77679480121201,-0.0002740791720814668
3591.416369300375,27.77676191171136,-0.00029737927381396105
3594.7495807297805,27.7767262261985,0.00023139357256948413
3598.082787876924,27.77675399342721,0.00032022418465418065
3601.4159983561353,27.776792420329368,0.0003312078667671504
3604.7492134465747,27.77683216527338,0.00028852788964773277
3608.0824333064074,27.776866788620136,0.00022704681792711477
3611.4156573210416,27.77689403423829,0.00015842352870085746
3614.74888460515,27.776913045061733,8.86687803037802e-05
3618.0821141705574,27.77692368531537,2.0482077880778007e-05
3621.415345012795,27.776926143164715,-4.500403250703801e-05
3624.7485761499747,27.776920742680815,-0.00010727384443487333
3628.0818066390966,27.776907869819482,-0.00016582122299124924
3631.415035583475,27.77688797127272,0.0002696401161810512
3634.7482621400277,27.776920328086664,0.00031869285849842245
3638.081492579398,27.776958571229684,-0.02604042786184796
3641.4147276079457,27.773833719886262,-0.07499030564308536
3644.747587654332,27.764834883209094,-0.12840536390689195
3648.0793678403174,27.749426239540266,-0.18459708161533198
3651.4092989890623,27.727274589746425,-0.24089015707951622
3654.7365719398317,27.698367770896883,-0.29462206616475306
3658.0603760723393,27.663013122957114,-0.3454561760362963
3661.3799376470943,27.62155838183276,-0.39325731092084387
3664.6945246529144,27.574367504522257,-0.4388471002932746
3668.003448753457,27.521705852487063,-0.4793219956713138
3671.306053455756,27.464187213006504,-0.5184362511258616
3674.6017559213165,27.401974862871402,-0.5544236906704394
3677.889992904861,27.33544401999095,-0.5876978099808037
3681.17024618726,27.264920282793252,-0.6185272383447158
3684.4420366211953,27.190697014191887,-0.6471096973209484
3687.704920262898,27.113043850513375,-0.6736064866003768
3690.95848552496,27.032211072121328,-0.698158139219292
3694.2023508536145,26.94843209541501,-0.7208918778638531
3697.4361627050644,26.86192507007135,-0.7419246679515527
3700.659593713473,26.772894109917164,-0.76136569552708
3703.872341006663,26.681530226453916,-0.7793170837242441
3707.0741246338375,26.588012176407005,-0.7958744233288471
3710.2646860950063,26.492507245607545,-0.8111278513608771
3713.4437869644794,26.39517190344424,-0.8251616863566389
3716.6112075928927,26.296152501081444,-0.838055153930835
3719.7667458930223,26.195585882609745,-0.8498828098306419
3722.9102161989354,26.093599945430068,-0.8607143313522994
3726.041448192387,25.99031422566779,-0.8706154271670903
3729.1602858994675,25.885840374407742,-0.8796477704863149
3732.2665867443966,25.780282641949384,-0.8878692532476835
3735.3602206614305,25.67373833155966,-0.8953340644182457
3738.4410692612178,25.566298243829472,-0.90209347657258
3741.5090250504772,25.458047026640763,-0.908195288606232
3744.563990693674,25.349063592008015,-0.9136843863777871
3747.605878324715,25.239421465642682,-0.9186028975695782
3750.634608900592,25.12918911793433,-0.9229904723600356
3753.650111594744,25.018430261251126,-0.9268750029411489
3756.6523232260943,24.907205260898188,-0.9303067854153622
3759.641187857402,24.795568446648343,-0.9333146881446364
3762.616656071,24.683570684070986,-0.9359275996769041
3765.5786845530884,24.571259372109758,-0.9381734211217052
3768.5272356777414,24.45867856157515,-0.9400786682141257
3771.4622771051304,24.345869121389455,-0.9416679983607619
3774.383781399697,24.232868961586163,-0.9429655209141045
3777.2917256750875,24.11971309907647,-0.9439931180838544
3780.1860912469765,24.006433924906407,-0.9447713646197506
3783.0668633179653,23.893061361152036,-0.9453195571865064
3785.9340306813037,23.779623014289655,-0.9456557682662411
3788.7875854430185,23.666144322097704,-0.9457969097136154
3791.62752276167,23.55264869293207,-0.9457587985483323
3794.453840604822,23.43915763710627,-0.9455562223423463
3797.266539521275,23.32569089042519,-0.9452029992760819
3800.0656224281256,23.21226653051206,-0.9447120369909036
3802.851094411787,23.098901086073152,-0.9440953887650023
3805.6229625421156,22.98560963942135,-0.9433643054127838
3808.381235698846,22.87240592277182,-0.9425292836258319
3811.1259244095786,22.75930240873672,-0.9416001131601442
3813.857040698627,22.646310395157503,-0.9405859198887344
3816.5745979460457,22.533440084770856,-0.9394861370505017
3819.2786107562183,22.420701748324795,-0.9383246907253243
3821.969094966017,22.308102785437757,-0.9371049157717422
3824.64606730027,22.19565019554515,-0.9358318678139926
3827.309545323735,22.08335037140747,-0.9345111284310529
3829.959547368304,21.97120903599574,-0.9331482811922787
3832.5960924526235,21.85923124225267,-0.9317486885171619
3835.2192002016936,21.74742139963061,-0.9303165864598464
3837.828890769649,21.635783409255428,-0.9288580970080087
3840.42518477876,21.524320437614467,-0.9273772761294199
3843.0081032312737,21.413035164478938,-0.9258707076420951
3845.577667451011,21.301930679561888,-0.9243561178422929
3848.133899132559,21.191007945420814,-0.9228329974518483
3850.6768200860092,21.080267985726593,-0.921302786250454
3853.2064522442965,20.96971165137654,-0.9197677383139415
3855.722817642462,20.859339522778864,-0.9182301303515018
3858.225938385195,20.749151907136685,-0.916692381911869
3860.7158366140516,20.639148821307263,-0.9151567734432221
3863.1925344726083,20.529330008494075,-0.9136254197113662
3865.6560540736277,20.419694958128712,-0.9120913264298132
3868.106417468603,20.310243998957134,-0.910569270814374
3870.543646748478,20.200975686459408,-0.9090587522242861
3872.967763830853,20.091888636192493,-0.9075594679436406
3875.3787904671963,19.982981500039255,-0.9060736972631921
3877.776748247201,19.874252656367673,-0.9046020961365929
3880.161658565965,19.765700404831282,-0.8889626188756585
3882.533542614545,19.659024890566204,-0.8436225776913556
3884.892625601413,19.55779018124324,-0.7873268417026377
3887.239560423162,19.463310960238925,-0.7275177607522476
3889.5751577383908,19.376008828948656,-0.6690597081992495
3891.9002787978648,19.295721663964745,-0.6159385779767992
3894.2157653975405,19.221809034607528,-0.5636815287564467
3896.5223824816935,19.154167251156753,-0.5148890875964734
3898.8208825518323,19.092380560645175,-0.46781939493526137
3901.1119682191097,19.036242233252942,-0.4242752063254453
3903.3963172871,18.985329208493887,-0.3838424802563152
3905.6745567921193,18.93926811086313,-0.34622051057532716
3907.947268965423,18.89772164959409,-0.31118782633742725
3910.2149955633745,18.8603791104336,-0.27728704162654805
3912.4782410566263,18.827104665438412,-0.2463514101844997
3914.737493616479,18.797542496216273,-0.2178576219202399
3916.993198716025,18.771399581585843,-0.19150041987000804
3919.245766665815,18.748419531201442,-0.1670771464171062
3921.4955770095594,18.728370273631388,-0.14443537247680877
3923.7429814423954,18.71103802893417,-0.12344899215032702
3925.9883060058673,18.69622414987613,-0.10400723198052293
3928.2318529038525,18.683743282038467,-0.08600947475996748
3930.473902097697,18.67342214506727,-0.0693627217344154
3932.714712755105,18.66509861845914,-0.05398029034525177
3934.9545245893205,18.65862098361771,-0.03977179101479554
3937.1935591073548,18.653848368695932,-0.026676440261426047
3939.432020911598,18.65064719586456,-0.014619363729418114
3941.6700985751017,18.64889287221703,-0.0035319316925007745
3943.9079657197676,18.64846904041393,0.006649556828848832
3946.145782004617,18.64926698723339,0.015984584636597365
3948.383694043085,18.65118513738978,0.024528860757255463
3950.621836259572,18.65412860068065,0.032334630104112375
3952.8603316916538,18.658008756293142,0.039450917447203415
3955.099292742409,18.662742866386807,0.045923735588511545
3957.3388218863756,18.66825371465743,0.05179627167872228
3959.5790123321344,18.674469267258875,0.05710905714279707
3961.8199486442054,18.68132235411601,0.06190013103806028
3964.0617073266994,18.688750369840577,0.06620518307537779
3966.30435737108,18.696694991809622,0.07005769645299677
3968.5479607700972,18.70510191538398,0.07348907917101896
3970.7925729999433,18.713920604884503,0.07652878758386686
3973.0382434725293,18.72310405939457,0.07920444268478441
3975.2850159596564,18.732608592516744,0.08154193957382858
3977.5329289907586,18.742393625265603,0.08356555055079234
3979.7820162257904,18.7524214913317,0.08529802220500037
3982.03230680475,18.7626572539963,0.08676066659809248
3984.2838256752298,18.77306853398807,0.08797344735543372
3986.536593899308,18.78362534767072,0.08895506059426908
3988.7906289410284,18.794299954942034,0.08973223269939933
3991.0459449356213,18.80506782286596,0.09030584864908825
3993.3025530743653,18.815904524703853,0.09069477999449643
3995.5604616173296,18.82678789830319,0.09091502191660625
3997.819676165126,18.837697700933184,0.09098068684238012
4000.080199889238,18.848615383354268,0.09090462321052831
4002.3420337352404,18.85952393813953,0.09069865757024587
4004.605176607817,18.870407777047962,0.09037384979466173
4006.8696255410628,18.881252639023323,0.08994041147522633
4009.1353758577457,18.89204548840035,0.08940793628995813
4011.402421316354,18.902774440755145,0.08878527332220862
4013.6707542492445,18.91342867355381,0.0880807489675528
4015.940365690071,18.923998363429916,0.08606760875771775
4018.2112454936823,18.93432647648084,0.08478585455068557
4020.48336467086,18.944500779026924,0.08379549729835883
4022.756704764343,18.95455623870273,0.08290147684972102
4025.031251512987,18.964504415924697,0.08201931863245948
4027.306992042898,18.97434673416059,0.08111404623562356
4029.583913650997,18.984080419708867,0.08017288898659591
4031.862003301362,18.993701166387257,0.07919289583659775
4034.1412474413287,19.00320431388765,0.0781753536202184
4036.421631958995,19.012585356322077,0.07712327801834332
4038.7031422017535,19.02184014968428,0.07604029170089177
4040.9857630197157,19.03096498468839,0.07493006020030846
4043.2694788178783,19.039956591912425,0.07379633085233078
4045.554273608908,19.048812151614705,0.07264251694537718
4047.8401310671015,19.05752925364815,0.07147182686559483
4050.1270345775392,19.06610587287202,0.0702872504786112
4052.4149672822837,19.074540342929453,0.06909156096490163
4054.703912123435,19.08283133024524,0.06788732317302891
4056.9938518830645,19.090977809026004,0.06667690448435701
4059.2847692201476,19.098979037564128,0.06546248640633869
4061.576646704655,19.106834535932887,0.06424607611444615
4063.869466848967,19.11454406506662,0.0630295176138214
4066.163212136775,19.12210760718028,0.06181450239426753
4068.457865049637,19.12952534746759,0.06060257954243072
4070.753408091333,19.136797657012682,0.05939516531448331
4073.0498238101745,19.14392507685042,0.05819355218946383
4075.3470948193967,19.150908303113155,0.05699891742997014
4077.6452038157704,19.15774817320475,0.055792251124806985
4079.944133596555,19.16444324333973,0.05460950062884774
4082.2438667857555,19.17099638341519,0.053442950660880006
4084.5443863517653,19.177409537494494,0.05228955243689348
4086.8456754962644,19.18368428378692,0.051148317704500235
4089.147717610319,19.189822081911462,0.050019153406996475
4091.450496260148,19.195824380320303,0.04890233211282634
4093.7539951857866,19.201692660173844,0.04907026595153526
4096.058198305008,19.207581092088027,0.048476324082563194
4098.363108036058,19.213398250977935,0.04755263114926854
4100.668715826176,19.219104566715846,0.04649414527564732
4102.975008374182,19.224683864148922,0.045388700257345496
4105.28197043788,19.230130508179805,0.044267503230459235
4107.589586098861,19.23544260856746,0.04316339141028666
4109.89783921189,19.240622215536696,0.042079950880430275
4112.206713877754,19.24567180964235,0.041018606977447
4114.516194494911,19.250594042479644,0.03997242350765034
4116.826265780009,19.255390733300562,0.03895698833804713
4119.136912668005,19.260065571901126,0.03796402284112903
4121.448120536633,19.264621254642062,0.03700335630958401
4123.75987508719,19.269061657399213,0.036056486537606854
4126.072162486078,19.273388435783726,0.03513176112814022
4128.3849690983725,19.277604247119104,0.034216777031510145
4130.698281608027,19.281710260362885,0.03332700698587465
4133.0120868392705,19.28570950120119,0.032459744065723384
4135.326371979415,19.289604670489076,0.031604251608723835
4137.641124539874,19.293397180682124,0.030774207316475836
4139.956332201556,19.2970900855601,0.029966364615541894
4142.271983011823,19.300686049313967,0.02917910427018872
4144.588065337741,19.30418754182639,0.028411547639918003
4146.90456784276,19.30759692754318,0.027663154343143825
4149.221479474066,19.31091650606436,0.02693354428068195
4151.538789454794,19.31414853137804,0.026222414073831687
4153.856487278559,19.3172952210669,0.025520183896253164
4156.174562705087,19.32035764313445,0.024841837870466427
4158.493005622263,19.323338663678907,0.02418385041223603
4160.811806261904,19.326240725728375,0.024830753475043113
4163.130955148991,19.32922041614538,0.024716205165261088
4165.450461598929,19.33218636076521,0.024271210357335503
4167.770323962221,19.33509890600809,0.023690010192330947
4170.090535830942,19.337941707231167,0.023059883389574397
4172.41108883581,19.340708893237917,0.022419858897438506
4174.731973902998,19.34339927630561,0.021787173238672002
4177.053181816154,19.346013737094253,0.02116923608552705
4179.374703464606,19.348554045424518,0.020569033722651956
4181.696529950057,19.351022329471235,0.01998756858412685
4184.018652629594,19.35342083770133,0.019424960075830902
4186.341063130118,19.35575183291043,0.018880940778708995
4188.663753350067,19.35801754580387,0.01835507961061525
4190.986715455563,19.360220155357144,0.017846893720200624
4193.309941874206,19.362361782603568,0.017355845881969825
4195.633425288118,19.364444484109406,0.016881428162707005
4197.957158626211,19.36647025548893,0.01642313647368458
4200.28113505687,19.368441031865775,0.01598047557572957
4202.605347980694,19.37035868893486,0.015552970596696183
4204.929791023366,19.372225045406463,0.015136067628071102
4207.254458028815,19.37404137352183,0.014736171246505942
4209.5793429936375,19.375809714071412,0.014351229525646955
4211.904440159326,19.37753186161449,0.013980088585085369
4214.22974398272,19.3792094722447,0.013622002492936987
4216.555249119389,19.38084411254385,0.013276395289304485
4218.880950412895,19.382437279978568,0.012942792578780598
4221.206842886492,19.38399041508802,0.012620748119908334
4223.532921736303,19.38550490486241,0.012309848281815569
4225.859182324887,19.38698208665623,0.012009691910880152
4228.185620175286,19.388423249685534,0.011719886621530666
4230.512230965249,19.38982963608012,0.01144004711787715
4232.8390105215785,19.391202441734265,0.011169800266189522
4235.165954814586,19.39254281776621,0.010908763502424073
4237.493059952718,19.3938518693865,0.01065657237138551
4239.8203221770445,19.395130658071064,0.010412867363055203
4242.147737856013,19.39638020215463,0.010177294757921614
4244.475303480272,19.397601477525583,0.009949507145514038
4246.803015657575,19.398795418383045,0.00972916380457876
4249.130871107781,19.399962918039595,0.009515931025883485
4251.458866657946,19.4011048297627,0.009309482410897695
4253.786999237517,19.402221967652007,0.009109499159258218
4256.1152658736355,19.40331510755112,0.008915670347785374
4258.443663686542,19.404384987992852,0.008727693200537569
4260.772189885101,19.405432311176916,0.0085452733476596
4263.1008417624425,19.406457743978635,0.00836812507008768
4265.42961669172,19.407461918987046,0.008195971527608661
4267.758512121999,19.40844543557036,0.008032506081704386
4270.087525574268,19.409409336300165,0.00787065006647847
4272.4166546946235,19.41035381430814,0.007711798517878552
4274.74589715234,19.411279230130287,0.006316357121036443
4277.075250659956,19.412037192984812,0.005759448700401336
4279.404695123114,19.41272832682886,0.005573520062333158
4281.734222522334,19.41339714923634,0.005547683319539568
4284.063830180242,19.414062871234684,0.005587062205243467
4286.39351772479,19.414733318699312,0.005649125295364054
4288.723285723035,19.415411213734757,0.005714966939747695
4291.053135068682,19.416097009767526,0.00577633690248377
4293.383066709855,19.416790170195824,0.005829783315694693
4295.713081530278,19.41748974419371,0.00587400848331928
4298.043180299581,19.418194625211708,0.005908675763600446
4300.373363654607,19.41890366630334,0.005933871773256129
4302.7036320945635,19.41961573091613,0.005949864489138057
4305.033985982273,19.420329714654827,0.004831880663788025
4307.364425548032,19.42090954033448,0.004556171825409223
4309.694934692872,19.42145628095353,0.0046391566618084355
4312.0255094465865,19.42201297975295,0.004863490015485002
4314.356151004157,19.422596598554808,0.0051320335742109004
4316.686862595984,19.423212442583715,0.004435837400536161
4319.017648089094,19.42374474307178,0.00464880603278222
4321.3484974582625,19.424302599795713,0.004563661923106159
4323.679413770238,19.424850239226487,0.005576685058568831
4326.010395798945,19.425519441433515,0.006736051391821303
4328.341458131917,19.426327767600533,0.008530861551988898
4330.672617464029,19.42735147098677,0.00899660696339942
4333.003899640547,19.42843106382238,0.008825924687163367
4335.335311368206,19.42949017478484,0.008442245265005366
4337.66685018918,19.430503244216638,0.008047660055026919
4339.998510578486,19.431468963423242,0.007521315968901134
4342.330286854097,19.432371521339512,0.007005163540126705
4344.662171436657,19.433212140964326,0.006482722802987796
4346.994156893573,19.433990067700684,0.006159051610559093
4349.3262357016965,19.43472915389395,0.005737619683684546
4351.658403200164,19.435417668255994,0.005326429490139302
4353.990653320355,19.436056839794812,0.004998557551967297
4356.32298014113,19.436656666701047,0.00478497549483916
4358.655378941134,19.43723086376043,0.003995776653532141
4360.987846644785,19.437710356958853,0.003607008127996765
4363.32037188762,19.438143197934213,0.0038043438402326542
4365.652949071372,19.43859971919504,0.003603568186081058
4367.985581037676,19.439032147377368,0.0034153438825941587
4370.318264895361,19.439441988643278,0.0032382168468707197
4372.650997933998,19.439830574664903,0.002018911735854261
4374.983777602958,19.440072844073207,0.0014882996058575564
4377.316586344247,19.44025144002591,0.0012648734175873127
4379.649416517051,19.44040322483602,0.001176601556454274
4381.982264904031,19.440544417022796,0.0011460532321671659
4384.315130234073,19.440681943410656,0.0011385122887265899
4386.648012067282,19.4408185648853,0.0011385417880416925
4388.9809102950685,19.440955189899867,0.0011393987231063493
4391.313824917856,19.44109191774664,0.0011382560455223919
4393.646755947986,19.441228508472104,0.001139722313738946
4395.979703369003,19.441365275149753,0.0011341365955192004
4398.312667202021,19.441501371541214,0.0011236125958150383
4400.645647366606,19.441636205052713,0.0011092495930491574
4402.9786437112125,19.441769315003878,0.001091758655850583
4405.311656029013,19.441900326042582,0.0010715781938063953
4407.644684068137,19.442028915425837,0.001049048140195536
4409.977727537988,19.442154801202662,0.0010244531824575042
4412.3107861141325,19.442277735584558,0.0009980456789488953
4414.643859442403,19.442397501066033,0.0009700555393864537
4416.976947142531,19.44251390773076,0.0009406950511912082
4419.310048811459,19.442626791136902,0.0009101614145758539
4421.643164026395,19.44273601050665,0.0008786382323223914
4423.976292347656,19.44284144709453,0.0008462965129474007
4426.309433321308,19.442943002676085,0.0008132954410684356
4428.642586481628,19.443040598129013,0.0007797823592575422
4430.975751353404,19.443134172012122,0.0007458958225612931
4433.308927454045,19.44322367951083,0.0007117628933159049
4435.642114295587,19.443309091058026,0.0006775012596210439
4437.975311386514,19.44339039120918,0.0006432196545749216
4440.308518233459,19.44346757756773,0.0006090182799876687
4442.641734342767,19.44354065976133,0.0005749892283267802
4444.974959221939,19.443609658468727,0.00022119351449907624
4447.308192380955,19.443636201690467,0.0006412978576463024
4449.641428725158,19.443713157433383,0.000345945973636567
4451.9746743040505,19.44375467095022,-0.0002836428307546959
4454.3079248645645,19.44372063381053,-2.3112099596946513e-05
4456.641171340621,19.44371786035858,-0.0001233044192436649
4458.974417483864,19.44370306382827,0.0002601860288398729
4461.307661851523,19.44373428615173,0.0003306319734333911
4463.640909965861,19.443773961988544,0.0007540931932442308
4465.9741628413,19.443864453171734,0.0008766508066742716
4468.307426575681,19.443969651268535,8.852987250843894e-05
4470.640702933833,19.443980274853235,0.0006620619459226725
4472.973980566816,19.444059722286745,0.0005376790771980481
4475.30726773349,19.44412424377601,4.668403811424291e-06
4477.640562642743,19.444124803984465,0.00039664869889815147
4479.973857619221,19.444172401828332,0.0005371806234546537
4482.307158307441,19.444236863503146,-4.613216319783673e-06
4484.640466731061,19.444236309917187,0.0004020601674721857
4486.9737750882505,19.444284557137284,0.0008409507088199182
4489.307089235107,19.444385471222343,0.000348110885491282
4491.640415491654,19.4444272445286,0.00021424254725869904
4493.973746760997,19.444452953634272,0.00029296627356555516
4496.307081115433,19.4444881095871,0.0005097978688595802
4498.640419688583,19.444549285331362,4.369410138539715e-05
4500.973765602823,19.444554528623527,5.38077817599253e-05
4503.307112146258,19.444560985557338,0.00017652868499236127
4505.640459464525,19.44458216899954,0.0002758636380178753
4507.973809324804,19.4446152726361,0.00031727265386949615
4510.30716315752,19.444653345354563,0.0003553317078199169
4512.640521558963,19.444695985159502,0.0004005105022042009
4514.973885077182,19.444744046419768,0.00047807312001037656
4517.307254362752,19.44480141519417,0.0005727282626811004
4519.640630532575,19.444870142585692,0.0006797099448872205
4521.974014949686,19.44495170777908,0.00022240924382266872
4524.30740915462,19.444978396888338,0.00013622541435399967
4526.640806562246,19.44499474393806,1.945414423351098e-05
4528.974205931519,19.444997078435367,-2.0813240778135225e-05
4531.307605580931,19.444994580846473,-6.713502846284944e-05
4533.641004930632,19.444986524643056,-0.000324826920689267
4535.974403313589,19.444947545412575,-0.0003639271590921658
4538.307797019039,19.444903874153482,-0.00041545881208895625
4540.641185483937,19.44485401909603,-0.00039985746113626393
4542.974567966228,19.444806036200696,-0.00039897726018470946
4545.307944690572,19.444758158929474,-0.0003705291411932517
4547.6413156696435,19.44471369543253,-0.00034488697784759974
4549.974681313095,19.444672308995187,-0.0003063078863926531
4552.308041990174,19.44463555204882,-0.000267267330876017
4554.64139825642,19.444603479969114,-0.00022154985806255518
4556.974750674016,19.444576893986145,-0.0001860315330710468
4559.308099901295,19.444554570202175,-0.0001431309631306251
4561.641446449718,19.4445373944866,-0.00010329696867234463
4563.974790937057,19.44452499885036,-5.8765120467665375e-05
4566.308133936919,19.4445179470359,0.00038024940678565376
4568.641476090564,19.444563576964715,-0.0002079165398956407
4570.974823719799,19.444538626979927,0.0004325127958585986
4573.308168355036,19.44459052851543,0.0006406966009792987
4575.641519218458,19.44466741210755,0.00044801951612750686
4577.974879307911,19.444721174449484,-0.00021972610256957962
4580.308245848844,19.444694807317177,-0.00034293712044558805
4582.641609225722,19.444653654862723,-0.00033068581013499603
4584.974967664306,19.444613972565506,-0.000376500086945386
4587.308321341014,19.44456879255507,-0.0003194820862007713
4589.641669596121,19.444530454704726,-0.0003621908333498957
4591.975013250685,19.444486991804723,-0.00028893144806041345
4594.308351689701,19.444452320030955,6.095190201722285e-05
4596.641685968105,19.444459634259196,0.0005118753237030791
4598.975021124216,19.44452105929804,0.0003633151242972175
4601.308363651332,19.444564657112956,0.000614582012948215
4603.641711410186,19.44463840695451,0.00036097835483755395
4605.975068019021,19.444681724357093,0.0005799368449116637
4608.308429825944,19.444751316778483,0.00029210458664327926
4610.641799983957,19.44478636932888,0.0005224488564815805
4612.975174348277,19.444849063191658,0.00020865163070133943
4615.308556235859,19.44487410138734,0.00044896598450630445
4617.641941128026,19.444927977305483,0.0004966417477803768
4619.975332485303,19.444987574315217,0.00045929929539203704
4622.30873099422,19.445042690230665,0.000384197329342452
4624.642136117048,19.445088793910184,0.00029416761603009
4626.975546772317,19.44512409402411,0.0001994862797370959
4629.3089616636,19.445148032377677,0.00010495100443300369
4631.642379427485,19.445160626498208,1.2532594978791182e-05
4633.975798702665,19.445162130409607,-7.461865894533368e-05
4636.309218158314,19.445153176170532,-0.0001615909774654424
4638.6426365394545,19.445133785253237,-0.0002462921360077068
4640.976052593685,19.445104230196915,7.185901541806918e-05
4643.309465101309,19.445112853278765,0.00017856129302361946
4645.642878643703,19.445134280633926,-5.0327839558578706e-05
4647.976294757379,19.44512824129318,-0.00010900771673098662
4650.3097101463345,19.445115160367173,-4.2520122571664494e-05
4652.6431239655785,19.445110057952466,4.216688136976032e-05
4654.9765371725325,19.44511511797823,0.00013709949041353423
4657.30995098669,19.44513156991708,-0.00015842191924899418
4659.64336677508,19.44511255928677,3.251452547860073e-05
4661.976780282194,19.445116461029826,5.796723346219044e-05
4664.310194257518,19.445123417097843,0.0001455618678492728
4666.64360906757,19.445140884521987,0.0001492025567777097
4668.977025973712,19.4451587888288,0.0001544837257821693
4671.310445028372,19.445177326875893,0.00018722620613120447
4673.643866307597,19.445199794020628,-7.1718679611871e-05
4675.977290282879,19.445191187779074,-6.096414988580449e-05
4678.310713225413,19.44518387208109,-0.0002233090670064255
4680.644135290062,19.44515707499305,-0.0007936848056141265
4682.977554139061,19.445061832816375,-0.0019129491304052699
4685.310961558999,19.444832278920725,-0.003462471776067798
4687.644341432469,19.444416782307595,-0.004733509055360543
4689.977671446346,19.443848761220952,-0.005571667805376001
4692.310933297693,19.443180161084307,-0.005382936984214569
4694.644114917023,19.4425342086462,-0.005397566437077344
4696.977219022061,19.441886500673753,-0.004938040046800022
4699.310245402142,19.44129393586814,-0.004807611097445765
4701.643200674446,19.440717022536447,-0.004451486166845372
4703.976086717151,19.440182844196425,-0.004118709220757271
4706.308908658454,19.439688599089934,-0.0037159868401566228
4708.641671290345,19.439242680669114,-0.003427863100342423
4710.974380412025,19.438831337097074,-0.0030065111184608704
4713.307040172477,19.43847055576286,-0.002656621502529985
4715.639656639169,19.438151761182556,-0.0023476018252891993
4717.97223485051,19.43787004896352,-0.0020990283143159935
4720.304779256386,19.437618165565805,-0.0018083248100247864
4722.6372934362535,19.437401166588604,-0.0016698882625477214
4724.969781576244,19.4372007799971,-0.0014294032439594458
4727.302245669844,19.437029251607825,-0.001143297786113065
4729.634689180037,19.436892055873493,-0.0007278447848483986
4731.967116226741,19.43680471449931,-0.0007211512106962579
4734.299532792481,19.436718176354027,-0.000237578606810274
4736.631938973644,19.43668966692121,-0.00034050007116401
4738.964341733674,19.43664880691267,-0.0001747614766459394
4741.296739590503,19.436627835535475,-4.468711567845048e-05
4743.629134930768,19.436622473081595,4.7584144377767077e-05
4745.961529627537,19.43662818317892,0.00015773961954617408
4748.293925009519,19.43664711193327,0.00026378362257797547
4750.626322662951,19.43667876596798,0.00033791453785938987
4752.9587241148665,19.436719315712523,0.0002382670289932507
4755.291130432752,19.436747907756,0.00017341644971594227
4757.623540181682,19.436768717729965,0.0003474946800767441
4759.955952427809,19.436810417091575,0.00035360888115618257
4762.28836967786,19.436852850157315,0.0005299622549053213
4764.6207920198785,19.436916445627904,0.0005407868061496277
4766.9532219933535,19.436981340044643,0.000496508462589013
4769.285659754159,19.437040921060152,0.0006495239301419463
4771.618104664686,19.43711886393177,0.0006379230816015351
4773.950558928358,19.43719541470156,0.0006352442254797892
4776.283022378122,19.437271644008618,0.0006202718289352246
4778.615494975403,19.43734607662809,0.0007982066854877115
4780.947976504598,19.437441861430347,0.000809936411227609
4783.28046952797,19.437539053799693,0.0007597592320430111
4785.612974214426,19.437630224907537,0.0008846779208810596
4787.945489841415,19.43773638625804,0.000838031401773181
4790.278018207766,19.437836950026256,0.0009269687435042747
4792.610558641769,19.437948186275477,0.0007973495621398884
4794.943112424122,19.438043868222934,0.0007964629260259501
4797.275677688309,19.438139443774055,0.0008350903230874327
4799.6082544215615,19.438239654612826,0.0009745280493802438
4801.940843180115,19.43835659797875,0.0008531842598477279
4804.273445971872,19.43845898008993,0.0011523994288653323
4806.606061049483,19.438597268021393,0.0010930888640766202
4808.938692721646,19.438728438685082,0.0010091920400369559
4811.271340134288,19.438849541729887,0.0008495764913869708
4813.604002079295,19.438951490908853,0.0008711247553930575
4815.936676258204,19.4390560258795,0.0009771700649081167
4818.269362981309,19.439173286287286,0.0008339996927283981
4820.602063775664,19.43927336625041,0.0008672825587960778
4822.934776579614,19.439377440157468,0.0009760157878817298
4825.267501872433,19.439494562052015,0.0008175103562599653
4827.6002412198795,19.439592663294768,0.00078460939435034
4829.932992339475,19.43968681642209,0.001105217119365035
4832.265754757446,19.439819442476413,0.0009789870576738815
4834.598533090543,19.439936920923333,0.0009558034539336178
4836.931325521054,19.440051617337804,0.0008102611432067122
4839.264131715134,19.44014884867499,0.0006718341110798615
4841.596949576975,19.44022946876832,0.001044057479528515
4843.929777113227,19.44035475566586,0.0011039093435219324
4846.262619683906,19.440487224787084,0.0010438301279291507
4848.595478150881,19.440612484402436,0.0008529361983129693
4850.9283516490095,19.440714836746235,0.0006274706949529159
4853.261237429419,19.44079013322963,0.0009107239826372344
4855.594132245407,19.440899420107545,0.0005776960724272356
4857.92704017582,19.440968743636237,0.0009061738408950461
4860.259956425057,19.441077484497143,0.0005216721858336724
4862.592885723197,19.441140085159443,0.000817605637217424
4864.925822533416,19.441238197835908,0.0006349191133261953
4867.258771117156,19.441314388129506,0.00042083989936685996
4869.591728843732,19.44136488891743,0.0005425529227063879
4871.924692630402,19.441429995268155,0.0007446304413999438
4874.2576642298345,19.441519350921123,0.0007568102902977568
4876.590646551945,19.441610168155957,0.0006277466181131418
4878.923639772123,19.441685497750132,0.00047809256894495463
4881.2566420318535,19.441742868858405,0.00036581519478838965
4883.589651176117,19.44178676668178,0.0004733159503240747
4885.922665588118,19.441843564595818,0.0005937166780305508
4888.25568681587,19.441914810597183,0.00032791400139715963
4890.588716593142,19.44195416027735,0.0003610919211591117
4892.921751092375,19.44199749130789,0.0004351698007269274
4895.254790791332,19.44204971168398,0.00048129765161931585
4897.587836756734,19.442107467402174,0.0004463836624831579
4899.920889652823,19.44216103344167,0.0005258750119808573
4902.253948976836,19.44222413844311,0.0003802603839653555
4904.587015873449,19.442269769689183,0.0003994342289849738
4906.920088245812,19.44231770179666,0.0005580504903245124
4909.253166370027,19.4423846678555,0.0006715286681030047
4911.58625253017,19.442465251295673,0.0007086685249813225
4913.919348360326,19.44255029151867,0.0006999650313417341
4916.252454395308,19.44263428732243,0.0006811278113274682
4918.5855705097865,19.44271602265979,0.0006581565933880624
4920.918696432505,19.442795001451,0.0006344386366010629
4923.251831832679,19.44287113408739,0.0005400806819370165
4925.58497636877,19.44293594376922,0.0004669073999911178
4927.918128682022,19.44299197265722,0.00047118536825174984
4930.251287718741,19.443048514901413,0.00016723918297398597
4932.5844535405295,19.44306858360337,0.0003498992870469208
4934.917621770562,19.443110571517817,0.0004817685555832618
4937.250795039144,19.44316838374449,0.0003811774846647995
4939.583975245193,19.443214125042648,0.00017479607477923831
4941.917160940198,19.44323510057162,5.039495784364624e-05
4944.250349152267,19.44324114796656,0.0002610298452079765
4946.583538090023,19.443272471547985,-1.9354377945980184e-05
4948.916730786608,19.44327014902263,1.3506731029312792e-05
4951.249923204491,19.443271769830353,-0.00010792456823640719
4953.58311581687,19.443258818882164,-7.557352821755528e-07
4955.916306875136,19.44325872819393,-6.845441946402026e-05
4958.249497922519,19.443250513663592,-0.00010225240620225148
4960.582687984159,19.443238243374847,0.00011859262920524469
4962.915876573364,19.44325247449035,0.0006900485188638252
4965.249066870302,19.443335280312613,0.00020896593109754355
4967.58226710394,19.443360356224346,0.00025807408672031545
4969.915470346687,19.443391325114753,0.00044975700382619615
4972.248677305701,19.44344529595521,0.0006789000575084783
4974.581890741216,19.44352676396211,0.0009035074125968216
4976.915113952891,19.443635184851622,0.0011114705888813198
4979.248350175073,19.443768561322287,0.00039652098919259256
4981.581602402432,19.44381614384099,0.0004558410587967956
4983.9148603396925,19.443870844768046,4.960594227848086e-06
4986.248124841065,19.443871440039352,2.166360306964571e-05
4988.58138941387,19.44387403967172,6.263310001054097e-05
4990.914654298631,19.44388155564372,0.00030288862198038784
4993.247920085309,19.443917902278358,0.0006753011902116912
4995.581190233582,19.443998938421185,0.0011414246931517606
4997.914470106192,19.444135909384364,0.0017053458113541256
5000.247766415318,19.444340550881726,0.0024306606161852177
5002.5810872814245,19.44463223015567,0.003178091479379335
5004.914443149043,19.445013601133194,0.0038221983008500174
5007.247844781179,19.445472264929297,0.004425402995436404
5009.58130145297,19.44600331328875,0.004781898246063501
5011.914821850565,19.446577141078276,0.004918346222564075
5014.248411107495,19.447167342624983,0.0046919120551755875
5016.58207118861,19.447730372071604,0.0044298229071167965
5018.915798833258,19.44826195082046,0.004202436741025815
5021.249590267356,19.448766243229382,0.003884174017056266
5023.5834422165435,19.44923234411143,0.0034113999456052407
5025.917350097837,19.449641712104903,0.002919399353643249
5028.251307103289,19.44999204002734,0.0023068313173165954
5030.585306148092,19.450268859785417,0.0022139157722910517
5032.919338411266,19.45053452967809,0.002076697390863689
5035.2534025548275,19.450783733364993,0.0011761157923126293
5037.587496602831,19.45092486726007,0.0014853571515186948
5039.921607586903,19.451103110118254,0.0014261038260534875
5042.255739960116,19.45127424257738,0.001332184491828081
5044.589892869226,19.451434104716398,0.0010561828129768728
5046.924064961792,19.451560846653955,0.0010989505581821184
5049.258252263391,19.451692720720935,0.0007955767520989192
5051.592455389878,19.451788189931186,0.0003343861600041702
5053.9266699726695,19.451828316270387,0.0004464988562428617
5056.260889370622,19.451881896133134,-0.00018105366870362535
5058.595115198158,19.45186016969289,-0.0001536291872253479
5060.929338418521,19.45184173419042,-0.0005373306800254011
5063.263559426624,19.451777254508816,-0.0003324377056465145
5065.597772697165,19.451737361984136,5.820509371837955e-05
5067.9319811806035,19.451744346595383,-0.0003803045133778919
5070.266190502195,19.451698710053776,-0.00024300972465630654
5072.600394347402,19.451669548886816,-0.0007259715961086035
5074.934594693268,19.451582432295282,-0.00048365050480897513
5077.268784585143,19.451524394234706,-0.0008901923064534185
5079.602967512452,19.451417571157933,-0.0005170259836709893
5081.937137620991,19.45135552803989,-0.0008235245969043766
5084.271300284356,19.451256705088262,-0.00037319629754157656
5086.605451088966,19.451211921532558,-0.0007326253441652386
5088.93959651955,19.45112400649126,-0.00042230458923603765
5091.273731400329,19.451073329940552,-0.0004030619484797627
5093.607860199922,19.451024962506736,-0.0003664182654462249
5095.941983195422,19.450980992314882,-0.0003652901626090835
5098.2761009145,19.450937157495368,-0.0003753596765373884
5100.610213373399,19.450892114334184,-0.0005342391439486945
5102.944320427119,19.45082800563691,-0.0007329227393316401
5105.278419787795,19.45074005490819,-0.0008262408814625704
5107.612508594384,19.450640906002416,-0.0008246221683195236
5109.946585503104,19.450541951342217,-0.0007821973485074321
5112.280650537265,19.450448087660394,-0.0007209095917926717
5114.6147043077835,19.45036157850938,-0.0006506502709577701
5116.948747697204,19.450283500476864,-0.000575910109718462
5119.282781717262,19.4502143912637,-0.000498537039824403
5121.616807444214,19.45015456681892,-0.0011389130694323814
5123.950825992232,19.45001789725059,-0.001338729697806625
5126.284828139902,19.449857249686854,-0.00131472272406851
5128.618811009865,19.449699482959964,-0.001209499244150078
5130.95277494782,19.449554343050668,-0.001068670209194838
5133.286721468986,19.449426102625566,-0.0009147131316634165
5135.620652601301,19.449316337049765,-0.0007574060977560953
5137.9545705617475,19.449225448318035,-0.0006007432977375756
5140.288477615546,19.449153359122306,-0.00044610825877021534
5142.62237601864,19.449099826131253,-0.0009368817255282907
5144.956267997776,19.44898740032419,-0.001019008823537215
5147.290146485815,19.448865119265363,-0.0009460650823343309
5149.624010300127,19.448751591455483,-0.0008059258551225521
5151.957860491102,19.44865488035287,-0.0006379315421143053
5154.291699076744,19.448578328567816,-0.0004591256579670726
5156.625528476173,19.44852323348886,-0.0008501132223958796
5158.959351264191,19.448421219902173,-0.0008739283426237466
5161.2931618105795,19.44831634850106,-0.0007604928171692971
5163.6269597723995,19.448225089363,-0.0005871883933860828
5165.960746783123,19.448154626755795,-0.00038855238323979473
5168.294525338333,19.448108000469805,-0.0006712771208337302
5170.628298298389,19.448027447215306,-0.0006449388986510129
5172.962061592055,19.44795005454747,-0.00048093505645233444
5175.295815598601,19.447892342340694,-0.0007252035825820232
5177.629562679682,19.447805317910785,-0.00063657787766324
5179.963299317831,19.447728928565464,-0.0004299045581428761
5182.297026789259,19.447677340018487,-0.000337637525364861
5184.630748070061,19.44763682351544,-0.00025778386497969587
5186.964464488882,19.447605889451644,-0.00020508655779464678
5189.2981771956165,19.44758127906471,-0.0004441321911151106
5191.631886949104,19.447527983201777,-0.0006238621677165043
5193.965590307089,19.447453119741652,-0.0005974075014259095
5196.299284681458,19.44738143084148,-0.0006178299563940926
5198.632970453159,19.447307291246716,-0.0006515831320190729
5200.966647328109,19.447229101270874,-0.0006891688822685141
5203.3003148202615,19.447146401005003,-0.000346119720987086
5205.633972388382,19.447104866638487,-0.0002463063787160111
5207.967624972379,19.44707530987304,-0.0002800392982397789
5210.301274009564,19.44704170515725,-0.00033829379219608286
5212.634919014183,19.447001109902185,-0.0004042365909875153
5214.968559147371,19.446952601511267,-0.0004704744481094895
5217.302193459552,19.446896144577494,-0.0005338165878971692
5219.635820996901,19.446832086586944,-0.0005929651088542767
5221.9694408472915,19.44676093077388,-0.0006474719202963087
5224.303052158984,19.446683234143446,-0.00031971705500956945
5226.636654147082,19.446644868096843,-0.0002317813741410166
5228.970251531253,19.446617054331945,-0.0002812323008546103
5231.303845577772,19.446583306455842,-0.000349825670661697
5233.637435574547,19.446541327375364,-0.0004232588269117667
5235.971020533832,19.446490536316134,-0.0004953415820634739
5238.3045993981905,19.446431095326286,-0.0005634440191703369
5240.63817112963,19.446363482043985,-0.0002463393666856514
5242.971734747475,19.446333921319983,-0.00017044507245362635
5245.305294818034,19.44631346791129,-0.00019942361195914488
5247.638852434183,19.446289537077853,-0.00031009841702366167
5249.972407178632,19.44625232526781,-0.0004069168858723234
5252.305957457665,19.446203495241505,-0.0004934193595970081
5254.639501877094,19.446144284918354,-0.0005715516260445885
5256.9730391912835,19.446075698723227,-0.00026952248026516933
5259.30656827513,19.446043356025594,-0.00020325178353519768
5261.640093477853,19.44601896581157,-0.00028782471839032276
5263.97361575375,19.445984426845364,-0.00037873842555563445
5266.307133884971,19.445938978234295,-0.0004679940487409558
5268.6406465623595,19.445882818948448,-0.00017187091334731555
5270.974152500633,19.445862194438845,-0.00011954613568328832
5273.307655963966,19.445847848902563,-0.00017039669070670105
5275.641157705834,19.445827401299677,-0.0003206176480914655
5277.97465699399,19.445788927181905,-0.00043901119918290384
5280.308151665252,19.445736245838003,-0.0001652079150197632
5282.641640014753,19.4457164208882,-0.0001278588905740176
5284.975125985259,19.44570107782133,-0.00018620148104574506
5287.308610114598,19.445678733643604,-0.0002862501032367075
5289.642091562636,19.445644383631215,-0.00046799658156866224
5291.975568888672,19.445588224041426,-0.00023531330271398231
5294.309039475556,19.4455599864451,-0.00021180754639449345
5296.642506673929,19.445534569539532,-0.0002817641356383519
5298.975970822274,19.445500757843256,-0.0003878000370045839
5301.309430913215,19.445454221838816,-0.00022338345028929168
5303.642885419836,19.44542741582478,-0.00023312621624924876
5305.976336709735,19.44539944067883,-0.0003209803242878688
5308.309784642616,19.445360923039917,-0.00043810823421403113
5310.643227953381,19.44530835005181,-0.0005625342781365617
5312.976664955388,19.445240845938436,-0.0004389090444740327
5315.3100938569005,19.445188176853097,-0.0004600031142400134
5317.643516438123,19.44513297647939,-0.0005362412251605322
5319.9769323953005,19.44506862753237,-0.0006452962542742161
5322.3103406306045,19.444991191981856,-0.0007637882438479653
5324.643739573642,19.444899537392594,-0.0009884729430397602
5326.977127518129,19.444780920639428,-0.0008226717353125429
5329.310501228606,19.44468220003119,-0.0008090036594626906
5331.6438630926095,19.444585119592052,-0.0008120432746480215
5333.977213306961,19.444487674399095,-0.0009852524607430507
5336.310551827889,19.444369444103806,-0.001116149289835842
5338.643876161182,19.444235506189028,-0.00117007902863857
5340.977184421924,19.444095096705592,-0.0013447289328711708
5343.3104758335285,19.44393372923365,-0.0014557553268954753
5345.643747881037,19.443759038594422,-0.001528224577624914
5347.976998965668,19.44357565164511,-0.001580129513399889
5350.310228043865,19.4433860361035,-0.0016200295164888775
5352.643434368198,19.443191632561522,-0.0016518413821733423
5354.976617364105,19.442993411595662,-0.0016773665714117476
5357.3097765734965,19.442792127607092,-0.0016974555293854242
5359.642911628809,19.442588432943566,-0.001712534934958092
5361.976022240762,19.44238292875137,-0.0017228456916138317
5364.309108192212,19.442176187268377,-0.001765118599550412
5366.642169334685,19.44196437303643,-0.0017400693611951325
5368.975205059449,19.441755564713088,-0.0017131771993460392
5371.308215727215,19.441549983449168,-0.0016869316567777967
5373.641201725229,19.441347551650356,-0.0016600453420655724
5375.974163431427,19.441148346209307,-0.0016317237709313776
5378.307101232972,19.440952539356793,-0.001601598968217525
5380.640015537695,19.44076034748061,-0.0015695204423601726
5382.972906779392,19.440572005027526,-0.001535443592537581
5385.305775419995,19.440387751796422,-0.001499376964519529
5387.638621950211,19.44020782656068,-0.0014613576425145053
5389.971446889398,19.44003246364358,-0.0014214396061428864
5392.304250785035,19.439861890890842,-0.0013796880293795522
5394.637034211942,19.439696328327315,-0.0013361763081743466
5396.969797771341,19.439535987170334,-0.0012909843502597201
5399.302542089802,19.439381069048302,-0.0012101637922026912
5401.635267818087,19.43923584939324,-0.0012360369896707493
5403.967976120015,19.439087524954477,-0.0012304518804635862
5406.300666623009,19.43893987072882,-0.0012021181332329328
5408.633339407497,19.43879561655283,-0.0011615079601033492
5410.965994881483,19.43865623559762,-0.001111018746215024
5413.298633629755,19.438522913348073,-0.0010576184770783171
5415.631256379357,19.438395999130822,-0.0007310795015344448
5417.963863899253,19.43830826959064,-0.0005407789964328882
5420.296460891604,19.438243376111068,-0.000430830621431878
5422.629050096737,19.438191676436496,-0.0003577805570506335
5424.96163309791,19.43814874276965,-0.0003009600198662159
5427.294210947042,19.438112627567264,0.0
