position,velocity,acceleration
-651.3902571535776,19.444444444444443,1.4929946168251719e-15
-649.0569238202443,19.444444444444443,0.001140029305750863
-646.7235740704889,19.444581247961132,0.002232627048549593
-644.390192170904,19.444849163206957,0.0032781574915350248
-642.0567630658513,19.44524254210594,0.004277033524590871
-639.7232723715158,19.445755786128892,0.005229716564534124
-637.3897063692618,19.446383352116637,0.006136716175365907
-635.056051998295,19.44711975805768,0.006998589431938823
-632.7222968476402,19.447959588789512,0.007815940049420158
-630.3884291474487,19.448897501595443,0.008589417299557171
-628.0544377596482,19.44992823167139,0.009319714733818603
-625.7203121679554,19.451046597439447,0.010007568732326987
-623.3860424672729,19.452247505687325,0.010653756896909288
-621.0516193524911,19.453525956514955,0.011259096305112652
-618.7170341067225,19.45487704807157,0.011824441641787746
-616.3822785889943,19.456295981068585,0.012350683223686694
-614.0473452214276,19.45777806305543,0.012838744931776863
-611.712226975934,19.459318712447242,0.013289582065394247
-609.3769173604585,19.46091346229509,0.013704179131442638
-607.0414104048036,19.46255796379086,0.014083547581346082
-604.7057006460635,19.464247989500624,0.014428723507591735
-602.3697831137049,19.465979436321536,0.014740765311277479
-600.0336533143259,19.46774832815889,0.015020751351222765
-597.6973072161273,19.469550818321036,0.015269777584734887
-595.3607412331316,19.471383191631205,0.015488955209526374
-593.0239522091808,19.47324186625635,0.015679408315489106
-590.6869374017504,19.475123395254208,0.015842271554857453
-588.3496944656094,19.477024467840792,0.01597868783818742
-586.0122214363637,19.478941910381373,0.01608980606360994
-583.6745167139106,19.480872687109006,0.016176778885773933
-581.3365790458416,19.482813900575298,0.016240760530801996
-578.9984075108209,19.484762791838993,0.0162829046626923
-576.660001501973,19.486716740398517,0.01630436230640079
-574.321360710308,19.488673263875285,0.016306279832238063
-571.9824851082134,19.490630017455153,0.016289797005617453
-569.6433749330419,19.492584793095826,0.016256045106039195
-567.3040306708208,19.494535518508552,0.01620614511847527
-564.96445304011,19.49648025592277,0.016141206000024607
-562.6246429760329,19.498417200642773,0.01606232302422089
-560.2846016145041,19.50034467940568,0.01597057620513641
-557.9443302766781,19.502261148550296,0.015867028802803183
-555.6038304536373,19.50416519200663,0.015752725911347014
-553.2631037913434,19.506055519115993,0.015628693130681905
-550.9221520758683,19.507930962291674,0.015495935322468693
-548.5809772189247,19.50979047453037,0.015355435450520396
-546.2395812437105,19.51163312678443,0.015208153505699361
-543.8979662710859,19.513458105205114,0.015055025515034435
-541.5561345060939,19.51526470826692,0.014896962634432619
-539.21408822484,19.51705234378305,0.014734850324210536
-536.8718297617413,19.518820525821955,0.01456954760642922
-534.5293614971572,19.520568871534728,0.014401886402727753
-532.1868932325731,19.522297097903056,0.016836409124748
-529.8442175808248,19.524317466998028,0.01939951432675716
-527.501299484785,19.52664540871724,0.02229458409982732
-525.1581020357389,19.52932075880922,0.025285167612428463
-522.8145835446818,19.53235497892271,0.028553573177983807
-520.4707009472111,19.535781407704068,0.03201395708270403
-518.1264071782866,19.53962308255399,0.035343566983723845
-515.7816524083802,19.54386431059204,0.03805697335765478
-513.4363886911092,19.548431147394957,0.04014609652021829
-511.0905769534218,19.553248678977383,0.04183935161318695
-508.74418711194454,19.558269401170964,0.043241143738033186
-506.397194783804,19.56345833841953,0.044178156510721614
-504.0495797831937,19.568759717200816,0.04477148582576231
-501.7013286171296,19.574132295499908,0.04522589844001559
-499.3524327416696,19.57955940331271,0.04560623505438836
-497.00288561327204,19.585032151519236,0.04593100200074238
-494.65268175508976,19.590543871759326,0.04620676458679307
-492.30181649047864,19.59608868350974,0.04642982660344425
-489.9502858484575,19.601660262702154,0.04653646281890006
-487.59808661693324,19.607244638240424,0.04646637699236514
-485.2452172603444,19.61282060347951,0.04633593882667437
-482.8916787879269,19.61838091613871,0.04623084058922998
-480.5374730779902,19.62392861700942,0.0459900637444303
-478.1826016439491,19.62944742465875,0.04536553874190173
-475.82706795299003,19.634891289307777,0.0444064979427547
-473.4708809982731,19.64022006906091,0.04317761185176256
-471.1140545899858,19.645401382483122,0.04180677740963375
-468.75660642408786,19.65041819577228,0.04032434704081951
-466.3985562405952,19.655257117417175,0.03877156740955556
-464.03992538650516,19.659909705506323,0.037223971414850586
-461.6807362218444,19.664376582076105,0.0358000933525057
-459.3210110319953,19.668672593278405,0.03461479207836097
-456.9607703208019,19.672826368327808,0.033692899981700684
-454.60003115660254,19.676869516325613,0.0328874197581677
-452.23880681464345,19.680816006696592,0.03200370347169689
-449.8771088938399,19.684656451113195,0.030975896885831494
-447.51495011970627,19.688373558739496,0.02982770238600749
-445.1523452926575,19.691952883025817,0.028660691859120277
-442.7893109466944,19.69539216604891,0.027543600702205878
-440.4258638867685,19.698697398133177,0.026622632353196857
-438.06202019899257,19.70189211401556,0.025774989923768005
-435.6977931453107,19.704985112806412,0.02483723529581349
-433.3331949317739,19.70796558104191,0.023754640615304554
-430.9682390620489,19.71081613791575,0.0226147438091858
-428.602941125499,19.713529907172852,0.021458117764484027
-426.2373175366383,19.71610488130459,0.020307951693930452
-423.87138495088175,19.718541835507864,0.019179614720821345
-421.5051599306208,19.720843389274364,0.01809985956841047
-419.13865872390784,19.723015372422573,0.017054622317389058
-416.77189687921714,19.72506192710066,0.016116908479774657
-414.40488944796505,19.726995956118234,0.015330414678581726
-412.03764993323085,19.728835605879663,0.014692292877463277
-409.6701896605253,19.730598681024958,0.014151506523045759
-407.3025178188023,19.732296861807722,0.013669319998150247
-404.9346421953854,19.7339371802075,0.013212309266769817
-402.5665697337605,19.735522657319514,0.012751466066886232
-400.1983070148822,19.73705283324754,0.012281447252650724
-397.8298606748925,19.73852660691786,0.011812148649959095
-395.4612374820623,19.739944064755854,0.011312821461715339
-393.0924441942916,19.74130160333126,0.010773140586424205
-390.72348800189184,19.74259438020163,0.010207271915945232
-388.35437667626763,19.743819252831543,0.009640560760290932
-385.98511836592786,19.74497612012278,0.009093352980015262
-383.61572123151313,19.746067322480382,0.008583813171443884
-381.24619315281547,19.747097380060953,0.008116590378334223
-378.87654146720814,19.748071370906352,0.007710063305484499
-376.50677290269937,19.74899657850301,0.007376794703034188
-374.136893313279,19.749881793867374,0.007117530043599374
-371.7669074980149,19.750735897472605,0.006923075161716514
-369.3968191903182,19.75156666649201,0.006781825415171612
-367.0266311903391,19.75238048554183,0.006683701771574998
-364.6563455320741,19.75318252975442,0.006622425899230375
-362.28596362850357,19.753977220862325,0.0065965939063640285
-359.9154863620001,19.75476881213109,0.006607789523860942
-357.5449141045444,19.755561746873955,0.00666017559319152
-355.1742466949195,19.756360967945138,0.006760897309886025
-352.80348337876603,19.757172275622324,0.005726746888028207
-350.43262270569136,19.757859485248886,0.0039058137123735757
-348.0616795674615,19.75832818289437,0.0016319283870597171
-345.69068018551417,19.758524014300818,-0.0008951356415485259
-343.31965730379807,19.75841659802383,-0.0036063552761509085
-340.94864731203523,19.757983835390693,-0.00643797745271206
-338.57768925178834,19.757211278096367,-0.009331064838220054
-336.20682389841676,19.75609155031578,-0.012146332113099366
-333.8360929123789,19.754633990462207,-0.014772282821000723
-331.4655368335234,19.752861316523685,-0.01717522123780483
-329.09519347554055,19.75080028997515,-0.019299479613894516
-326.7250974407435,19.74848435242148,-0.02108985468091997
-324.355279318453,19.745953569859772,-0.022538331547574706
-321.9857648900698,19.743248970074063,-0.023706528435937575
-319.6165750136609,19.74040418666175,-0.024706311854588433
-317.2477265112615,19.7374394292392,-0.0255883439031677
-314.8792337797528,19.73436882797082,-0.026411916614498602
-312.5111095203963,19.73119939797708,-0.02720697507737361
-310.14336559263904,19.727934560967793,-0.02799536532946819
-307.7760134453229,19.724575117128257,-0.028798635050519345
-305.40906443126755,19.721119280922196,-0.029582829143371358
-303.0425301175569,19.71756934142499,-0.030290761612740278
-300.6764217965859,19.713934450031463,-0.030865122141868536
-298.3107496625821,19.71023063537444,-0.03127443189043253
-295.94552198633716,19.706477703547588,-0.031544258927912974
-293.58074466191147,19.702692392476237,-0.03161880098504463
-291.2164215748143,19.698898136358032,-0.031494691863289466
-288.85255379845137,19.69511877333444,-0.03125486327574342
-286.48913954565126,19.69136818974135,-0.03091078087183813
-284.1261753628823,19.68765889603673,-0.030511933569211894
-281.76365629535786,19.683997464008424,-0.030079048142952914
-279.40157659967684,19.68038797823127,-0.029676183759835613
-277.0399300422891,19.67682683618009,-0.029278845433595824
-274.67871082194745,19.67331337472806,-0.02890181441792518
-272.31791321698006,19.66984515699791,-0.028534849913471022
-269.95753179814034,19.666420975008293,-0.02815731228813146
-267.59756128113935,19.66304209753372,-0.02779512233730498
-265.2379962294353,19.65970668285324,-0.02737366070961226
-262.8788314274929,19.656421843568086,-0.026909008679907184
-260.5200608062647,19.653192762526498,-0.026370421059915126
-258.16167767476156,19.650028311999307,-0.02581295598580363
-255.80367427732165,19.646930757281012,-0.025241024466223522
-253.44604258644793,19.643901834345066,-0.02468286574657247
-251.08877436632653,19.640939890455478,-0.024155800503009663
-248.73186157947188,19.638041194395118,-0.023665465769057162
-246.37529663614447,19.63520133850283,-0.02321418437286326
-244.01907247552413,19.632415636378088,-0.02279780315851016
-241.66318259915874,19.62967989999907,-0.022406449963340506
-239.30762101115886,19.626991126003468,-0.022026321752320322
-236.95238207603845,19.624347967393188,-0.021640836879182133
-234.59746031995127,19.621751066967686,-0.021250005461827606
-232.24285019191515,19.619201066312268,-0.020869409489293535
-229.88854606395768,19.61669673717355,-0.020521132027803365
-227.53454245549685,19.614234201330216,-0.020211466746449948
-225.1808343513372,19.611808825320644,-0.019935960754791197
-222.82741729229875,19.60941651003007,-0.019690812753241128
-220.47428731109514,19.60705361249968,-0.019477393964579967
-218.12144087759518,19.60471632522393,-0.019302674395749456
-215.76887491856832,19.602400004296438,-0.019175106686738257
-213.41658691805273,19.60009899149403,-0.019101889403767752
-211.06457503907345,19.597806764765576,-0.019091522040295912
-208.71283822730157,19.59551578212074,-0.01915430803729895
-206.36137633344708,19.593217265156262,-0.019295404621305735
-204.01019026162834,19.590901816601704,-0.019519870857759046
-201.65928204363613,19.588559432098773,-0.019824573057629215
-199.30865491178426,19.58618048333186,-0.020198860816258865
-196.95831325378444,19.583756620033906,-0.020233696433235852
-194.60826245938037,19.581328576461917,-0.019183864466733983
-192.25850303020493,19.57902651272591,-0.017394917358007113
-189.90901984867781,19.57693912264295,-0.01520548615318165
-187.55978715396066,19.57511446430457,-0.012858587865735013
-185.21077341824412,19.57357143376068,-0.010519537145102103
-182.86194484619284,19.572309089303268,-0.008446270062581123
-180.51326775547645,19.571295536895757,-0.006865721509060025
-178.16471229104897,19.57047165031467,-0.005742782876481052
-175.81625569301121,19.569782516369493,-0.0049005314306414865
-173.46788179104686,19.569194452597817,-0.0041029463784527315
-171.11957845673513,19.568702099032404,-0.0033412084015607283
-168.77133420485123,19.568301154024216,-0.002712375893045555
-166.42313806636832,19.56797566891705,-0.002239093690517967
-164.07498098609827,19.567706977674188,-0.0019056067702582303
-161.72685614877736,19.56747830486176,-0.001669978855400547
-159.37875875219396,19.56727790739911,-0.0014817420617038615
-157.03068540330608,19.567100098351705,-0.0013435475166389762
-154.68263339150388,19.566938872649708,-0.0012909333504597352
-152.3346007267859,19.56678396064765,-0.001325429108532168
-149.9865866515082,19.566624909154626,-0.0014902823000159484
-147.63859166240962,19.566446075278623,-0.0017728208569867748
-145.2906181333762,19.566233336775785,-0.002194636357188567
-142.94267013296312,19.565969980412923,-0.002782360892769989
-140.59475373531356,19.56563609710579,-0.0035648154773429567
-138.24687740366087,19.56520831924851,-0.004546879875708179
-135.89905240535106,19.564662693663422,-0.0057483930524427395
-133.55129288211145,19.56397288649713,-0.007198055361155689
-131.2036161357318,19.56310911985379,-0.008886009836243878
-128.85604304134935,19.562042798673442,-0.01077302717152985
-126.50859790550854,19.56075003541286,-0.012783131283267291
-124.161307901259,19.559216059658866,-0.014843128537565215
-121.81420197409993,19.557434884234357,-0.016921059197317602
-119.46730978799181,19.55540435713068,-0.01901187329325524
-117.12066126513612,19.55312293233549,-0.021135264308670933
-114.77428651325586,19.55058670061845,-0.02332160863338914
-112.42821610918165,19.54778810758244,-0.025589269398118553
-110.08248153627176,19.54471739525467,-0.0279425272635427
-107.7371154488412,19.541364291983044,-0.03038714212010162
-105.39215173380323,19.537717834928632,-0.03293151052479683
-103.0476255936118,19.533766053665655,-0.03554787471669735
-100.70357366717192,19.529500308699653,-0.038270184312126386
-98.36003363012796,19.5249078865822,-0.04112163171482648
-96.01704468373809,19.51997329077642,-0.04409735450362249
-93.67464788884492,19.514681608235986,-0.04717075409902083
-91.3328860958566,19.5090211177441,-0.05028062381661368
-88.9918035617273,19.50298744288611,-0.05335457973368489
-86.65144506858095,19.49658489331807,-0.05637154496303867
-84.31185488138279,19.489820307922503,-0.05935455568979027
-81.97307644443208,19.482697761239727,-0.062338361292842516
-79.63515271308331,19.475217157884586,-0.0653669295501039
-77.29812665413716,19.467373126338572,-0.0684772844499146
-74.96204187897654,19.45915585220458,-0.07171187888077957
-72.62694317671199,19.45055042673889,-0.07509683819588882
-70.29287712550332,19.441538806155382,-0.07861162595035369
-67.95989246876468,19.432105411041338,-0.08223400007127883
-65.62803981943972,19.422237331032786,-0.08597494293401027
-63.29737133971579,19.411920337880705,-0.08983530803693139
-60.9679408991701,19.401140100916273,-0.09383610206903656
-58.63980408706015,19.38987976866799,-0.09794432977253544
-56.31301851481999,19.378126449095284,-0.10210008779744527
-53.98764334092856,19.36587443855959,-0.106256368573405
-51.663738408301406,19.35312367433078,-0.1104096899030761
-49.34136356738171,19.339874511542412,-0.11456584801597786
-47.02057862599662,19.326126609780495,-0.11873295077471471
-44.70144343282296,19.31187865568753,-0.12292680365292208
-42.38401799414046,19.297127439249177,-0.12716338659735124
-40.06836270143056,19.281867832857493,-0.1314524703248006
-37.75453856148766,19.266093536418516,-0.13579853629054198
-35.44260733711744,19.24979771206365,-0.14019595537892704
-33.1326316116698,19.23297419741818,-0.14469400038701266
-30.824674707979618,19.215610917371738,-0.1492325044319554
-28.51880139789501,19.197703016839903,-0.1538158078761908
-26.215077035874224,19.17924511989476,-0.15847453012860177
-23.913567621486852,19.160228176279325,-0.16323988054315106
-21.614340240333334,19.140639390614147,-0.1681297356381699
-19.317463513459636,19.120463822337566,-0.17312520042825055
-17.023007854779127,19.099688798286177,-0.17818375003213563
-14.731045198984786,19.07830674828232,-0.18326922254351266
-12.441648389190908,19.056314441577097,-0.18834897511925924
-10.154890656201657,19.033712564562787,-0.19343294682988474
-7.870845148454122,19.0105006109432,-0.1985215571946913
-5.589585075140938,18.986678024079836,-0.20360425400349058
-3.311183712251358,18.962245513599417,-0.2086903773830478
-1.0357142506194283,18.93720266831345,-0.2137573313478691
1.2367500695781857,18.911551788551705,-0.2187806682102891
3.5061362842043904,18.88529810836647,-0.22373466103625977
5.772372057208367,18.858449949042118,-0.22861160629328478
8.035386051093422,18.831016556286922,-0.23342565000277998
10.295108037847852,18.80300547828659,-0.2381936622189864
12.551468695242242,18.77442223882031,-0.2429078477805536
14.804399363900679,18.745273297086644,-0.24756602095756175
17.053832159551074,18.715565374571735,-0.2521716741108181
19.299700004499684,18.685304773678435,-0.2567177419718359
21.541936577341097,18.654498644641816,-0.261188522595508
23.780476414698114,18.623156021930356,-0.26557917804972736
26.015255137329756,18.59128652056439,-0.26989441556985194
28.246209519797482,18.558899190696007,-0.27414309651574786
30.473277422681,18.526002019114117,-0.27833283795443947
32.6963976649747,18.492602078559585,-0.2824604546391866
34.915509914401845,18.45870682400288,-0.2865115296062845
37.13055473328219,18.424325440450126,-0.29049321232010705
39.341473786136206,18.389466254971712,-0.2944081040306496
41.54820973673281,18.354137282488033,-0.2982597968994052
43.75070621063137,18.318346106860105,-0.30204368390285696
45.94890774345458,18.28210086479176,-0.3057642590476112
48.1427598472296,18.24540915370605,-0.3094215262860108
50.332208945674324,18.208278570551727,-0.31301027850350205
52.51720237414053,18.170717337131308,-0.31652874434997763
54.69768845459629,18.13273388780931,-0.3199774385629221
56.87361652113341,18.09433659518176,-0.32335192611898556
59.044936912555215,18.05553436404748,-0.3266473004827463
61.211601036240914,18.01633668798955,-0.3298535613179769
63.37356143879966,17.97675426063139,-0.3329694495498997
65.53077195007543,17.936797926685404,-0.33599490324348863
67.68318770127769,17.896478538296186,-0.3389172293602919
69.83076512587323,17.855808470772953,-0.34174268976593347
71.97346214236599,17.814799348001042,-0.34446835304205226
74.11123806412611,17.773463145635997,-0.34709100243417057
76.24405364160243,17.731812225343898,-0.34961105905283624
78.3718711086437,17.689858898257558,-0.3520417637639277
80.49465417643461,17.647613886605885,-0.35436065309472187
82.61236784282731,17.60509060823452,-0.35656332409461644
84.72497871581545,17.562303009343164,-0.3586601567796191
86.83245507693664,17.51926379052961,-0.3606510159543131
88.9347667318002,17.475985668615092,-0.36252547332646745
91.03188501203401,17.432482611815917,-0.3642785334467933
93.12378292545192,17.388769187802303,-0.3659093863630414
95.2104352279882,17.344860061438737,-0.3674157130793622
97.29181843536085,17.300770175869214,-0.3687938273208525
99.36791085646516,17.256514916590714,-0.3700366901706178
101.43869264645605,17.212110513770238,-0.3711380290667513
103.50414590810847,17.16757395028223,-0.3720960220833303
105.56425478214234,17.12292242763223,-0.3729059005158925
107.61900547345822,17.078173719570323,-0.373563132122276
109.66838631980666,17.03334614371565,-0.374129775967212
111.71238785705253,16.988450570599586,-0.3745853806062843
113.75100192552448,16.94350032492683,-0.3749097498755092
115.7842219645157,16.89851115494177,-0.37510192668410625
117.81204330310871,16.853498923739675,-0.37516883126646355
119.83446317395747,16.8084786639877,-0.37510913898518794
121.851480613636,16.763465567309478,-0.3749088071085645
123.86309648171314,16.71847651045645,-0.3745410899103259
125.86931366296791,16.673531579667213,-0.3739742538941958
127.87013745252797,16.62865466919991,-0.37318223914584997
129.86557601283195,16.58387280050241,-0.3721466130456366
131.85564074889223,16.539215206936934,-0.37085990676664093
133.84034657372467,16.494712018124936,-0.3693258369273922
135.81971201589965,16.450392917693648,-0.36755680484420356
137.79375916602288,16.406286101112343,-0.36557577247933076
139.76251349815635,16.362417008414823,-0.36340624719119174
141.72600353916613,16.31880825875188,-0.36107127812390677
143.68426053021636,16.27547970537701,-0.358589285746556
145.6373180948616,16.232448991087423,-0.3559743438672835
147.5852119737921,16.18973206982335,-0.3532376244185957
149.5279798221709,16.14734355489312,-0.35038421158015237
151.46566104875808,16.1052974495035,-0.3474167119197872
153.3982967426985,16.063607444073124,-0.34433575647587256
155.32592963598728,16.02228715329602,-0.34114145087922004
157.2486040943828,15.981350179190514,-0.33782923619851185
159.16636611588567,15.940810670846693,-0.3343874723456427
161.07926339638726,15.900684174165216,-0.3307948525090375
162.9873454972871,15.86098879186413,-0.3270206719926839
164.8906641523108,15.821746311225008,-0.3230389417254444
166.78927370965778,15.782981638217954,-0.318833160417263
168.68323150624394,15.744721658967883,-0.3143997358752506
170.57259810532008,15.706993690662854,-0.30975688875798674
172.45743734819962,15.669822864011895,-0.3049507934061186
174.33781609188105,15.63322876880316,-0.3000200412751837
176.21380354413742,15.597226363850138,-0.2949869810180095
178.08547070779943,15.561827926127977,-0.28986372946864314
179.9528900589348,15.52704427859174,-0.2846580519299497
181.8161353723658,15.492885312360146,-0.27938167474989395
183.67528160984904,15.459359511390158,-0.2740463482268331
185.53040475121585,15.426473949602938,-0.2686546703714669
187.3815816251682,15.394235389158363,-0.26318999031300133
189.2288898718672,15.362652590320803,-0.25764346411843525
191.07240818270571,15.331735374626591,-0.2520126990756456
192.9122164276609,15.301493850737513,-0.2463088078891515
194.7483956897494,15.271936793790815,-0.24055710888098383
196.5810281050043,15.243069940725096,-0.234784002890319
198.4101964978913,15.214895860378258,-0.22900788212778395
200.23598400113667,15.187414914522924,-0.2232442408352729
202.05847379087942,15.160625605622691,-0.21751019487018422
203.87774886355413,15.134524382238268,-0.21181763842903314
205.69389178942274,15.109106265626785,-0.20617344416838307
207.50698454129795,15.08436545232658,-0.20058069655031366
209.31710839557715,15.060295768740541,-0.19504105414148237
211.12434388782603,15.036890842243563,-0.1895544693441919
212.92877078889526,15.01414430592226,-0.18411873712365484
214.73046810560592,14.992050057467422,-0.1787310597384363
216.529514112502,14.97060233029881,-0.17338507476443968
218.32598639213785,14.949796121327077,-0.1680752317679157
220.1199619266971,14.929627093514927,-0.1627974582490865
221.91151717791888,14.910091398525037,-0.15754651950625617
223.7007281457419,14.891185816184286,-0.15232560883966478
225.487670443684,14.872906743123528,-0.14713588755388138
227.27241925285884,14.855250436617062,-0.14198166110259203
229.05504930525288,14.838212637284752,-0.1368638674156622
230.83563482172704,14.821788973194872,-0.13177802357719115
232.61424949851042,14.805975610365609,-0.12671491038173263
234.3909665717543,14.7907698211198,-0.1216703886432011
236.16585895028868,14.776169374482617,-0.11664452249542576
237.9389992752266,14.762172031783166,-0.11164023914024311
239.71045991904057,14.748775203086337,-0.10666299940679068
241.48031294341092,14.735975643157522,-0.10171708514345543
243.24863002058981,14.723769592940307,-0.09680681963317436
245.01548237174265,14.712152774584327,-0.09193542959097051
246.78094070469277,14.70112052303341,-0.08710319538086655
248.5450751674568,14.690668139587705,-0.08231174568438107
250.3079553442073,14.68079073010558,-0.07756324891564648
252.06965023181996,14.671483140235702,-0.07286549961036913
253.83022820864824,14.662739280282459,-0.06822330444528144
255.58975692228213,14.654552483749026,-0.06363774524315578
257.348303220332,14.646915954319846,-0.05911029318360168
259.1059331348504,14.639822719137815,-0.05464371219636572
260.8627118611469,14.633265473674252,-0.05024274044616486
262.61870371798784,14.627236344820712,-0.04591068947829837
264.37397207936635,14.621727062083316,-0.041643700269118816
266.12857932681635,14.616729818051022,-0.03743021707836312
267.8825869049825,14.612238192001618,-0.03326367801425277
269.6360554880227,14.608246550639908,-0.029141684719505352
271.3890450740995,14.604749548473567,-0.02505464551377231
273.14161501991634,14.601742991011914,-0.020989521655283234
274.89382417883775,14.59922424841328,-0.01693315458601541
276.6457310886473,14.597192269862958,-0.012879341311787609
278.3973941610309,14.595646748905544,-0.008826261614963526
280.1488717708996,14.59458759751175,-0.0047795152386113935
281.90022228260096,14.594014055683116,-0.0007497814719337787
283.65150396928294,14.593924081906485,0.003256749440627231
285.40277485911173,14.59431489183936,0.007237992947232816
287.1540926461324,14.595183450993028,0.011200422736519975
288.9055146602516,14.596527501721411,0.015161585257221746
290.65709796045815,14.598346891952279,0.019109475698746818
292.40889958749244,14.600640029036128,0.023022700599328323
294.16097639097677,14.603402753108048,0.026869910559018318
295.91338472134976,14.60662714237513,0.03060080113644246
297.6661799784348,14.610299238511503,0.03420678415630922
299.4194158870562,14.61440405261026,0.03765971928642673
301.1731443733694,14.61892321892463,0.04094200278942941
302.92741515964036,14.623836259259361,0.04404042389539181
304.6822755107515,14.629121110126809,0.04694440081587452
306.4377700439667,14.634754438224714,0.04964607619232985
308.19394057655364,14.640711967367794,0.05213943698839616
309.9508260126378,14.646968699806402,0.054427169339317
311.70846225661455,14.653499960127121,0.05651468550405288
313.4668822518298,14.660281722387607,0.0584134123393942
315.2261160585163,14.667291331868334,0.06010678808376074
316.9861910183405,14.674504146438386,0.061608193578334
318.7471315159131,14.681897129667785,0.06293904766365391
320.50895917147324,14.689449815387423,0.06410812270599953
322.27169314931973,14.697142790112142,0.06512037569483908
324.0353502841332,14.704957235195524,0.06597801439120339
325.79994515235666,14.712874596922468,0.0666827458579207
327.5654901039874,14.72087652642542,0.06723722825562796
329.3319952871584,14.728944993816095,0.0676445559933215
331.09946868641634,14.737062340535292,0.06790700912467043
332.86791616728055,14.745211181630253,0.06802863698590562
334.6373415090762,14.753374618068563,0.06801367546190731
336.4077464632444,14.761536259123991,0.06786949078413645
338.17913081433926,14.769680598018088,0.06760470430891166
339.9514924861014,14.777793162535158,0.06722600535552088
341.72482766560563,14.78586028317782,0.066735064211626
343.499130899587,14.793868490883215,0.0661297713651672
345.274395118493,14.801804063447035,0.06541126492877652
347.0506116061066,14.809653415238488,0.06458406566524542
348.82777001593524,14.817403503118317,0.0636532561522799
350.60585843630946,14.825041893856591,0.062625027191443
352.38486346357223,14.832556897119565,0.06151041091571378
354.1647702912266,14.83993814642945,0.060313263640956315
355.94556286879816,14.847175738066365,0.059038957204235645
357.7272239573661,14.854260412930874,0.05769364403392124
359.5097352069178,14.861183650214944,0.05626193558421914
361.2930772449436,14.86793508248505,0.05472521232253328
363.0772294548418,14.874502107963753,0.053112451794706396
364.8621697077975,14.880875602179119,0.051439850447846325
366.647874780059,14.88704838423286,0.049713007261821436
368.43432058616696,14.89301394510428,0.047936143769244655
370.2214822595795,14.898766282356588,0.04611033245559017
372.0093342134623,14.904299522251259,0.044237859292755165
373.7978501561324,14.90960806536639,0.04232394485176388
375.5870031239764,14.914686938748602,0.040373624277254744
377.3767655566262,14.919531773661873,0.038392087624797226
379.1671093694656,14.924138824176849,0.03638303145404436
380.9580060283668,14.928504787951335,0.03435043148411184
382.74942660292095,14.932626839729428,0.03229773251420664
384.54134182368847,14.936502567631132,0.030223810266341515
386.3337221318042,14.940129424863093,0.028127179717846566
388.12653766278777,14.943504686429234,0.026007661675734012
389.9197582251593,14.946625605830322,0.023867049188332937
391.71335329785893,14.949489651732922,0.021706128199316447
393.5072920560669,14.952094387116839,0.019522530161691008
395.3015433825209,14.954437090736242,0.017316261535643477
397.09607583340926,14.95651504212052,0.015088586112112582
398.89085763846373,14.958325672453974,0.012842196038414726
400.6858567191582,14.959866735978583,0.010581361552695165
402.48104072747566,14.961136499364907,0.008315766191410005
404.27637710739947,14.962134391307876,0.006054889533983296
406.0718332343564,14.962860978051953,0.0038063280641157595
407.86737655172266,14.963317737419647,0.0015758742072261016
409.66297468021304,14.963506842324515,-0.0006308102988203745
411.458595501292,14.963431145088656,-0.0028089074912194018
413.25420723870263,14.963094076189709,-0.004954325453986205
415.0497785278454,14.96249955713523,-0.007062593588509065
416.8452784747016,14.961652045904609,-0.009130864400502335
418.6406767202102,14.960556342176549,-0.011161195684834134
420.4359434812714,14.95921699869437,-0.013166009323550066
422.23104952111476,14.957637077575544,-0.015162538316565876
424.02596597042384,14.955817572977557,-0.017161217699101047
425.82066407918114,14.953758226853665,-0.01916405080799207
427.6151150664036,14.951458540756706,-0.021156646536061963
429.4092900912944,14.948919743172379,-0.02312286532526571
431.2031604604751,14.946144999333347,-0.02503825636653455
432.9966978603951,14.943140408569363,-0.02689381397617348
434.78987470942343,14.939913150892222,-0.02870844940095815
436.5826642875305,14.936468136964107,-0.03048586200391177
438.37504046396623,14.932809833523638,-0.03222167021595586
440.16697764398907,14.928943233097723,-0.03392133877054877
441.9584508319608,14.924872672445257,-0.03558818988833745
443.74943555265423,14.920602089658656,-0.037215415928817386
445.53990780341326,14.916136239747198,-0.038793268356017395
447.32984415218294,14.911481047544475,-0.04031691764799671
449.11922187788826,14.906643017426715,-0.04178357870977573
450.9080190399795,14.901628987981542,-0.04320101152278454
452.69621451853726,14.896444866598808,-0.04457459526428016
454.4837879025291,14.891095915167094,-0.0459071828681756
456.2707194123492,14.885587053222913,-0.0471975877970044
458.05698985873596,14.879923342687272,-0.04843803798496169
459.8425806598584,14.874110778129078,-0.049620888254073736
461.6274739532339,14.868156271538588,-0.05074128506141528
463.41165270581854,14.862067317331219,-0.05179619863798452
465.1951007838983,14.85585177349466,-0.052780907859131004
466.9778029967176,14.849518064551564,-0.053692222264736314
468.7597451644638,14.843074997879796,-0.054528482737576704
470.5409141642094,14.836531579951288,-0.05445126208378135
472.3212979538036,14.829997428501233,-0.053700665924141175
474.10089764522377,14.823553348590336,-0.05251794582321557
475.8797240470546,14.81725119509155,-0.05105721840217872
477.6577941904656,14.81112432888329,-0.0494311331126722
479.4351291099316,14.80519259290977,-0.04773210382098898
481.21175222108076,14.799464740451251,-0.04605399245117666
482.9876879899349,14.793938261357109,-0.04443642278481767
484.76296058129776,14.78860589062293,-0.04290741481707308
486.5375932881725,14.783457000844882,-0.0414783274111504
488.31160812827386,14.778479601555544,-0.040146093047831885
490.08502568046055,14.773662070389804,-0.03893837109132692
491.85786512890735,14.768989465858844,-0.03781451593097913
493.6301438648104,14.764451723947127,-0.03671597767649784
495.40187807168405,14.760045806625948,-0.035601369145812134
497.17308356847917,14.755773642328451,-0.034437405021037835
498.9437764055586,14.751641153725927,-0.033206503854975214
500.7139733440057,14.74765637326333,-0.03190364247510339
502.4836921087973,14.743827936166317,-0.030527833371843636
504.2529514611373,14.740164596161696,-0.02911402439112174
506.0217712126767,14.73667091323476,-0.027713088244705766
507.79017172226486,14.733345342645396,-0.026355249068346888
509.5581731633823,14.730182712757195,-0.025027718500363633
511.3257950889132,14.72717938653715,-0.023740752067382513
513.0930566152977,14.724330496289065,-0.022518260491097345
514.8599762748523,14.721628305030134,-0.021382288781411407
516.626571671456,14.719062430376365,-0.02034173322118194
518.3928591631011,14.716621422389823,-0.019389233083579056
520.1588537337879,14.714294714419793,-0.01849561010373875
521.9245690995182,14.712075241207344,-0.01761847364603649
523.6900181284631,14.70996102436982,-0.01671577041547328
525.4552134513874,14.707955131919963,-0.015769468354674427
527.2201680672179,14.706062795717402,-0.014781004434156947
528.984895602704,14.704289075185304,-0.013753567492659461
530.7494102917262,14.702638647086186,-0.012686175939864704
532.5137269293766,14.701116305973402,-0.011586699005301638
534.2778608860934,14.699725902092766,-0.010465340349286915
536.0418279943445,14.698470061250852,-0.009324132989188449
537.8056444016946,14.69735116529215,-0.008174043179519124
539.5693265415297,14.696370280110607,-0.007031875624782463
541.332890975143,14.695526455035633,-0.005916215754663349
543.0963541497472,14.694816509145074,-0.0048417835634016245
544.8597321308446,14.694235495117466,-0.0038167938401827057
546.6230403902587,14.693777479856644,-0.002843896110105991
548.3862936878414,14.693436212323432,-0.0019100497138796256
550.1495060333202,14.693207006357767,-0.0009753746915845911
551.9126908740832,14.693089961394776,-1.4712423444151524e-05
553.6758616694506,14.693088195903963,0.0009839695460181017
555.439032252959,14.693206272249485,0.0020241340661095123
557.202217005629,14.693449168337418,0.0031083447791027245
558.9654309058295,14.693822169710911,0.004237719800945945
560.7286895661948,14.694330696087025,0.00540778776821217
562.4920092497252,14.69497963061921,0.0066140771892381
564.2554068053995,14.69577331988192,0.007852455608191778
566.0188996037854,14.696715614554902,0.009113913447390584
567.7825054775319,14.697809284168589,0.01038629691901967
569.5462425916321,14.699055639798871,0.011657559936873388
571.310129268408,14.700454546991296,0.01291784503719877
573.0741838140469,14.702004688395759,0.014160970803415064
574.8384243766544,14.703704004892169,0.015386048780229002
576.6028688572414,14.705550330745796,0.016591825184699493
578.3675348969309,14.70754134976796,0.017784673364866794
580.1324398589031,14.709675510571744,0.0189830645965966
581.8976009201717,14.711953478323336,0.020202314305798035
583.6630353375705,14.714377756040031,0.021452201097662275
585.4287606682952,14.716952020171751,0.02273770876313441
587.1947949107158,14.719680545223328,0.024059649875914246
588.9611565761426,14.722567703208437,0.02541806904773265
590.7278647005276,14.725617871494165,0.026813567897937134
592.4949388451068,14.728835499641917,0.028243815456129775
594.2623991050639,14.732224757496653,0.029703965232361216
596.0302660759635,14.735789233324535,0.031185502141331388
597.7985607839624,14.739531493581495,0.03267840211288703
599.5673045631922,14.743452901835042,0.034175155698081834
601.3365189114124,14.747553920518811,0.035670025955475186
603.1062253818747,14.751834323633469,0.037161673934210104
604.8764455007107,14.756293724505575,0.03865185509083971
606.6472007476514,14.760931947116475,0.04014171325348463
608.4185125813053,14.765748952706893,0.04163637223393605
610.1904024556302,14.770745317374965,0.04314181860144405
611.9628918937152,14.775922335607138,0.04466329210280255
613.7360025739881,14.781281930659475,0.04620371494189776
615.5097564056673,14.786826376452503,0.047762485775273276
617.2841755708416,14.792557874745535,0.049335570295120805
619.0592825158111,14.79847814318095,0.050912413880717475
620.8350998929928,14.804587632846635,0.052482486956169846
622.6116504089345,14.810885531281375,0.054039155178692774
624.3889566726882,14.817370229902819,0.055577047349593955
626.1670411002765,14.82403947558477,0.05709436282098609
627.9459258373466,14.830890799123289,0.05859218596486948
629.7256327332415,14.837921861439073,0.0600742402711817
631.5061833566142,14.845130770271615,0.06154609716667827
633.2875990490468,14.852516301931615,0.06301398386974301
635.0699010052786,14.860077979995985,0.06448567492635474
636.853110362878,14.867816260987148,0.06597031045896395
638.6372483141965,14.875732698242224,0.06747569577416933
640.4223362379856,14.883829781735125,0.0690064739186609
642.2083958117938,14.892110558605363,0.07056648672711216
643.9954490788265,14.900578537012617,0.07215550831220495
645.7835185032679,14.909237198010082,0.07377042493262768
647.5726269670291,14.918089649001997,0.07540304895977691
649.3627977249093,14.92713801487717,0.07703921410509589
651.1540542866946,14.936382720569782,0.07866387527481815
652.946420213163,14.94582238560276,0.08026495221177768
654.7399188994353,14.955454179868173,0.08183449341127198
656.5345734010195,14.965274319077526,0.08337481709722713
658.3304063193088,14.975279297129193,0.08489565371188436
660.1274398349643,14.985466775574618,0.08640353629897261
661.9256958480332,14.995835199930495,0.08736503251719882
663.7251960720249,15.006319003832559,0.08766166428476888
665.5259543524849,15.01683840354673,0.08753173250396004
667.3279749609105,15.027342211447206,0.08715241842020081
669.1312560262842,15.03780050165763,0.08663892678316897
670.935792086483,15.04819717287161,0.08603545810897503
672.7415757472277,15.058521427844687,0.08546207700307766
674.548598318569,15.068776877085057,0.08499815890471286
676.3568515438192,15.078976656153623,0.08468810178042006
678.1663287425577,15.089139228367273,0.08460509592149816
679.9770254499617,15.099291839877854,0.08470517461468889
681.7889404707471,15.109456460831616,0.08498727438013211
683.6020752460469,15.119654933757232,0.08542673499897177
685.4164338380978,15.12990614195711,0.08597994866434532
687.2320225751326,15.14022373579683,0.08662855037762306
689.0488494234282,15.150619161842146,0.08734415158219877
690.8669237228493,15.16110046003201,0.0881004622134653
692.6862557780531,15.171672515497626,0.08888035214165074
694.5068564799128,15.182338157754623,0.08967905703891095
696.3287370588433,15.193099644599293,0.09047876275971428
698.1519090161952,15.203957096130459,0.0913067118706985
699.9763838677309,15.214913901554944,0.09217472451325007
701.8021735359175,15.225974868496534,0.09309200001536438
703.6292905201371,15.237145908498379,0.09406592528439126
705.457748029157,15.248433819532506,0.09511864838398007
707.2875600875009,15.259848057338584,0.0962752432937286
709.1187418543815,15.271401086533832,0.09754853566321675
710.9513099847655,15.283106910813418,0.09896641136699896
712.7852828140632,15.294982880177457,0.10053970325434043
714.6206807596844,15.307047644567978,0.10227710613983997
716.4575264770326,15.31932089730476,0.10414384689065581
718.2958449847092,15.331818158931638,0.1060932453672032
720.135663163781,15.344549348375702,0.10808287021490204
721.9770090855861,15.35751929280149,0.11008896146041472
723.8199114007223,15.37072996817674,0.11209407854678204
725.6643989969035,15.384181257602354,0.11408064899110608
727.5105007478157,15.397870935481286,0.11603746928894325
729.3582452600735,15.41179543179596,0.11797250202643401
731.207660711889,15.425952132039132,0.11987186726310471
733.0587749677337,15.440336756110705,0.12175599542803414
734.911615378467,15.454947475562069,0.12368044997742834
736.7662090755344,15.46978912955936,0.12566907378120673
738.6225837710816,15.484869418413105,0.1277259256985808
740.4807681012912,15.500196529496934,0.1298507583845384
742.3407916848308,15.51577862050308,0.13204886661207016
744.2026851192912,15.531624484496527,0.1343077812606895
746.0664800574308,15.54774141824781,0.1366228528780644
747.9322090276205,15.564136160593177,0.13898001309661884
749.7999053668917,15.580813762164771,0.14136447766023627
751.6696030183515,15.597777499484,0.1437561351493275
753.5413363182896,15.615028235701919,0.14614257098408848
755.4151397065739,15.63256534422001,0.14850921382708349
757.2910475478803,15.65038644987926,0.1508509521411921
759.1690939218659,15.668488564136203,0.15317096316262235
761.0493125495622,15.686869079715716,0.15547243824114662
762.931736839128,15.705525772304654,0.1577555443070853
764.8163999318045,15.724456437621503,0.16001418224510824
766.7033347043191,15.743658139490917,0.16225635943722808
768.5925736810581,15.763128902623384,0.16448657274695938
770.4841491493729,15.78286729135302,0.16671756642200888
772.3780932243353,15.80287339932366,0.16896152125826144
774.2744380322541,15.823148781874652,0.1712281863094097
776.1732158860791,15.843696164231782,0.17352291434957348
778.0744594257869,15.86451891395373,0.17584806215777044
779.9782016954614,15.885620681412663,0.17820307540135355
781.8844761772309,15.907005050460825,0.18057780671278398
783.7933167832862,15.928674387266359,0.18295799449983638
785.7047577097582,15.95062934660634,0.18533104735999184
787.6188332313509,15.972869072289539,0.18768122097677553
789.5355775200256,15.995390818806753,0.1899876307385465
791.4550244182825,16.01818933449538,0.19224013336060417
793.3772071384219,16.041258150498653,0.19442837147252306
795.3021581164818,16.064589555075354,0.19654943870178954
797.2299088630908,16.088175487719568,0.19861306368713189
799.1604899216172,16.112009055362023,0.20063137170404935
801.0939310082607,16.13608481996651,0.20261435512246323
803.0302611866567,16.160398542581206,0.2045704876951444
804.9695090117665,16.18494700110462,0.20650597473081928
806.9117026518991,16.20972771807232,0.20842636580999108
808.8568699780677,16.234738881969516,0.21033816030268138
810.805038643904,16.259979461205837,0.21224494080412742
812.7562361792487,16.285448854102334,0.2141478871819623
814.710490041741,16.311146600564168,0.2160447353530967
816.6678276338087,16.33707196880654,0.2179310153879947
818.6282762700654,16.3632236906531,0.21980097475803637
820.5918631129438,16.389599807624066,0.22164848056431555
822.5586150898587,16.416197625291783,0.22346989488499175
824.5285588048937,16.44301401267798,0.2252657636209005
826.501720486415,16.47004590431249,0.22703903257553315
828.4781259949325,16.497290588221553,0.2287922217298791
830.4578008655191,16.52474565482914,0.2305292914761022
832.4407703440986,16.55240916980627,0.23225567110190135
834.4270594444754,16.5802798503385,0.23397518699455042
836.416693026516,16.608356872777843,0.23569093085449885
838.4096958512494,16.636639784480383,0.237407033535092
840.406092625387,16.665128628504593,0.23912790529696776
842.4059080608076,16.69382397714023,0.24085178591149048
844.4091669380645,16.72272619144961,0.2425780986933117
846.4158940810385,16.751835563292808,0.24430211213881428
848.4261143486336,16.781151816749464,0.24601673598515628
850.4398525666436,16.81067382506768,0.24771517163348683
852.4571334256517,16.840399645663698,0.24939194846079266
854.4779813831314,16.870326679478993,0.251043291217857
856.5024205846688,16.900451874425137,0.25266624638854235
858.5304748095998,16.930771823991762,0.25425788997372645
860.5621674284788,16.96128277078861,0.25581898325174196
862.5975213609735,16.99198104877882,0.2573515200026028
864.6365590868269,17.02286323117913,0.2588423842234196
866.6793026745684,17.05392431728594,0.2602795975491454
868.7257735926427,17.08515786899184,0.26165646789319635
870.7759925369216,17.116556645139024,0.26296360016393827
872.8299793343383,17.148112277158695,0.2641928133130273
874.8877528075974,17.17981541475626,0.2653416525813207
876.9493306573681,17.211656413066017,0.2664133102811921
879.014729426936,17.24362601029976,0.2674105994526343
881.0839645481719,17.275715282234078,0.26834261593311903
883.15705038204,17.30791639614605,0.26921695494055664
885.2340003495775,17.34022243073892,0.2700578211993729
887.3148270412662,17.372629369282844,0.2708683096076259
889.3995425655802,17.405133566435758,0.2716556005440792
891.4881585935525,17.43773223850105,0.2724279746885316
893.5806864621726,17.47042359546367,0.27319376475739277
895.6771372936282,17.50320684723456,0.2739284873206024
897.7775221152964,17.53607826571303,0.27462495685915655
899.881851507182,17.56903326053613,0.27528374491130553
901.9901354984463,17.602067309925488,0.27589505479843524
904.1023835756374,17.6351747165013,0.27643954201895343
906.2186045416175,17.668347461543576,0.2768809303218309
908.3388062370028,17.701573173182194,0.2771917904959296
910.4629950177847,17.734836188041704,0.2773558361854355
912.5911753603497,17.768118888383956,0.2773676866248488
914.7233496269557,17.801403010778937,0.2772398960326095
916.8595179882492,17.83467179830285,0.2769799794643965
918.9996786040456,17.867909395838577,0.27659477172775765
921.1438277315463,17.901100768445907,0.27609765603797604
923.2919598237597,17.934232487170465,0.27550339373954685
925.4440677222202,17.96729289441921,0.2748241648180417
927.6001428695505,18.000271794197374,0.27407682113093607
929.7601754848541,18.033161012733085,0.2732765293735629
931.9241548063821,18.065954196257913,0.2724297649091555
934.0920693099331,18.09864576804701,0.2715308986140349
936.2639068020987,18.131229475880694,0.2705811392115278
938.4396543392045,18.163699212586078,0.269583898620052
940.6192982447149,18.196049280420485,0.2685218559000786
942.8028241583653,18.228271903128494,0.267383869610878
944.9902167867407,18.2603579674818,0.266162011033341
947.1814597428385,18.2922974088058,0.264847470367479
949.3765354318951,18.324079105249897,0.26343363530978553
951.5754249245251,18.35569114148707,0.26191982169785444
953.7781078615036,18.387121520090815,0.2603142779635637
955.9845624439145,18.41835923344644,0.2586251833775792
958.1947655519281,18.44939425545175,0.25686100663138817
960.4086928625823,18.480217576247515,0.25503937999005527
962.626318971732,18.51082230184632,0.2531774845296561
964.8476176479535,18.54120359998988,0.25129730345730056
967.0725620799523,18.571359276404756,0.2494192509653983
969.3011251931208,18.601289586520604,0.2475580277509883
971.5332799435033,18.63099654985072,0.2457223464725407
973.7689995294854,18.660483231427428,0.24392417428301444
976.0082575172568,18.68975413234139,0.24216403145256024
978.2510280131378,18.718813816115695,0.24043505062911383
980.4972856710717,18.74766602219119,0.23872524552403887
982.7470055937347,18.776313051654075,0.23701651169468993
985.0001631599332,18.804755033057436,0.23528807026006335
987.2567337639001,18.832989601488645,0.23352069116630939
989.5166925160787,18.8610120844286,0.2316980715609151
991.7800139662102,18.88881585301591,0.2298080904031075
994.046671868572,18.916392823864282,0.22784342241355973
996.3166390074358,18.94373403455391,0.22580239137391928
998.5898870915822,18.97083032151878,0.22368090401106738
1000.8663867301644,18.997672030000107,0.22148051711736422
1003.1461073737645,19.02424969205419,0.21920995179491437
1005.429017336811,19.05055488626958,0.21687577111197634
1007.7150839231633,19.076579978803018,0.2144845130144313
1010.0042735206197,19.10231812036475,0.21204200706634455
1012.2965516950635,19.127763161212712,0.2095589236277683
1014.591883274409,19.152910232048043,0.20704496965412075
1016.8902325022548,19.177755628406537,0.20450362604591985
1019.1915631776635,19.202296063532046,0.20193474318786442
1021.4958387052874,19.22652823271459,0.1993214135094955
1023.8030220932131,19.250446802335727,0.19665041937141953
1026.1130757094934,19.274044852660296,0.193910991216506
1028.4259610918127,19.297314171606278,0.19109929200560688
1030.7416387924054,19.32024608664695,0.18821950684189395
1033.060068322803,19.34283242746798,0.18527711514728698
1035.3812082140992,19.365065681285653,0.18227601276795619
1037.7050160958534,19.38693880281781,0.1792201868632935
1040.0314487521914,19.408445225241405,0.17611590995618573
1042.3604621792203,19.429579134436146,0.17297981971578122
1044.6920116753527,19.45033671280204,0.16982186116921838
1047.0260520808888,19.470715336142348,0.16664111108817686
1049.3625379212258,19.49071226947293,0.16344251926652556
1051.7014233935624,19.510325371784912,0.16023582697322986
1054.0426624381766,19.5295536710217,0.15703461528593143
1056.3862088786993,19.54839782485601,0.15384528103132836
1058.7320166176821,19.56685925857977,0.15067029053014072
1061.0800397287117,19.584939693443385,0.14750974843648879
1063.430232491925,19.602640863255765,0.14436133114730054
1065.7825493955156,19.619964222993442,0.14122200345899213
1068.136945102275,19.63691086340852,0.13808903383335167
1070.493374405884,19.653481547468523,0.13495607422299297
1072.8517921915802,19.66967627637528,0.13181315957529496
1075.2121533447453,19.685493855524317,0.12865440929695968
1077.5744126074082,19.700932384639952,0.12547473939987278
1079.938524493565,19.715989353367938,0.12227487314351489
1082.304443215969,19.73066233814516,0.1190535377670798
1084.6721226965465,19.744948762677208,0.115812935678278
1087.0415165480676,19.7588463149586,0.11255898444550888
1089.4125781058626,19.77235339309206,0.10929861168359305
1091.7852605130336,19.785469226494094,0.1060375365622863
1094.159516820213,19.798193730881568,0.10277843219045693
1096.5353000679188,19.810527142744423,0.09952316146291112
1098.912563325048,19.82246992211997,0.09627149508072176
1101.2912597157024,19.83402250152966,0.0930170451060627
1103.6713424158859,19.845184546942388,0.08975555182559367
1106.0527645615189,19.855955213161458,0.0864888547240565
1108.4354791870983,19.866333875728344,0.08321993314103805
1110.8194392521857,19.876320267705267,0.0799501741718752
1113.2045976843103,19.885914288605893,0.07668098207799154
1115.590907398943,19.89511600645525,0.07341418836777747
1117.9783213197177,19.903925709059383,0.07015290658706914
1120.3667924048048,19.912344057849833,0.06690107507024286
1122.7562736917466,19.920372186858263,0.06366265031490438
1125.1467183541697,19.92801170489605,0.0604405208202629
1127.5380797587572,19.935264567394483,0.05723559446517879
1129.9303115068446,19.942132838730306,0.05404927368078713
1132.3233674474923,19.948618751572,0.0508835023082668
1134.7172016976808,19.95472477184899,0.047715725740065995
1137.1117686703028,19.9604506589378,0.044524480852386375
1139.5070227493754,19.965793596640086,0.04128731946531474
1141.9029179809722,19.970748074975923,0.03799895791718838
1144.2994077499693,19.975307949925984,0.03466419497785474
1146.6964447039604,19.979467653323326,0.031289868597644
1149.0939808223593,19.983222437555042,0.027885794130822112
1151.4919675148658,19.986568732850742,0.024463085328813645
1153.890355762808,19.9895043030902,0.021026947033478502
1156.289096279179,19.992027536734216,0.017577602578932747
1158.688139583587,19.994136849043688,0.01414193321971434
1161.0874360054722,19.995833881030055,0.01073613555881193
1163.486936071196,19.99712221729711,0.007337175398093512
1165.8865907372715,19.998002678344882,0.003951684876306024
1168.2863510586728,19.99847688053004,0.0006001421962952268
1170.6861682843364,19.998548897593594,-0.0026890818990938942
1173.0859941520478,19.998226207765704,-0.005889854003667573
1175.4857812969797,19.997519425285265,-0.008990806908187075
1177.8854836280138,19.996440528456283,-0.01196557747665969
1180.2850564914286,19.995004659159083,-0.014811256688097464
1182.6844570505277,19.99322730835651,-0.017519724547297444
1185.0836443275305,19.991124941410835,-0.020075301470146998
1187.4825793204998,19.988715905234418,-0.02246664829561198
1189.881225229128,19.986019907438944,-0.024696187998104562
1192.2795476180206,19.98305636487917,-0.026777664483817947
1194.677514381806,19.979843045141113,-0.028737285807557637
1197.075095547223,19.976394570844207,-0.030572828576031955
1199.4722628957245,19.972725831415083,-0.03228141925438671
1201.8689899954943,19.968852061104556,-0.033919315520802525
1204.2652522428268,19.96478174324206,-0.03549921442141527
1206.6610260520158,19.96052183751149,-0.03702604911018704
1209.0562886725172,19.956078711618268,-0.038497576002362845
1211.4510181179114,19.951459002497984,-0.039908227419603544
1213.845193198211,19.94667001520763,-0.04125324029474559
1216.238793600036,19.94171962637226,-0.042528870337509704
1218.6317999552007,19.93661616193176,-0.04373100115432536
1221.0241938946324,19.93136844179324,-0.0448553358237032
1223.4159581076476,19.925985801494395,-0.04589730701957474
1225.8070764038268,19.920478124652046,-0.04685086248963196
1228.197533778785,19.91485602115329,-0.04770374758424819
1230.5873165013236,19.909131571443183,-0.0484526572901712
1232.9764122898969,19.903317252568364,-0.04909878571965412
1235.3648103602052,19.897425398282007,-0.04964591194665177
1237.752501407999,19.891467888848407,-0.05009965358783564
1240.1394775546607,19.885455930417866,-0.050469765406410086
1242.5257322663108,19.879399558569098,-0.050764848142930946
1244.9112602133391,19.873307776791947,-0.050990223865156024
1247.2960571465542,19.867188949928128,-0.05114883679180849
1249.6801198205455,19.86105108951311,-0.05124454044467591
1252.0634459512871,19.85490174465975,-0.05128113560370261
1254.4460341606464,19.848748008387304,-0.051259048468141256
1256.8278839216528,19.842596922571126,-0.05117845617930003
1259.2089955523613,19.83645550782961,-0.051040462085595116
1261.589370213301,19.830330652379338,-0.05084881156824507
1263.9690098915864,19.82422879499115,-0.0506057193913765
1266.3479173469855,19.818156108664184,-0.050312616036112326
1268.7260960800252,19.81211859473985,-0.04997056748271884
1271.103550311394,19.806122126641924,-0.049578760565877907
1273.480284966591,19.800172675374018,-0.049136527705860786
1275.8563056876358,19.794276292049314,-0.0486449605722335
1278.2316188426817,19.788438896780647,-0.04810659326863168
1280.6062315102954,19.78266610558841,-0.04752436859933226
1282.980151442966,19.776963181356493,-0.0469009837437262
1285.3533870247288,19.771335063307244,-0.04623941483373789
1287.7259472323258,19.765786333527195,-0.045542528659796855
1290.0978415923491,19.76032123008802,-0.04481211798464788
1292.4690801399597,19.754943775929863,-0.0440495898227378
1294.8396733930713,19.749657825151136,-0.04325054006791616
1297.2096323320893,19.744467760342985,-0.04241408299435666
1299.5789684633305,19.739378070383662,-0.041542276155117304
1301.9476938317766,19.73439299724505,-0.04063718431585277
1304.3158209914461,19.729516535127146,-0.039702392293939584
1306.6833629756613,19.724752248051875,-0.0387436691289658
1309.0503332454275,19.7201030077564,-0.03776806518956188
1311.4167456063583,19.71557083993365,-0.036779007320156785
1313.7826141071503,19.711157359055232,-0.03577836375246772
1316.147952990237,19.706863955404934,-0.03476875275941643
1318.5127766648855,19.702691705073804,-0.033753195307493586
1320.8770996694943,19.698641321636906,-0.032733662716984885
1323.2409366280908,19.694713282110868,-0.03171248837069944
1325.6043022219442,19.690907783506383,-0.030690499968666414
1327.9672111559648,19.687224923510144,-0.029668343591124594
1330.3296781467861,19.683664722279207,-0.02864626154278388
1332.6917179134596,19.680227170894074,-0.027624370074657432
1335.0533451739668,19.676912246485116,-0.026602938611071904
1337.414574643545,19.67371989385179,-0.025582172043101516
1339.7754210308071,19.670650033206616,-0.024562704099896585
1342.135899034792,19.66770250871463,-0.023545620998397153
1344.4960233358377,19.664877034194824,-0.022531988625433628
1346.8558085799411,19.66217319555977,-0.021523091554033102
1349.2152693634084,19.659590424573285,-0.02052017012819923
1351.5744202143571,19.6571280041579,-0.01952450539936338
1353.933275574856,19.654785063509976,-0.018537297518606617
1356.2918497824771,19.652560587807745,-0.017560235695156426
1358.650157053014,19.650453359524327,-0.016594593080297926
1361.008211456157,19.64846200835469,-0.015641376410265917
1363.3660268971594,19.64658504318546,-0.014701819803588957
1365.7236171023417,19.64482082480903,-0.013776801631583105
1368.0809956013188,19.64316760861324,-0.012866986331029994
1370.4381757143524,19.641623570253515,-0.011973285353256537
1372.795170542783,19.640186776011124,-0.011095776444424738
1375.1519929559042,19.638855282837792,-0.010234555520403553
1377.5086555898447,19.637627136175343,-0.009389869297195852
1379.8651708461857,19.63650035185968,-0.008561640538470203
1382.221550888409,19.635472954995063,-0.007749392083265231
1384.5778076430083,19.63454302794507,-0.006952927523974491
1386.9339528063617,19.633708676642193,-0.005949477496781712
1389.2899978475589,19.63299473934258,-0.004286588833473927
1391.64595721628,19.632480348682563,-0.002207525681403548
1394.001854858122,19.632215445600796,0.00011736988510420031
1396.357720711594,19.632229529987008,0.0025879304439969902
1398.7135882551925,19.632540081640286,0.005136265810717507
1401.0694930649893,19.63315643353757,0.007713311622653907
1403.4254718370137,19.63408203093229,0.010212999347316213
1405.7815616807256,19.63530759085397,0.012573559750139823
1408.137798591628,19.636816418023987,0.01479192184980156
1410.494216561791,19.63859144864596,0.016839569567067704
1412.8508475356286,19.64061219699401,0.01866654504811538
1415.2077209992678,19.642852182399782,0.020208596154592726
1417.5648632611558,19.645277213938332,0.02146973298065196
1419.9222965268284,19.647853581896012,0.022528978863072865
1422.280038956656,19.65055705935958,0.023449975069984252
1424.6381058037791,19.65337105636798,0.02430026934287251
1426.9965103305433,19.656287088689126,0.025145096929969017
1429.355264781186,19.659304500320722,0.026038718934921375
1431.7143813212244,19.662429146592913,0.026996721370211765
1434.0738728188155,19.665668753157338,0.02803188969777164
1436.4337530691944,19.66903257992107,0.02914255377667105
1438.794036978785,19.67252968637427,0.03026212066717265
1441.15474054115,19.67616114085433,0.031331866143300705
1443.5158798780526,19.679920964791524,0.032303614207247706
1445.8774703938275,19.683797398496395,0.03313532371643503
1448.239526081647,19.687773637342367,0.03379413842506784
1450.602058918128,19.691828933953374,0.03430145502963239
1452.9650783902025,19.69594510855693,0.03468115543532628
1455.3285918032293,19.70010684720917,0.034936557014287696
1457.6926046248943,19.704299234050886,0.03512575557922191
1460.0571205329804,19.708514324720394,0.03530006151851934
1462.422142251947,19.712750332102615,0.03550324017419357
1464.7876722917993,19.71701072092352,0.03574380279001832
1467.15371357831,19.72129997725832,0.03604963326508984
1469.520269575581,19.72562593325013,0.03642519484876023
1471.8873446875712,19.72999695663198,0.03687088078293429
1474.254944322367,19.73442146232593,0.03735812585513051
1476.6230748978462,19.738904437428545,0.03782912458453628
1478.9917434303377,19.74344393237869,0.03824685482413192
1481.3609567022231,19.748033554957583,0.038586373614330975
1483.7307207288181,19.752663919791303,0.038830559927517515
1486.1010403991932,19.757323586982604,0.03899730759255038
1488.471919229631,19.76200326389371,0.039113250207007344
1490.8433596212983,19.76669685391855,0.039182699479207404
1493.2153632437685,19.771398777856053,0.039224924959781075
1495.587931097111,19.776105768851227,0.039271969630866835
1497.9610637893732,19.780818405206933,0.039336050010274494
1500.334761997998,19.785538731208167,0.03944447266124773
1502.7090266457428,19.790272067927518,0.0396151565222023
1505.0838592938942,19.79502588671018,0.03986142347948403
1507.4592624002994,19.79980925752772,0.040176212257947166
1509.8352395112026,19.804630402998672,0.04053946143826215
1512.2117951595626,19.809495138371265,0.04092027337976552
1514.588934576167,19.814405571176838,0.041292518787658425
1516.9666632447083,19.81936067343136,0.041630549436417585
1519.3449865255202,19.824356339363728,0.04191619703934326
1521.723909286244,19.82938628300845,0.04214580653882817
1524.103435640205,19.83444377979311,0.042328670777825525
1526.48356889378,19.83952322028645,0.04247853664685671
1528.8643116802145,19.84462064468407,0.04261265180990262
1531.2456661575766,19.84973416290126,0.04276239294037422
1533.6276342571248,19.854865650054105,0.042960968483828056
1536.0102181351313,19.860020966272163,0.04323452371284865
1538.393420651084,19.865209109117703,0.04359959397237898
1540.7772457441781,19.870441060394388,0.04406141845982932
1543.1616986714255,19.875728430609566,0.044611486204436
1545.5467860830986,19.8810818089541,0.045223020044162676
1547.932515900173,19.8865085713594,0.04586660864695059
1550.3188969287362,19.892012564397035,0.04651795176155316
1552.7059384364638,19.89759471860842,0.047155965360678655
1555.0936498026967,19.903253434451702,0.04776311795933221
1557.482040214831,19.908985008606823,0.04832659338002177
1559.8711184158637,19.914784199812427,0.048843242274176385
1562.2608925198413,19.92064538888533,0.04931477217867844
1564.6513699665074,19.92656316154677,0.04974364048840291
1567.042557545893,19.932532398405378,0.050147587174061266
1569.4344614337017,19.938550108866266,0.050553719194908066
1571.8270874467657,19.944616555169656,0.05098729461722054
1574.2204414333862,19.950735030523724,0.05146571384385425
1576.6145296370491,19.956910916184988,0.05200103425140144
1579.0093589469914,19.963151040295156,0.05260855313555592
1581.4049370718267,19.96946406667142,0.05329126443005127
1583.8012727598273,19.97585901840303,0.05404250307836147
1586.1983758420356,19.98234411877243,0.054840874814195195
1588.5962571362884,19.988925023750134,0.05567161056274599
1590.9949281391384,19.995605617017663,0.05652216358255908
1593.3944008131805,20.00238827664757,0.05737627682595806
1595.7946874063782,20.009273429866685,0.05821978964020522
1598.1958002179622,20.01625980462351,0.05904207431758947
1600.597751394517,20.02334485354162,0.05983083286521536
1603.000552776942,20.030524553485446,0.06057457993312979
1605.4042157233603,20.03779350307742,0.06127463694828723
1607.8087509437296,20.045146459511216,0.061940713020634044
1610.214168518871,20.052579345073692,0.06259247307959633
1612.6204780402797,20.060090441843244,0.0632446032874205
1615.027688893301,20.067679794237733,0.06391084699083245
1617.4358104686096,20.075349095876632,0.06460312639341162
1619.8448523601148,20.083101471043843,0.06533096835582719
1622.2548245366402,20.090941187246543,0.06610177327680787
1624.6657374791098,20.09887340003976,0.06692616121433696
1627.0776022871146,20.106904539385482,0.06780523286948717
1629.4904308318407,20.11504116732982,0.06873470310813908
1631.9042357719204,20.123289331702797,0.0697054525601327
1634.3190304917248,20.13165398601001,0.07070713052187975
1636.734828970046,20.140138841672638,0.07172825645080215
1639.1516456310467,20.148746232446733,0.0727569319410374
1641.5694951789403,20.157477064279657,0.07378085824821362
1643.988392426654,20.166330767269443,0.0747902294444639
1646.4083521187263,20.17530559480278,0.0757789924927292
1648.8293887901027,20.184399073901908,0.07674465157147237
1651.251516678971,20.193608432090485,0.07769532782740748
1653.674749690822,20.202931871429776,0.07863992698112905
1656.0991015153936,20.21236866266751,0.07958865943240714
1658.5245857549137,20.2219193017994,0.080553575825599
1660.9512160711297,20.23158573089847,0.08154677023318177
1663.3790063588376,20.241371343326453,0.0825789229060091
1665.8079709200367,20.251280814075173,0.08365656916900993
1668.2381246177258,20.261319602375455,0.08478145891788465
1670.669482970011,20.2714933774456,0.08595165383049044
1673.1020621753044,20.281807575905262,0.0871639452387568
1675.535879084413,20.292267249333914,0.08840667160973642
1677.970951154333,20.302876049927082,0.08966537445274118
1680.4072962803243,20.313635894861413,0.09092498739367749
1682.8449325877077,20.324546893348653,0.09217251024591423
1685.2838782149095,20.335607594578164,0.09340395604279994
1687.724151126259,20.3468160693033,0.0946211905790412
1690.1657690545753,20.358170612172785,0.09583387136158183
1692.608749528036,20.369670676736174,0.09704929297844826
1695.0531100092444,20.381316591893587,0.0982750470056851
1697.4988680002716,20.39310959753427,0.09951921042434034
1699.9460411519758,20.40505190278519,0.10078925189165303
1702.39464738031,20.417146613012186,0.10209096062885699
1704.8447049738716,20.429397528287648,0.10342783512095771
1707.296232677266,20.441808868502164,0.10480061603352385
1709.7492497414862,20.454384942426188,0.10620775620952667
1712.2037759345774,20.46712987317133,0.1076456853168269
1714.659831519358,20.48004735540935,0.10910916387002542
1717.117437202007,20.493140455073753,0.11059217821908987
1719.5766140566159,20.506411516460044,0.11208826279539792
1722.0373834385912,20.519862107995493,0.11359206911863103
1724.4997668915507,20.53349315628973,0.11509894602093725
1726.9637860703056,20.547305029812243,0.11660640898465012
1729.429462673883,20.5612977988904,0.11811703805855969
1731.89681840975,20.57547184345743,0.11962741823420714
1734.3658750309648,20.589827133645535,0.1211394913637058
1736.8366542870024,20.60436387260918,0.12265905694312562
1739.3091779517156,20.619082959442355,0.12418527092485365
1741.7834679068487,20.63398519195334,0.1257210504932017
1744.2595461298831,20.649071718012525,0.1272727249066598
1746.7374347360446,20.664344445001323,0.12883781790479348
1749.2171560694449,20.679804983149896,0.1304163914722472
1751.6987326674227,20.695454950126567,0.13201182736436565
1754.182187261438,20.71129636941029,0.1336235141434956
1756.6675428257672,20.72733119110751,0.13524377991833525
1759.1548225687002,20.74356044469771,0.13687063432756236
1761.6440498220638,20.75998492081702,0.138505707938818
1764.135248012562,20.776605605769678,0.1401472484473072
1766.6284406852544,20.793423275583354,0.14178769349657067
1769.1236514783245,20.810437798802944,0.14342544451401215
1771.620904014181,20.827648852144627,0.14506429536376683
1774.1202218764383,20.84505656758828,0.1467051361522473
1776.621628664549,20.862661183926548,0.14834728296546734
1779.1251480066203,20.880462857882403,0.1499907660853771
1781.6308035495663,20.898461749812647,0.15163617928814388
1784.1386189595437,20.916658091327225,0.1532843491696657
1786.648617930503,20.935052213227586,0.15493527208697708
1789.1608241960903,20.953644445878023,0.15658857248812316
1791.6752615295957,20.972435074576598,0.1582435472100377
1794.191953738545,20.991424300241803,0.15989954040387483
1796.710924654574,21.010612245090268,0.16155547174087526
1799.2321981239847,21.029998901699173,0.16321045338255855
1801.7557979921887,21.04958415610508,0.16486364188951935
1804.2817480909214,21.06936779313182,0.16651404544628542
1806.8100722260972,21.089349478585376,0.16816129927494233
1809.3407941635273,21.10952883449837,0.16980484609121296
1811.8739376236672,21.129905416029317,0.17144418492061209
1814.4095262735907,21.15047871821979,0.17307908501232114
1816.9475837197772,21.171248208421268,0.17470944355370902
1819.4881335047878,21.19221334164771,0.17633493031806396
1822.0311991057856,21.21337353328588,0.17795565826910353
1824.57680392978,21.23472821227817,0.17957142483131133
1827.1249713152533,21.256276783257928,0.1811822700053652
1829.6757245292442,21.27801865565857,0.1827879318597838
1832.2290867679233,21.299953207481746,0.18438788058371006
1834.785081152821,21.32207975315179,0.185981656850852
1837.3437307231993,21.34439755197389,0.18756874541462798
1839.9050584294362,21.36690580142365,0.1891490714756375
1842.469087125607,21.389603690000726,0.19072213677197597
1845.0358395684073,21.412490346413364,0.19228732384493005
1847.6053384099769,21.435564825274756,0.193843800931374
1850.1776061890098,21.458826081386523,0.1953909219378541
1852.7526653187763,21.482272992019066,0.19692802417388952
1855.3305380778186,21.505904354919934,0.1984546025373539
1857.911246600409,21.529718907224417,0.199970190636121
1860.4948128692758,21.55371533010075,0.20147498029475347
1863.0812587088878,21.57789232773612,0.2029729364113853
1865.670605788216,21.602249080105487,0.20445653199203204
1868.2628756778288,21.62678386394453,0.20591539207017573
1870.8580897415022,21.651493710992952,0.20734819127539206
1873.4562689868214,21.676375493946,0.20875130345022427
1876.057434046095,21.70142565036003,0.21012742636812298
1878.6616051241383,21.726640941524202,0.21147480519875797
1881.2688020371213,21.752017918148052,0.21279735698138563
1883.879044187299,21.77755360098582,0.21409453990665625
1886.4923506194175,21.80324494577462,0.2153713596142415
1889.1087400129104,21.829089508928327,0.21662734072752723
1891.7282307539817,21.85508478981563,0.21786696107286882
1894.3508409287597,21.881228825144376,0.2190887578214519
1896.976588387777,21.90751947608295,0.21962612674463267
1899.605490724907,21.933874611292307,0.21967702090882296
1902.237555678262,21.960235853801365,0.21942039308476807
1904.8727839807182,21.986566300971536,0.2189686975837198
1907.5111719368347,22.012842544681583,0.21836722355570853
1910.1527130421964,22.03904661150827,0.2177542318139512
1912.7973986355773,22.06517711932594,0.21719995029438152
1915.4452198898964,22.091241113361267,0.21674211996512568
1918.0961688234997,22.11725016775708,0.2164080420108347
1920.7502388436305,22.143219132798382,0.21628890410154242
1923.4074251395664,22.16917380129057,0.21631406371922118
1926.0677259957213,22.195131488936877,0.2163456229665909
1928.7311417743938,22.22109296369287,0.21635680073465743
1931.3976729300368,22.24705577978103,0.21639730480629527
1934.0673196236105,22.273023456357784,0.2165030745521645
1936.7400824383735,22.299003825304045,0.21667832917718796
1939.41596289741,22.325005224805306,0.21687936559869944
1942.0949635243867,22.35103074867715,0.21707075512275345
1944.777087214228,22.37707923929188,0.21724140350570786
1947.462336722943,22.403148207712565,0.21737555009311124
1950.1507145078685,22.42923327372374,0.21750514478332805
1952.8422225007155,22.455333891097737,0.21768099590246712
1955.5368625676472,22.481455610606034,0.21796520621537302
1958.23463724092,22.50761143535188,0.2183552833477101
1960.9355506131621,22.533814069353603,0.21881947769481913
1963.6396083014845,22.56007240667698,0.21932517672557164
1966.3468169902858,22.58639142788405,0.21986205559624386
1969.0571839616318,22.612774874555598,0.22043679518515724
1971.7707169465784,22.639227289977818,0.22108700326663563
1974.4874242213757,22.665757730369815,0.2218144518628736
1977.2073151490201,22.69237546459336,0.22258570294878194
1979.9304002047713,22.719085748947215,0.22337123703137843
1982.656690494645,22.745890297390982,0.22415034116147606
1985.386197330332,22.772788338330358,0.22490029813922346
1988.1189319309315,22.799776374107065,0.2256077621477131
1990.8549050958243,22.82684930556479,0.2262797462139132
1993.594127012492,22.85400287511046,0.22691994145337366
1996.3366073575053,22.881233268084866,0.22754946485830063
1999.0823553496755,22.90853920386786,0.2281807568585706
2001.8313800541396,22.935920894690888,0.22881253496625073
2004.5836905615024,22.96337839888684,0.22944142339464593
2007.3392959693688,22.990911369694196,0.23006700859977236
2010.098205333732,23.018519410726167,0.23068251769363607
2012.8604276630192,23.046201312849405,0.23128986805823834
2015.625971820561,23.073956097016392,0.23189878140383158
2018.394846552203,23.101783950784853,0.23250620598533425
2021.1670606262971,23.129684695503094,0.23310361669627602
2023.9426227897575,23.157657129506646,0.23368688034372473
2026.7215416452982,23.18569955514789,0.23425020633159577
2029.503825591916,23.213809579907682,0.23478985555049653
2032.2894827415048,23.241984362573742,0.23530537992511125
2035.0785208650136,23.270221008164757,0.2357927776190053
2037.8709473859933,23.298516141479038,0.23625365298976006
2040.6667693229708,23.32686657983781,0.23669180124954858
2043.4659933125513,23.355269595987753,0.23710890615983243
2046.2686256640698,23.383722664726932,0.23750581259857872
2049.074672383837,23.412223362238763,0.2378816048098702
2051.8841391873057,23.440769154815946,0.23823470524145807
2054.6970314858836,23.46935731944492,0.23856298242837948
2057.513354364217,23.497984877336325,0.23886597329064296
2060.3331125494974,23.5266487941312,0.2391394611321403
2063.156310404793,23.555345529467058,0.23938089112014108
2065.982951868329,23.584071236401474,0.2395911247745194
2068.8130404166973,23.612822171374418,0.2397706212747046
2071.6465790772622,23.641594645927384,0.239920212983023
2074.4835704347734,23.670385071485345,0.24004096870449926
2077.3240166433516,23.699189987729884,0.24013442186480202
2080.1679194418793,23.72800611835366,0.2402022716930061
2083.015280176082,23.75683039095682,0.2402464998359572
2085.8660998229966,23.785659970937136,0.24026972361647034
2088.720379019509,23.814492337771114,0.2402729456295489
2091.5781181000416,23.84332509124666,0.24025526753811574
2094.4393171109914,23.87215572335123,0.24021474487692768
2097.3039757977936,23.900981492736463,0.2401486098161979
2100.1720935769217,23.929799325914406,0.24005413524959207
2103.0436694960313,23.958605822144357,0.2399287342425897
2105.9187021946886,23.987397270253467,0.2397705590071225
2108.797189867119,24.016169737334323,0.23957816239248336
2111.679130235599,24.044919116821422,0.23935150540382757
2114.5645205296178,24.07364129746988,0.2390926548804247
2117.453357485314,24.102332416055532,0.23880404111134504
2120.3456373752406,24.130988900988893,0.23848869945473117
2123.2413560433592,24.15960754492346,0.23814890886272522
2126.1405089487503,24.188185413986986,0.2377866435010627
2129.0430911984286,24.216719811207113,0.2374035756585432
2131.9490975757735,24.24520824028614,0.23700074956943337
2134.858522564608,24.273648330234472,0.23657824440934117
2137.771360364236,24.302037719563593,0.23613527301527568
2140.6876048905838,24.330373952325427,0.23567089208434125
2143.607249764863,24.358654459375547,0.23518398668475565
2146.530288299988,24.386876537777717,0.23467369476671016
2149.4567134845215,24.415037381149723,0.23413875900906567
2152.3865179702593,24.443134032230812,0.23357750566491242
2155.319694054127,24.471163332910603,0.23298828963845858
2158.2562336540764,24.49912192766722,0.23237040685061736
2161.1961282853963,24.527006376489293,0.2317241111278039
2164.139369050575,24.55481326982463,0.2310507929358164
2167.0859466429542,24.58253936497693,0.230353645827501
2170.0358513667516,24.61018180247623,0.22963675705483583
2172.9890731830487,24.63773821332281,0.22890451016054184
2175.9456017686475,24.665206754542073,0.2281603449434257
2178.9054265791924,24.692585995935286,0.22740621614246684
2181.868536898705,24.71987474187238,0.22664206122664607
2184.8349218677295,24.74707178921958,0.2258663521064551
2187.804570482436,24.774175751472352,0.2250766012353621
2190.7774715726123,24.801184943620594,0.22426935154043723
2193.7536137658467,24.828097265805447,0.2234399402365716
2196.7329854377435,24.854910058633834,0.22258583604180815
2199.7155746447797,24.881620358958852,0.22170640613408404
2202.701369087855,24.90822512769494,0.2208027556214661
2205.690356103178,24.934721458369516,0.2198769150007656
2208.6825226781825,24.961106688169608,0.21893204925323828
2211.677855480763,24.987378534079998,0.21797160599770432
2214.6763409048526,25.013535126799724,0.2169990721056292
2217.6779651200686,25.0395750154524,0.21601767091400614
2220.682714121923,25.06549713596208,0.2150294781344567
2223.690573778238,25.091300673338214,0.2140372855642521
2226.7015298590386,25.116985147605924,0.2130437313183131
2229.7155680767514,25.142550395364122,0.21205023139823007
2232.732674124195,25.16799642313191,0.21105714520016813
2235.752833694971,25.19332328055593,0.21006398790361897
2238.7760324886376,25.218530959104363,0.20906835288027123
2241.80225620373,25.243619161449995,0.20806832944146694
2244.831490503104,25.26858736098297,0.20706274650482004
2247.863720986422,25.29343489056355,0.20605058934623302
2250.8989331732896,25.3181609612851,0.20503120535321853
2253.937112488644,25.342764705927486,0.2040046551752298
2256.978244253355,25.367245264548515,0.2029719197425361
2260.022313685101,25.39160189491762,0.2019341050752557
2263.069305912491,25.41583398752665,0.200891643279361
2266.119205990994,25.439940984720174,0.19984501061888188
2269.1719989091603,25.46392238599444,0.1987932153676332
2272.2276695954797,25.487777571838556,0.19773528796673237
2275.2862029041003,25.511505806394563,0.19667088925107495
2278.3475836008674,25.53510631310469,0.1956018285618769
2281.41179635844,25.558578532532117,0.1945301984336981
2284.478825782344,25.58192215634416,0.193457128853896
2287.5486564411053,25.605137011806626,0.19238295713860257
2290.621272882522,25.62822296666326,0.19130770771611635
2293.696659638522,25.651179891589194,0.19023111188107208
2296.7748012255124,25.674007625014923,0.18915295788909658
2299.855682140514,25.696705979961614,0.1880739217365672
2302.9392868581094,25.719274850570002,0.18699470256749742
2306.0255998401776,25.7417142148781,0.1859150256794348
2309.114605545963,25.764024017959635,0.18483418967810059
2312.206288428118,25.786204120721006,0.18375199529443179
2315.3006329226046,25.808254360156337,0.18267305423515498
2318.3976234458232,25.830175126664557,0.1815974016075628
2321.497244461023,25.851966814857466,0.18052324775437698
2324.599480478806,25.87362960458799,0.17944466115029029
2327.7043160313565,25.895162963926026,0.17835953234105403
2330.8117355870277,25.916566107806954,0.17726754478935436
2333.9217235199644,25.937838213181678,0.17616794353009854
2337.0342641055463,25.95897836640529,0.17505931659316495
2340.149341509515,25.97998548439647,0.17393991795687458
2343.2669397676427,26.000858274551295,0.17280902041536633
2346.387042760589,26.02159535700114,0.17166850770053327
2349.509634203429,26.042195577925202,0.17052307695447658
2352.63469767278,26.06265834715974,0.16937477528546616
2355.762216674439,26.082983320193996,0.16822484479213584
2358.8921746728624,26.10317030156905,0.16706880068048433
2362.0245551090507,26.12321855765071,0.16590361793345312
2365.1593413359687,26.143126991802724,0.16472854589950384
2368.296516574985,26.162894417310664,0.16354359300956772
2371.4360639050624,26.18251964847181,0.16234908231496148
2374.577966262879,26.202001538349606,0.16114549182025947
2377.722206447481,26.221338997368036,0.15993324999532632
2380.868767127165,26.240530987367475,0.15871186806007495
2384.017630845649,26.259576411534685,0.15748104426580828
2387.168780015033,26.278474136846583,0.15624107200264525
2390.3221969114547,26.2972230654869,0.15499331328863156
2393.477863679313,26.315822263081536,0.15373898439855457
2396.635762350883,26.33427094120936,0.15247895042534843
2399.795874863828,26.352568415260404,0.1512140400087589
2402.9581830736593,26.370714100061456,0.149944453877441
2406.1226687656667,26.388707434526747,0.14867056451368316
2409.28931365781,26.40654790226839,0.14739262399823516
2412.458099406082,26.424235017148177,0.146110903225388
2415.62900760814,26.441768325535225,0.14482618395878427
2418.802019807204,26.45914746761028,0.14353898382985014
2421.9771175033175,26.47637214566986,0.14225029103700285
2425.1542821607977,26.4934421805943,0.14096224151066977
2428.333495222469,26.51035764957558,0.13967770059359122
2431.514738140418,26.52711897364681,0.1383983931547746
2434.6979924172556,26.543726780825384,0.13712501018245746
2437.8832396309544,26.56018178204728,0.13585740487540215
2441.0704614448,26.57648467063233,0.13459510145851597
2444.259639605276,26.592636082807353,0.1333375381038356
2447.450755935213,26.608636587379813,0.13208371611621997
2450.6437923256985,26.624486633313758,0.13083305263688155
2453.8387307216963,26.640186599630184,0.1295848520024032
2457.035553113652,26.655736781870473,0.12833863021503839
2460.2342415274766,26.67113741749628,0.1270935632783367
2463.4347780175763,26.68638864508968,0.12584743417010788
2466.637144654987,26.70149033719009,0.12459847304532973
2469.8413234954496,26.71644215395553,0.12334638135488052
2473.0472965539243,26.731243719718115,0.12209178141593258
2476.2550458002906,26.745894733488026,0.1208354867703524
2479.464553168309,26.76039499190047,0.1195792004594439
2482.6758005673373,26.774744495955602,0.11832452152090758
2485.888769906852,26.788943438538112,0.1170721086777445
2489.103443119476,26.80299209157944,0.11582218399955076
2492.3198021704657,26.816890753659386,0.11457461380462684
2495.5378290609046,26.830639707315942,0.11332942002272502
2498.7575058257826,26.844239237718668,0.11208641675188144
2501.9788145343086,26.857689607728894,0.11084538786949041
2505.201737287236,26.870991054273233,0.10960662934269522
2508.4262562137487,26.884143849794356,0.10837047638180147
2511.652353475724,26.897148306960172,0.10713691079045377
2514.880011272559,26.910004736255026,0.10590539658224996
2518.1092118409097,26.922713383844897,0.10467569775481243
2521.339937446971,26.935274467575475,0.1034480025773267
2524.57217038308,26.947688227884754,0.1022225626731574
2527.805892970426,26.959954935405534,0.1009996740169104
2531.041087562675,26.972074896287562,0.09977966511909786
2534.2777365502293,26.984048456101853,0.098562758370542
2537.5158223649614,26.995875987106317,0.09734926658788035
2540.755327483414,27.007557899096863,0.09613929140855632
2543.9962344313058,27.01909461406589,0.09493259753675502
2547.2385257849937,27.0304865257703,0.09372955558976541
2550.482184168086,27.041734072441074,0.09253145271046781
2553.727192256779,27.05283784676633,0.09133932854117847
2556.973532798391,27.06379856619127,0.0901537819773763
2560.221188626334,27.074617020028555,0.08897505971914624
2563.4701426687375,27.085294027194852,0.08780325927546165
2566.720377952001,27.09583041830791,0.0866384256842191
2569.9718776021978,27.106227029390016,0.08548057408294028
2573.2246248457245,27.11648469827997,0.08432981490388337
2576.4786030095183,27.126604276068434,0.08318613092776814
2579.7337955226467,27.136586611779766,0.08204966348954212
2582.9901859160605,27.14643257139851,0.08092026203664594
2586.2477578246285,27.156143002842906,0.07979777255791566
2589.50649498497,27.165718735549856,0.07868165339364742
2592.7663812332357,27.175160533957094,0.07757132583177075
2596.0274004973107,27.184469093056904,0.07646644972821931
2599.2895367884776,27.193645067024292,0.07536700340771627
2602.5527741965207,27.20268910743322,0.07427319818328963
2605.817096889413,27.211601891215214,0.07318525432018116
2609.082489116359,27.220384121733634,0.07210423257245083
2612.348935210967,27.229036629642327,0.07103080842884756
2615.616419606524,27.23756032665379,0.06996553719879214
2618.884926845722,27.245956191117642,0.06890848826513142
2622.154441588656,27.254225209709457,0.0678604430585376
2625.424948613821,27.26236846287648,0.0668218806293864
2628.696432829366,27.270387088552006,0.0657924881131363
2631.9688792799925,27.278282187125583,0.06477225006193431
2635.2422731424476,27.286054857133017,0.06376116926626008
2638.5165997253034,27.29370619744497,0.06275921798714876
2641.7918444689967,27.301237303603425,0.06176636561706129
2645.067992945429,27.308649267477474,0.06078266836717826
2648.3450308575266,27.315943187681537,0.0598081843063008
2651.6229440400484,27.323120169798294,0.058842995074565106
2654.901718460424,27.330181329207242,0.05788720952361108
2658.181340219929,27.337127794350074,0.056940607381373146
2661.4617955552512,27.34396066723584,0.05600135908026412
2664.7430708353195,27.350680830325473,0.0550689248845029
2668.0251525349586,27.357289101311615,0.05414305930607959
2671.308027227116,27.363786268428345,0.053223695764240846
2674.591681579327,27.370173111920053,0.05231097812052238
2677.8761023527577,27.376450429294515,0.05140530915044334
2681.161276404273,27.382619066392568,0.050507330507328356
2684.44719069224,27.388679946053447,0.04961743425294332
2687.7338322857663,27.3946340381638,0.04873610342022944
2691.021188370346,27.400482370574228,0.04786366626127427
2694.3092462548148,27.40622601052558,0.047000738460977305
2697.5979933760777,27.411866099140894,0.046147745484750265
2700.887417307975,27.417403828599063,0.04530529039842102
2704.1775057674067,27.422840463446875,0.04447364929207607
2707.46824662302,27.428177301361924,0.04365317925025438
2710.7596278991837,27.433415682871953,0.04284426070343425
2714.051637781128,27.438556994156365,0.042047137974192274
2717.344264620427,27.443602650713267,0.04126190532533052
2720.637496938513,27.448554079352306,0.040488668713684096
2723.9313234280353,27.45341271959795,0.03972745092916723
2727.2257329543872,27.45818001370945,0.03897841273110676
2730.5207145560325,27.462857423237182,0.03824157916580486
2733.816257446821,27.46744641273708,0.03751701809050479
2737.1123510163493,27.47194845490794,0.03680476015098587
2740.408984830938,27.476365026126057,0.03610490013769387
2743.706148634073,27.48069761414258,0.03541742370817964
2747.00383234777,27.48494770498756,0.03474247015397569
2750.302026072369,27.489116801406038,0.034080199961029164
2753.6007200885374,27.49320642540136,0.033430470968223276
2756.8999048595856,27.49721808191755,0.03279315711051645
2760.199571029416,27.50115326077081,0.03216819997265386
2763.4997094207083,27.505013444767528,0.031555461234243964
2766.8003110340806,27.508800100115636,0.03095452938853032
2770.1013670460943,27.51251464364226,0.030365299457886918
2773.4028688033313,27.516158479577204,0.02978783835571931
2776.7048078208804,27.51973302017989,0.02922204359921234
2780.007175783302,27.523239665411793,0.02866770928109374
2783.3099645431516,27.526679790525524,0.02812424499033695
2786.6131661180148,27.530054699924364,0.027591183413155407
2789.9167726820056,27.53336564193394,0.027068468891927017
2793.2207765590374,27.536613858200973,0.026555756989609967
2796.5251702220216,27.539800549039725,0.026053170526467537
2799.8299462879063,27.5429269295029,0.02556072799469543
2803.135097519447,27.545994216862265,0.025078438833879224
2806.4406168254704,27.549003629522332,0.024606446269131978
2809.7464972610132,27.551956403074627,0.02414488582077351
2813.0527320293822,27.55485378937312,0.02369385373743162
2816.359314484107,27.557697051821613,0.023253552087104536
2819.666238130326,27.560487478072066,0.0228241015249448
2822.9734966276947,27.56322637025506,0.02240549168035949
2826.281083792125,27.5659150292567,0.021997678705355735
2829.588993595636,27.56855475070134,0.021600592195500038
2832.8972201657202,27.571146821764803,0.021214130337112256
2836.205757784332,27.573692517405256,0.020838216308032384
2839.514600886421,27.57619310336222,0.020472669987440902
2842.823744058824,27.57864982376071,0.020117347575875702
2846.1331820376754,27.581063905469815,0.01977211212404729
2849.4429097063316,27.5834365589247,0.019436966874090734
2852.7529220934025,27.58576899494959,0.019111749073812703
2856.0632143727967,27.588062404838446,0.01879619982412705
2859.373781861377,27.59031794881734,0.018490256301302205
2862.6846200152354,27.592536779573496,0.018193625879341327
2865.9957244287843,27.594720014679016,0.017906296758867152
2869.307090830546,27.59686877029008,0.01762825625372057
2872.6187150829805,27.598984161040526,0.01735899646496911
2875.9305931823055,27.601067240616324,0.017098520354456012
2879.2427212511793,27.60311906305886,0.016846499627413483
2882.555095538746,27.60514064301415,0.016602984312805016
2885.867712415908,27.607133001131686,0.016367513876296508
2889.180568376044,27.60909710279684,0.01614011765606569
2892.4936600283795,27.61103391691557,0.01592067788317093
2895.8069840984094,27.61294439826155,0.0157088724969471
2899.120537426201,27.614829462961183,0.015504618865860331
2902.4343169617564,27.616690017225086,0.015307952582185863
2905.7483197638235,27.618526971534948,0.015118061145795248
2909.0625430004075,27.620341138872444,0.014934719808344144
2912.376983937072,27.622133305249445,0.014757528731988462
2915.691639933702,27.623904208697283,0.014586510880647328
2919.0065084387456,27.62565459000296,0.014421492305209095
2922.321586989546,27.627385169079584,0.0133251509341315
2925.636873209836,27.62898418719168,0.011112905410313298
2928.952351312299,27.63031773584092,0.008181217353373404
2932.2679894406,27.631299481923325,0.0048713820675492766
2935.583745378431,27.63188404777143,0.001429138217733002
2938.8995714641637,27.632055544357556,-0.0019494280898394584
2942.215418129487,27.631821612986776,-0.005184825448285027
2945.5312367230454,27.63119943393298,-0.008228387442562287
2948.8469806551175,27.630212027439875,-0.011052262827796798
2952.1626060984104,27.62888575590054,-0.01364794018976775
2955.4780723891186,27.627248003077767,-0.015984825797184014
2958.7933421494877,27.625329823982106,-0.01817762731371141
2962.1083817283657,27.62314850870446,-0.020326681402467354
2965.4231595494102,27.620709306936163,-0.022440046678922028
2968.7376446662424,27.618016501334694,-0.024519106844707133
2972.0518066464024,27.615074208513327,-0.026576026143601158
2975.365615551424,27.611885085376095,-0.02860085840588588
2978.6790417616694,27.60845298236739,-0.03057398163669842
2981.9920561195536,27.604784104570985,-0.03247867153524667
2985.304630212102,27.600886663986756,-0.03428232665687442
2988.61673661178,27.59677278478793,-0.03594126410144238
2991.9283493459548,27.592459833095756,-0.03744378642396549
2995.239444525926,27.58796657872488,-0.03880541241033276
2998.550000515373,27.583309929235643,-0.04005841476615279
3001.8599977068816,27.578502919463705,-0.041219714837177346
3005.169418057217,27.573556553683243,-0.04227831399256435
3008.478244843659,27.568483156004135,-0.04323652518645857
3011.7864628223797,27.56329477298176,-0.04410922470890388
3015.0940581951377,27.55800166601669,-0.04491509325485848
3018.4010183950595,27.552611854826107,-0.04566757383992863
3021.7073318176385,27.547131745965316,-0.046371021291312896
3025.0129876271544,27.541567223410357,-0.04701923842154233
3028.3179756939635,27.53592491479977,-0.04760264461794581
3031.6222866837393,27.53021259744562,-0.04812219416005528
3034.925912195433,27.524437934146412,-0.04858913649700062
3038.2288447475303,27.518607237766773,-0.049013763041346
3041.5310776160622,27.51272558620181,-0.04940304808294461
3044.8326046864063,27.506797220431856,-0.04976245872720328
3048.133420352858,27.50082572538459,-0.05009438604584535
3051.433519439904,27.494814399059088,-0.05040026316689512
3054.732897167791,27.48876636747906,-0.05068232886342289
3058.031549131889,27.482684488015447,-0.050939943630502596
3061.3294712704505,27.476571694779786,-0.05117297443013126
3064.6266598738243,27.47043093784817,-0.05138581603969917
3067.9231115863663,27.464264639923407,-0.05158477762366928
3071.218823343157,27.458074466608565,-0.05177567067214969
3074.51379227915,27.451861386127906,-0.05196392909138989
3077.8080156454853,27.44562571463694,-0.052154313266520376
3081.101490731242,27.43936719704496,-0.0523509261163846
3084.3942147948874,27.433085085910992,-0.05255696058113735
3087.686185005197,27.426778250641256,-0.05277694797038311
3090.9773983952737,27.42044501688481,-0.053014275944089376
3094.2678517973,27.41408330377152,-0.053272996750823656
3097.5575417937525,27.407690544161422,-0.05355648492171484
3100.846464659052,27.401263765970818,-0.053867562393061535
3104.1346163109683,27.39479965848365,-0.05420726538650582
3107.4219922699863,27.388294786637267,-0.05457508617921883
3110.7085876443825,27.381745776295762,-0.05496522882997789
3113.994397137538,27.375149948836164,-0.05537157783819163
3117.2794151313983,27.368505359495582,-0.05579256909704626
3120.563635774538,27.361810251203938,-0.05623056258304727
3123.8470530046825,27.35506258369397,-0.05669016952640457
3127.129660514726,27.348259763350804,-0.057177487496933556
3130.411451686328,27.34139846485117,-0.05769832372684559
3133.69241950211,27.33447466600395,-0.0582570967301211
3136.9725564620308,27.327483814396334,-0.058854622704485465
3140.251854519758,27.320421259671797,-0.05949115874399394
3143.5303050709185,27.313282320622516,-0.06016880706437252
3146.8078989493933,27.306062063774792,-0.06089375970306367
3150.084626397046,27.298754812610426,-0.06166455116426
3153.3604769745593,27.291355066470715,-0.06246987099107208
3156.635439582536,27.283858681951784,-0.06329927526822808
3159.9095026243704,27.276262768919597,-0.0641452392312816
3163.1826541566406,27.268565340211843,-0.06500613424230012
3166.454881997466,27.260764604102768,-0.06588991668099921
3169.7261737499584,27.25285781410105,-0.0668164774269965
3172.9965166876505,27.24483983680981,-0.06780933585614049
3176.2658974680676,27.23670271650707,-0.06888717944137164
3179.5343017940486,27.228436254974106,-0.07006058811923313
3182.8017141446453,27.220028984399796,-0.0713179981860969
3186.068117622773,27.211470824617464,-0.07264076377222332
3189.333494121727,27.202753932964796,-0.07402096969842209
3192.597824593683,27.193871416600985,-0.0754583282294112
3195.8610891636754,27.184816417213455,-0.0764850375532187
3199.123267133741,27.175638212707067,-0.07617827112829463
3202.384343719266,27.166496820171673,-0.07500516563965165
3205.6443233376863,27.157496200294915,-0.07331150517430914
3208.903222881722,27.148698819674,-0.07133734700591735
3212.161066740083,27.14013833803329,-0.06930575465197374
3215.4178833406468,27.131821647475054,-0.06733108159347438
3218.6737019383436,27.123741917683837,-0.06551460745954428
3221.9285509684655,27.115880164788692,-0.0639389320531871
3225.1824565882403,27.10820749294231,-0.0626340503798579
3228.4354414873933,27.100691406896726,-0.06160756146301445
3231.6875244562207,27.093298499521165,-0.06088829087054273
3234.938720276163,27.085991904616698,-0.06043357258598776
3238.189039304717,27.07873987590638,-0.06025675359886421
3241.4384880898256,27.071509065474515,-0.06022889094505684
3244.6870691776826,27.06428159856111,-0.06028168488669651
3247.93478296951,27.057047796374707,-0.06041081995618975
3251.1816287050747,27.049798497979964,-0.06063094252861922
3254.427604524832,27.042522784876528,-0.06097368437392733
3257.6727072590174,27.035205942751656,-0.06146413031466351
3260.9169319721477,27.027830247113897,-0.06218420066846414
3264.1602716018015,27.020368143033682,-0.06309385405965905
3267.4027157789656,27.012796880546524,-0.06420133853298335
3270.644251404631,27.005092719922565,-0.06551267084535704
3273.884862531022,26.997231199421122,-0.0670546833070649
3277.1245302749526,26.989184637424273,-0.06880504169765293
3280.3632324314435,26.980928032420554,-0.07071461640062035
3283.600943795334,26.97244227845248,-0.07272747618364434
3286.837636868748,26.963714981310442,-0.0748005944710255
3290.0732826665053,26.95473890997392,-0.07693005873747555
3293.3078513357023,26.94550730292542,-0.07912324946082103
3296.5413122120535,26.93601251299012,-0.08140468413991488
3299.7736337136125,26.92624395089333,-0.0837971309826868
3303.00478298772,26.916188295175406,-0.08632509958433306
3306.234725583141,26.905829283225287,-0.0891145032692685
3309.463425097128,26.895135542832975,-0.09198570632307564
3312.690841362268,26.884097258074206,-0.09491232017099718
3315.916933033237,26.872707779653688,-0.09788445070427011
3319.1416579667953,26.860961645569176,-0.10090465089120297
3322.3649733642637,26.84885308746223,-0.10398072011317741
3325.586835734759,26.83637540104865,-0.10711958455270812
3328.807200782885,26.823521050902325,-0.11033321063057094
3332.0260233089934,26.810281065626658,-0.11362898026340709
3335.2432570368687,26.796645587995048,-0.11700243356182045
3338.458854507428,26.78260529596763,-0.12042695228386566
3341.672767142944,26.76815406169357,-0.12389034956340558
3344.8849456303474,26.75328721974596,-0.12739762651532063
3348.095340096717,26.737999504564122,-0.13101764007668706
3351.3039000372646,26.72227738775492,-0.13474631433519643
3354.510573323795,26.706107830034696,-0.1385644801193212
3357.7153062633993,26.68948009242038,-0.14245967982485128
3360.9180438744897,26.672384930841396,-0.14642779773970951
3364.118730066191,26.654813595112632,-0.15046539258163166
3367.3173076976045,26.636757748002836,-0.1545660474889279
3370.513718627365,26.618209822304166,-0.15872267156115574
3373.7079038060415,26.599163101716826,-0.16292722988377167
3376.8998033782477,26.579611834130773,-0.1671704858272509
3380.0893567983435,26.559551375831504,-0.1714582324255537
3383.2765029634434,26.538976387940437,-0.17578244919213676
3386.461180129996,26.51788249403738,-0.1801203832159842
3389.6433260292806,26.496268048051462,-0.18446766453581195
3392.822878195047,26.474131928307166,-0.1888265899556076
3395.999774026444,26.451472737512493,-0.19320434112475807
3399.1739507549455,26.42828821657752,-0.1976001804096421
3402.3453453409347,26.404576194928364,-0.20201339952330868
3405.513894484326,26.380334586985565,-0.20644510698103247
3408.6795346347644,26.35556117414784,-0.21089789812690893
3411.842201975662,26.33025342637261,-0.21537105998693237
3415.001832386827,26.304408899174177,-0.21986837205279794
3418.158361454728,26.27802469452784,-0.22438974751655716
3421.311724418071,26.251097924825853,-0.2289336260733202
3424.4618561690504,26.223625889697054,-0.23350065846560214
3427.608691275814,26.195605810681183,-0.23809273736504208
3430.752163973096,26.16703468219738,-0.24270711307241602
3433.8922081349597,26.13790982862869,-0.2473503171539692
3437.028757314395,26.108227790570215,-0.25203152575158977
3440.1617446492637,26.077984007480023,-0.25675711207229696
3443.291102730161,26.04717315403135,-0.26152570195710667
3446.416763508645,26.015790069796495,-0.26633478408014416
3449.5386583170207,25.983829895706876,-0.2711817684829516
3452.6567179045055,25.951288083488922,-0.2760639976801534
3455.7708724745244,25.918160403767303,-0.28098055702596275
3458.8810517229763,25.884442736924186,-0.2859227448309232
3461.987184851407,25.850132007544474,-0.2909069562434242
3465.0892006923127,25.815223172795264,-0.2959636016392984
3468.187027473048,25.779707540598547,-0.30107609609055325
3471.28059237792,25.74357840906768,-0.30619234380943816
3474.3698217870083,25.70683532781055,-0.31129750500544884
3477.4546420263455,25.669479627209896,-0.3164052483451586
3480.5349795816105,25.631510997408476,-0.3215065217402053
3483.6107609012997,25.59293021479965,-0.32658150751449844
3486.681912527076,25.55374043389791,-0.33161225352908524
3489.7483613791437,25.51394696347442,-0.336583985867485
3492.8100350147606,25.47355688517032,-0.34148452076993063
3495.866861840981,25.43257874267793,-0.34634703914691056
3498.9187712901025,25.3910170979803,-0.3511744472761064
3501.96569334186,25.348876164307168,-0.3559552535060023
3505.007558481577,25.306161533886446,-0.360671233729907
3508.0442978656433,25.26288098583886,-0.36531470819482453
3511.075843583944,25.21904322085548,-0.36987499745145885
3514.1021287704466,25.174658221161305,-0.37433178724049676
3517.123087756986,25.129738406692447,-0.378645698681597
3520.1386563657893,25.084300922850655,-0.38278057661295234
3523.1487724765316,25.0383672536571,-0.38673047274236283
3526.1533765469703,24.991959596928016,-0.39051542990908095
3529.1524116986016,24.945097745338927,-0.3941644026499931
3532.145823428042,24.89779801702093,-0.39769627615677994
3535.1335591900847,24.850074463882116,-0.40112438859780736
3538.1155681257505,24.80193953725038,-0.40445644369936273
3541.0918008702206,24.753404764006458,-0.40766536984763346
3544.0622094419014,24.704484919624743,-0.4107412671856821
3547.0267476322565,24.655195967562463,-0.4136857751412803
3549.985371148364,24.605553674545508,-0.4164967065395592
3552.9380375893093,24.555574069760763,-0.4191785760261552
3555.8847064776805,24.505272640637624,-0.42174132009450627
3558.8253391945573,24.454663682226283,-0.4241748467088323
3561.7598988364243,24.403762700621222,-0.4264624790904128
3564.688350360499,24.352587203130373,-0.4285932246243683
3567.6106608248747,24.301156016175447,-0.4305645990341687
3570.5267995468157,24.249488264291347,-0.4323735602109867
3573.4367381385305,24.19760343706603,-0.4340187812590977
3576.3404505509784,24.145521183314937,-0.4354981398510114
3579.237913092976,24.093261406532815,-0.4368139412936155
3582.12910446176,24.04084373357758,-0.4379627973703859
3585.014005709789,23.988288197893134,-0.43894238803246544
3587.8926002935364,23.935615111329238,-0.43975064026260424
3590.764874106896,23.882845034497723,-0.44039003291670403
3593.630815511036,23.82999823054772,-0.44085356012870286
3596.4904152987015,23.777095803332276,-0.44113151615949714
3599.3436667951014,23.724160021393136,-0.4411901535977069
3602.1905659976687,23.67121720296141,-0.44103185993222116
3605.031112062024,23.618293379769543,-0.4406854499526059
3607.8653072675966,23.56541112577523,-0.44015660384551425
3610.6931566026897,23.51259233331377,-0.4394433491238958
3613.514667682687,23.459859131418902,-0.4385394306644503
3616.3298507784575,23.407234399739167,-0.43742627605676004
3619.138718906426,23.354743246612355,-0.4361268909881708
3621.94128809602,23.302408019693775,-0.4346532982317725
3624.737577058383,23.25024962390596,-0.43301304609600005
3627.527607013252,23.19828805837444,-0.43120848576336124
3630.3114015802566,23.146543040082836,-0.42924680993265457
3633.0889867450664,23.095033422890918,-0.4271324022567724
3635.8603907558136,23.043777534620105,-0.42480486955270835
3638.625644059968,22.99280095027378,-0.4222882342202182
3641.384780174001,22.942126362167354,-0.4196297716935704
3644.137835337461,22.891770789564127,-0.4168476556905633
3646.884847832209,22.84174907088126,-0.4139516048624552
3649.6258577207145,22.792074878297765,-0.4109702980200333
3652.36090670611,22.74275844253536,-0.4079182635484556
3655.0900377192143,22.693808250909548,-0.40478695969442574
3657.8132947093236,22.645233815746217,-0.4015444411450174
3660.5307227672133,22.597048482808816,-0.39815291917204576
3663.2423685851504,22.54927013250817,-0.39457499807490376
3665.9482810010513,22.50192113273918,-0.3907816357553103
3668.64851153698,22.455027336448545,-0.38677711069839693
3671.343114817354,22.408614083164736,-0.3825852642283045
3674.0321485073337,22.36270385145734,-0.3782383247392885
3676.7156729695084,22.317315252488626,-0.3737567283510185
3679.393750799807,22.272464445086506,-0.369165764223958
3682.0664465332175,22.22816455337963,-0.36450920956940686
3684.733826279623,22.184423448231303,-0.35983032290998096
3687.3959570934107,22.141243809482106,-0.35515026390367554
3690.0529063505487,22.098625777813666,-0.3504730123898616
3692.704741443886,22.056569016326883,-0.3457898268569141
3695.3515297258455,22.015074237104052,-0.3410936726980224
3697.9933386342977,21.97414299638029,-0.33638856566638664
3700.6302357938634,21.933776368500325,-0.33161460905266327
3703.2622889580834,21.893982615414007,-0.3267177654646549
3705.8895668719333,21.854776483558247,-0.3216862795053695
3708.51214004996,21.816174130017604,-0.31652487464837936
3711.1300809455624,21.778191145059797,-0.3112410232097064
3713.7434638829695,21.740842222274633,-0.3058497017514155
3716.3523649496424,21.704140258064463,-0.300370215046404
3718.9568617806103,21.668095832258896,-0.29481609497857425
3721.5570332804814,21.63271790086147,-0.28922796473820006
3724.152959428585,21.598010545092883,-0.28362855168661094
3726.744720693996,21.56397511889049,-0.2780361645448757
3729.3323977082628,21.530610779145103,-0.2724695983061253
3731.91607100176,21.49791442734837,-0.2669413742398595
3734.495820733042,21.465881462439587,-0.26148830297592646
3737.0717265085345,21.434502866082475,-0.25611117082259593
3739.6438668524643,21.403769525583765,-0.2507713817496851
3742.2123191955343,21.373676959773803,-0.24541028141707924
3744.777160430707,21.344227726003755,-0.23998329022603324
3747.338467757828,21.315429731176632,-0.2344686399456569
3749.896319325569,21.287293494383153,-0.22886435514099096
3752.450794544895,21.259829771766235,-0.2231746545583397
3755.001974117507,21.233048813219234,-0.21742570135500622
3757.5499399750934,21.206957729056633,-0.2116510174297796
3760.09477490258,21.18155960696506,-0.2058816445445385
3762.6365620554157,21.156853809619715,-0.20013551186015202
3765.17538451257,21.1328375481965,-0.19443699858893967
3767.7113250183534,21.109505108365827,-0.18880436674845866
3770.2444656313573,21.086848584356012,-0.18324895925362297
3772.77488746148,21.064858709245577,-0.17777500437767016
3775.3026705065895,21.043525708720257,-0.17238174611272242
3777.827893591636,21.02283989918673,-0.16706652589442442
3780.3506343795384,21.0027919160794,-0.16182439335654855
3782.8709694094678,20.983372988876614,-0.1566670256168108
3785.388974168133,20.964572945802598,-0.15159979214149608
3787.904722921629,20.94638097074562,-0.14661840780444585
3790.4182886381186,20.928786761809086,-0.14172029466850083
3792.929743049536,20.911780326448866,-0.13687699148090104
3795.4391566887098,20.89535508747116,-0.13205763429403128
3797.9465992992064,20.879508171355877,-0.1272562558604111
3800.452140279769,20.86423742065263,-0.12248198298804433
3802.9558487702475,20.849539582694064,-0.11774440286166099
3805.457793520171,20.835410254350663,-0.11306347798582676
3807.958042750693,20.821842636992365,-0.10846423481206283
3810.456663867132,20.808826928814916,-0.10395638988888763
3812.9537230985898,20.79635216202825,-0.09954769083918334
3815.449285358033,20.784406439127547,-0.09524212320120867
3817.9434141307283,20.772977384343402,-0.09103602643174433
3820.4361714168494,20.762053061171592,-0.08692271203471953
3822.9276177841903,20.751622335727426,-0.0829175298045453
3825.4178124644777,20.74167223215088,-0.07903980622184885
3827.9068131323356,20.732187455404258,-0.07529366207933792
3830.3946756269843,20.723152215954737,-0.07167515426750837
3832.8814538928987,20.714551197442635,-0.06818563993844824
3835.367200036592,20.70636892065002,-0.06482556837759776
3837.85196430707,20.69858985244471,-0.061580569372465435
3840.3357950893633,20.691200184120014,-0.058428874746663084
3842.8187391114575,20.684188719150413,-0.05536443323569377
3845.3008417577557,20.67754498716213,-0.05240404264751214
3847.782147156215,20.67125650204443,-0.049556590940165436
3850.2626979364604,20.66530971113161,-0.04682806372459699
3852.7425351017964,20.65969034348466,-0.044217120728635095
3855.2216979430145,20.65438428899722,-0.04171647117029482
3857.7002240576944,20.649378312456786,-0.039316591302935654
3860.178149455189,20.644660321500435,-0.03700782674603856
3862.655508693769,20.640219382290912,-0.03478908334979485
3865.132335019644,20.636044692288937,-0.032664195707496256
3867.6086603827184,20.632124988804037,-0.03065205115906719
3870.084515381375,20.62844674266495,-0.028760703388147606
3872.5599289904944,20.624995458258372,-0.026986618987374773
3875.0349284454855,20.62175706397989,-0.02531485482397379
3877.509539293163,20.618719281401013,-0.023722566077019648
3879.983785606931,20.61587257347177,-0.022184940156986518
3882.4576903157476,20.61321038065293,-0.020710904625405455
3884.931275561426,20.610725072097882,-0.01931690204390999
3887.404562570078,20.608407043852612,-0.01798173695483638
3889.8775714153403,20.60624923541803,-0.01668050896144175
3892.3503213235904,20.604247574342658,-0.015408697395699687
3894.8228310325117,20.602398530655172,-0.014176991903229914
3897.29511885619,20.600697291626783,-0.013002337095849824
3899.7672025311854,20.59913701117528,-0.01190886374838438
3902.2390989725263,20.597707947525475,-0.010912681214012582
3904.7108239262293,20.596398425779793,-0.010025299558389067
3907.182391737323,20.595195389832785,-0.009257732597809579
3909.653815184103,20.59408446192105,-0.00860812684698249
3912.1251053195338,20.593051486699412,-0.00805524046414602
3914.596271497938,20.592084857843716,-0.007584505326858317
3917.067321680879,20.591174717204492,-0.007187398679347047
3919.5382626469436,20.59031222936297,-0.006856412941512974
3922.0091001144674,20.589489459809986,-0.006579567987455329
3924.4798388496447,20.588699911651492,-0.0063140396112312475
3926.9504828390427,20.587942226898143,-0.006039941330047007
3929.4210359062704,20.587217433938537,-0.005745014629636549
3931.891501998343,20.58652803218298,-0.005428259192911853
3934.3618853622047,20.585876641079828,-0.005102596729929199
3936.8321905591342,20.58526432947224,-0.004806767034641524
3939.3024222786707,20.58468751742808,-0.00456392866884435
3941.772584780762,20.584139845987817,-0.004380340551109277
3944.2426815622803,20.583614205121684,-0.0042518525331416614
3946.712715266895,20.583103982817708,-0.004195400137841062
3949.182687744833,20.582600534801166,-0.0042255020989970925
3951.652599809009,20.582093474549286,-0.004349326059251588
3954.122451025955,20.581571555422176,-0.004563367779708509
3956.5922396126057,20.58102395128861,-0.0048570767193711496
3959.0619624867604,20.580441102082286,-0.005210496427838206
3961.5316154190104,20.579815842510946,-0.005598486391527259
3964.0011933201117,20.579144024143964,-0.005994439793617817
3966.470690603009,20.57842469136873,-0.006375069670929867
3968.9401015659732,20.57765968300822,-0.006731425987361622
3971.409420727934,20.576851911889737,-0.007062602447345123
3973.8786429573606,20.576004399596055,-0.007407322160243509
3976.347763485312,20.575115520936826,-0.007778898208457348
3978.8167773478244,20.574182053151812,-0.00816061926448231
3981.2856791942027,20.573202778840074,-0.008543244971908939
3983.7544635276636,20.572177589443445,-0.008930738144510699
3986.223124838397,20.571105900866105,-0.00932945714579161
3988.6916575465007,20.56998636600861,-0.009746643247553968
3991.1600559104218,20.568816768818905,-0.010192777114609352
3993.62831392268,20.567593635565153,-0.0106623127567058
3996.0964251589476,20.56631415803435,-0.011174441212996183
3998.564382857912,20.56497322508879,-0.01174013059220312
4001.0321796449225,20.563564409417726,-0.0123528353154556
4003.4998073740526,20.562082069179873,-0.012993022511389434
4005.967257222354,20.560522906478507,-0.013636139619395013
4008.4345199711315,20.55888656972418,-0.014258710314555752
4010.901586359498,20.557175524486432,-0.014874812329094468
4013.3684474224365,20.55539054700694,-0.015491220775914537
4015.8350942880775,20.553531600513832,-0.016096599725022646
4018.301518080139,20.551600008546828,-0.016682617526905866
4020.7677100811648,20.5495980944436,-0.017249975175213754
4023.233661852498,20.547528097422575,-0.017803898119764044
4025.6993652241886,20.545391629648204,-0.018349513398423483
4028.164812219746,20.543189688040393,-0.01888960771359899
4030.629994982311,20.54092293511476,-0.019431906173109036
4033.0949057345247,20.53859110637399,-0.01998963882732238
4035.5595366672896,20.53619234971471,-0.02056856163136451
4038.0238797492552,20.533724122318947,-0.02116065717268887
4040.4879266439334,20.531184843458224,-0.021769680582038896
4042.9516688251483,20.52857248178838,-0.02240329565964477
4045.4150975229627,20.525884086309222,-0.023050592761319877
4047.87820361332,20.523118015177864,-0.023689314141367473
4050.3409777751413,20.5202752974809,-0.024319044887877245
4052.803410810839,20.517357012094354,-0.02495711809973138
4055.2654936522904,20.51436215792239,-0.02561122480081848
4057.727217111241,20.51128881094629,-0.026256692103927552
4060.1885717685545,20.50813800789382,-0.02687779793632235
4062.6495483295016,20.50491267214146,-0.027469071834865636
4065.1101378501585,20.501616383521277,-0.02803227896485275
4067.570331816181,20.498252510045496,-0.028569500848065407
4070.0301221173863,20.49482416994373,-0.029084270629586215
4072.4895010177797,20.49133405746818,-0.029585019733363162
4074.948461104676,20.487783855100176,-0.030079999485711127
4077.406995167288,20.48417425516189,-0.030546532050833564
4079.8650960779078,20.48050867131579,-0.030973347319570965
4082.3227571184657,20.47679186963744,-0.031393010487952074
4084.7799721428223,20.473024708378887,-0.03182497351568752
4087.236735107828,20.469205711557006,-0.03226359389180589
4089.6930397932147,20.46533408028999,-0.03268834212232112
4092.1488798828495,20.46141147923531,-0.03311068715269702
4094.604249260358,20.457438196776984,-0.03355159760601973
4097.059141843971,20.453412005064262,-0.034019650259791354
4099.513551284578,20.449329647033085,-0.03450205652629722
4101.967470842222,20.44518940024993,-0.03497931017788654
4104.420893570252,20.440991883028584,-0.03543972572569738
4106.873812596215,20.4367391159415,-0.03587598774955808
4109.326221290128,20.432433997411554,-0.03628075697395062
4111.778113369817,20.428080306574678,-0.03664887785444111
4114.229483006606,20.423682441232145,-0.036969049496018605
4116.680324899554,20.419246155292623,-0.037224234255241816
4119.130634438189,20.414779247181993,-0.037409552947449576
4121.580407947851,20.4102901008283,-0.03755372647143858
4124.029642759951,20.405783653651724,-0.03769689420049027
4126.478336798389,20.401260026347664,-0.037854447904476146
4128.926488001551,20.396717492599127,-0.038019102881762384
4131.374094100663,20.392155200253317,-0.038171459102422874
4133.821152724693,20.387574625161026,-0.03832687587840795
4136.267661679713,20.382975400055617,-0.03851187791609092
4138.713618727719,20.378353974705686,-0.03873609328858385
4141.159021204684,20.373705643511055,-0.0389915856363189
4143.603865881905,20.369026653234698,-0.03925256509167702
4146.048149080293,20.364316345423696,-0.03950070852826465
4148.491867041744,20.359576260400303,-0.03972575900637617
4150.9350161929915,20.354809169319537,-0.039919044007841326
4153.3775932933095,20.350018884038597,-0.04006067274229687
4155.819595559394,20.345211603309522,-0.04013293043021881
4158.261020951791,20.340395651657897,-0.04012443069566609
4160.701868429989,20.335580719974416,-0.04004613933733374
4163.142138116386,20.330775183253937,-0.03995828911840891
4165.581831138376,20.32598018855973,-0.03989465893178737
4168.020948761004,20.321192829487913,-0.03985841527392549
4170.459491900542,20.316409819655043,-0.03983492372686897
4172.897461078901,20.311629628807818,-0.039797754055363684
4175.3348566343575,20.306853898321176,-0.039755695806297786
4177.771679102156,20.30208321482442,-0.0397383831326181
4180.207929087935,20.297314608848506,-0.039757110584664905
4182.643606840997,20.292543755578347,-0.03980504412952797
4185.078712091666,20.287767150282804,-0.03985979974507392
4187.5132441497,20.282983974313396,-0.03990515693408297
4189.947202226617,20.278195355481305,-0.03993218562862778
4192.380585669275,20.27340349320587,-0.03992191656558769
4194.81339408846,20.268612863218,-0.039855651510030336
4197.245627632046,20.263830185036795,-0.03971930420293905
4199.677287254251,20.259063868532444,-0.03950401179673171
4202.1083749184745,20.254323387116834,-0.03924761284197146
4204.538893724928,20.249613673575798,-0.039006753986474976
4206.968847365757,20.24493286309742,-0.038805864035858575
4209.398239309328,20.240276159413117,-0.03864079088085638
4211.827072448458,20.235639264507416,-0.0384903513694082
4214.255349160199,20.231020422343086,-0.03832228815658734
4216.683071610881,20.226421747764295,-0.038143979861778615
4219.110242220612,20.22184447018088,-0.037982352658006834
4221.536863557034,20.21728658786192,-0.03785293514646828
4223.962937947577,20.212744235644344,-0.03775334909705679
4226.388467255854,20.208213833752698,-0.03766606413242404
4228.813452915904,20.203693906056806,-0.03757501775366548
4231.237896184631,20.199184903926366,-0.037467266744009624
4233.661798373102,20.194688831917084,-0.03732385749575835
4236.085161032932,20.190209969017594,-0.037129279734373605
4238.507986229214,20.18575445544947,-0.036870856705775036
4240.930276763868,20.181329952644777,-0.0365427589057445
4243.352036358186,20.176944821576086,-0.03619813962810276
4245.773269736775,20.172601044820713,-0.035882033149408764
4248.193981862153,20.168295200842785,-0.03561211534850493
4250.614177286254,20.164021747000962,-0.03537974517477464
4253.033859895894,20.15977617757999,-0.0351607448360073
4255.453033037204,20.15555688819967,-0.034917811645836044
4257.871699863787,20.15136675080217,-0.034655788561656596
4260.289863873883,20.14720805617477,-0.0344128478090581
4262.707528840624,20.143078514437683,-0.03420651738020161
4265.124698262356,20.13897373235206,-0.034034066012890926
4267.541375110239,20.134889644430512,-0.03387795829630056
4269.957561867571,20.130824289434955,-0.03372210516469583
4272.373260782303,20.12677763681519,-0.0335512796914013
4274.788474098721,20.122751483252223,-0.033346720797368105
4277.203204276711,20.11874987675654,-0.03309336364473633
4279.617454261922,20.11477867311917,-0.03278018752463506
4282.031227702696,20.110845050616213,-0.032402023896338145
4284.4445291087695,20.106956807748652,-0.03202179795908213
4286.857363925699,20.103114191993562,-0.031685111468738134
4289.269737628739,20.099311978617312,-0.03140136330153603
4291.681655066172,20.095543815021127,-0.031155262039072838
4294.093120323975,20.09180518357644,-0.0309146654197452
4296.504136946004,20.08809542372607,-0.030641994137341762
4298.914708396851,20.08441838442959,-0.030355252079397082
4301.324838602983,20.080775754180063,-0.03009079597493865
4303.734531693484,20.07716485866307,-0.02986746063727643
4306.143791476524,20.073580763386598,-0.029682846003607967
4308.55262116813,20.070018821866164,-0.029518405411046708
4310.961023426754,20.06647661321684,-0.029357787349372437
4313.36900062034,20.062953678734914,-0.029183580589066695
4315.776555061788,20.059451649064226,-0.028976656607138714
4318.183689259676,20.055974450271368,-0.028722541988618813
4320.590406193708,20.052527745232734,-0.028408249995942624
4322.996709523136,20.04911875523322,-0.028034780282212495
4325.402603773764,20.045754581599354,-0.027666358198049846
4327.808094323556,20.042434618615587,-0.027345297236795782
4330.21318647779,20.03915318294717,-0.027078166197810494
4332.617884859744,20.035903803003432,-0.026845945859431612
4335.022193316104,20.0326822895003,-0.026616253740686952
4337.426115190844,20.02948833905142,-0.026352477219360137
4339.82965379153,20.026326041785097,-0.026083327025865487
4342.232812916544,20.023196042541993,-0.025843718839330062
4344.63559644165,20.020094796281274,-0.025649742808482326
4347.038007817204,20.017016827144257,-0.025497857996822245
4349.440049836461,20.01395708418464,-0.025369437855786447
4351.841724686564,20.010912751641946,-0.02524688369193681
4354.243034216761,20.007883125598912,-0.025108116014597958
4356.643980191833,20.00487015167716,-0.024933657553574684
4359.044564610034,20.001878112770733,-0.024708481133743146
4361.444789983567,19.998913095034684,-0.024420825300475284
4363.844659554971,19.995982595998626,-0.02407855596531169
4366.244177466491,19.99309316928279,-0.023746943290910205
4368.643348646805,19.99024353608788,-0.023463616560870395
4371.042177871135,19.987427902100578,-0.02323170724718933
4373.440669219387,19.984640097230916,-0.023030873192403167
4375.838826031055,19.981876392447827,-0.022828671348574456
4378.236651198148,19.979136951885998,-0.022591878872688095
4380.634147632374,19.976425926421275,-0.022363393165763485
4383.031318743545,19.97374231924138,-0.022172988730093296
4385.428167821854,19.97108156059377,-0.022030856254591412
4387.824697609125,19.96843785784322,-0.0219300700900506
4390.220910152067,19.965806249432415,-0.02185280611753962
4392.616806901999,19.96318391269831,-0.021778424550520797
4395.012388971522,19.960570501752247,-0.02168397476883834
4397.407657431732,19.95796842477999,-0.02155015528323374
4399.802613642706,19.955382406146,-0.021362421676085406
4402.197259531444,19.95281891554487,-0.021112345650385226
4404.591597801309,19.950285434066824,-0.02081125269015741
4406.985632053397,19.947788083744005,-0.02052222022872593
4409.379366623447,19.945325417316557,-0.02027892304601451
4411.772805673525,19.942891946551036,-0.020082291725848064
4414.1659527071115,19.940482071543933,-0.019911626121803274
4416.558810555697,19.938092676409315,-0.019736125066398543
4418.951381676867,19.935724341401347,-0.01953993391526735
4421.343668597835,19.933379549331516,-0.01936107929305403
4423.735674143754,19.931056219816348,-0.01922332804426606
4426.127400890132,19.928749420451037,-0.01913197899776899
4428.518850820586,19.926453582971305,-0.01907857210880715
4430.910025250542,19.924164154318248,-0.019045254166172042
4433.300924949061,19.921878723818306,-0.019010788038892137
4435.691550395919,19.91959742925364,-0.018953173489831755
4438.08190208743,19.91732304843486,-0.018853860105506087
4440.471980853242,19.9150605852222,-0.018700054112761412
4442.861788123469,19.91281657872867,-0.01848538207426317
4445.251326112916,19.910598332879758,-0.018222589819385043
4447.640597912861,19.908411622101433,-0.01797012598804956
4450.029607307513,19.906255206982866,-0.017759742354212786
4452.418357932352,19.90412403790036,-0.017591246261029498
4454.8068528169,19.902013088349037,-0.01744400595185227
4457.195094387502,19.899919807634813,-0.017291983557594
4459.583084764418,19.8978447696079,-0.017130794703831217
4461.970826136771,19.89578907424344,-0.016993512568665957
4464.3583208256805,19.893749852735198,-0.016898575912517883
4466.745570808009,19.891722023625697,-0.016847323279356445
4469.132577450844,19.889700344832175,-0.016830109131799605
4471.519341492224,19.88768073173636,-0.01682948905269169
4473.905863180033,19.885661193050037,-0.01682447525055611
4476.292142523199,19.88364225601997,-0.01679425831899153
4478.678179593921,19.881626945021694,-0.016720949188699114
4481.063974827324,19.87962043111905,-0.016593959586384478
4483.449529279059,19.877629155968684,-0.016407310354842455
4485.834844777775,19.8756602787261,-0.0161755256391197
4488.219924011222,19.87371921564941,-0.015953760575291798
4490.6047703171,19.871804764380375,-0.015769262622359802
4492.989386888826,19.86991245286569,-0.015621001467620339
4495.37377638317,19.868037932689578,-0.015491659335672857
4497.757940935092,19.866178933569298,-0.01535656645890689
4500.141882407121,19.86433614559423,-0.015221271639285088
4502.525602744592,19.862509592997515,-0.015114916169637982
4504.909103895752,19.86069580305716,-0.015051422633313282
4507.292387392119,19.85888963234116,-0.015028961831949269
4509.675454148,19.857086156921326,-0.015036783622917979
4512.058304486831,19.855281742886575,-0.015057856951874192
4514.4409382959775,19.85347480005235,-0.015072041781482115
4516.823355271984,19.851666155038572,-0.01505879624071919
4519.2055552105885,19.849859099489684,-0.015002948107711245
4521.587538302527,19.84805874571676,-0.014894103303778213
4523.969305352013,19.846271453320306,-0.014727408538805114
4526.350857926412,19.84450416429565,-0.014519031888034458
4528.732198426127,19.842761880469087,-0.014321345071158039
4531.113329851783,19.84104331906055,-0.014158353320474082
4533.494255050071,19.839344316662093,-0.014028086471395444
4535.874976368071,19.837660946285524,-0.01391349413542672
4538.255495681625,19.835991326989273,-0.013790194797246606
4540.635814640864,19.834336503613603,-0.013672696188590789
4543.015935021297,19.83269578007097,-0.013587440172270858
4545.395858514906,19.831065287250297,-0.013544970963863106
4547.775586349376,19.829439890734633,-0.013541633331172653
4550.155119136264,19.827814894734892,-0.013565264061226516
4552.534456923632,19.826187063047545,-0.013598995348860216
4554.913599371198,19.824555183605682,-0.0136233679188806
4557.29254599323,19.822920379455415,-0.013620408568129756
4559.671296438765,19.82128593042724,-0.013575385607084945
4562.049850750416,19.81965688415439,-0.013478268645502042
4564.428209576515,19.81803949191693,-0.013325028745083104
4566.806374315544,19.81644048846752,-0.013134275274379593
4569.18434717416,19.814864375434595,-0.012954530579982452
4571.562130899212,19.813309831764997,-0.012808008533383264
4573.939728079024,19.81177287074099,-0.012691045877984503
4576.317140823512,19.810249945235633,-0.01258551507321685
4578.69437081694,19.808739683426847,-0.012468697486613771
4581.0714195789515,19.807243439728452,-0.012363122190276157
4583.448288791719,19.80575986506562,-0.012292495960739563
4585.824979975527,19.80428476555033,-0.012264264761870078
4588.201494147393,19.80281305377891,-0.012273519685326062
4590.5778317138465,19.80134023141667,-0.01230742435668586
4592.953992541617,19.799863340493868,-0.012349566199274742
4595.329976142476,19.798381392549956,-0.01238115924077213
4597.705781909582,19.796895653441062,-0.012385093305610816
4600.081409387994,19.795409442244388,-0.012347218774919289
4602.456858521064,19.7939277759914,-0.01225800266255492
4604.832129854182,19.792456815671894,-0.012114222832023722
4607.207224672063,19.791003108932053,-0.01193671837963594
4609.582145045135,19.789570702726497,-0.011770799071035428
4611.956893529462,19.788158206837974,-0.011635169345394792
4614.331472514283,19.786761986516527,-0.011525246313764349
4616.705883952664,19.785378956958876,-0.011423821420777117
4619.0801294275,19.784008098388384,-0.011309674447540226
4621.454210399306,19.78265093745468,-0.011211514996974677
4623.828128511801,19.78130555565504,-0.011150970030595684
4626.20188517848,19.77996743925137,-0.011133236959492004
4628.57548127119,19.77863145081623,-0.01115212985375866
4630.948917045288,19.77729319523378,-0.011194951811637892
4633.322192228716,19.775949801016385,-0.011245169205089797
4635.695306204838,19.774600380711775,-0.011283933468375843
4638.068258250523,19.77324630869557,-0.011294191643037754
4640.441047807567,19.771891005698404,-0.011262031912776289
4642.813674728251,19.77053956186887,-0.011178818214254226
4645.186139475675,19.76919810368316,-0.011042034260177068
4647.558443248117,19.767873059571937,-0.010875834966359037
4649.930588015266,19.766567959375973,-0.010721179570684311
4652.302576170391,19.76528141782749,-0.010594515139170582
4654.6744099405305,19.76401007601079,-0.010490818457436829
4657.046091149652,19.7627511777959,-0.01039346857887065
4659.417621290988,19.761503961566433,-0.010282347760240403
4661.789001766376,19.760270079835205,-0.010189122952076652
4664.160234175956,19.759047385080954,-0.01013544257086668
4666.531319862166,19.757831131972452,-0.010125163560616657
4668.902259598003,19.756616112345178,-0.010151494228570179
4671.273053531485,19.75539793303775,-0.010200972344554743
4673.643701283449,19.754173816356403,-0.010257135627625381
4676.014202141412,19.75294296008109,-0.010301388385583867
4678.384555296622,19.75170679347482,-0.010316786087392353
4680.7547601118395,19.750468779144335,-0.010289557697067837
4683.124816365337,19.749234032220688,-0.010211106787101373
4685.494724449204,19.748008699406235,-0.010079553571109503
4687.864485493133,19.7467991529777,-0.009921627467524582
4690.23410139149,19.7456085576816,-0.009776340222268856
4692.603574418412,19.74443539685493,-0.009658158320318137
4694.972906666035,19.74327641785649,-0.009560843586916262
4697.342099836177,19.74212911662606,-0.009467657173821213
4699.711155330172,19.7409929977652,-0.009360909415586913
4702.080074489903,19.73986968863533,-0.009271964633755665
4704.44885885254,19.73875705287928,-0.009222003682886731
4706.817509698885,19.737650412437333,-0.009216055690284624
4709.1860277483775,19.7365444857545,-0.009247257511931768
4711.554413086668,19.73543481485307,-0.009301733606736586
4713.922665264451,19.73431860682026,-0.009362773725494114
4716.290783497269,19.7331950739732,-0.009411805966579522
4718.658766906146,19.73206565725721,-0.009431296777240715
4721.026614785017,19.73093390164394,-0.009407438134025796
4723.394326853214,19.729805009067857,-0.009331492556178433
4725.761903454302,19.728685229961116,-0.009200974144264793
4728.129345681898,19.727581113063803,-0.009049021662298231
4730.496655415465,19.726495230464327,-0.008912251959698447
4732.863834843121,19.725425760229164,-0.008802566658975677
4735.230885934349,19.724369452230086,-0.008712688501230388
4737.597810268617,19.723323929609936,-0.008625180634048938
4739.96460914017,19.72228890793385,-0.008522647778884146
4742.331283809122,19.721266190200385,-0.00843727269104193
4744.6978357519465,19.720253717477462,-0.00839050772696097
4747.064266198044,19.719246856550228,-0.00838739486789403
4749.430575820829,19.718240369166082,-0.0084217794829264
4751.79676466513,19.717229755628132,-0.008480165261517564
4754.162832235805,19.71621213579675,-0.008545288116078686
4756.5287776921,19.71518670122282,-0.008597712155401926
4758.894600096247,19.71415497576417,-0.008620177444609859
4761.260298693339,19.713120554470816,-0.008598004512380977
4763.6258731598755,19.71208879392933,-0.008522179420771955
4765.991323815147,19.711066132398837,-0.008391251688254438
4768.356651751034,19.710059182196247,-0.008245501358432295
4770.721858852898,19.709069722033234,-0.008118755385206353
4773.086947219542,19.70809547138701,-0.008019870314994371
4775.451918676108,19.707133086949213,-0.007939339949245956
4777.816774646542,19.706180366155305,-0.007858980881877222
4780.181516290481,19.705237288449478,-0.0077619331909459955
4782.546144765095,19.704305856466565,-0.007680784269697072
4784.910661467871,19.7033841623542,-0.007637404113645898
4787.275067567354,19.702467673860564,-0.007636972062223508
4789.639363688218,19.701551237213096,-0.0076731052819386265
4792.003549836683,19.700630464579262,-0.007732555151490731
4794.367625492433,19.699702557961082,-0.007797698241170755
4796.7315897993885,19.69876683417214,-0.007849740709313203
4799.095441819489,19.69782486528702,-0.007871404933259786
4801.459180803323,19.69688029669503,-0.007847793654443358
4803.822806438926,19.695938561456497,-0.007770330937059286
4806.186319066301,19.69500612174405,-0.007638471633127141
4808.54971980091,19.694089505148074,-0.007500029702716198
4810.913010541528,19.69318950158375,-0.0073855464625229355
4813.276193281718,19.692303236008247,-0.007299792184318299
4815.6392696700395,19.691427260946128,-0.0072308743078473466
4818.002240941353,19.690559556029186,-0.007159943458823463
4820.365108088076,19.689700362814126,-0.0070703631299200344
4822.727872131614,19.688851919238534,-0.006995316134798448
4825.090534361923,19.68801248130236,-0.00695635346013698
4827.45309585968,19.687177718887142,-0.0069588804200651005
4829.815557185946,19.686342653236736,-0.0069970238453668674
4832.1779183043345,19.685503010375292,-0.007057335172583173
4834.540178665579,19.684656130154583,-0.007121707029914489
4836.902337401198,19.683801525310994,-0.007171744341752062
4839.264393584235,19.682940915989985,-0.00719052837121912
4841.626346494154,19.68207805258544,-0.007164016931743146
4843.988195860464,19.68121837055363,-0.007083892715223591
4846.3499420649305,19.6803683034278,-0.006954369492170482
4848.711586261342,19.67953377908874,-0.006826076524411025
4851.073130314832,19.67871464990581,-0.006725514857232345
4853.434576072821,19.67790758812294,-0.006654210935938985
4855.795924983396,19.677109082810627,-0.006598184375079758
4858.157178073333,19.676317300685618,-0.006537465038821647
4860.5183361494155,19.67553280488096,-0.006454988107961713
4862.879400086002,19.674758206308002,-0.006384776410531885
4865.240371070759,19.673992033138738,-0.0063491697638264595
4867.601250114735,19.673230132767078,-0.00635385667310062
4869.962037730667,19.672467669966306,-0.006393111256028006
4872.322733851063,19.671700496615582,-0.00645308829110178
4874.683337910657,19.67092612602065,-0.006516060126411208
4877.04384904578,19.67014419880548,-0.006563760031196589
4879.404266349637,19.669356547601737,-0.006579232348411757
4881.764589135349,19.668567039719928,-0.006549221056099395
4884.124817180115,19.667781133193195,-0.006465764510096273
4886.484950916099,19.66700524145198,-0.006342745745602627
4888.844991545073,19.66624411196251,-0.006227334916168418
4891.204940838508,19.66549683177257,-0.006141647893814743
4893.564800458321,19.66475983402531,-0.0060843441011337466
4895.924571638404,19.664029712733175,-0.0060401940508439415
4898.284255203932,19.663304889447073,-0.0059891390526710785
4900.643851790665,19.662586192760752,-0.00591250012911309
4903.003362133797,19.66187669274526,-0.005845759870420051
4905.362787336927,19.66117520156081,-0.005812442833363814
4907.722128361114,19.660477708420807,-0.005818631609106145
4910.081385686125,19.659779472627715,0.0
