position,velocity,acceleration
-345.6363329226982,19.444444444444443,-7.279954417072076e-16
-343.3029995893649,19.444444444444443,0.0010016423935911513
-340.9696518323811,19.444564641531674,0.0019664559220305927
-338.636275758432,19.44480061624232,0.0028943179313171675
-336.30285800630475,19.445147934394075,0.003785242079620694
-333.9693857466915,19.44560216344363,0.0046393655963791235
-331.63584668021366,19.446158887315196,0.005456937399364171
-329.3022290338373,19.44681371980312,0.0062383070217219535
-326.9685215558398,19.447562316645726,0.006983914303300369
-324.63471350947634,19.44840038636212,0.007694279802674134
-322.30079466548375,19.449323699938443,0.008369995888275262
-319.96675529355036,19.450328099445034,0.009011718469130518
-317.632586152871,19.45140950566133,0.009620159327482749
-315.29827848189734,19.45256392478063,0.010196079017549892
-312.9638239873858,19.453787454262738,0.010740280296250614
-310.629214832838,19.455076287898287,0.011253602053618948
-308.2944436264206,19.45642672014472,0.011736913712094389
-305.9595034084458,19.45783514979017,0.012191110065515239
-303.62438763848604,19.459298082998032,0.012617106530132975
-301.28909018219224,19.460812135781648,0.013015834781369756
-298.9536052978776,19.462374035955413,0.01338823875141614
-296.6179276229249,19.463980624605583,0.01373527096416224
-294.28205216007035,19.46562885712128,0.014057889185057161
-291.9459742636115,19.46731580382349,0.014357053364923891
-289.6096896255842,19.46903865022728,0.014633722857681573
-287.2731942619478,19.470794696970202,0.014888853893189407
-284.93648449881533,19.472581359437385,0.015123397287437631
-282.5995569587619,19.474396167111877,0.015338296373312393
-280.26240854724074,19.476236762676674,0.01553448513611825
-277.9250364391336,19.478100900893008,0.015712886539005193
-275.5874380654603,19.47998644727769,0.015874411024297038
-273.2496111002682,19.481891376600604,0.016019955177530427
-270.9115534477216,19.483813771221907,0.0161504005418813
-268.57326322940713,19.485751819286932,0.016266612571369517
-266.23473877187166,19.487703812795495,0.016369439711960455
-263.89597859440437,19.48966814556093,0.01645971260037925
-261.5569813970756,19.491643311072977,0.016538243371123765
-259.2177460490423,19.493627900277513,0.016605825062777736
-256.8782715771281,19.495620599285047,0.016663231115298452
-254.53855715468583,19.49762018701888,0.016711214950545596
-252.19860209074827,19.499625532812946,0.016750509628826626
-249.85840581947207,19.501635593968405,0.016781827574789417
-247.51796788987878,19.50364941327738,0.016805860366370894
-245.17728795589622,19.505666116521343,0.016823278581098458
-242.8363657667021,19.507684909951074,0.01683473169433716
-240.49520115737158,19.509705077754393,0.01684084802457737
-238.1537940398295,19.511725979517344,0.01684223472120229
-235.81214439410743,19.51374704768389,0.016839477790517414
-233.47025225990518,19.515767785018753,0.016833142156178517
-231.1281177284559,19.517787762077493,0.016823771750503053
-228.7857409346934,19.519806614687553,0.19267730886071566
-226.4433641409309,19.54292789175084,0.2689596967567029
-224.0982127939208,19.575203055361644,0.28592170578450943
-221.7491884272774,19.609513660055786,0.2872508053190133
-219.39604678807072,19.643983756694066,0.28155026830805624
-217.03876873726745,19.677769788891034,0.26989830162328604
-214.67743636260053,19.710157585085827,0.25630100727462496
-212.31221745239023,19.740913705958782,0.2379732041753579
-209.94330780767518,19.769470490459824,0.21859016499128114
-207.57097134882,19.795701310258778,0.20110931802697396
-205.19548719158894,19.819834428422016,0.18203367954649813
-202.8171070601783,19.841678469967597,0.16507285274433947
-200.43610564378218,19.861487212296918,0.1464664943955484
-198.05272717830655,19.879063191624383,0.13637517762447926
-195.66723959531163,19.89542821293932,0.12947932657801853
-193.27978820975892,19.91096573212868,0.12274939278828771
-190.89047232190347,19.925695659263276,0.11604028785334584
-188.4993888427919,19.939620493805677,0.10978997976771937
-186.1066343835352,19.952795291377804,0.09975773144712705
-183.71229894856987,19.96476621915146,0.08714380777648253
-181.3165270022717,19.97522347608464,0.08062193108652393
-178.91950018514154,19.984898107815024,0.07642769777806432
-176.52131241220374,19.994069431548393,0.07185402694993409
-174.12202408041793,20.002691914782385,0.06712900311999326
-171.72170105064404,20.010747395156784,0.06181001414921516
-169.32041136322522,20.01816459685469,0.055278336946525446
-166.91823161160266,20.02479799728827,0.04620490590272461
-164.51525585192806,20.030342585996596,0.03887087710272988
-162.11161474160846,20.035007091248925,0.036087903136949415
-159.7074138906586,20.03933763962536,0.034665568296381226
-157.30269337390354,20.043497507820923,0.032928766005571916
-154.89747367296502,20.04744895974159,0.030024661370499008
-152.49177979779603,20.05105191910605,0.025799934010952617
-150.0856535675033,20.054147911187364,0.02074755372837552
-147.6791558181608,20.05663761763477,0.015729195370751833
-145.27235930404464,20.05852512107926,0.01218182704737093
-142.86533628951514,20.059986940324944,0.010895316220845157
-140.45813785667616,20.061294378271445,0.01081210697889801
-138.05078253128357,20.06259183110891,0.01065841852558332
-135.6432715115505,20.06387084133198,0.009689375464185013
-133.23560701059066,20.065033566387683,0.00841619410793466
-130.82780298262412,20.066043509680636,0.007994351423200412
-128.41987776146243,20.06700283185142,0.009697450642922009
-126.01183742164027,20.068166525928568,0.01277614102514637
-123.60365743852884,20.069699662851587,0.01624309746057727
-121.19529347898666,20.071648834546856,0.01898101318328277
-118.78669561884104,20.07392655612885,0.021750150171705757
-116.37782443210557,20.076536574149454,0.023364054858615833
-113.96864004320763,20.079340260732486,0.02416205681436274
-111.55911921191974,20.08223970755021,0.02416308450138816
-109.14925044701371,20.085139277690377,0.022918866384314777
-106.73903373369087,20.087889541656494,0.021292597651258523
-104.32848698869209,20.090444653374647,0.0200052415575886
-101.91763363028713,20.09284528236156,0.019096568946732968
-99.50649219640374,20.095136870635166,0.017234216634304994
-97.09507577192753,20.097204976631282,0.015268632346408927
-94.68341117473177,20.09903721251285,0.014074842468925805
-92.27152670923023,20.100726193609123,0.014080873559001823
-89.85943956599714,20.102415898436202,0.015465016831654311
-87.44714965818478,20.104271700456,0.018180244744224534
-85.03463705413006,20.106453329825307,0.02088175668185488
-82.62186265455102,20.108959140627128,0.023351165666276773
-80.20878755767576,20.111761280507082,0.024646870369059215
-77.79537620401491,20.11471890495137,0.026487698176950247
-75.38160993542076,20.117897428732604,0.027841248165665994
-72.96746224397285,20.121238378512484,0.02871428248695
-70.55291363855135,20.124684092410916,0.029447235331289835
-68.13795154746204,20.12821776065067,0.029862706661505308
-65.72256541618395,20.131801285450052,0.030129271074347756
-63.30674926192995,20.135416797978973,0.03041909088878847
-60.890499246172475,20.13906708888563,0.030680116873269225
-58.4738111955062,20.14274870291042,0.02971107645392563
-56.05668135115695,20.14631403208489,0.02915348341819267
-53.63912366730677,20.149812450095073,0.028933138162535135
-51.22114617329536,20.153284426674578,0.028842467176495804
-48.80275204209441,20.156745522735758,0.028781438497203684
-46.38394257936612,20.160199295355422,0.005606191847587897
-43.96471866392347,20.160872038377132,-0.011888124571638386
-41.545414019318216,20.159445463428536,-0.02590022016125262
-39.12628056370679,20.156337437009185,-0.03447242189607555
-36.70752007126569,20.152200746381656,-0.03929998908190599
-34.289255981699895,20.147484747691827,-0.03775407610073299
-31.871557811976878,20.14295425855974,-0.03495298448248815
-29.45440330094971,20.138759900421842,-0.03339971703089488
-27.03775211289909,20.134751934378134,-0.03239467180187636
-24.62158188077371,20.130864573761908,-0.03163737171976482
-22.205878131922283,20.127068089155536,-0.031046578826854257
-19.79062996122362,20.123342499696314,-0.030637862951482596
-17.37582886126006,20.119665956142136,-0.032367865898432685
-14.961468946523006,20.115781812234324,-0.038532155157102024
-12.547575129054888,20.11115795361547,-0.04383805779190264
-10.134236174621032,20.105897386680443,-0.04914602460786606
-7.721528488219379,20.0999998637275,-0.05380783100511377
-5.309528504572079,20.093542924006886,-0.0561189804483652
-2.898303353691252,20.08680864635308,-0.05694519504653973
-0.48788631612888267,20.079975222947496,-0.05904898407573746
1.9217107106248168,20.072889344858407,-0.05711158004367892
4.330457432007826,20.066035955253167,-0.05542514905300069
6.738381746638206,20.059384937366808,-0.05503922528352473
9.145507939122222,20.052780230332786,-0.05493175577760234
11.551841566762157,20.046188419639474,-0.05407955822090925
13.957384177118893,20.039698872652966,-0.053870788890100274
16.362148041837248,20.033234377986155,-0.0545784880293115
18.766136167195587,20.02668495942264,-0.05688592051436492
21.169338362326304,20.019858648960916,-0.06061933923802107
23.571721400201614,20.012584328252355,-0.0640890743893734
25.9732315195919,20.00489363932563,-0.06885832428755481
28.373818756310975,19.996630640411123,-0.07438356036805846
30.77341443316031,19.987704613166954,-0.07952557924598394
33.171938986740344,19.978161543657436,-0.0835313476243367
35.569318371979236,19.968137781942517,-0.08636557817612368
37.965494905812335,19.957773912561382,-0.08854269782210994
40.3604277753197,19.94714878882273,-0.09068445798179636
42.75408562997843,19.936266653864916,-0.0929007279282256
45.146437628442214,19.92511856651353,-0.09472703841962668
47.537451856423836,19.913751321903174,-0.09673448374261998
49.92710201505221,19.902143183854058,-0.09929582077212899
52.3153591971147,19.890227685361403,-0.10257898186589917
54.70218651935807,19.877918207537494,-0.1067206372004262
57.08753670426257,19.865111731073444,-0.11158661846245224
59.471350111991384,19.85172133685795,-0.11701722571443207
61.853556672414335,19.837679269772217,-0.1228310722720587
64.234078184787,19.82293954109957,-0.12869680070734604
66.61283092971894,19.80749592501469,-0.13441258257313693
68.9897304407207,19.791366415105912,-0.14016257055887818
71.36469441053342,19.774546906638847,-0.14596323446131385
73.73764003933007,19.75703131850349,-0.15186173165762004
76.10848379755049,19.738807910704576,-0.1580034237014919
78.47714074683503,19.719847499860396,-0.16426992584130024
80.84352244681828,19.70013510875944,-0.17076447709328318
83.20753865986941,19.679643371508245,-0.17815496119439592
85.5690958644504,19.658264776164916,-0.187465359688486
87.9280876375902,19.635768933002296,-0.19735798639595534
90.28437990955047,19.61208597463478,-0.20562083729147623
92.63783022650664,19.587411474159804,-0.212992450106026
94.98831960340581,19.56185238014708,-0.22060096014596864
97.33574188902347,19.535380264929564,-0.22642459256984016
99.67998752081502,19.508209313821183,-0.2316653379626106
102.02097263847357,19.48040947326567,-0.23621620778328473
104.35862177526545,19.452063528331674,-0.240959252023707
106.69286939866525,19.42314841808883,-0.24540989490550957
109.02364720883591,19.393699230700168,-0.25010904056935074
111.35089111651993,19.363686145831846,-0.24928040218706168
113.67453345401975,19.3337724975694,-0.23608090145455704
115.99458615372808,19.305442789394853,-0.22783427362457032
118.31123928845547,19.278102676559904,-0.22446584667646224
120.62461160964266,19.25116677495873,-0.2284225932358741
122.9347516226377,19.223756063770423,-0.2354471928185384
125.24160235029015,19.1955024006322,-0.24315815634266544
127.54506263836602,19.16632342187108,-0.2511572401345965
129.84502144899054,19.136184553054928,-0.2579054574057642
132.14136359535712,19.105235898166235,-0.2653329081620454
134.43399190313707,19.07339594918679,-0.2729665918497419
136.72279941703948,19.04063995816482,-0.2805701795419746
139.00767621201925,19.006971536619783,-0.2930278538623005
141.2885127964136,18.971808194156306,-0.30292992279829933
143.56512977971238,18.935456603420512,-0.31209306555467253
145.83738457212283,18.89800543555395,-0.32086960076537635
148.1051452243893,18.859501083462106,-0.3283860798890569
150.36828535440475,18.82009475387542,-0.33444327491653203
152.6266967248698,18.779961560885436,-0.3380498479148655
154.88029211217605,18.739395579135653,-0.3413315907758542
157.12901958167234,18.698435788242552,-0.34606369008288684
159.37283187626144,18.656908145432606,-0.35308245635528546
161.61166085371335,18.614538250669973,-0.36077364752763186
163.84540544379374,18.571245412966658,-0.3692503469926308
166.07395489334974,18.526935371327543,-0.3762868713757367
168.29718713790905,18.481780946762456,-0.38413611484841104
170.51500085152054,18.435684612980648,-0.3915864283564886
172.72728300507822,18.38869424157787,-0.39834131296221176
174.93392631406758,18.340893284022403,-0.405038410026195
177.13483350815025,18.29228867481926,-0.41417479625161013
179.32990814912856,18.242587699269066,-0.4233167367861406
181.51901867304085,18.19178969085473,-0.4312117914225608
183.7020334359434,18.140044275884023,-0.43816452695136704
185.8788387490495,18.087464532649857,-0.4447165175777368
188.0493344929675,18.034098550540527,-0.45127002924146475
190.21342631903235,17.97994614703155,-0.45700096017508735
192.37101985667613,17.92510603181054,-0.46320249066224195
194.5220325804934,17.86952173293107,-0.46904198166875893
196.66637518844513,17.81323669513082,-0.47401971160654877
198.80396359186082,17.756354329738034,-0.47757452130315825
200.9347261114294,17.699045387181656,-0.4810524896288698
203.0586115578912,17.64131908842619,-0.48422704085598384
205.17556984850233,17.583211843523472,-0.48719924515573193
207.28555526972514,17.524747934104784,-0.48937361961486325
209.3885250218177,17.466023099751002,-0.4921244642139819
211.48444779378784,17.406968164045324,-0.4940633376566888
213.57328397347328,17.34768056352652,-0.49571680212718716
215.65500564109647,17.288194547271257,-0.49782500004612257
217.72958898676902,17.22845554726572,-0.49925002378637157
219.7970036524409,17.168545544411355,-0.5008783653541113
221.85722911777026,17.108440140568863,-0.5020468921461164
223.91024193463852,17.04819451351133,-0.5034307264999082
225.95602527625988,16.98778282633134,-0.5043216661843226
227.99455921541963,16.927264226389223,-0.5052974137586462
230.02583092258632,16.866628536738187,-0.5058809553688661
232.0498263469949,16.805922822093923,-0.5061121958807564
234.0665370856462,16.74518935858823,-0.5059574635394097
236.07595980867677,16.6844744629635,-0.505116574655196
238.0780967442324,16.623860474004875,-0.5038348105422182
240.072960001113,16.563400296739808,-0.5024692300403651
242.06056803672178,16.503103989134964,-0.5003204649446358
244.04094051541796,16.443065533341606,-0.49790027618983335
246.01410837941896,16.383317500198824,-0.4951949130136183
247.9801064794428,16.32389411063719,-0.4921205320449741
249.93897377271927,16.264839646791796,-0.4885301951419848
251.89075453033428,16.206216023374758,-0.4844936779491963
253.83550045313925,16.148076782020855,-0.4800022405018797
255.77326966698175,16.090476513160628,-0.4751689626767491
257.70412684856103,16.033456237639417,-0.4700564664461581
259.6281415970778,15.977049461665878,-0.46473684048681946
261.5453875324777,15.92128104080746,-0.4592084967203812
263.4559412573746,15.866176021201014,-0.4534484841541559
265.3598823799187,15.811762203102514,-0.4473097266131141
267.257293844291,15.758085035908941,-0.4408200611354562
269.1482640486001,15.705186628572687,-0.4340268495563558
271.0328864440288,15.653103406625924,-0.4270818670276749
272.9112588528239,15.601853582582603,-0.4200178755005581
274.7834812827338,15.551451437522536,-0.41276905070897396
276.64965545523654,15.501919151437459,-0.40523621811874094
278.50988575340904,15.45329080526321,-0.3974977759226115
280.3642806500406,15.405591072152497,-0.38967290398133947
282.2129515786989,15.358830323674736,-0.38179809596125125
284.05601121753983,15.313014552159386,-0.37386831594020714
285.89357296379893,15.268150354246561,-0.3658848263973545
287.72575100630854,15.224244175078878,-0.3577956716360082
289.55266030731804,15.181308694482556,-0.3496014696985653
291.37441735065596,15.139356518118728,-0.341364987843383
293.1911401328302,15.098392719577522,-0.3331158702513587
295.0029472591795,15.058418815147359,-0.32483459652086594
296.8099575169972,15.019438663564856,-0.3165149512906456
298.61229015662497,14.981456869409978,-0.3082212535330049
300.4100649809542,14.944470318986017,-0.30007722348107724
302.20340141923253,14.908461052168288,-0.29205991235988416
303.99241674549273,14.873413862685101,-0.28408843628516756
305.77722640901493,14.839323250330882,-0.2761075732072815
307.55794519905464,14.806190341546008,-0.2681367969227191
309.3346880400402,14.774013925915282,-0.26016966051155654
311.10756971115,14.742793566653896,-0.2523649909168136
312.87670493914845,14.712509767743878,-0.24468894826955268
314.64220611127774,14.683147093951531,-0.23721369476221674
316.40418376255195,14.654681450580066,-0.22975506479885419
318.16274553662157,14.627110842804203,-0.22218784393762872
319.9179988377581,14.600448301531689,-0.21482048662336037
321.6700526339419,14.574669843136885,-0.20702117950225243
323.4190130151183,14.549827301596615,-0.19906543543277178
325.1649922913099,14.525939449344682,-0.19096582613547836
326.90810502523124,14.503023550208423,-0.18274414349975976
328.64846785125627,14.481094252988452,-0.17449662767045615
330.3861991616149,14.460154657667998,-0.16648656617950974
332.1214177205351,14.440176269726456,-0.15868241872145072
333.8542388729023,14.42113437947988,-0.15102607015045658
335.58477499843985,14.403011251061827,-0.14350336118053164
337.3131363485673,14.385790847720163,-0.13613874822371666
339.0394312502937,14.369454197933317,-0.129388919685955
340.7637657540457,14.353927527571003,-0.12241460980308948
342.48623705735423,14.339237774394633,-0.11544098548162587
344.2069455902816,14.325384856136838,-0.10849945652555709
345.925991773018,14.31236492135377,-0.1019103244381391
347.6434755635804,14.300135682421194,-0.09521093929344993
349.3594918454709,14.28871036970598,-0.08944298285033461
351.07413708983563,14.27797721176394,-0.08351666111067554
352.7874943552473,14.267955212430659,-0.07739413291109848
354.499648980739,14.258667916481327,-0.07151421969044458
356.21068913071673,14.250086210118473,-0.06606031928605967
357.920699475931,14.242158971804146,-0.06067462884963886
359.62975855254746,14.23487801634219,-0.05525728812285424
361.3379439145085,14.228247141767447,-0.04993208071025328
363.0453335715206,14.222255292082217,-0.04476193713902829
364.75200420657046,14.216883859625533,-0.03984207713342656
366.4580302697255,14.212102810369522,-0.03510970896650467
368.16348260696986,14.207889645293541,-0.0303480703191694
369.8684293644051,14.204247876855241,-0.025370950461115156
371.5729391096277,14.201203362799907,-0.020346988900807127
373.2770835131637,14.19876172413181,-0.01536376651654644
374.9809349200595,14.196918072149824,-0.010532459505000664
376.6845650887175,14.195654177009224,-0.005812895033545984
378.38804358995856,14.1949566296052,-0.001361034668548521
380.0914383855112,14.194793305444973,0.0028454201887056834
381.7948135821646,14.195134755867619,0.007117097150370271
383.49822975286867,14.195988807525664,0.01125341607364796
385.20174840977177,14.197339217454502,0.015239492816038014
386.9054291158663,14.199167956592426,0.01903487261760172
388.6093292706574,14.201452141306538,0.02261397956139644
390.31350352761416,14.204165818853905,0.026012046726039906
392.0180034258766,14.20728726446103,0.029563577275162817
393.7228778976119,14.210834893734049,0.03297428184547618
395.42817808486,14.214791807555505,0.03596173397527419
397.1339531017667,14.219107215632539,0.03858139112830131
398.8402459676426,14.223736982567935,0.04101013203448821
400.54709440555075,14.228658198412074,0.04324862494882864
402.2545333893602,14.233848033405932,0.04487686012940278
403.9625951533689,14.23923325662146,0.046601685803288564
405.67130314416346,14.244825458917855,0.04833889123038174
407.3806821992336,14.250626125865502,0.04998147789600242
409.09075733433747,14.256623903213022,0.05148566271382231
410.80155220272303,14.26280218273868,0.052641086621665285
412.5130884646517,14.26911911313328,0.05348256756594794
414.2253827582277,14.275537021241194,0.054083295424363985
415.93844720077664,14.282027016692117,0.05449158960523849
417.6522904427797,14.288566007444746,0.0547335575671192
419.36691836367305,14.2951340343528,0.05482478539214211
421.0823344477954,14.301713008599858,0.05468076607606103
422.7985400088274,14.308274700528985,0.05429798026666391
424.51553297289087,14.314790458160985,0.05372741523220092
426.2333078278702,14.32123774798885,0.053115704640451
427.95185635762886,14.327611632545704,0.052457533997445356
429.67116975353434,14.333906536625397,0.051726601363588295
431.3912385379294,14.340113728789028,0.05091619497442729
433.1120521853841,14.346223672185959,0.05006077098102744
434.8335990260464,14.352230964703683,0.04913794491504062
436.5558667418108,14.358127518093488,0.048144036684926304
438.278842043982,14.363904802495679,0.04708639455269249
440.0025106202815,14.369555169842002,0.04595771182610664
441.7268572406625,14.375070095261135,0.04474953825574899
443.4518656520939,14.380440039851825,0.043474793290289804
445.1775184568761,14.38565701504666,0.04212802070414358
446.9037972986817,14.390712377531157,0.0407158591512827
448.63068278398543,14.395598280629311,0.039247566279813045
450.35815457766097,14.400307988582888,0.03771391893973399
452.0861915362909,14.404833658855656,0.03613708514906723
453.81477157535363,14.409170109073544,0.03449884493111782
455.54387198844245,14.413309970465278,0.032819326520472904
457.27346918489826,14.417248289647734,0.031108130603344854
459.003538979656,14.420981265320135,0.02937885324700975
460.73405673149443,14.424506727709776,0.027645158740040417
462.4649975388196,14.427824146758581,0.025907574371179416
464.1963364364306,14.430933055683123,0.02417562394339932
465.9280484031126,14.433834130556331,0.02249611208466315
467.6601084987794,14.436533664006491,0.020842744926675063
469.39249253846015,14.439034793397692,0.019205350565725268
471.1251767136679,14.44133943546558,0.017575114475368685
472.8581374459238,14.443448449202624,0.015937031334547044
474.5913512598281,14.44536089296277,0.01429115504904181
476.32479456698366,14.447075831568654,0.012611279130072307
478.0584436667719,14.448589185064263,0.010755410644397018
479.7922743689796,14.44987983434159,0.008903665179599847
481.52625994910056,14.450948274163142,0.007102120257082956
483.2603737420001,14.451800528593992,0.005346643316405863
484.9945898054314,14.452442125791961,0.0036311185614212233
486.7288828605264,14.452877860019331,0.001965081403028833
488.46322820372876,14.453113669787696,0.0003307410992929781
490.1976018441033,14.45315335871961,-0.001279206798372724
491.9319802471497,14.452999853903806,-0.0028525322330626547
493.66634022961813,14.45265755003584,-0.0043892719811005915
495.40065913562245,14.452130837398107,-0.005889661277824047
497.1349148361102,14.451424078044768,-0.007379277352309063
498.8690857254756,14.45053856476249,-0.00896168672768043
500.6031503532471,14.449463162355169,-0.010574417059705368
502.33708593272974,14.448194232308005,-0.012183892462284723
504.07086924060667,14.44673216521253,-0.013769246617920393
505.80447710043217,14.44507985561838,-0.015313444641640245
507.53788668310636,14.443242242261382,-0.01680199169802744
509.27107575217775,14.441226003257619,-0.018237503243111693
511.00402287256867,14.439037502868445,-0.019619214720162058
512.7367073729129,14.436683197102026,-0.020910041767364364
514.4691093565651,14.434173992089942,-0.022114834931234305
516.2012102356159,14.431520211898194,-0.023238353445397528
517.9329926610437,14.428731609484746,-0.024284679603793796
519.6644404541819,14.42581744793229,-0.025184956687294934
521.3955385479337,14.422795253129815,-0.02597615377672137
523.1262739783093,14.419678114676609,-0.026678284080621967
524.8566353520705,14.416476720586934,-0.027313092998190767
526.5866125585409,14.41319914942715,-0.027896238786411478
528.3161964564721,14.40985160077278,-0.028447364625434016
530.0453786485648,14.406437917017728,-0.029027591990609752
531.7741511986069,14.402954605978854,-0.029515207779239563
533.5025057513244,14.399412781045346,-0.02983227132472498
535.2304352850498,14.395832908486378,-0.030028634442644496
536.9579352340681,14.392229472353261,-0.03014603234269475
538.6850027707505,14.388611948472137,-0.03021587332327556
540.4116362045672,14.384986043673344,-0.030245030060119017
542.1378345298081,14.38135664006613,-0.03024343121083354
543.863597326616,14.37772742832083,-0.030212136238938522
545.5889246180144,14.374101971972157,-0.030155381105315522
547.313816854651,14.370483326239519,-0.030071789975023328
549.0382748537997,14.366874711442517,-0.029966009225176764
550.7622998191729,14.363278790335496,-0.029833649915429923
552.4858932740132,14.359698752345645,-0.029679665972660026
554.2090571242946,14.356137192428926,-0.029505062963625726
555.9317935873861,14.352596584873291,-0.029311864559356297
557.6541051775708,14.349079161126168,-0.029098852435052242
559.375994676906,14.345587298833962,-0.028865676192776572
561.0974651527661,14.342123417690829,-0.028611646659193704
562.818519962889,14.338690020091725,-0.02834062316062895
564.5391627653,14.33528914531245,-0.028055564161818876
566.2593974627375,14.33192247761303,-0.02775127987964473
567.9792281600511,14.328592324027474,-0.02743266259942068
569.6986592389344,14.325300404515543,-0.027096844947744596
571.4176952874762,14.322048783121813,-0.026747926355961616
573.1363411414509,14.318839031959097,-0.026383774495559623
574.854601825286,14.31567297901963,-0.026007316362129586
576.5724825827683,14.312552101056175,-0.02562255671702922
578.2899888348951,14.309477394250132,-0.025230675801853265
580.0071261222051,14.30644971315391,-0.02483308494828071
581.7239000877836,14.303469742960116,-0.024430075050663073
583.4403164569388,14.300538133954037,-0.024019278381359012
585.1563810330133,14.297655820548274,-0.02359869720636462
586.8720997314791,14.29482397688351,-0.02317516042320651
588.5874786087052,14.292042957632725,-0.022746488289767205
590.3025237636211,14.289313379037953,-0.02231141878013535
592.0172413691057,14.286636008784336,-0.021871924246617054
593.7316376901598,14.284011377874743,-0.021429403963048592
595.4457190555048,14.281439849399177,-0.020980382296597676
597.1594918374327,14.278922203523585,-0.020529950613926394
598.8729625018556,14.276458609449914,-0.020079716644493005
600.5861375349896,14.274049043452575,-0.019625308028772617
602.2990234202039,14.271694006489122,-0.019173540512291885
604.0116267009826,14.269393181627647,-0.018722910370606277
605.7239538827779,14.267146432383175,-0.018274205806534924
607.4360114546639,14.26495352768639,-0.017824304298504776
609.1478058779862,14.26281461117057,-0.017378349040872383
610.8593436313267,14.260729209285666,-0.016936335015972193
612.570631136441,14.25869684908375,-0.016497947280952392
614.2816747583311,14.256717095410036,-0.01606386671620254
615.9924808097803,14.254789431404092,-0.0156371936119687
617.7030555415488,14.252912968170655,-0.015213960009809034
619.4134050977293,14.251087292969478,-0.01479765502712253
621.1235355728857,14.249311574366223,-0.014388071515625381
622.8334529618096,14.247585005784348,-0.01398379050544204
624.5431631625037,14.245906950923695,-0.013586122538397761
626.2526719966145,14.244276616219087,-0.013195804988117402
627.9619851905608,14.242693119620514,-0.0128159476857455
629.6711083649152,14.241155205898224,-0.012444318635589455
631.380046989623,14.239661887661953,-0.012078963938147258
633.0888064161425,14.238212411989375,-0.011722337498048368
634.7973919055812,14.236805731489609,-0.011377747058221973
636.5058085933599,14.235440401842622,-0.011042805697912175
638.2140614415811,14.234115265158872,-0.010717536999588245
639.9221552734001,14.232829160718921,-0.01039815622414426
641.6300947726863,14.231581381972024,-0.0100903749958898
643.337884538523,14.230370536972517,-0.00979218235921836
645.0455290029597,14.22919547508941,-0.009504883928506163
646.7530324599704,14.22805488901799,-0.009227002824596302
648.4603990466526,14.226947648679038,-0.008959932610386419
650.1676327644941,14.225872456765792,-0.00870401844612383
651.874737459306,14.224827974552257,-0.00846156399862348
653.5817168162522,14.223812586872421,-0.008227550617169293
655.2885743266769,14.22282528079836,-0.008004708691711378
656.9953133603727,14.221864715755355,-0.007789566076882418
658.7019371262634,14.22092996782613,-0.007581609109614235
660.4084487224025,14.220020174732976,-0.007385887152093874
662.1148511433704,14.219133868274724,-0.007200660377359519
663.8211472075634,14.218269789029442,-0.007025311046458546
665.5273395822469,14.217426751703867,-0.0068612441035241604
667.2334307924514,14.216603402411444,-0.006705762305887253
668.9394232007407,14.215798710934738,-0.006559553331049434
670.6453190460529,14.215011564535013,-0.006421641434947747
672.3511204337971,14.21424096756282,-0.006296308693250622
674.0568293499045,14.21348541051963,-0.006179284493811191
675.7624475991669,14.212743896380372,-0.0060688971740180935
677.4679768667326,14.21201562871949,-0.0059661997236815385
679.1734187421789,14.211299684752648,-0.005872916909517184
680.8787747043492,14.210594934723506,-0.005790005188063551
682.584046096516,14.209900134100938,-0.005711373244104286
684.2892341126081,14.209214769311645,-0.005641667802992945
685.9943398849256,14.208537769175285,-0.005579086823573183
687.6993644172267,14.207868278756456,-0.005522607622845927
689.4043086106774,14.207205565841715,-0.005474995867943018
691.1091732785784,14.206548566337561,-0.005434907558253428
692.813959106539,14.205896377430571,-0.005400148073887641
694.5186666718306,14.205248359661704,-0.005370692227149497
696.22329647499,14.204603876594446,-0.005335434232794083
697.9278489401813,14.20396362448651,-0.00529784787268945
699.6323245751197,14.203327882741787,-0.005258952710134627
701.3367239210487,14.20269680841657,-0.005223744176430305
703.0410475380587,14.202069959115398,-0.005194545617481986
704.7452959331525,14.2014466136413,-0.00517700862264579
706.4494695267895,14.200825372606582,-0.00516636062859888
708.1535685715022,14.20020540933115,-0.005160331976260481
709.857593220622,14.199586169494,-0.005158389708809403
711.5615435609612,14.198967162728943,-0.005164825258517334
713.2654196204887,14.198347383697921,-0.005170870346026197
714.9692213065325,14.197726879256399,-0.005179001644238604
716.6729485320433,14.19710539905909,-0.005195428872900641
718.3766011799304,14.196481947594343,0.008970154790716328
720.0801790136417,14.197558366169229,0.019576771232266574
721.783886017582,14.1999075787171,0.027741227789147654
723.487874927028,14.203236526051798,0.03267892158711885
725.1922633101542,14.207157996642252,0.03767605591863375
726.8971222697513,14.211679123352488,0.041091289272325505
728.6025237645537,14.216610078065166,0.043134665565984276
730.3085169739215,14.221786237933085,0.043564528066182995
732.0151313224735,14.227013981301026,0.04304041627354856
733.7223730002296,14.23217883125385,0.042321424824526485
735.43023445998,14.237257402232794,0.04151360070382125
737.138705348248,14.242239034317253,0.04080426375380716
738.847774032366,14.24713554596771,0.03912140902615484
740.5574302978822,14.251830115050849,0.036629792643617556
742.2676499116883,14.256225690168083,0.03710606948785736
743.9783969945084,14.260678418506625,0.038973464171697586
745.6896784047292,14.26535523420723,0.04046458006351861
747.401521032834,14.27021098381485,0.04062010284517612
749.1139463508918,14.275085396156271,0.041824489698354846
750.8269565984305,14.280104334920074,0.04394167675987073
752.5405691186209,14.285377336131258,0.0457288221718318
754.2548143989566,14.290864794791878,0.046913880746017364
755.9697181743315,14.2964944604814,0.04744327109621496
757.6852975095893,14.302187653012945,0.0476875752058038
759.4015600279508,14.307910162037642,0.047899986831541744
761.1185092473953,14.313658160457427,0.048221546904194106
762.8361482266502,14.31944474608593,0.04882139313627483
764.5544815961805,14.325303313262284,0.049542283434904695
766.273517993772,14.331248387274472,0.04934985447378177
767.9932678002449,14.337170369811327,0.04977343715690271
769.7137282446223,14.343143182270156,0.04922350574343246
771.4349054264948,14.349050002959368,0.048737566653961215
773.1567914268498,14.354898510957844,0.04921668848061409
774.8793792481648,14.360804513575518,0.05190985945351993
776.6026757897939,14.36703369670994,0.055848092362770906
778.3267198333991,14.373735467793473,0.058632379807601206
780.0515680895344,14.380771353370385,0.06154528707168242
781.7772606519388,14.388156787818987,0.06351260414526247
783.5038394664771,14.395778300316419,0.0646870576670592
785.231332862515,14.403540747236466,0.06563111387531476
786.9597577521835,14.411416480901504,0.06683876987173427
788.6891277298917,14.419437133286113,0.06866185965845668
790.419460185886,14.427676556445128,0.07108579158227366
792.1507813726595,14.436206851435001,0.07261864917771535
793.8831261948317,14.444921089336328,0.07386709521154164
795.6165167255521,14.453785140761713,0.0752767292040645
797.3509709424435,14.4628183482662,0.07699341932998513
799.0865091442355,14.4720575585858,0.07948219703675968
800.8231560512658,14.48159542223021,0.08231004859428585
802.5609475019334,14.491472628061524,0.08513090699024106
804.2999242173007,14.501688336900353,0.08760457924569742
806.0401268177287,14.512200886409836,0.08986850399187196
807.7815909240979,14.52298510688886,0.09252901413602843
809.5243491369246,14.534088588585185,0.09546678862364366
811.2684397675548,14.545544603220021,0.0985088332076392
813.0139051199412,14.557365663204937,0.10153559940181414
814.7607889995259,14.569549935133155,0.10451281929934023
816.5091349917418,14.582091473449076,0.10737854878769079
818.2589859685557,14.594976899303598,0.1101827188563893
820.0103831964722,14.608198825566365,0.11346054031300588
821.7633670555401,14.621814090403927,0.11744199924548313
823.5179847463886,14.635907130313385,0.12188372629928713
825.2742936020262,14.650533177469299,0.1269764746814156
827.0323575833226,14.66577035443107,0.13290545303993695
828.7922500258543,14.681719008795863,0.13875016913451516
830.5540563069098,14.698369029092005,0.14363418933312228
832.3178605904009,14.71560513181198,0.14788519889437315
834.0837332062183,14.733351355679305,0.15179809566256613
835.8517353688999,14.751567127158813,0.15553755017296778
837.6219234241589,14.770231633179568,0.1591699779492342
839.3943512201405,14.789332030533476,0.16254169928314627
841.1690710638045,14.808837034447453,0.1653731390183055
842.9461315079382,14.82868181112965,0.1679304098573417
844.7255733252737,14.84883346031253,0.17051776733712837
846.5074333405112,14.869295592392985,0.17333429919047008
848.2917488115984,14.890095708295842,0.17650776066641988
850.0785602965939,14.911276639575812,0.18019906412491082
851.8679134933429,14.932900527270801,0.18437206612054302
853.6598615566154,14.955025175205266,0.18898332584758834
855.45446457764,14.977703174306978,0.19389331654057318
857.2517889585569,15.000970372291846,0.19873079870843813
859.0519054032319,15.024818068136858,0.20351247148098905
860.8548835714083,15.049239564714576,0.2082486019092047
862.6607923191741,15.07422939694368,0.21380480175425334
864.4696998468073,15.09988597315419,0.22034231110705055
866.2816861635858,15.126327050487037,0.22580180798667338
868.0968454096443,15.153423267445437,0.23042752206061484
869.9152562017377,15.18107457009271,0.2346552019863436
871.7369851501488,15.209233194331071,0.23862557836050982
873.5620931334686,15.237868263734333,0.2422503528405793
875.3906373251167,15.266938306075202,0.24568899963311222
877.2226699218457,15.296420986031176,0.24901874959744857
879.0582404401695,15.32630323598287,0.2523008557479567
880.8973968284874,15.356579338672624,0.2555221313054261
882.7401863491282,15.387241994429274,0.2587757607040348
884.5866553884597,15.418295085713758,0.2622494784168652
886.4368507987454,15.449765023123783,0.26599316345260804
888.2908226015202,15.481684202738096,0.26990681186953663
890.1486247058488,15.51407302016244,0.2739461657744149
892.0103134682682,15.54694656005537,0.27793980412023567
893.8759470554749,15.580299336549798,0.28187949581738486
895.7455829758609,15.614124876047883,0.2857883977358339
897.6192779609867,15.648419483776184,0.2896797898532417
899.4970882990398,15.683181058558572,0.29332253169577094
901.3790700260668,15.718379762362066,0.29675362977829256
903.2652755975502,15.75399019793546,0.30017292770503684
905.1557544213024,15.790010949260065,0.30361217894657533
907.0505557352136,15.826444410733654,0.30704611093188194
908.9497290645016,15.86328994404548,0.30102243629448844
910.8533238577871,15.899412636400818,0.2926695546209489
912.7612533741552,15.934532982955332,0.287397813322603
914.6733973321099,15.969020720554045,0.2848494328441422
916.5896798185763,16.003202652495343,0.28838837380912485
918.5100641368757,16.03780925735244,0.2979132367826549
920.434601247758,16.073558845766357,0.30479267367512286
922.3634283092499,16.11013396660737,0.3092893518190859
924.2966443852428,16.147248688825663,0.31137754852207555
926.2343142279018,16.184613994648313,0.313824974501807
928.1764679072596,16.22227299158853,0.3167039043341388
930.1231406662503,16.260277460108625,0.32023700925330556
932.0743739614633,16.298705901219023,0.3236251984757393
934.0302186696096,16.337540925036112,0.32682419556268894
935.9907235806139,16.376759828503634,0.3298117331772253
937.9559347600343,16.4163372364849,0.3324334195463693
939.9258952284125,16.456229246830464,0.33454235745165234
941.9006427380322,16.496374329724663,0.33634391318849166
943.8802076575992,16.53673559930728,0.3378603864653017
945.864615929516,16.577278845683118,0.33844355627185235
947.853889390998,16.61789207243574,0.3388866060239979
949.8480364396903,16.65855846515862,0.3395328562766843
951.8470634555093,16.699302407911823,0.34093934172700907
953.8509797444588,16.740215128919065,0.342292057784059
955.859805559929,16.78129017585315,0.3432829724189421
957.8735603810313,16.822484132543423,0.344504398852542
959.8922584769365,16.86382466040573,0.3465278783498087
961.9159174361852,16.905408005807708,0.34839895069891524
963.9445663968821,16.947215879891576,0.350015982268153
965.9782323024691,16.989217797763754,0.3525941608454446
968.0169384382008,17.031529097065206,0.35490466210432514
970.0607219298486,17.074117656517725,0.3565752858004271
972.1096160486306,17.116906690813774,0.3581459269491756
974.1636448515283,17.159884202047675,0.3595022888463091
976.2228309557739,17.20302447670923,0.3606802693323756
978.2871938929791,17.246306109029117,0.3618592509250885
980.3567506260625,17.289729219140128,0.363065733219337
982.4315181323593,17.333297107126448,0.3636029783143029
984.5115137852144,17.376929464524164,0.3640392397377976
986.5967453209573,17.420614173292698,0.36379273033155574
988.6872190217524,17.464269300932486,0.3633905455822942
990.7829313378643,17.50787616640236,0.362832821011396
992.8838764778326,17.551416104923728,0.3622809794630142
994.9900464104235,17.59488982245929,0.3620563966348766
997.1014331891186,17.638336590055477,0.36168665700348435
999.2180335799252,17.681738988895894,0.3614845660588559
1001.3398422585927,17.725117136822956,0.36118944235568495
1003.4668563150115,17.768459869905637,0.3618649018133192
1005.5990714994001,17.811883658123236,0.3625468193902307
1007.7364975383749,17.855389276450065,0.36345095814568973
1009.879144251549,17.89900339142755,0.3636862818659866
1012.0270246585203,17.94264574525147,0.36328656344250304
1014.1801421479505,17.98624013286457,0.3619609639957698
1016.3384909638943,18.02967544854406,0.3602575728876385
1018.5020520177196,18.072906357290577,0.3582996853771703
1020.6708007805945,18.115902319535838,0.3561470229844484
1022.8447090589389,18.15863996229397,0.35382689951439755
1025.023745854414,18.2010991902357,0.35136252596763085
1027.2078777572424,18.243262693351813,0.3489318905334594
1029.3970692804446,18.285134520215827,0.3463932108079055
1031.5912854228704,18.326701705512775,0.3437508325937384
1033.790489627532,18.367951805424024,0.341000346986652
1035.994643844183,18.40887184706242,0.3382563587762508
1038.2037084658305,18.44946261011557,0.33544568927031115
1040.4176439790442,18.489716092828008,0.33248741153843187
1042.6364099101836,18.52961458221262,0.32946114763975143
1044.859963660049,18.56914991992939,0.32640339107750804
1047.0882616504407,18.60831832685869,0.3233194385251067
1049.3212598496636,18.647116659481703,0.3201403805319028
1051.5589138488015,18.685533505145532,0.31687740217421334
1053.801177869419,18.723558793406436,0.3134720435850946
1056.0480049246278,18.76117543863665,0.30987548483869665
1058.2993459772642,18.798360496817292,0.30613514895457705
1060.5551492368822,18.83509671469184,0.3021965045523327
1062.8153608426453,18.87136029523812,0.298013693916521
1065.0799240780739,18.9071219385081,0.2936122261329558
1067.348778710695,18.942355405644058,0.2891451143866607
1069.6218613593721,18.977052819370456,0.284716802213679
1071.8991076976965,19.011218835636097,0.2802479659399597
1074.1804539579728,19.04484859154889,0.2758561444880519
1076.4658357889587,19.07795132888746,0.27161824274920077
1078.7551899484251,19.11054551801736,0.2675166075167057
1081.0484554105872,19.142647510919364,0.263471103126423
1083.3455731118975,19.174264043294535,0.2592406943102695
1085.6464847970929,19.205372926611766,0.254606161613339
1087.9511295482862,19.235925666005365,0.24966987649364097
1090.259440628207,19.2658860511846,0.24463272393099825
1092.571346954349,19.29524197805632,0.2397522842089604
1094.886775991716,19.324012252161396,0.23512034592218214
1097.2056574619753,19.35222669367206,0.23067342340796554
1099.527924665216,19.379907504481015,0.22627828581497286
1101.8535135657537,19.407060898778813,0.22183020124315972
1104.1823608736072,19.433680522927993,0.21725819901508361
1106.5144025363586,19.459751506809802,0.21249625654571672
1108.8495727171758,19.48525105759529,0.2076163536268782
1111.1878028440872,19.510165020030513,0.20262012562980558
1113.5290226464908,19.53447943510609,0.1975993544556341
1115.8731601787035,19.558191357640766,0.1924758943810882
1118.2201431416204,19.581288464966498,0.1873072154791335
1120.5698977574164,19.603765330823993,0.18218236211407468
1122.9223495971153,19.62562721427768,0.17715063326159175
1125.2774248628286,19.646885290269072,0.17222620399312083
1127.6350510976608,19.667552434748245,0.16739215991877615
1129.9951573898306,19.687639493938498,0.1626212427017384
1132.3576741291033,19.707154043062708,0.15787615941766386
1134.722532614271,19.72609918219283,0.15310588531771524
1137.089664516134,19.744471888430954,0.14819628300909826
1139.4590011427458,19.762255442392046,0.1431834825883711
1141.8304717958329,19.77943746030265,0.13807952642880733
1144.2040042910692,19.796007003474106,0.1328992999087891
1146.579525131486,19.81195491946316,0.12761061263026047
1148.9569597218215,19.827268192978792,0.1221725674533193
1151.3362319049788,19.84192890107319,0.11412942351151655
1153.7172633731077,19.855624431894572,0.10549603547762039
1156.099938304935,19.86828395615189,0.096737947996094
1158.4841323796732,19.879892509911418,0.08784725768086088
1160.8697194808626,19.89043418083312,0.08005284201394938
1163.2565715825626,19.900040521874796,0.07308814820571974
1165.6445764451876,19.908811099659484,0.06670823720657201
1168.0336337771466,19.91681608812427,0.06056646116106499
1170.4236517077215,19.9240840634636,0.05407771247636487
1172.8145417953372,19.930573388960763,0.04775294261740072
1175.2062106020126,19.936303742074852,0.04188600895697535
1177.5985670510615,19.94133006314969,0.03685657299492942
1179.9915266586395,19.94575285190908,0.03240872547751046
1182.3850170008686,19.949641898966384,0.028368084731432836
1184.7789740287446,19.953046069134157,0.024868082814653532
1187.1733395570407,19.956030239071914,0.02190283964407108
1189.5680631857292,19.9586585798292,0.019114448205860887
1191.9631022153087,19.960952313613905,0.015963186317990694
1194.3584164929423,19.962867895972064,0.012549552336819678
1196.753960640459,19.96437384225248,0.009000321018881095
1199.1496855015291,19.965453880774746,0.005497607308231475
1201.545539967222,19.966113593651734,0.0020603682254213035
1203.9414735984603,19.966360837838785,-0.0012792128936307
1206.337436899001,19.96620733229155,-0.004542616064812673
1208.733381778876,19.96566221836377,-0.007722180982316955
1211.1292612450798,19.964735556645895,-0.010799472555958912
1213.5250295118772,19.96343961993918,-0.013861159907522546
1215.9206422662699,19.96177628075028,-0.016744144553382884
1218.3160554199599,19.959766983403874,-0.019407106439560402
1220.7112274579683,19.957438130631125,-0.02189677770079206
1223.1061200336442,19.95481051730703,-0.024548383460517346
1225.500697295721,19.95186471129177,-0.027714850146705695
1227.894921061076,19.948538929274164,-0.030447137289775272
1230.288745732589,19.944885272799393,-0.03273012451221041
1232.682131965325,19.94095765785793,-0.03448812678890568
1235.075046884268,19.93681908264326,-0.03580815715220789
1237.4674651741852,19.932522103784997,-0.03678852944996859
1239.8593678266395,19.928107480251,-0.03756615452800549
1242.2507407242697,19.923599541707638,-0.038224310925334834
1244.6415726692746,19.919012624396597,-0.03839765844525917
1247.0318541842023,19.914404905383165,-0.0387221871672398
1249.4215827728483,19.909758242923097,-0.03900800726550518
1251.810753761999,19.905077282051238,-0.03946282491610231
1254.1993630358452,19.900341743061304,-0.039871191971724035
1256.5874040450126,19.895557200024697,-0.04019672178541693
1258.9748709090156,19.89073359341045,-0.040491381669293766
1261.361758940225,19.885874627610132,-0.040783323085635606
1263.748063895538,19.880980628839858,-0.041278443199295425
1266.1337815709987,19.87602721565594,-0.0419103420350094
1268.5189048368775,19.87099797461174,-0.042580021168497684
1270.9034245938308,19.86588837207152,-0.04317308375460529
1273.2873311984793,19.860707602020966,-0.04367127787794951
1275.6706161107218,19.855467048675614,-0.04406867189034201
1278.0532721565628,19.850178808048774,-0.04436256323783347
1280.4352936135288,19.844855300460235,-0.04459920072808028
1282.816676249584,19.839503396372866,-0.04476498475188184
1285.1974166571486,19.83413159820264,-0.04484462967190874
1287.5775124489328,19.82875024264201,-0.044825134127970206
1289.95696247805,19.82337122654665,-0.04470595791046317
1292.3357670252356,19.818006511597396,-0.044499117675245295
1294.7139278066272,19.812666617476367,-0.04418894846865948
1297.0914478007244,19.80736394366013,-0.04382025894272701
1299.4683314739636,19.802105512587,-0.04341752905094794
1301.8445841354742,19.796895409100888,-0.04294518966335627
1304.2202115845662,19.791741986341286,-0.04239885767747358
1306.5952206229272,19.78665412341999,-0.04179757035795122
1308.9696191177375,19.781638414977035,-0.041179664263221824
1311.3434157275346,19.77669685526545,-0.040541467321984034
1313.7166193501664,19.77183187918681,-0.039903826391945625
1316.0892391756688,19.767043420019775,-0.03926862219786966
1318.4612843860712,19.76233118535603,-0.0386347489302422
1320.8327641283138,19.7576950154844,-0.03807160119624682
1323.203687530172,19.753126423340852,-0.0374870045966681
1325.5740627009727,19.74862798278925,-0.03686690504290499
1327.9438980589075,19.744203954184105,-0.03620104963819305
1330.3132025334096,19.739859828227523,-0.03549477302372181
1332.6819857127969,19.735600455464677,-0.034746552867925176
1335.0502577674526,19.731430869120526,-0.03398143806321914
1337.418029471747,19.72735309655294,-0.033188711280128125
1339.7853118433334,19.723370451199322,-0.032355062542435156
1342.1521162974773,19.719487843694232,-0.03148719360635528
1344.5184548387206,19.71570938046147,-0.030596064119251917
1346.8843399643758,19.712037852767157,-0.029694178854517972
1349.249784506708,19.708474551304615,-0.028782352475938088
1351.6148014528646,19.705020669007503,-0.027876568942970664
1353.9794039331455,19.701675480734348,-0.026936247159127413
1356.3436049908337,19.69844313107525,-0.025975648822385997
1358.7074181665628,19.695326053216565,-0.025003110061280684
1361.0708572929489,19.692325680009212,-0.024030645615464086
1363.43393637455,19.689442002535355,-0.02308050476205594
1365.7966694148543,19.68667234196391,-0.02213369647170587
1368.15907009589,19.684016298387306,-0.021169799243193857
1370.5211520516964,19.68147592247812,-0.020201105494458707
1372.8829291623938,19.679051789818786,-0.01924136412721393
1375.2444153771721,19.67674282612352,-0.018305946452684782
1377.605624516307,19.674546112549198,-0.017406984226686337
1379.9665700498128,19.672457274441996,-0.01654414484955337
1382.3272649227458,19.67047197706005,-0.015707388810774284
1384.687721559993,19.668587090402756,-0.014893787825629248
1387.0479520108413,19.66679983586368,-0.014099720084134664
1389.407967991145,19.665107869453585,-0.013318266326786865
1391.7677809354793,19.66350967749437,-0.012547823799128674
1394.1274020967787,19.662003938638478,-0.011781808054942635
1396.4868425694153,19.660590121671884,-0.011024710453593508
1398.846113384016,19.659267156417453,-0.010287043676251629
1401.205225442786,19.658032711176304,-0.009566463883391711
1403.5641893681272,19.656884735510296,-0.008867000950532122
1405.9230155363884,19.655820695396233,-0.008189406216442095
1408.281714019836,19.65483796665026,-0.007533524764983203
1410.640294575834,19.65393394367846,-0.006901424834045756
1412.9987666490756,19.653105772698375,-0.006288978386553699
1415.3571393417994,19.652351095291987,-0.005698411511683431
1417.7154214732345,19.651667285910584,-0.0051312365768237025
1420.0736215475438,19.651051537521365,-0.004590252258282586
1422.4317477320462,19.65050070725037,-0.004069069763644758
1424.7898078169162,19.65001241887873,-0.003571025393482205
1427.1478093071817,19.649583895831512,-0.0030977390037592355
1429.5057593746815,19.64921216715106,-0.0026436592544473256
1431.8636648347397,19.648894928040527,-0.0022138194159394098
1434.2215322261045,19.648629269710614,-0.001804154606553949
1436.5793677384697,19.64841277115783,-0.0014131707705265944
1438.9371772710087,19.648243190665365,-0.0010450924663102726
1441.2949664538885,19.648117779569407,-0.0006982556572839057
1443.6527405874367,19.648033988890532,-0.0003693787769560575
1446.0105046661035,19.647989663437297,-6.165829176006356e-05
1448.3682634257161,19.647982264442287,0.0002296704312074713
1450.7260212974493,19.648009824894032,0.0004958766304009614
1453.0837824764365,19.64806933008968,0.0007466299095612212
1455.4415507960473,19.64815892567883,0.000975872819976511
1457.7993298671288,19.648276030417225,0.001184435015591889
1460.1571229907788,19.648418162619095,0.001349169728137974
1462.514933170293,19.648580062986472,0.0014974138026411453
1464.8727627778514,19.64875975264279,0.0016293762636622516
1467.2306139481686,19.64895527779443,0.0017541599557098673
1469.588488581504,19.649165776989115,0.00185662349175558
1471.9463884747427,19.649388571808124,0.001954263574099691
1474.3043151033596,19.649623083437017,0.0020441168762893327
1476.662269873372,19.649868377462173,0.002119615014987657
1479.0202540786674,19.650122731263973,0.0021763568378674186
1481.378268806419,19.650383894084516,0.002227710167981723
1483.7363148737093,19.650651219304674,0.00226283862602137
1486.0943930200258,19.650922759939796,0.002294303529250458
1488.4525037512185,19.651198076363308,0.002313225404357355
1490.8106475203822,19.65147566341183,0.0023253539096758456
1493.1688245999917,19.65175470588099,0.002330151487217624
1495.5270351646975,19.652034324059457,0.0023307335914766036
1497.8852792835846,19.652314012090436,0.002324302452494314
1500.2435569650354,19.652592928384735,0.00230866782861531
1502.6018681164417,19.65286996852417,0.0022878213353369724
1504.9602125126646,19.65314450708441,0.0022633437113107934
1507.3185898535148,19.65341610832977,0.0022277304095690313
1509.6769997865144,19.653683435978916,0.0021837177127631536
1512.035441798832,19.653945482104447,0.0021322002837978176
1514.3939152566845,19.654201346138503,0.0020750420202095845
1516.752419418221,19.654450351180927,0.0020144625650916105
1519.1109534603627,19.654692086688737,0.0019495975403017445
1521.4695165107653,19.654926038393572,0.0018826115749762797
1523.8281076353726,19.65515195178257,0.0018132333582353767
1526.1867258695866,19.65536953978556,0.0017307755926285347
1528.545370214361,19.655577232856675,0.001649047204677619
1530.9040394823037,19.655775118521237,0.0015657640344127212
1533.2627324965263,19.655963010205365,0.001481007353267274
1535.621448057751,19.656140731087756,0.0013961944076286282
1537.9801849454816,19.65630827441667,0.0013160071970788152
1540.3389419384116,19.65646619528032,0.0012319906276543908
1542.6977178818452,19.656614034155638,0.0011487806004660574
1545.0565115659438,19.656751887827692,0.0010675910462879736
1547.4153217924832,19.656879998753247,0.0009862445422092409
1549.7741473923336,19.656998348098313,0.0009069915550064807
1552.1329871941055,19.657107187084915,0.0008319955935211564
1554.4918400565557,19.657207026556136,0.0007540379729835741
1556.8507048997424,19.657297511112894,0.0006715140246849615
1559.209580601076,19.657378092795856,0.0005947870550450558
1561.5684659722115,19.65744946724246,0.0005149858256724161
1563.9273599082806,19.65751126554154,0.00043044287851041514
1566.2862612601455,19.65756291868696,0.00034936325541971825
1568.645168810388,19.65760484227761,0.00027248565935245766
1571.0040813914613,19.65763754055673,0.00018802518027084415
1573.3629978963281,19.657660103578365,0.0001030082196449708
1575.7219171087575,19.657672464564723,1.761340331778835e-05
1578.080837804505,19.657674578173122,-6.722546563880938e-05
1580.4397587538858,19.657666511117245,-0.00014941687679813028
1582.79867873522,19.65764858109203,-0.0002256576482369886
1585.157596564951,19.65762150217424,-0.0003037321666137848
1587.516511145212,19.657585054314247,-0.00037874533768313167
1589.8754213517298,19.657539604873726,-0.000447786806250853
1592.2343261043145,19.657485870456977,-0.0005092974834770894
1594.5932244087694,19.65742475475896,-0.000561066451731896
1596.9521153793405,19.657357426784753,-0.0006102652547463901
1599.3109982705546,19.657284194954183,-0.0006599969442120765
1601.6698723739491,19.65720499532088,-0.0007053541741299692
1604.0287369733876,19.657120352819984,-0.0007448906680273819
1606.387591415726,19.65703096593982,-0.0007890108662234056
1608.746435131639,19.656936284635876,-0.0008308926996038132
1611.1052674857951,19.656836577511925,-0.0008702583936615433
1613.4640878750965,19.656732146504684,-0.0009044777812650222
1615.8228957326771,19.656623609170932,-0.0009391698116708337
1618.1816905657777,19.656510908793532,-0.0009768983384442738
1620.540471874833,19.65639368099292,-0.0010184084232045774
1622.899239116552,19.656271471982137,-0.0010579387921110955
1625.25799169319,19.656144519327086,-0.001094865024068465
1627.6167290355093,19.656013135524198,-0.0011345854015369005
1629.9754506117722,19.655876985276013,-0.0011676452216165282
1632.3341558500053,19.65573686784942,-0.0012025616712630313
1634.6928442741473,19.65559256044887,-0.001229850612556256
1637.0515153814013,19.655444978375364,-0.0012557684991957732
1639.4101687788063,19.65529428615546,-0.0012769227250288102
1641.768804093145,19.655141055428455,-0.0012975388475607666
1644.1274210197964,19.654985350766747,-0.0013123345537378582
1646.4860192618885,19.6548278706203,-0.0013330433341814068
1648.844598606363,19.654667905420197,-0.0013495519792581924
1651.2031587550134,19.654505959182686,-0.001357753273291032
1653.5616994701154,19.654343028789892,-0.0013700245644623463
1655.9202206335701,19.654178625842157,-0.0013850724988942623
1658.2787220686712,19.65401241714229,-0.0013993267599990127
1660.6372035587283,19.65384449793109,-0.0014091575863318796
1662.99566489848,19.65367539902073,-0.0014217291110398445
1665.3541059463626,19.653504791527407,-0.0014363617051964754
1667.7125265213458,19.653332428122784,-0.0014406737529204711
1670.0709264127206,19.653159547272434,-0.0014505975411911553
1672.4293055583933,19.65298547556749,-0.0014501693597188596
1674.7876638154614,19.652811455244326,0.0022314592450175257
1677.1460011900908,19.65307923035373,0.012379919750735668
1679.5043706977333,19.654564820723817,0.02010660571422884
1681.86291847622,19.656977613409524,0.025769811379739802
1684.2217557898293,19.660069990775092,0.029145463668501296
1686.5809641887224,19.663567446415314,0.02999807808147904
1688.9405922822923,19.667167215785092,0.03126242417544041
1691.3006523481865,19.670918706686145,0.03000084652491637
1693.6611625929888,19.674518808269134,0.027922470158609106
1696.0221048499811,19.677869504688168,0.02632881798861338
1698.3834491905436,19.681028962846803,0.026650953847633795
1700.7451726660852,19.68422707730852,0.029015289654843374
1703.1072799153621,19.6877089120671,0.030210939655173866
1705.4698049848103,19.691334224825724,0.03151784735899367
1707.8327650917893,19.695116366508802,0.03344280261993104
1710.1961790557702,19.699129502823194,0.03485754634052994
1712.560074596109,19.703312408384058,0.036022934984998464
1714.924472085115,19.707635160582257,0.037450268170432705
1717.2893883043848,19.71212919276271,0.03876891914662535
1719.6548438075163,19.716781463060304,0.03958397979730674
1722.0208575830834,19.72153154063598,0.03964540202658054
1724.3874413679598,19.72628898887917,0.04089623823109108
1726.7545960466252,19.7311965374669,0.039501312944349554
1729.1223396311213,19.73593669502022,0.03713471821788557
1731.4906520345237,19.740392861206367,0.03561399922892009
1733.8594991778684,19.744666541113837,0.03483859758899506
1736.228859162802,19.748847172824515,0.035068912949709465
1738.598720823541,19.75305544237848,0.03901126795383008
1740.9690874766266,19.75773679453294,0.041909105536276574
1743.3400158919706,19.762765887197293,0.04407998070929607
1745.7115477984341,19.76805548488241,0.04778809652256512
1748.08371445662,19.773790056465117,0.05071374055218028
1750.456569263396,19.779875705331378,0.052988696397227926
1752.8301543480356,19.786234348899047,0.05456898088662531
1755.2045024699034,19.79278262660544,0.05588733295314634
1757.5796363850961,19.799489106559818,0.057177809862609216
1759.9555750778834,19.80635044374333,0.05675294626611153
1762.3323371311326,19.813160797295264,0.056719213612820604
1764.709916426808,19.819967102928803,0.05707255332161059
1767.0883124791594,19.826815809327396,0.05794985198303951
1769.4675303762788,19.83376979156536,0.05904444664700149
1771.8475827512666,19.840855125163,0.060267501581462435
1774.2284853662861,19.848087225352774,0.06161923509711444
1776.6102558333284,19.85548153356443,0.06309118012468463
1778.9929136173562,19.86305247517939,0.06471560396597034
1781.3764799143778,19.87081834765531,0.06658305329866382
1783.7609781160963,19.87880831405115,0.06868362497506178
1786.1464351137824,19.887050349048156,0.0729320666126162
1788.5328811556683,19.89580219704167,0.0765293804481022
1790.9203774193134,19.904985722695443,0.07977351169636082
1793.3089757060368,19.914558544099005,0.08265551845931837
1795.6987227313286,19.924477206314123,0.08506947619202557
1798.0896599960863,19.934685543457167,0.08722622682322001
1800.4818222613012,19.945152690675954,0.08931865012784024
1802.8752405841824,19.955870928691294,0.09145394600961201
1805.2699450956254,19.966845402212446,0.0936395239137055
1807.6659665438908,19.97808214508209,0.09582039297594185
1810.0633364013006,19.989580592239204,0.09797373675659911
1812.4620860723694,20.001337440649994,0.10010102597079334
1814.8622465652475,20.01334956376649,0.10211423777231468
1817.2638485128994,20.02560327229917,0.10417643982378186
1819.6669209055754,20.038104445078023,0.10631411664929134
1822.0714934389848,20.05086213907594,0.10851877384767468
1824.477596895674,20.06388439193766,0.1107187410363145
1826.8852630227066,20.07717064086202,0.11294758704924443
1829.29452349961,20.090724351307927,0.11524673060097264
1831.705410421767,20.104553958980045,0.11764069102877094
1834.1179568968446,20.118670841903498,0.1206806705278981
1836.532197397873,20.133152522366846,0.12410852858451564
1838.948175700557,20.148045545796986,0.12768434537489584
1841.3659411660526,20.163367667241975,0.13125669069596044
1843.7855452861215,20.17911847012549,0.13474798525427167
1846.2070395025366,20.195288228356002,0.13812863019014876
1848.6304740899393,20.21186366397882,0.1414038475431447
1851.0558977296168,20.228832125683997,0.1445955293316299
1853.483357584699,20.246183589203792,0.14772723894043926
1855.9128996154034,20.263910857876645,0.15082928430304254
1858.3445689183486,20.28201037199301,0.1539241375310324
1860.7784101629877,20.300481268496736,0.15705552005117718
1863.2144679152073,20.319327930902876,0.1602275496400943
1865.6527872669155,20.338555236859687,0.16346789121891123
1868.0934138953387,20.358171383805956,0.1668307785727103
1870.5363944613955,20.378191077234682,0.1702641402175233
1872.9817773906636,20.398622774060783,0.1735906681169883
1875.429612123551,20.41945365423482,0.1767376817115776
1877.879946562059,20.44066217604021,0.17977979483139228
1880.332826023184,20.46223575141998,0.18277679567609312
1882.7882943133543,20.48416896690111,0.18576707648242957
1885.2463945893824,20.506461016079,0.18880933504294994
1887.707169911312,20.529118136284154,0.1918079060811294
1890.170664087666,20.55213508501389,0.19483273184255367
1892.6369202978676,20.575515012834998,0.19780884543068117
1895.1059820994078,20.59925207428668,0.200813512544701
1897.5778923483222,20.623349695792047,0.20377081044319878
1900.0526943118173,20.64780219304523,0.206764557028068
1902.5304305749828,20.6726139398886,0.20989553224206894
1905.0111442477694,20.697801403757648,0.213185474498095
1907.4948804162202,20.72338366069742,0.21650066289582462
1909.981686455504,20.749363740244917,0.220363544090855
1912.4716101043332,20.77580736553582,0.22477229986006972
1914.9647069881976,20.80278004151903,0.2295215711343588
1917.4610405931799,20.83032263005515,0.23436412432886583
1919.9606793087864,20.858446324974615,0.23908489760870327
1922.4636928677835,20.88713651268766,0.2435501230021014
1924.970149249306,20.916362527447912,0.24713263570861677
1927.4801127525996,20.946018443732946,0.24996411121445852
1929.9936349658476,20.976014137078682,0.2524131284649543
1932.5107566622971,21.006303712494475,0.2546292787947767
1935.0315131077964,21.036859225949847,0.2566012865920235
1937.5559362149104,21.06765138034089,0.258485497767587
1940.0840543805514,21.098669640073002,0.26031324042369464
1942.6158947373601,21.129907228923845,0.26204054972634494
1945.151483604831,21.161352094891004,0.2637772328827046
1947.6908458562177,21.193005362836928,0.26553165099218057
1950.2340064997582,21.22486916095599,0.26730399171509844
1952.780990799073,21.256945639961803,0.2691269641996999
1955.3318242758683,21.289240875665765,0.27098020980018744
1957.8865331809482,21.32175850084179,0.27284288418395003
1960.4451442010493,21.35449964694386,0.2747083404313207
1963.0076841586827,21.387464647795618,0.27657163147253694
1965.5741799164182,21.42065324357232,0.2784166786031268
1968.1446583056468,21.454063245004697,0.28023565060313027
1970.7191458950474,21.48769152307707,0.28202674288246954
1973.2976688778167,21.521534732222968,0.2837842256711419
1975.8802530456835,21.555588839303503,0.28549663105372125
1978.4669237064,21.58984843502995,0.28717226280664987
1981.0577055186036,21.62430910656675,0.2888064148191313
1983.6526226113915,21.658965876345043,0.2904073360251468
1986.251698516553,21.69381475666806,0.2919670232578022
1988.8549562873532,21.728850799458996,0.2934949724112625
1991.4624183832882,21.76407019614835,0.29499146015886113
1994.074106806826,21.799469171367413,0.2965126800993566
1996.69004310739,21.835050692979337,0.2980785459645937
1999.3102491905474,21.87082011849509,0.2996551351981602
2001.934747604767,21.90677873471887,0.3012145519316852
2004.5635610529332,21.942924480950673,0.3027287111670658
2007.1967119906474,21.979251926290722,0.30418138647172605
2009.8342222218023,22.015753692667328,0.30556506760380875
2012.4761126649223,22.052421500779786,0.30688692926115224
2015.122403245016,22.089247932291126,0.30814950717020373
2017.7731129968909,22.12622587315155,0.3093415251595325
2020.4282601016691,22.163346856170694,0.309929455741748
2023.0878617244095,22.200538390859705,0.31135712927224657
2025.7519263313127,22.237901246372374,0.3124807028834503
2028.4204744808774,22.27539893071839,0.31297054301673677
2031.0935223525635,22.312955395880397,0.3141518504165077
2033.7710770000692,22.35065361793038,0.3150125283759454
2036.453155434221,22.388455121335493,0.3153086120278812
2039.1397700487812,22.42629215477884,0.31630922013013013
2041.8309251073547,22.464249261194453,0.31703645980168205
2044.526635018698,22.502293636370656,0.3172457059464292
2047.2269102550624,22.540363121084226,0.31756206331056724
2049.9317538295927,22.578470568681496,0.31864371658858937
2052.6411702978344,22.616707814672125,0.3194000781483586
2055.355175235595,22.65503582404993,0.3196722134664997
2058.073779534481,22.693396489665908,0.32008380671881365
2060.796987113241,22.731806546472164,0.32126055534071474
2063.5248038988175,22.77035781311305,0.32206693653672636
2066.257246836391,22.80900584549746,0.3223239869411517
2068.9943275378505,22.8476847239304,0.32265868216844096
2071.736049704722,22.88640376579061,0.3230711329002122
2074.482418156617,22.925172301738638,0.32351324937743375
2077.2334388328254,22.96399389166393,0.3239519522541661
2079.989118099825,23.00286812593443,0.3243708766243819
2082.7494622749373,23.041792631129358,0.32476315196382277
2085.5144773906727,23.080764209365018,0.32512339776122423
2088.2841690957966,23.119779017096366,0.3254526079629291
2091.058542577848,23.15883333005192,0.325751247087151
2093.837602577454,23.19792347970238,0.3260215635703364
2096.6213533950186,23.23704606733082,0.3262635713035007
2099.409798923098,23.27619769588724,0.32647686150181715
2102.2029426466047,23.31537491926746,0.32666353931964837
2105.000787636917,23.354574543985816,0.3268267975605174
2107.8033365821952,23.39379375969308,0.32696624868100177
2110.6105918333583,23.4330297095348,0.3270836650738509
2113.4225553985025,23.472279749343663,0.3271762170436868
2116.2392289684235,23.511540895388904,0.3272457247278642
2119.0606138758703,23.550810382356246,0.3273021440124126
2121.8867111217533,23.590086639637736,0.3274165774307858
2124.71752151851,23.629376628929432,0.3275829814235438
2127.5530467139815,23.668686586700257,0.32777759903754666
2130.3932891043855,23.708019898584762,0.327977566685687
2133.2382514922156,23.747377206587046,0.3281735970446361
2136.087936757006,23.786758038232403,0.32836048442738686
2138.9423477215937,23.82616129636369,0.32852663228709006
2141.801487077157,23.865584492238142,0.3286757259520553
2144.665357216226,23.90502557935239,0.3288034266521543
2147.533960285748,23.94448199055065,0.32890500965464065
2150.407298124614,23.983950591709206,0.3289804115659059
2153.285372195619,24.023428241097115,0.32902867805947983
2156.1681835845507,24.062911682464254,0.3290534408346407
2159.0557329864464,24.10239809536441,0.3290526266613848
2161.94802075789,24.141884410563776,0.32900608285084065
2164.8450468871574,24.18136514050588,0.3288717597340455
2167.746810704018,24.220829751673964,0.3283519988602953
2170.653310274219,24.2602319915372,0.3282369053659424
2173.5645381132035,24.299620420181114,0.3279987637893975
2176.4804925636254,24.33898027183584,0.32736573698958527
2179.401170196246,24.37826416027459,0.3270983704945093
2182.326561895479,24.41751596473393,0.3264648362246399
2185.2566638112467,24.456691745080885,0.326199869954656
2188.1914668206564,24.495835729475445,0.32556808666383213
2191.1309671081935,24.534903899875104,0.3253351427440929
2194.0751555761785,24.573944117004395,0.3247585688515138
2197.024028870219,24.612915145266577,0.3246028610808722
2199.9775786876507,24.65186748859628,0.3240806262022109
2202.9358027862822,24.690757163740546,0.3240114834707441
2205.898693645931,24.729638541757037,0.32358514478135647
2208.8662502709417,24.7684687591308,0.3236319878855478
2211.8384665220374,24.807304597677067,0.31298642635681684
2214.8153430737584,24.844862968839884,0.30471930250887813
2217.7967266300193,24.88142928514095,0.2980949568767185
2220.7824981442363,24.917200679966157,0.29408086576809545
2223.772562225832,24.95249038385833,0.29151990376077674
2226.766861071895,24.987472772309623,0.289935007383896
2229.7653578045724,25.02226497319569,0.28944216002531997
2232.768029601356,25.056998032398727,0.2892958164986087
2235.774869365244,25.09171353037856,0.2892638308771246
2238.785874988889,25.126425190083815,0.28890129069113923
2241.8010460116993,25.16109334496675,0.2888492288638661
2244.8203772130955,25.195755252430416,0.28842210611584784
2247.843867843387,25.23036590516432,0.2880723754444856
2250.871511752007,25.264934590217656,0.2873017742491064
2253.903303902833,25.29941080312755,0.2865777657534756
2256.9392331992085,25.333800135017967,0.2855484511926867
2259.9792892154105,25.36806594916109,0.28384593933815605
2263.02345712931,25.40212746188167,0.28189924892355567
2266.071712424736,25.435955371752495,0.2801903393269734
2269.124027069346,25.46957821247173,0.2787123730152633
2272.1803764548426,25.503023697233562,0.2774453522908171
2275.2407392985106,25.536317139508462,0.27636558684891444
2278.3050973552517,25.569481009930332,0.2755737281358351
2281.3734350764435,25.60254985730663,0.275031914587605
2284.4457410593204,25.635553687057143,0.27462460920955695
2287.5220075017673,25.66850864016229,0.27427791726422324
2290.602228538587,25.701421990233996,0.27391901817448994
2293.6863991774153,25.734292272414933,0.2734778892716486
2296.7745142501053,25.76710961912753,0.2730231875312526
2299.8665674044005,25.79987240163128,0.27224311253455047
2302.962552092596,25.832541575135426,0.2712421770123914
2306.062457081612,25.865090636376912,0.2698447437325411
2309.166267957977,25.897472005624817,0.26831739914541364
2312.273964598652,25.929670093522265,0.2669899134465137
2315.385525009875,25.96170888313585,0.2654339864475922
2318.500930075851,25.99356096150956,0.2637985391759694
2321.620157391232,26.025216786210674,0.2624311564592262
2324.7431834055774,26.05670852498578,0.26080688054309675
2327.8699884285757,26.088005350650953,0.2591757058033224
2331.000549070654,26.11910643534735,0.2578539082675689
2334.1348418428956,26.15004890433946,0.25625484902919105
2337.2728477114165,26.180799486222963,0.2546342076254666
2340.4145436497633,26.21135559113802,0.25327393918573105
2343.5599063207,26.241748463840306,0.2516563006057506
2346.708916136361,26.271947219912995,0.24992040767481016
2349.8615498027507,26.301937668833972,0.24836272700937248
2353.0177823230106,26.331741196075097,0.24634125347347244
2356.1775912665394,26.361302146491912,0.24437602105141673
2359.3409475241183,26.390627269018083,0.24279039885270437
2362.5078227964004,26.419762116880406,0.24080798524885091
2365.6781942504263,26.448659075110267,0.23897246742102835
2368.8520333394395,26.477335771200792,0.2375123824615681
2372.0293136319838,26.50583725709618,0.23561231981901215
2375.2100141028354,26.53411073547446,0.2337010969276076
2378.3941073910923,26.56215486710577,0.23182146321538594
2381.581565975145,26.58997344269162,0.2299349435047858
2384.7723627882683,26.617565635912193,0.22803549295316983
2387.9664706645776,26.644929895066575,0.22612428873669965
2391.1638622519854,26.67206480971498,0.22419487559302276
2394.364510029151,26.69896819478614,0.22224797576714164
2397.568386212525,26.7256379518782,0.2202762689306951
2400.7754627667505,26.75207110414988,0.21828850331507316
2403.9857112992486,26.77826572454769,0.2162721593619852
2407.1991031861944,26.804218383671127,0.2142284190765861
2410.4156093922347,26.829925793960317,0.21214930016142575
2413.63520048751,26.855383709979687,0.2101027302754621
2416.8578465327073,26.880596037612744,0.20807881036718007
2420.0835180572208,26.905565494856805,0.2060572044522292
2423.3121859166035,26.93029235939107,0.2040177257575814
2426.5438209997305,26.95477448648198,0.20195348606866576
2429.7783939381084,26.97900890481022,0.19986371713133994
2433.0158750066857,27.002992550865983,0.19781329506972667
2436.2562341127896,27.02673014627435,0.1958073035759863
2439.4994417303424,27.050227022703467,0.19380735295952217
2442.7454689730666,27.07348390505861,0.1917604150912244
2445.9942870416735,27.096495154869555,0.18966436550685184
2449.2458664602577,27.119254878730377,0.18746135831089705
2452.500177045705,27.141750241727685,0.18517115634227668
2455.7571870747124,27.163970780488757,0.18280757922218782
2459.0168635683713,27.18590768999542,0.1803926408277318
2462.279172491171,27.20755480689475,0.17794549004565
2465.544079067998,27.228908265700227,0.17548807799012028
2468.811548059882,27.24996683505904,0.17302191822624574
2472.0815440800893,27.27072946524619,0.17054834157283455
2475.3540316159188,27.291195266234933,0.16805812146950083
2478.628975047867,27.311362240811274,0.16555809648011657
2481.906338516764,27.331229212388887,0.16322287873907493
2485.186086022251,27.350815957837575,0.16117508340680314
2488.4681839371915,27.37015696784639,0.15928112051744112
2491.752602773333,27.389270702308483,0.15741257501382538
2495.03931525761,27.408160211310143,0.15549498894706593
2498.328294482967,27.42681960998379,0.15348247257012998
2501.619512836165,27.44523750669221,0.15134553296815784
2504.9129413369683,27.463398970648388,0.14886171633664783
2508.208549213446,27.481262376608786,0.1461539646820817
2511.5063006986393,27.498800852370636,0.1433080033332681
2514.806156800924,27.515997812770628,0.14037322629688254
2518.1080765384563,27.532842599926255,0.1373855318966662
2521.4120176504475,27.549328863753853,0.1343716975891739
2524.717937114098,27.565453467464554,0.13135108677207974
2528.0257915301936,27.581215597877204,0.12833799111346256
2531.335537401939,27.59661615681082,0.1253504157688336
2534.647131340756,27.61165820670308,0.12240018639683924
2537.9605303255603,27.626346229070702,0.11949700061706109
2541.275691873049,27.64068586914475,0.11664785301387993
2544.5925741773463,27.654683611506417,0.11385354447296622
2547.911136210727,27.66834603684317,0.11111191096701711
2551.231337735148,27.681679466159213,0.10841908126080053
2554.553139271087,27.69468975591051,0.10576907249967624
2557.876502041796,27.70738204461047,0.10316171564991153
2561.201387887149,27.71976145048846,0.10058530498158134
2564.5277592612074,27.73183168708625,0.09804287363012401
2567.855579063658,27.743596831921863,0.09555533796482645
2571.1848106834886,27.75506347247764,0.09311260724918492
2574.515418300186,27.766236985347543,0.09069399379941381
2577.847366738428,27.77712026460347,0.08829717829061876
2581.18062117018,27.787715925998345,0.08591728564718973
2584.5151470813,27.798026000276007,0.08355384695279164
2587.850910201333,27.808052461910343,0.08120821398201028
2591.1878764967623,27.817797447588184,0.07888577125517732
2594.526012190473,27.827263740138804,0.07659074776590716
2597.8652838392895,27.836454629870712,0.07432592536799221
2601.205658394874,27.84537374091487,0.07209259632344267
2604.5471032437836,27.85402485247368,0.06989295810188816
2607.8895862260806,27.862412007445908,0.06773256786175436
2611.233075666974,27.87053991558932,0.06560883588350888
2614.577540456845,27.87841297589534,0.06352400145976855
2617.9229500139522,27.886035856070514,0.0614771840367116
2621.269274316681,27.893413118154918,0.059470710893964315
2624.6164838908594,27.900549603462192,0.05750466810305502
2627.9645498432747,27.907450163634557,0.055576486091403546
2631.313443862911,27.914119341965527,0.053683902966614364
2634.6631381839466,27.920561410321522,0.051800249614142174
2638.0136055531852,27.92677744027522,0.049949122663183555
2641.3648188460184,27.9327713349948,0.04812501520447461
2644.7167514062176,27.93854633681934,0.04628543954797677
2648.069376966636,27.944100589565096,0.04445209479435461
2651.422669037384,27.94943484094042,0.042640427021141465
2654.776601218297,27.954551692182957,0.04086109008779902
2658.131147421359,27.95945502299349,0.03913051621075048
2661.4862820241183,27.964150684938783,0.03744894270704633
2664.841980106311,27.96864455806363,0.035825156890843826
2668.1982174532786,27.972943576890533,0.03426116318535538
2671.5549706825054,27.977054916472774,0.03274650313930287
2674.912217272482,27.98098449684949,0.031276301965539446
2678.2699354121037,27.984737653085354,0.029840784501149402
2681.628103930474,27.988318547225493,0.028443084645331414
2684.9867021561413,27.991731717382933,0.027072744344657406
2688.3457099622274,27.994980446704293,0.02572813640496357
2691.705107615832,27.998067823072887,0.024417119380853485
2695.0648757546005,28.00099787739859,0.023166228727483237
2698.424995499888,28.003777824845887,0.021943504843095388
2701.78544883887,28.006411045427058,0.020758506740095876
2705.146218164321,28.00890206623587,0.019612707143318774
2708.5072864122694,28.011255591093068,0.01851117113869335
2711.8686370832006,28.01347693162971,0.01745292827061238
2715.2302543149963,28.015571283022183,0.016456433490789575
2718.592122868959,28.017546055041077,0.01552131002914568
2721.954228395564,28.019408612244575,0.014645539020280329
2725.3165574290333,28.02116607692701,0.013817713434751275
2728.6790973582647,28.02282420253918,0.013028549765773877
2732.041836262569,28.02438762851107,0.012260856715715227
2735.4047627779905,28.025858931316957,0.011511788727603174
2738.7678658497484,28.02724034596427,0.010777280384378635
2742.131134691264,28.028533619610396,0.01005029247205549
2745.494558725617,28.029739654707043,0.009348483035286903
2748.8581274841818,28.030861472671276,0.008672056164807932
2752.221830860902,28.031902119411054,0.008017000342924317
2755.5856591152315,28.032864159452206,0.0073707225021684315
2758.949602814366,28.033748646152468,0.006749931815750917
2762.3136526519042,28.034558637970356,0.0061590729470516505
2765.6777996884607,28.035297726724004,0.005599340705242645
2769.0420354156677,28.03596964760863,0.0050710724851982854
2772.4063517733807,28.036578176306854,0.004568998345587504
2775.7707411545375,28.037126456108325,0.003956656329147495
2779.1351963292705,28.037601254867823,0.0032789819353865016
2782.4997084798547,28.03799473270007,0.0025826190113432566
2785.8642678477786,28.03830464698143,0.001898534645363069
2789.2288644054165,28.038532471138875,0.0012407201301679203
2792.593488301953,28.038681357554495,0.0006255289628274174
2795.9581300648597,28.038756421030033,5.465034088059819e-05
2799.322780835383,28.03876297907094,-0.000474869762193945
2802.6874323928714,28.038705994699477,-0.000954031134309279
2806.0520771122356,28.03859151096336,-0.0013882942321389378
2809.4167080935513,28.038424915655504,-0.0017807322709489659
2812.78131908343,28.03821122778299,-0.0021302989795661553
2816.145904430764,28.037955591905444,-0.002441586741931529
2819.5104591017925,28.03766260149641,-0.002720189132708262
2822.874978613972,28.037336178800487,-0.002965032399744232
2826.239458955428,28.036980374912517,-0.0031718520215879404
2829.6038966004176,28.036599752669925,-0.003351384905281632
2832.968288570738,28.03619758648129,-0.0034091101867830625
2836.332632281116,28.035788493258877,-0.003450116975061317
2839.696926900307,28.03537447922187,-0.003498726284541623
2843.0611718378136,28.034954632067723,-0.0035904606390522423
2846.4253663936615,28.034523776791037,-0.0036242700201295935
2849.7895092468766,28.03408886438862,-0.0036085189295022566
2853.153599910603,28.03365584211708,-0.0035533460721141395
2856.5176386116573,28.03322944058843,-0.0034835665118094074
2859.8816261445277,28.03281141260701,-0.0034061224903237835
2863.2455635140404,28.03240267790817,-0.003321218487192626
2866.6094518353893,28.032004131689707,-0.00323518213823595
2869.973292331192,28.031615909833118,-0.0031464932691355517
2873.337086240372,28.03123833064082,-0.0030574866099509074
2876.700834840049,28.03087143224763,-0.0029722995315532765
2880.0645394119188,28.03051475630384,-0.0028873732622120606
2883.4282011826754,28.030168271512377,-0.0027992296036637803
2886.791821375257,28.029832363959937,-0.0027174933474004587
2890.155401258932,28.029506264758247,-0.002637709457299277
2893.518942010703,28.02918973962337,-0.002558622706038142
2896.8824447794577,28.028882704898646,-0.0024817260076660484
2900.2459107040454,28.028584897777726,-0.0024053184002297335
2903.6093408917786,28.0282962595697,-0.002328032272192681
2906.972736442927,28.028016895697036,-0.0022516350515550997
2910.3360984704104,28.027746699490848,-0.0021764489839756224
2913.6994280743493,28.02748552561277,-0.002101777386513132
2917.0627263374226,28.02723331232639,-0.0020284914432793883
2920.4259943349016,28.026989893353196,-0.0019523209014377276
2923.789233122104,28.026755614845023,-0.0018782021554202108
2927.1524437958856,28.02653023058637,-0.001802171016585317
2930.515627423556,28.02631397006438,-0.0017458667960757353
2933.878785099964,28.02610446604885,-0.0017034185134543604
2937.24191763589,28.025900055827236,-0.0016694410587771316
2940.605025642589,28.025699722900182,-0.0016396977467184927
2943.9681096093373,28.025502959170577,-0.0016104558614861652
2947.331169964438,28.025309704467197,-0.0015739999526182013
2950.6942071289736,28.025120824472882,-0.0015257370004303755
2954.05722162791,28.02493773603283,-0.001478487640971316
2957.420214156234,28.024760317515913,-0.0014358972386387526
2960.783185394336,28.024588009847275,-0.0013969835614776928
2964.146135955518,28.024420371819897,-0.0013594944053047936
2967.5090664001364,28.02425723249126,-0.0013203934444935006
2970.871977268035,28.024098785277918,-0.0012775843257635928
2974.2348691222687,28.023945475158826,-0.00122979331423002
2977.5977425792876,28.023797899961117,-0.0011833593313143917
2980.9605983272827,28.02365589684136,-0.0011333126329387743
2984.3234370349037,28.023519899325407,-0.0010833891365776924
2987.686259422823,28.02338989262902,-0.0010346848822285423
2991.0490662099382,28.023265730443153,-0.0009845830689159552
2994.4118580975914,28.023147580474884,-0.0009358875445590132
2997.7746358072486,28.023035273969537,-0.0008873456182672225
3001.137400040125,28.022928792495346,-0.0008382848047097176
3004.5001514952246,28.02282819831878,-0.0007901610724121415
3007.862890879023,28.02273337899009,-0.0007404152352047571
3011.2256188845017,28.022644529161866,-0.0006944422574226203
3014.588336228001,28.022561196090976,-0.0006491213659369686
3017.951043571532,28.022483301527064,-0.0006049886748892325
3021.313741567715,28.022410702886077,-0.0005660822946388843
3024.6764308520615,28.02234277301072,-0.0005231280815884586
3028.0391119848227,28.02227999764093,-0.0004842856036651998
3031.4017855845395,28.022221883368488,-0.000448181911046498
3034.764452210544,28.02216810153916,-0.0004122357510132558
3038.1271123827287,28.02211863324904,-0.00038013667054051124
3041.4897666187185,28.022073016848577,-0.00034335447623791985
3044.8524153807402,28.02203181431143,-0.00030326277734223875
3048.2150591984578,28.021995422778147,-0.0002638537731779143
3051.577698649191,28.021963760325367,-0.00022280169174554768
3054.94033430043,28.02193702412236,-0.0001830647934631535
3058.3029667433248,28.021915056347144,-0.00014308526145445427
3061.6655965500863,28.02189788611577,-0.000104814835153865
3065.0282242964204,28.021885308335552,-6.992739820650787e-05
3068.3908505334207,28.021876917047766,-3.2474155062418093e-05
3071.753475763466,28.021873020149158,-9.504785771598278e-07
3075.116100525884,28.02187290609173,3.332308693236188e-05
3078.478725274615,28.02187690486216,5.973034836162184e-05
3081.8413505031986,28.021884072503966,8.649953213659455e-05
3085.203976591899,28.02189445244782,0.00011108023173569762
3088.566603926193,28.02190778207563,0.00013878177442151957
3091.929232860042,28.02192443588856,0.00015902881897320031
3095.2918637923485,28.021943519346838,0.00017847444831634534
3098.65449701467,28.021964936280636,0.00019691079145390454
3102.0171328070237,28.02198856557561,0.00021456279233707029
3105.379771434893,28.02201431311069,0.00022758737299590891
3108.7424131524663,28.022041623595452,0.0002456972448386061
3112.1050581472978,28.022071107264832,0.0002576218996656511
3115.4677066801696,28.022102021892792,0.0002707472554081313
3118.8303589227967,28.02213451156344,0.00028037722447084995
3122.1930150641842,28.022168156830375,0.00029000848283751635
3125.555675243004,28.022202957848314,0.00029754542980156616
3128.9183395979458,28.02223866329989,0.00030339963357565373
3132.2810082375418,28.02227507125592,0.0003102576253413569
3135.6436812460925,28.02231230217096,0.00031510346483687224
3139.006358722353,28.02235011458674,0.0003164035440320988
3142.3690407361037,28.022388083012025,0.00032175698616632674
3145.7317273060653,28.022426693850367,0.0003217094187347382
3149.094418509327,28.022465298980617,0.00032283954185748337
3152.457114345205,28.02250403972564,0.0003207079245406534
3155.819814829972,28.022542524676584,0.0003203224628016949
3159.1825199329332,28.02258096337212,0.00031554359022991805
3162.5452296485378,28.022618828602948,0.00031152475929263444
3165.90794390797,28.022656211574063,0.0003060510252566097
3169.270662653359,28.022692937697094,0.0003008147967911022
3172.633385805883,28.02272903547271,0.00029868014208234877
3175.9961132901394,28.02276487708976,0.0002916569978843258
3179.35884507539,28.022799875929504,0.0002845525272692986
3182.7215810605016,28.022834022232775,0.00027645030419007376
3186.0843211431697,28.022867196269278,0.0002678981267050731
3189.447065206722,28.022899344044482,0.0002596066319397211
3192.8098131280076,28.022930496840313,0.0002508531299485008
3196.1725647876283,28.022960599215907,0.00024203952535799755
3199.535320059534,28.02298964395895,0.00023271399935546078
3202.898078816809,28.023017569638874,0.0002220238868796598
3206.2608409251657,28.0230442125053,0.0002123914427247638
3209.623606230666,28.023069699478427,0.00020025104468096038
3212.9863745946036,28.02309372960379,0.00018894128978798498
3216.349145842156,28.023116402558564,0.00017694488165366642
3219.711919810463,28.023137635944362,0.0001657707558628932
3223.074696326776,28.023157528435064,0.0001523240323009865
3226.4374752301883,28.02317580731894,0.00014251325870767592
3229.8002563270666,28.023192908909984,0.00012805458778711982
3233.163039476136,28.02320827546052,0.00011406139686302003
3236.5258244691913,28.023221962828142,0.00010466760398059109
3239.888611104731,28.02323452294062,9.056290038278873e-05
3243.2513992474837,28.023245390488665,7.71846822616615e-05
3246.6141886943424,28.023254652650536,6.164426514013074e-05
3249.9769792526604,28.02326204996235,4.7354240815852354e-05
3253.3397706986557,28.02326773247125,3.228665679631408e-05
3256.7025628265524,28.023271606870065,1.6882507034016673e-05
3260.065355419377,28.02327363277091,3.3725395219889033e-06
3263.428148255309,28.02327403747565,-1.1263220996462267e-05
3266.7909411398064,28.023272685889133,-2.3458689532279505e-05
3270.153733862113,28.023269870846388,-3.9409868120362165e-05
3273.5165262466144,28.023265141662215,-5.0879025481202026e-05
3276.879318063614,28.02325903617916,-6.360392298031505e-05
3280.2421091479555,28.0232514037084,-7.454637062116366e-05
3283.6048993164004,28.023242458143926,-9.074891023097887e-05
3286.967688411378,28.0232315682747,-0.00010263462086684324
3290.330476199571,28.023219252120196,-0.00011772109987198482
3293.693262509825,28.023205125588213,-0.00013250976727805446
3297.056047124896,28.02318922441614,-0.00014705354487247346
3300.418829831826,28.023171577990755,-0.00015972944256943588
3303.7816104211847,28.023152410457648,-0.0001735666775234712
3307.1443887104397,28.023131582456344,-0.00018574477048229787
3310.5071645003345,28.023109293083888,-0.018596407993164102
3313.8699376155046,28.02087772412471,-0.041337634952624935
3317.2324429423998,28.015917207930393,-0.05925173988848125
3320.5943530073514,28.008806999143776,-0.071323410140281
3323.9554098472486,28.000248189926943,-0.07798214729901909
3327.3154396300397,27.99089033225106,-0.08303884685934271
3330.67434646991,27.980925670627936,-0.08548261783149247
3334.032057550385,27.970667756488158,-0.08621099746960115
3337.3885376811636,27.960322436791806,-0.08568040066956376
3340.743776373579,27.95004078871146,-0.0847886652362417
3344.097781268224,27.93986614888311,-0.08406797978317375
3347.45056520609,27.929777991309127,-0.08367072299562729
3350.802138565047,27.91973750454965,-0.08508156771443545
3354.1525070655925,27.90952771642392,-0.08657478648470639
3357.5016503915635,27.899138742045754,-0.0892329745387346
3360.849547040609,27.888430785101104,-0.09214239835491575
3364.1961587348214,27.877373697298513,-0.09571050392907954
3367.5414435784974,27.865888436827024,-0.09909393688356219
3370.8853501909166,27.853997164400997,-0.10168233382504498
3374.227829850645,27.84179528434199,-0.10497839690944209
3377.5688452847658,27.829197876712858,-0.10718625423920274
3380.9083490299713,27.816335526204153,-0.10841303772233217
3384.2463092931157,27.803325961677473,-0.10942848125777827
3387.582708408517,27.79019454392654,-0.11062128388307348
3390.9175317537884,27.77691998986057,-0.11216432562639195
3394.2507621525715,27.7634602707854,-0.11422290107285764
3397.5823773850657,27.749753522656658,-0.1172013281370972
3400.9123478077845,27.735689363280205,-0.12063040454210198
3404.240630531378,27.721213714735153,-0.12294865100694946
3407.5671761771464,27.706459876614318,-0.11493455594725795
3410.89195136234,27.69266772990065,-0.10773524617810559
3414.215071489928,27.679739500359275,-0.10386347381784636
3417.536640229971,27.667275883501134,-0.10366845950543387
3420.856713335991,27.65483566836048,-0.10591656322573222
3424.1752936161943,27.642125680773393,-0.10963116176448756
3427.492348697887,27.628969941361653,-0.11417626011538211
3430.80782509085,27.61526879014781,-0.11930000674474882
3434.121657345668,27.60095278933844,-0.12442074756805371
3437.433771680389,27.586022299630272,-0.12967772080436246
3440.7440943563447,27.57046097313375,-0.1358310381876317
3444.0525496731207,27.55416124855123,-0.1426567879663161
3447.3590490229467,27.537042433995275,-0.14996251581876935
3450.663494115026,27.519046932097023,-0.1575393139652468
3453.9657797468776,27.500142214421192,-0.16521037956571016
3457.265796812608,27.480316968873307,-0.17266202006649495
3460.563434848873,27.459597526465327,-0.17953663572754
3463.8585865520486,27.438053130178023,-0.18583641723465177
3467.15115292767,27.415752760109864,-0.19204492553161007
3470.441043258883,27.39270736904607,-0.1983889738828216
3473.7281681431687,27.368900692180134,-0.20559710618587052
3477.0124362262304,27.344229039437828,-0.21324521222181833
3480.293743710963,27.31863961397121,-0.22107461120347655
3483.5719804646396,27.292110660626793,-0.2289231418749723
3486.847033743915,27.264639883601795,-0.236863342757969
3490.118790529947,27.23621628247084,-0.24492445353509223
3493.3871364838437,27.206825348046628,-0.25313324782597196
3496.6519555256095,27.17644935830751,-0.2615001514668648
3499.9131294486065,27.14506934013149,-0.270023214129016
3503.170537769422,27.112666554436007,-0.27861861474063054
3506.4240577559544,27.07923232066713,-0.28730809932534873
3509.6735656344345,27.04475534874809,-0.29606303237762754
3512.918936276284,27.009227784862777,-0.3048318003668301
3516.1600436104677,26.972647968818755,-0.31415032626093986
3519.396761366726,26.934949929667443,-0.32627426199828347
3522.628955358286,26.89579701822765,-0.33825250949498953
3525.8564510004735,26.85520671708825,-0.351296742703587
3529.079075806524,26.81305110796382,-0.3690411782890213
3532.2966419394797,26.768766166569137,-0.3851663576014761
3535.508893879468,26.72254620365696,-0.4003578077555021
3538.715599423907,26.6745032667263,-0.41574877427055046
3541.916539815914,26.624613413813837,-0.4264978641756064
3545.1114934255716,26.573433670112763,-0.43578615527555475
3548.3003054659853,26.521139331479695,-0.44620795249947404
3551.482842185763,26.467594377179758,-0.45355922537443727
3554.6589535110243,26.413167270134824,-0.46056573293439995
3557.8285335834403,26.357899382182698,-0.4697764851152348
3560.991481509302,26.30152620396887,-0.47905083560083034
3564.1476646537785,26.24404010369677,-0.48819919324526073
3567.296949466222,26.18545620050734,-0.49796478391270216
3570.4392042102827,26.125700426437813,-0.507976714565978
3573.5742882614554,26.064743220689895,-0.5179256036117647
3576.7020574479384,26.002592148256483,-0.5282154601729663
3579.822368505729,25.939206293035728,-0.5381686208850381
3582.9350732608937,25.874626058529522,-0.5380940623872524
3586.040028387917,25.810054771043053,-0.5204785184119625
3589.137234960442,25.74759734883362,-0.5097090820741734
3592.226946642302,25.686432258984716,-0.5042689246672055
3595.3093185133803,25.625919988024652,-0.5049241509754111
3598.3844289119434,25.565329089907603,-0.5054357407740762
3601.4522684027324,25.504676801014714,-0.506051177264079
3604.512829618854,25.443950659743024,-0.5094799555532279
3607.566103698023,25.382813065076636,-0.5166329156063639
3610.6120412658324,25.320817115203873,-0.5258420924302787
3613.6505393196567,25.25771606411224,-0.5379274231785038
3616.68146524735,25.19316477333082,-0.550139323696297
3619.7046450201497,25.127148054487265,-0.5682434219460117
3622.719902786688,25.058958843853745,-0.5826159552555152
3625.726977847951,24.989044929223084,-0.5921818799315218
3628.7256632394574,24.9179831036313,-0.5976688061790916
3631.715821211893,24.84626284688981,-0.6010334060842806
3634.6973727535196,24.774138838159697,-0.6032276380285424
3637.6702694140986,24.70175152159627,-0.6040798271258727
3640.63447959669,24.629261942341167,-0.6057165129270037
3643.589991029771,24.556575960789925,-0.6058671675499541
3646.536780145066,24.48387190068393,-0.6066543704485554
3649.474844773148,24.411073376230103,-0.6075060703155566
3652.4041735782957,24.338172647792238,-0.6088973160432305
3655.3247542960307,24.26510496986705,-0.6104624566379581
3658.236566892415,24.191849475070494,-0.6110667270835147
3661.1395888294232,24.11852146782047,-0.6146942559810266
3664.0338114055617,24.04475815710275,-0.6201650886284236
3666.919182384414,23.970338346467337,-0.6236687471945819
3669.79562298599,23.895498096803987,-0.6262292880641216
3672.6630827576064,23.82035058223629,-0.6279786245055742
3675.521524827475,23.74499314729562,-0.629319018947998
3678.3709240051503,23.66947486502186,-0.6305423102859693
3681.2112609889527,23.593809787787546,-0.6316501317007299
3684.0425181634873,23.51801177198346,-0.6320964628590537
3686.864679576125,23.442160196440373,-0.6317934322050497
3689.677738799698,23.36634498457577,-0.6311481491738573
3692.481700197847,23.290607206674906,-0.6303534493909788
3695.2765730626484,23.21496479274799,-0.6294979352056496
3698.062368837778,23.13942504052331,-0.6285851733081513
3700.839099842641,23.063994819726332,-0.6276331741879252
3703.6067792210083,22.98867883882378,-0.6264762768298583
3706.3654206816673,22.913501685604196,-0.6250560983595166
3709.11504088394,22.838494953801053,-0.6225678664035962
3711.855660278396,22.76378680983262,-0.6194793799642462
3714.587314695576,22.68944928423691,-0.6157949064385289
3717.3100486096846,22.615553895464288,-0.6119753848239655
3720.0239150771404,22.542116849285414,-0.6078918662206723
3722.7289690990547,22.469169825338934,-0.6034153421139986
3725.4252694780953,22.396759984285254,-0.5986694278090327
3728.1128806762094,22.324919652948168,-0.5937295599017249
3730.7918710345634,22.25367210575996,-0.5886655214707002
3733.4623116872544,22.183032243183476,-0.5830683620782227
3736.1242755564363,22.113064039734088,-0.5770083677451886
3738.777843241204,22.043823035604664,-0.570266843423913
3741.4231020054767,21.975391014393793,-0.5632136009125938
3744.060148927204,21.90780538228428,-0.5560296951457241
3746.689085573078,21.841081818866794,-0.5487485974564963
3749.310015391342,21.775231987172013,-0.541324952184056
3751.9230432298027,21.71027299290993,-0.533843290126633
3754.528275988952,21.646211798094733,-0.5263112854906407
3757.1258214047234,21.583054443835856,-0.518902966994256
3759.715787937984,21.520786087796544,-0.5109344364950208
3762.2982822685194,21.459473955417142,-0.5024587296688208
3764.8734191431695,21.399178907856882,-0.4936037373815105
3767.441320612112,21.339946459371102,-0.4844883683020808
3770.0021141872367,21.281807855174854,-0.47523515920211645
3772.5559311298575,21.2247796360706,-0.4659449690837555
3775.102904686186,21.16886623978055,-0.4566527699700131
3777.6431686349597,21.114067907384147,-0.4474587819847033
3780.176856783846,21.06037285354598,-0.4385292453923635
3782.704101526271,21.007749344098897,-0.4299818339514589
3785.225031447563,20.956151524024722,-0.42166601443050933
3787.739769630446,20.905551602293063,-0.4133669190194181
3790.248435822721,20.85594757201073,-0.40470627834999995
3792.7511495313624,20.80738281860873,-0.39561683789037616
3795.2480354695954,20.759908798061886,-0.3863672552424856
3797.7392245253627,20.713544727432787,-0.37738211819892026
3800.2248498926547,20.668258873248917,-0.36832290876969803
3802.7050409574445,20.624060124196554,-0.3589641393398947
3805.179928172348,20.580984427475766,-0.3491715689268944
3807.649646303645,20.53908383920454,-0.33915277281254386
3810.1143363643496,20.498385506467034,-0.32908246392776874
3812.5741426251257,20.458895610795704,-0.3190120963237502
3815.029210098421,20.420614159236855,-0.30896296253639743
3817.4796837975296,20.383538603732486,-0.29885355393604884
3819.9257084299775,20.34767617726016,-0.28857833181177395
3822.3674295712485,20.313046777442747,-0.2780864956275283
3824.8049951845414,20.279676397967442,-0.26737037498414173
3827.2385563522976,20.247591952969344,-0.2566889712240032
3829.668267386654,20.216789276422464,-0.24587138131243239
3832.094282099825,20.187284710664972,-0.23449541799155263
3834.5167562651045,20.159145260505987,-0.2234045553129143
3836.935853696365,20.132336713868437,-0.21298545609303568
3839.3517341020292,20.106778459137274,-0.20353600715565467
3841.7645475171257,20.082354138278596,-0.19503911105704919
3844.1744300137193,20.05894944495175,-0.18747908414655928
3846.5815039471136,20.03645195485416,-0.18080377405092646
3848.985878181696,20.01475550196805,-0.17497449608124394
3851.3876488419323,19.993758562438302,-0.16928322580549504
3853.786899869425,19.97344457534164,-0.16351787614346602
3856.183713218466,19.953822430204426,-0.1569660388252146
3858.5781719100905,19.9349865055454,-0.15007442549491362
3860.970370290756,19.91697757448601,-0.1432398287029817
3863.360407599694,19.89978879504165,-0.13675782575575468
3865.748382255099,19.88337785595096,-0.13012390855754452
3868.134387597813,19.867762986924056,-0.12339822747378143
3870.518519156244,19.852955199627203,-0.11822582161524574
3872.900873780199,19.838768101033374,-0.11213333000592421
3875.281525952323,19.82531210143266,-0.10602279904352628
3877.660563404495,19.81258936554744,-0.10000503797021149
3880.0380741283607,19.800588760991012,-0.09410412704260018
3882.4141447796796,19.7892962657459,-0.08833134279845026
3884.788860331569,19.778696504610085,-0.08287239282780526
3887.1623039121223,19.768751817470747,-0.07771940108334136
3889.5345541302186,19.759425489340746,-0.07267691958947073
3891.9056851889395,19.75070425899001,-0.06762225561114793
3894.2757697000184,19.742589588316672,-0.06269216088383359
3896.6448804506163,19.735066529010613,-0.0579964986693623
3899.0130884340974,19.72810694917029,-0.053570756681127124
3901.380461267998,19.721678458368554,-0.049479488699313415
3903.7470626830022,19.715740919724638,-0.04562475142095412
3906.1129515933694,19.710265949554124,-0.04195064187609128
3908.478183507316,19.705231872528994,-0.038319525507040444
3910.842811332019,19.70063352946815,-0.03441980838470095
3913.2068873555554,19.696503152461986,-0.030641606585832665
3915.570467733851,19.692826159671686,-0.02668326829538319
3917.9336068730113,19.68962416747624,-0.022673141294102483
3920.2963617731084,19.686903390520946,-0.01862586625791824
3922.6587901799708,19.684668286569995,-0.014403430254477025
3925.020950374359,19.682939874939457,-0.010226232420754173
3927.382903159352,19.681712727048968,-0.0068359980053899145
3929.7447086865977,19.680892407288322,-0.004660422631754305
3932.106415775472,19.680333156572512,-0.0034218292814349053
3934.468055754261,19.67992253705874,-0.0023792417713369026
3936.829646458708,19.67963702804618,-0.0012345115809628718
3939.191202902073,19.679488886656465,0.0001340664340635632
3941.552741568472,19.679504974628554,0.0015709890353221346
3943.9142821654273,19.679693493312794,0.0030993592096229
3946.275845384625,19.68006541641795,0.004724302475393094
3948.6374532345953,19.680632332714996,0.006531031184840772
3950.999129114521,19.681416056457177,0.008597855473399332
3953.360899041296,19.682447799113984,0.01099976911803215
3955.7227927771896,19.683767771408146,0.015628319382446423
3958.0848449097584,19.68564316973404,0.01858849831892556
3960.4471220901264,19.68787378953231,0.02079463339212951
3962.8096669448705,19.690369145539368,0.021796089469502046
3965.172511242335,19.692984676275707,0.022451087306237454
3967.535669403488,19.695678806752454,0.023104315541319184
3969.8991508602985,19.698451324617412,0.02359803735470945
3972.2629650192525,19.701283089099977,0.02403835044365983
3974.6271189899444,19.704167691153216,0.024210291301358426
3976.9916191128827,19.70707292610938,0.024596224834081266
3979.356467864016,19.71002447308947,0.02460770412734029
3981.721670800787,19.712977397584748,0.023701353042322154
3984.087228088497,19.715821559949827,0.022626267645987512
3986.453126675691,19.718536712067344,0.021664858370888652
3988.819351081139,19.72113649507185,0.020842525498688626
3991.1858874605473,19.723637598131692,0.020100687939253674
3993.5527239723233,19.7260496806844,0.019533822472788582
3995.9198499340055,19.728393739381136,0.019322316531824063
3998.287257182731,19.730712417364956,0.01852872467395777
4000.6549426728147,19.73293586432583,0.016810492240427126
4003.0228949765337,19.734953123394682,0.015836868444847968
4005.391089351341,19.736853547608064,0.016035144656527823
4007.7595117770543,19.738777764966848,0.01654420194110316
4010.12816510885,19.74076306919978,0.016924788570926816
4012.497056677154,19.74279404382829,0.016908792801172114
4014.8661919624133,19.74482309896443,0.01633040878769078
4017.235570734289,19.746782748018955,0.01501858046196129
4019.605184664051,19.74858497767439,0.013059815591389913
4021.975014861372,19.750152155545358,0.012344304177449889
4024.3450331200374,19.751633472046652,0.012794655247015414
4026.715229136683,19.753168830676294,0.01294452791808303
4029.085609396364,19.754722174026465,0.012657741890448018
4031.456176057247,19.75624110305332,0.011995155171159315
4033.8269249896134,19.75768052167386,0.010580385416433389
4036.197846652214,19.75895016792383,0.00786408413313196
4038.568920672365,19.759893858019808,0.0053940794433875155
4040.9401079353274,19.760541147553013,0.004723192394174638
4043.3113728730336,19.761107930640314,0.005091054264417215
4045.6827058247104,19.761718857152044,0.0055996018715314165
4048.0541120875687,19.762390809376626,0.00563182905983084
4050.425598984694,19.763066628863807,0.005447443698971884
4052.7971669801573,19.763720322107684,0.0052499480921528304
4055.1688134188103,19.764350315878744,0.005015328025089708
4057.5405354567156,19.764952155241755,0.004774144188126615
4059.9123297153446,19.76552505254433,0.0038647344623611206
4062.28419272165,19.765988820679812,0.0022458289700245378
4064.6561113801317,19.766258320156215,0.0003228167747359259
4067.0280623785507,19.766297058169183,-0.0014571242013092251
4069.400018025531,19.766122203265027,-0.002904636868482453
4071.771952689923,19.76577364684081,-0.003922296532190197
4074.1438455275443,19.765302971256947,-0.004482765785209284
4076.515681884095,19.76476503936272,-0.004589359335989071
4078.887453688819,19.764214316242402,-0.0041257763978471695
4081.259159406768,19.76371922307466,-0.0031641614227361824
4083.630805713537,19.76333952370393,-0.0022817131305202095
4086.0024064563813,19.763065718128267,-0.0020035563613009268
4088.3739743425567,19.762825291364912,-0.002063507260840696
4090.7455133775206,19.762577670493613,-0.0022210360607467653
4093.11702269798,19.762311146166322,-0.0023624947330889707
4095.48850003552,19.76202764679835,-0.002491960884572813
4097.859943353135,19.761728611492202,-0.002528496788856246
4100.231350786515,19.76142519187754,-0.0025715986017361076
4102.60272180954,19.76111660004533,-0.0032354505527154758
4104.974055801545,19.760728345979004,-0.004531015988099888
4107.345343203062,19.760184624060432,-0.006047684275322936
4109.71656535795,19.759458901947394,-0.007388046359628708
4112.087700426183,19.758572336384237,-0.008274120782199895
4114.458729106549,19.75757944189037,-0.008732288307417563
4116.829638639576,19.756531567293482,-0.008738877370462778
4119.200422427652,19.755482902009028,-0.00832273456397351
4121.571080375893,19.75448417386135,-0.007707017346859796
4123.941618476756,19.753559331779726,-0.00746471964073512
4126.31204559657,19.75266356542284,-0.0074648768252835
4128.682365224421,19.751767780203807,-0.00753219800821472
4131.052577358046,19.75086391644282,-0.0072403050962601976
4133.422681028019,19.74999507983127,-0.007056948817348316
4135.792680437598,19.74914824597319,-0.006891548748186461
4138.162578227115,19.748321260123404,-0.006758941420085594
4140.532376778329,19.747510187152994,-0.006700062879512203
4142.902078000788,19.746706179607454,-0.0070008779750087725
4145.271682742341,19.745866074250454,-0.007820150783880406
4147.6411866712515,19.74492765615639,-0.008793759157140368
4150.01057798999,19.74387240505753,-0.009646837073283215
4152.379842678597,19.742714784608737,-0.010244070011088218
4154.74896845275,19.741485496207407,-0.01051511427590688
4157.117946712295,19.7402236824943,-0.010413270914208326
4159.486773554194,19.738974089984595,-0.009998637917633781
4161.855450444992,19.737774253434477,-0.009773669764771079
4164.223983355404,19.736601413062704,-0.009682436993231212
4166.592375524971,19.735439520623515,-0.009662326718987875
4168.960628267446,19.734280041417236,-0.009606782170801069
4171.328741872416,19.73312722755674,-0.009473393504524617
4173.696717139723,19.731990420336196,-0.009252791885686444
4176.064555990163,19.730880085309913,-0.008968927591654983
4178.4322616004,19.729803813998913,-0.008730853484724493
4180.79983805808,19.728756111580747,-0.008586007446072581
4183.16728879147,19.72772579068722,-0.008905917502637473
4185.534615886352,19.726657080586904,-0.009638757747474788
4187.901814736023,19.725500429657206,-0.010422903952791648
4190.268874787582,19.724249681182872,-0.01102043274798507
4192.635784749324,19.722927229253113,-0.011323295403267958
4195.002536016834,19.72156843380472,-0.011328283183367469
4197.3691242288905,19.720209039822716,-0.01097237130934857
4199.735549313669,19.718892355265595,-0.010408227159243572
4202.101816396301,19.717643368006485,-0.010052015512473245
4204.467933600462,19.71643712614499,-0.009886109070327324
4206.833906055599,19.715250793056548,-0.00977844295955227
4209.199736150766,19.7140773799014,-0.009640681232040342
4211.5654254363535,19.712920498153554,-0.009446430178423788
4213.930975896132,19.711786926532145,-0.00920114134271615
4216.296390327316,19.71068278957102,-0.008878069106053477
4218.661672262065,19.709617421278296,-0.008548223541316902
4221.026826352618,19.708591634453338,-0.008363789065925869
4223.391857348752,19.707587979765428,-0.008816689018393116
4225.756767906323,19.70652997708322,-0.009671694950318685
4228.121551503573,19.705369373689184,-0.010537218826601715
4230.4861958284155,19.70410490742999,-0.0111545883091181
4232.850688417307,19.702766356832896,-0.011405796194734384
4235.215020380127,19.701397661289526,-0.011258225553727224
4237.579188099481,19.700046674223078,-0.010699386390540489
4239.943193700388,19.698762747856215,-0.009834046889358822
4242.307045230131,19.697582662229493,-0.009269504307069456
4244.670755149598,19.696470321712646,-0.008978972551756332
4247.034331588204,19.695392845006435,-0.008793048647580844
4249.397778729604,19.694337679168726,-0.008641836707983217
4251.7610992511045,19.693300658763768,-0.008448275993429137
4254.124295330156,19.692286865644558,-0.008128115682647517
4256.487369754033,19.69131149176264,-0.007715133865026418
4258.850327133045,19.69038567569884,-0.007296658442662226
4261.2131734141285,19.689510076685718,-0.00706443808996911
4263.57591462333,19.68866234411492,-0.007730404738362089
4265.938554104624,19.687734695546318,-0.008844649164688717
4268.30108226809,19.686673337646557,-0.009930341632788386
4270.663483068607,19.685481696650623,-0.010700509891486666
4273.0257408722055,19.684197635463644,-0.011001802674452972
4275.387844588461,19.68287741914271,-0.010855057754741878
4277.749789878758,19.68157481221214,-0.010162507753272522
4280.111578856223,19.680355311281748,-0.008981815712296119
4282.473221493577,19.67927749339627,-0.008197529380384963
4284.834734792784,19.678293789870626,-0.0077789094400149165
4287.196130047569,19.677360320737822,-0.007530322117905996
4289.557413286057,19.676456682083675,-0.007364980180347812
4291.918588087908,19.67557288446203,-0.007164578952930709
4294.279656834043,19.67471313498768,-0.0067892718038481785
4296.640622410241,19.67389842237122,-0.0063125820250273836
4299.001490220926,19.67314091252822,-0.005830819224518469
4301.362267130429,19.672441214221276,-0.005594966622076578
4303.722960076136,19.671769818226625,-0.006428388894542761
4306.083572454323,19.67099841155928,-0.007786895627964669
4308.44409226371,19.670063984083924,-0.009104863665305947
4310.804499941801,19.66897140044409,-0.010041768121468696
4313.164776509854,19.667766388269513,-0.010483729184002859
4315.524908476446,19.666508340767432,-0.01035645694147546
4317.884889477338,19.665265565934455,-0.009568033544816171
4320.244721345251,19.664117401909078,-0.008118595781407938
4322.6044154334795,19.66314317041531,-0.007178792174957857
4324.96399261393,19.662281715354315,-0.006677286124419193
4327.323466419773,19.661480441019386,-0.006382002637161063
4329.682844072695,19.660714600702928,-0.006168909719528028
4332.042129824779,19.659974331536585,-0.00596054544748414
4334.401326744563,19.659259066082885,-0.00556958618332843
4336.760437832493,19.658590715740885,-0.005056662068147009
4339.119468718382,19.657983916292707,-0.004542533602336826
4341.478426788338,19.657438812260427,-0.004301610037670642
4343.837319445809,19.656922619055905,-0.005260480172489377
4346.196150160095,19.656291361435205,-0.006791779465848438
4348.5549051234675,19.655476347899302,-0.008265299301713314
4350.913562285215,19.654484511983096,-0.009288044133400584
4353.272100426653,19.65336994668709,-0.009866875897101232
4355.630504820256,19.652185921579438,-0.009770222091887815
4357.988767130845,19.65101349492841,-0.008912841964268683
4360.346888750237,19.6499439538927,-0.00732358607233194
4362.704882024704,19.649065123564018,-0.006332618191971376
4365.062769839531,19.648305209380982,-0.005806539227727034
4367.420566464657,19.647608424673656,-0.005495198236224781
4369.778279475618,19.64694900088531,-0.005279088699299349
4372.1359133557235,19.646315510241394,-0.005019876578832178
4374.4934712169525,19.645713125051934,-0.004609229517596595
4376.850956791959,19.645160017509824,-0.004078411951402718
4379.208375994061,19.644670608075653,-0.0035524332776049952
4381.56573646703,19.64424431608234,-0.0033302763525532033
4383.92304578496,19.643844682920033,-0.00437486915340494
4386.280307146911,19.643319698621625,-0.006007643992655225
4388.6375055107455,19.642598781342507,-0.007510523633044085
4390.994617364507,19.64169751850654,-0.008525885032922178
4393.351621066728,19.640674412302587,-0.009176283920538927
4395.708501996204,19.639573258232122,-0.009131326297683151
4398.065250787192,19.6384774990764,-0.008236856955969471
4400.421868087081,19.637489076241685,-0.006688583806724891
4402.77836677623,19.63668644618488,-0.005721621512035792
4405.134769149772,19.635999851603433,-0.005156194379941003
4407.491089131964,19.63538110827784,-0.004849177827180267
4409.847334864958,19.634799206938577,-0.00462481597663317
4412.20351076979,19.63424422902138,-0.004313434534344883
4414.5596200772725,19.633726616877258,-0.003876477929052205
4416.915667271298,19.63326143952577,-0.0033340013820403456
4419.271658644041,19.632861359359925,-0.002812142882233966
4421.627602007165,19.632523902214057,-0.002646625084159273
4423.98350487543,19.63220630720396,-0.003749552716790191
4426.339369632295,19.631756360877944,-0.0054320298578267355
4428.6951803956,19.631104517295004,-0.0069227516360335604
4431.050912937675,19.63027378709868,-0.0079172958988998
4433.406545792127,19.62932371159081,-0.008569466267335287
4435.762064637518,19.62829537563873,-0.00852067945795007
4438.117460082594,19.627272894103776,-0.007595758124784785
4440.472732829887,19.6263614031288,-0.006138599771997974
4442.827896198262,19.62562477115616,-0.005242502017812059
4445.1829711708015,19.624995670914025,-0.004649093936918831
4447.537970651311,19.624437779641596,-0.004350532922177908
4449.892903184868,19.623915715690934,-0.004113925355131202
4452.2477730707515,19.62342204464832,-0.0037498596441376654
4454.60258371611,19.622972061491023,-0.0032884172262015467
4456.957340363489,19.62257745142388,-0.0027450983013260865
4459.312049657659,19.62224803962772,-0.0022307538463534125
4461.666719422415,19.621980349166158,-0.00215122351095312
4464.0213570643145,19.621722202344845,-0.003312341989124047
4466.375963728596,19.62132472130615,-0.004989044827859007
4468.730522695152,19.620726035926804,-0.006454416756742317
4471.085009819463,19.619951505915996,-0.007467822087003853
4473.439404000173,19.619055367265556,-0.008063722575638435
4475.7936906442455,19.61808772055648,-0.007941082440590466
4478.1478611707125,19.61713479066361,-0.006958725877259479
4480.501917345592,19.61629974355834,-0.0056254497207599875
4482.855873314819,19.615624689591847,-0.004797344457164026
4485.209748277571,19.61504900825699,-0.0042252485057331845
4487.563554158562,19.6145419784363,-0.003934805153643907
4489.917299195974,19.614069801817863,-0.003683852554571993
4492.270987572192,19.613627739511315,-0.0032820556777197257
4494.624622900934,19.61323389282999,-0.002802595150830152
4496.978210968074,19.61289758141189,-0.002252628192843412
4499.331758677843,19.61262726602875,-0.0017513699033119556
4501.685273949766,19.61241710164035,-0.0017811046321797141
4504.0387640019635,19.61220336908449,-0.0030006692876013937
4506.392228406254,19.61184328876998,-0.004641910141925552
4508.745649600906,19.611286259552948,-0.006050551649780678
4511.099003952053,19.610560193354974,-0.007056595811337305
4513.452271175255,19.609713401857615,-0.007585958084530496
4515.805436783478,19.60880308688747,-0.0073589032943961715
4518.158493153905,19.60792001849214,-0.006297444136082784
4520.511443556124,19.60716432519581,-0.005113159513153779
4522.864303275147,19.606550746054232,-0.004376789611573806
4525.2170893646735,19.606025531300844,-0.0038492027168342833
4527.56981242843,19.605563626974824,-0.0035689696267026893
4529.922480063667,19.60513535061962,-0.0033035059088491496
4532.275096305741,19.604738929910557,-0.002870609176760761
4534.62766497733,19.604394456809345,-0.0023844833293096557
4536.980192312147,19.60410831880983,-0.001841000305064558
4539.332685310404,19.60388739877322,-0.001361002369916852
4541.685151798257,19.60372407848883,-0.0015047154102043657
4544.037598687675,19.603543512639607,-0.002767470389159453
4546.390023909192,19.60321141619291,-0.004361438880711532
4548.742409279135,19.602688043527223,-0.0057189262517681125
4551.094731844359,19.60200177237701,-0.006682316542643999
4553.446972057044,19.601199894391893,-0.0071353211662883555
4555.799116044371,19.60034365585194,-0.006794852899323377
4558.151157283073,19.59952827350402,-0.005638240766276035
4560.503100675894,19.598851684612068,-0.004610996059804375
4562.854962878047,19.59829836508489,-0.003978776173735026
4565.2067586818575,19.59782091194404,-0.00351921115995611
4567.55849719129,19.597398606604845,-0.003254398557845925
4569.910185024083,19.597008078777904,-0.00297541208499832
4572.261825993536,19.596651029327703,-0.0025213351154402914
4574.613424117056,19.59634846911385,-0.002030320228757599
4576.964985933349,19.596104830686397,-0.00149071084952467
4579.316518513032,19.595925945384455,-0.0010346575477145838
4581.6680296264785,19.595801786478727,-0.0012959335325114108
4584.019525840856,19.595646274454825,-0.0025969935622087523
4586.3710033937905,19.59533463522736,-0.0041400957234385685
4588.7224435500175,19.594837823740548,-0.005425369300465572
4591.073824088867,19.594186779424493,-0.0063344812402855
4593.425126502398,19.59342664167566,-0.006707539885348777
4595.776337699399,19.592621736889416,-0.006251568726341934
4598.1274523078255,19.591871548642256,-0.004995546271213706
4600.478476893662,19.59127208308971,-0.0041384518191104926
4602.8294295436335,19.590775468871417,-0.003613111781052162
4605.180322599898,19.59034189545769,-0.003241666216754568
4607.531163627354,19.58995289551168,-0.002995739589044327
4609.881957974815,19.589593406760994,-0.0027019417710531487
4612.232709183627,19.589269173748466,-0.0022383322276588002
4614.583421484476,19.589000573881147,-0.0017408484949994452
4616.934101553342,19.58879167206175,-0.0012095362103765363
4619.28475655399,19.588646527716502,-0.0007685053757269062
4621.635394137315,19.588554307071416,-0.0011584187464351637
4623.986020654164,19.588415296821843,-0.002508686359912328
4626.336630489783,19.588114254458652,-0.0039981871924771725
4628.687204200318,19.587634471995557,-0.0052053896081511435
4631.037720336957,19.58700982524258,-0.006042810168471232
4633.388161515986,19.586284688022364,-0.006318745913521453
4635.7385156785485,19.58552643851274,-0.005715180846077938
4638.08877885117,19.58484061681121,-0.0044046381142508525
4640.4389597251875,19.5843120602375,-0.003711661676846112
4642.789077172416,19.58386666083628,-0.003282219326707994
4645.139141171717,19.583472794517075,-0.0029974116399731658
4647.489157907059,19.58311310512028,-0.002772654654986627
4649.839131479674,19.58278038656168,-0.002460178141411288
4652.189065126061,19.58248516518471,-0.0019970660411305105
4654.5389633458835,19.582245517259775,-0.0014849611220109588
4656.888832807955,19.582067321925134,-0.0009618592446457331
4659.238680886586,19.581951898815777,-0.0005363325865940153
4661.588515114444,19.581887538905388,-0.0010690317252101248
4663.938341619112,19.581759255098362,-0.0024616277747862925
4666.288152729724,19.58146385976539,-0.003886501045474212
4668.637928392896,19.580997479639933,-0.0050163111212807796
4670.987648090453,19.58039552230538,-0.005766112435998652
4673.3372955531295,19.57970358881306,-0.00591937419193652
4675.686859983787,19.57899326391003,-0.005169730058892727
4678.036339175456,19.578372896302962,-0.0040246598984371015
4680.385743923012,19.57788993711515,-0.0034195291516697893
4682.735090715466,19.57747959361695,-0.0030381569336032565
4685.0843882667,19.577115014784916,-0.002802522059371636
4687.433642068475,19.57677871213779,-0.002581579905448307
4689.782855513931,19.576468922549136,-0.0022473437013188014
4692.132031784638,19.576199241304977,-0.001776011391310281
4694.481175693594,19.57598611993802,-0.0012513404346388753
4696.830294027986,19.57583595908586,-0.0007354779175555021
4699.179394343077,19.575747701735754,-0.00032139244175933006
4701.528484067285,19.575709134642743,-0.0009665536636779705
4703.877569163442,19.5755931482031,-0.0023736326033899392
4706.226640341226,19.575308312290694,-0.0037518987887722216
4708.575677338701,19.57485808443604,-0.004822082535446069
4710.924660308833,19.57427943453179,-0.005484040536587988
4713.273573840977,19.5736213496674,-0.005515458229193625
4715.622408402937,19.572959494679896,-0.004646617518743026
4717.971163542299,19.572401900577646,-0.0036605949810845253
4720.319851770369,19.571962629179914,-0.0031570283625857003
4722.6684872858705,19.571583785776404,-0.0028261899043085584
4725.017077340163,19.57124464298789,-0.002632758267229389
4727.365626697322,19.570928711995823,-0.00241239336092766
4729.714138142762,19.57063922479251,-0.0020679248142405505
4732.062614849737,19.570391073814804,-0.0015818581764128414
4734.411061778595,19.570201250833634,-0.0010345395300229653
4736.759485928695,19.570077106090032,-0.0005242239366410493
4739.107895181425,19.570014199217635,-0.00012277995044610056
4741.4562968853315,19.56999946562358,-0.0008746295076162475
4743.804696821207,19.56989451008267,-0.002284872341879203
4746.153084162416,19.569620325401644,-0.003621364396960559
4748.5014386014645,19.56918576167401,-0.004636054896074029
4750.849740892865,19.568629435086482,-0.005212637785771138
4753.1979764250755,19.56800391855219,-0.005120473346664371
4755.546136895302,19.56738946175059,-0.004129599743711815
4757.894223630712,19.566893909781346,-0.0033094134789052134
4760.242250899886,19.566496780163877,-0.0029062998268573237
4762.590230513506,19.566148024184656,-0.00263564662769401
4764.938168276408,19.565831746589332,-0.002484943072793929
4767.2860680859985,19.565533553420597,-0.0022695706265714287
4769.633932112409,19.565261204945408,-0.0019137605049949357
4771.981763457002,19.565031553684808,-0.0014128535238777987
4774.329567243444,19.564862011261944,-0.0008422689867316557
4776.677350684796,19.564760938983536,-0.0003408651009314037
4779.025121997473,19.564720035171423,2.334508242557271e-05
4781.372888401694,19.564722836581314,-0.0008134935711348718
4783.720655142083,19.564625217352777,-0.002216820748139437
4786.068410168165,19.564359198863,-0.0035090921955616638
4788.416133272029,19.56393810779953,-0.004467453728839395
4790.763805844965,19.563402013352068,-0.004963667693324398
4793.111414086567,19.56280637322887,-0.004751997547414616
4795.458950851354,19.56223613352318,-0.0036542081289510212
4797.806419187376,19.561797628547705,-0.002985870427539296
4800.153834902802,19.5614393240964,-0.0026816626533975683
4802.5012076216935,19.561117524577995,-0.0024849532786428274
4804.848541724643,19.560819330184557,-0.0023625161973509293
4807.195840044265,19.560535828240877,-0.0021445308433740286
4809.543104343655,19.560278484539673,-0.0017783595178551329
4811.8903377618,19.56006508139753,-0.0012642290241067634
4814.237545571567,19.559913373914636,-0.0006718334232785277
4816.584735176437,19.559832753903844,-0.00017698470058735417
4818.931915106906,19.559811515739774,9.68379194932268e-05
4821.279092488795,19.559823136290113,-0.0008041076075125216
4823.62627126515,19.55972664337721,-0.002180768000727417
4825.973438462355,19.559464951217123,-0.003408069872977197
4828.3205742565015,19.559055982832366,-0.004312127150728743
4830.667660974442,19.558538527574278,-0.004734754456631119
4833.014685597751,19.557970357039483,-0.0044047750111830125
4835.361642040596,19.55744178403814,-0.0032556991923257225
4837.70853505468,19.557051100135062,-0.0027234351345932313
4840.055381186697,19.55672428791891,-0.0024978988542351836
4842.402188101247,19.5564245400564,-0.002369685411743176
4844.748959046054,19.55614017780699,-0.002255149061843287
4847.0956958673905,19.55586955991957,-0.0020353535866766874
4849.442400214581,19.55562531748917,-0.0016476194255847856
4851.789075252679,19.5554276031581,-0.0011138229127195362
4854.135726565058,19.555293944408575,-0.0005000185909290719
4856.482361838387,19.555233942177665,-6.0392587844989815e-06
4858.828989911449,19.55523321746661,0.00017713198026776596
4861.175617897545,19.55525447330424,-0.0008033853273390766
4863.522248434341,19.555158067064962,-0.0021612529069214795
4865.868867402389,19.55489871671613,-0.003340476278800902
4868.215455248394,19.554497859562677,-0.0041963533530057105
4870.561994991542,19.553994297160315,-0.00454498211805688
4872.908474307201,19.553448899306147,-0.004084725968407074
4875.254888175117,19.55295873218994,-0.0030189959286389995
4877.60124322298,19.552596452678504,-0.002564186916682176
4879.947554797302,19.5522887502485,-0.00237382810102189
4882.2938294473315,19.552003890876378,-0.0022805234028712186
4884.640069914237,19.551730228068035,-0.002155268380688777
4886.986277541605,19.551471595862353,-0.0019088024011171037
4889.3324541331085,19.55124253957422,-0.0014907002769424882
4891.678603237858,19.551063655540986,-0.0009253960192416379
4894.024730876523,19.550952608018676,-0.00030694252651705136
4896.370845189485,19.550915774915495,0.00018153264485484068
4898.716955082476,19.550937558832878,0.000268659876309391
4901.063067589535,19.550969798018034,-0.0007915493030315028
4903.409183965297,19.55087481210167,-0.002143889023663098
4905.75528894275,19.55061754541883,-0.0032783427791083963
4908.1013630482,19.550224144285338,-0.004070274623562844
4910.447389945514,19.54973571133051,-0.004331383418577432
4912.793358230874,19.54921594532028,-0.0037407232990405966
4915.139264144313,19.548767058524398,-0.0027910267094242115
4917.485116191336,19.548432135319267,-0.0024143064735871857
4919.830928047574,19.548142418542437,-0.0022560679782619563
4922.176705137799,19.547871690385044,-0.0021859870035996973
4924.522449740645,19.547609371944613,-0.0020528182370398614
4926.8681628652785,19.54736303375617,-0.0017786836209515468
4929.213846429329,19.547149591721656,-0.0013297530464008956
4931.559504380336,19.546990021356088,-0.0007370700184084395
4933.905143182898,19.546901572953878,-0.0001140577907455231
4936.250771371653,19.54688788601899,0.00037691491537828023
4938.596397917975,19.546933115808834,0.0003424004461366851
4940.942029891872,19.54697420386237,-0.0007815944882262177
4943.2876667963355,19.546880412523784,-0.002116366221551905
4945.633292445838,19.546626448577197,-0.003212979503039734
4947.978887619668,19.54624089103683,-0.003949885907914866
4950.324436526593,19.54576690472788,-0.004130559044621429
4952.66992855516,19.545271237642527,-0.00341148642835949
4955.015361103678,19.544861859271123,-0.002579218480475852
4957.36074452679,19.544552353053465,-0.0022752721589373607
4959.706090809156,19.54427932039439,-0.002154333812199998
4962.051404327603,19.544020800336927,-0.0021002013816479575
4964.396686823644,19.54376877617113,-0.001961217597676315
4966.741939076785,19.54353343005941,-0.0016612804799337464
4969.087163088392,19.543334076401816,-0.0011745736365453088
4971.432363177561,19.54319312756543,-0.0005456353186376161
4973.777546352869,19.543127651327193,8.773105950977682e-05
4976.122721671028,19.543138179054335,0.0005803971065098793
4978.467898252514,19.543207826707118,0.0003932852841262166
4980.813083191719,19.543255020941213,-0.0007895587086508583
4983.158273794232,19.543160273896174,-0.0021233536046094174
4985.5034530271,19.54290547146362,-0.0031837957504923897
4987.848601683675,19.54252341597356,-0.003854847166240657
4990.193704493592,19.54206083431361,-0.003926596003727016
4992.53875179371,19.541589642793163,-0.0030658007066051507
4994.8837425508445,19.54122174670837,-0.0023638109102190026
4997.22868916045,19.540938089399145,-0.002147496958030655
4999.573601731177,19.54068038976418,-0.002061880921155422
5001.918483377949,19.540432964053643,-0.0020234758692942835
5004.263335333636,19.540190146949328,-0.0018739949466204616
5006.60815815127,19.539965267555733,-0.001546249164151994
5008.952953983377,19.539779717656035,-0.0010228573492550548
5011.297727549495,19.539656974774125,-0.00035915181120062234
5013.642486386468,19.539613876556782,0.0002802636693559999
5015.987240051654,19.539647508197106,0.0007716522953272244
5018.331997752638,19.539740106472546,0.0004016266848159551
5020.676766565415,19.539788301674726,-0.00085158441891525
5023.021541161616,19.539686111544455,-0.00217568654573007
5025.366303495001,19.539425029158966,-0.0031885111645745595
5027.7110344985,19.539042407819217,-0.003778422249237245
5030.055719587439,19.538588997149308,-0.0037038063898832746
5032.400350267097,19.538144540382522,-0.002728333387353168
5034.744927611942,19.53781714037604,-0.002157413723380264
5037.089465668788,19.537558250729234,-0.0020228458619109884
5039.433972658875,19.537315509225806,-0.0019892609485985336
5041.7784505199825,19.537076797911975,-0.001960606086180938
5044.122899735732,19.536841525181632,-0.0017946911243084676
5046.467320718754,19.536626162246716,-0.0014312267464735666
5048.811715858224,19.536454415037138,-0.0008699386138608633
5051.156090388028,19.536350022403475,-0.0001884694277077467
5053.500452390716,19.53632740607215,0.000451387894817597
5055.844811679445,19.53638157261953,0.0009417181363139255
5058.18917746816,19.536494578795885,0.00037875349515933314
5060.533556817615,19.536540029215303,-0.0009293506050855593
5062.877941621121,19.53642850714269,-0.0022394428263208485
5065.222313041978,19.536159774003533,-0.0032020900501482812
5067.566652214859,19.535775523197515,-0.0037015648637369132
5069.910945277642,19.535331335413865,-0.003487961138144619
5072.255185037891,19.53491278007729,-0.002445066747778075
5074.5993745715,19.534619372067556,-0.0019923575289773625
5076.943528896149,19.53438028916408,-0.0019253931761769364
5079.287654530848,19.534149241982938,-0.0019302039720470899
5081.631752439886,19.533917617506294,-0.0018973881848844997
5083.975822553987,19.53368993092411,-0.0017156167010843578
5086.319865345698,19.533484056919978,-0.0013156929330127663
5088.663883432529,19.533326173768017,-0.0007138543540329697
5091.007882573381,19.533240511245534,-1.417789918416583e-05
5093.35187143473,19.533238809897632,0.0006268410964537227
5095.695860091918,19.533314030829207,0.0011045483774085997
5098.039857775618,19.533446576634496,0.0003430069611584561
5100.383871364814,19.533487737469834,-0.0010252267370943645
5102.72788989331,19.53336471026138,-0.0023117046745783102
5105.071893658542,19.53308730570043,-0.0032148443905315217
5107.415864135226,19.532701524373568,-0.0036187763502021427
5109.759788318151,19.532267271211545,-0.0032529004666651037
5112.103660390696,19.531876923155544,-0.0023065209278208243
5114.447485621475,19.531600140644205,-0.0019215332520346661
5116.791277638352,19.53136955665396,-0.001885645539625261
5119.135041985151,19.531143279189205,-0.0018984661828477917
5121.478779178653,19.530915463247265,-0.0018548503791677479
5123.822489034243,19.530692881201766,-0.001619176512882852
5126.1661721799865,19.53049858002022,-0.0011841869655782615
5128.5098320095885,19.530356477584352,-0.0005462487463822781
5130.853474786899,19.530290927734786,0.0001688718029375388
5133.197109698227,19.53031119235114,0.0008122081784016728
5135.540747041309,19.530408657332547,0.0012096531888871871
5137.88439608019,19.530553815715212,0.0002759895039375249
5140.228062538075,19.530586934455684,-0.0011342218368440367
5142.57173297021,19.530450827835264,-0.0023878483787784215
5144.91538706955,19.53016428602981,-0.0032321824179689937
5147.259006783874,19.52977642413965,-0.0035394943607725063
5149.602579954771,19.52935168481636,-0.0030245407147458485
5151.946102156949,19.52898873993059,-0.002175725097233938
5154.28958080574,19.52872765291892,-0.0018709375314862403
5156.633028124091,19.528503140415143,-0.0018569145190528448
5158.976448500941,19.52828031067286,-0.0018747081420284106
5161.319842138221,19.528055345695815,-0.001733725692338291
5163.663208779704,19.527847298612734,-0.001387491334032443
5166.006550455538,19.52768079965265,-0.0009677551140984427
5168.349872151496,19.52756466903896,-0.0003433682785587343
5170.693179911781,19.527523464845533,0.0003634259173396409
5173.0364827275625,19.527567075955613,0.0009980628085554182
5175.3797907766775,19.52768684349264,0.0012224068838608759
5177.723113197897,19.527833532318702,0.0001719707391373572
5180.066453221775,19.527854168807398,-0.0012716026946353186
5182.409795722032,19.52770157648404,-0.00249055595584628
5184.75311991121,19.52740270976934,-0.003273491546244319
5187.096408236383,19.52700989078379,0.0
