position,velocity,acceleration
-345.6363329226982,19.444444444444443,-7.279954417072076e-16
-343.3029995893649,19.444444444444443,0.0010016423935911513
-340.9696518323811,19.444564641531674,0.0019664559220305927
-338.636275758432,19.44480061624232,0.0028943179313171675
-336.30285800630475,19.445147934394075,0.003785242079620694
-333.9693857466915,19.44560216344363,0.0046393655963791235
-331.63584668021366,19.446158887315196,0.005456937399364171
-329.3022290338373,19.44681371980312,0.0062383070217219535
-326.9685215558398,19.447562316645726,0.006983914303300369
-324.63471350947634,19.44840038636212,0.007694279802674134
-322.30079466548375,19.449323699938443,0.008369995888275262
-319.96675529355036,19.450328099445034,0.009011718469130518
-317.632586152871,19.45140950566133,0.009620159327482749
-315.29827848189734,19.45256392478063,0.010196079017549892
-312.9638239873858,19.453787454262738,0.010740280296250614
-310.629214832838,19.455076287898287,0.011253602053618948
-308.2944436264206,19.45642672014472,0.011736913712094389
-305.9595034084458,19.45783514979017,0.012191110065515239
-303.62438763848604,19.459298082998032,0.012617106530132975
-301.28909018219224,19.460812135781648,0.013015834781369756
-298.9536052978776,19.462374035955413,0.01338823875141614
-296.6179276229249,19.463980624605583,0.01373527096416224
-294.28205216007035,19.46562885712128,0.014057889185057161
-291.9459742636115,19.46731580382349,0.014357053364923891
-289.6096896255842,19.46903865022728,0.014633722857681573
-287.2731942619478,19.470794696970202,0.014888853893189407
-284.93648449881533,19.472581359437385,0.015123397287437631
-282.5995569587619,19.474396167111877,0.015338296373312393
-280.26240854724074,19.476236762676674,0.01553448513611825
-277.9250364391336,19.478100900893008,0.015712886539005193
-275.5874380654603,19.47998644727769,0.015874411024297038
-273.2496111002682,19.481891376600604,0.016019955177530427
-270.9115534477216,19.483813771221907,0.0161504005418813
-268.57326322940713,19.485751819286932,0.016266612571369517
-266.23473877187166,19.487703812795495,0.016369439711960455
-263.89597859440437,19.48966814556093,0.01645971260037925
-261.5569813970756,19.491643311072977,0.016538243371123765
-259.2177460490423,19.493627900277513,0.016605825062777736
-256.8782715771281,19.495620599285047,0.016663231115298452
-254.53855715468583,19.49762018701888,0.016711214950545596
-252.19860209074827,19.499625532812946,0.016750509628826626
-249.85840581947207,19.501635593968405,0.016781827574789417
-247.51796788987878,19.50364941327738,0.016805860366370894
-245.17728795589622,19.505666116521343,0.016823278581098458
-242.8363657667021,19.507684909951074,0.01683473169433716
-240.49520115737158,19.509705077754393,0.01684084802457737
-238.1537940398295,19.511725979517344,0.01684223472120229
-235.81214439410743,19.51374704768389,0.016839477790517414
-233.47025225990518,19.515767785018753,0.016833142156178517
-231.1281177284559,19.517787762077493,0.016823771750503053
-228.7857409346934,19.519806614687553,0.016811889633376136
-226.4433641409309,19.52182404144356,0.01680690342302782
-224.10074525595766,19.52384086985432,0.01679961185875693
-221.75788435157514,19.525856823277373,0.01679048341512631
-219.41478153278186,19.527871681287188,0.016779968726036525
-217.0714369310274,19.529885277534312,0.01676850059766366
-214.72785069772328,19.531897497606032,0.016756494046858233
-212.38402299801055,19.533908276891655,0.016744346363258465
-210.03995400478354,19.535917598455246,0.016732437192956695
-207.69564389296892,19.5379254909184,0.01672112864200178
-205.3510928340587,19.53993202635544,0.016710765397753846
-203.00630099089605,19.54193731820317,0.0167016748671441
-200.66126851271167,19.54394151918723,0.016694167329648717
-198.3159955304092,19.545944819266786,0.016688536104473666
-195.9704821520972,19.547947443599323,0.016685057730233176
-193.62472845886526,19.54994965052695,0.01668399215605613
-191.27873450080202,19.551951729585678,0.016685582943646676
-188.93250029325174,19.553953999538916,0.016690057478818687
-186.58602581330706,19.555956806436374,0.016697627192030495
-184.2393109965347,19.557960521699417,0.01670848778706121
-181.89235573393077,19.559965540233865,0.016722819477325384
-179.54515986910272,19.561972278571144,0.016740787229026687
-177.19772319567417,19.563981173038627,0.016762541010884036
-174.85004545490955,19.565992677959933,0.01678821604942371
-172.50212633355434,19.568007263885864,0.016817933090311026
-170.15396546188805,19.5700254158567,0.016851798664270966
-167.80556241198525,19.572047631696414,0.016889905358012196
-165.45691669618168,19.574074420339375,0.016932332089651208
-163.10802776574096,19.576106300190133,0.016979144388103627
-160.75889500971815,19.578143797516706,0.01703039467644274
-158.40951775401615,19.58018744487788,0.017086122558929162
-156.0598952606308,19.58223777958495,0.017146355111474776
-153.71002672708062,19.584295342198327,0.017211107175333733
-151.35991128601682,19.586360675059368,0.017280381653842863
-149.0095480050097,19.58843432085783,0.017354169812004255
-146.65893588650675,19.59051682123527,0.017432451578910012
-144.3080738679585,19.59260871542474,0.017515195852594683
-141.95696082210753,19.59471053892705,0.017602360807315403
-139.6055955574363,19.596822822223928,0.017693894203230087
-137.25397681876942,19.598946089528315,0.017789733698118464
-134.902103288026,19.60108085757209,0.01788980716099786
-132.54997358511736,19.60322763443141,0.017994032987693014
-130.1975862689856,19.605386918389932,0.0181023204181822
-127.8449398387788,19.607559196840114,0.01821456985521645
-125.49203273515799,19.60974494522274,0.01833067318474472
-123.13886334173127,19.61194462600491,0.018450514097197633
-120.78542998661068,19.614158687696573,0.01857396841010347
-118.43173094408709,19.616387563905786,0.018700904391710793
-116.0777644364184,19.61863167243279,0.018831183085084767
-113.72352863572647,19.620891414403,0.01896465863312121
-111.3690216659981,19.623167173438976,0.01910117860391599
-109.01424160518543,19.625459314871446,0.019240584316193576
-106.65918648740086,19.62776818498939,0.019382711165061295
-104.30385430520214,19.630094110329196,0.01952738894755631
-101.94824301196263,19.632437397002903,0.019674442187837354
-99.59235052432228,19.634798330065443,0.01982369046184355
-97.23617472471443,19.637177172920865,0.019974948721420326
-94.87971346396392,19.639574166767435,0.02012802761720186
-92.52296456395183,19.6419895300815,0.020282733820753407
-90.16592582034205,19.64442345813999,0.020438870344996474
-87.80859500536525,19.64687612258139,0.020596236863301698
-85.45096987065548,19.649347671004985,0.0207546300267758
-83.09304815013489,19.6518382266082,0.020913843779476103
-80.7348275629419,19.654347887861736,0.02107366967146381
-78.3763058163985,19.65687672822231,0.021233897169251986
-76.01748060901183,19.65942479588262,0.021394313963914634
-73.6583496335059,19.66199211355829,0.021554706275968748
-71.2989105798789,19.664578678311408,0.021714859157236553
-68.93916113848154,19.667184461410276,0.0218745567895103
-66.5790990031123,19.669809408225017,0.022033582779545924
-64.21872187412531,19.672453438158563,0.022191720450119117
-61.85802746154628,19.675116444612577,0.022348753127439856
-59.49701348819277,19.67779829498787,0.022504464424155657
-57.135677692794225,19.68049883071877,0.02265863851779552
-54.774017833107976,19.683217867340904,0.02281106042495059
-52.41203168902707,19.685955194591898,0.022961516270333014
-50.04971706567604,19.688710576544338,0.02310979355097942
-47.68707179649072,19.691483751770456,0.023255681395125315
-45.324093746278265,19.69427443353787,0.02339897081583923
-42.960780814253724,19.69708231003577,0.02353945495888373
-40.59713093704943,19.699907044630837,0.023676929345069674
-38.23314209169373,19.702748276152246,0.023811192106452477
-35.86881229855546,19.70560561920502,0.023942044216666385
-33.50413962425086,19.70847866451102,0.02406928971258419
-31.13912218450954,19.71136697927653,0.024192735903720102
-28.773758146996354,19.714270107584976,0.024312193563099292
-26.40804573408616,19.71718757081255,0.024427477093406463
-24.041983225588652,19.720118868063757,0.024538404660271834
-21.675568961421,19.72306347662299,0.024644798284730506
-19.30880134422624,19.726020852417157,0.024746483886091873
-16.94167884193618,19.72899043048349,0.0248432912663669
-14.574199990278162,19.731971625435452,0.024935054027341863
-12.206363395225907,19.734963831918733,0.025021609411831257
-9.83816773539566,19.737966425048153,0.025102798060642566
-7.469611764389882,19.74097876081543,0.02517846367708169
-5.1006943130920295,19.74400017645668,0.025248452592248803
-2.7314142919172277,19.74702999076775,0.02531261322357518
-0.3617706930250977,19.75006750435458,0.025370795421153503
2.0082374074974516,19.753111999805117,0.025422849696295678
4.378610847474066,19.756162741768673,0.0254686263278181
6.749350376486307,19.75921897692801,0.02550797434253127
9.120456653717667,19.762279933849115,0.02554074036673626
11.49193024577956,19.765344822693123,0.02556676734751425
13.863771624502736,19.768412834774825,0.025585893141884718
16.235981164675714,19.77148314195185,0.025597948974276363
18.608559141709936,19.774554895828764,0.025602757762370015
20.98150572920939,19.77762722676025,0.025600132313563506
23.354820996420617,19.780699242637876,0.025589873393124428
25.72850490553716,19.78377002744505,0.025571767668323513
28.102557308830566,19.78683863956525,0.025545585531035662
30.476977945578394,19.789904109828974,0.025511078804196785
32.85176643875787,19.792965439285478,0.025467978336409423
35.22692229147213,19.796021596685847,0.025415991490440604
37.602444883074426,19.7990715156647,0.025354799532214166
39.97833346495419,19.802114091608566,0.02528405492586335
42.354587155947215,19.80514817819967,0.025203378542718962
44.73120493733118,19.808172583624795,0.02511235679130882
47.108185647366156,19.811186066439753,0.02501053867550359
49.485527975338925,19.814187331080813,0.02489743278957235
51.863230455068624,19.81717502301556,0.02477250425743094
54.24129145783049,19.820147723526453,0.02463517162481684
56.619709184653665,19.82310394412143,0.024484803712384227
58.99848165794824,19.826042120566918,0.024320716438452905
61.37760671241627,19.828960606539532,0.024142169619227143
63.75708198520101,19.83185766689384,0.023948363755425344
66.13690490522828,19.83473147054449,0.02373843681304777
68.51707268169362,19.837580082962056,0.023511461006927213
70.89758229164907,19.840401458282887,0.023266439594434495
73.27843046664302,19.84319343103422,0.023002303687835735
75.65961367836712,19.84595370747676,0.022717909092347575
78.04112812326433,19.84867985656784,0.02241203317788395
80.42296970605247,19.851369300549187,0.022083371791037365
82.80513402211837,19.854019305164112,0.02173053621502182
85.18761633873805,19.856626969509914,0.02135205018370575
87.57041157507925,19.85918921553196,0.020946346956692473
89.95351428094308,19.861702777166762,0.02051176646139889
92.3369186142031,19.86416418914213,0.02004655250852731
94.72061831690016,19.866569775443153,0.019548850086792413
97.10460668995333,19.86891563745357,0.01901670274246925
99.48887656644776,19.871197641782665,0.018448050049476215
101.87342028346168,19.873411407788602,0.017840725175855
104.25822965239631,19.875552294809705,0.017192452551295645
106.64329592777348,19.87761538911586,0.016500845641953532
109.02860977446738,19.879595490592894,0.01576340483770977
111.41416123333853,19.88148709917342,0.014977515457144838
113.79993968523934,19.883284401028277,0.014140445876413093
116.18593381336274,19.884981254533447,0.013249345787554509
118.57213156390675,19.886571176027953,0.012301244592431242
120.9585201050301,19.888047325379045,0.011293049939039198
123.3450857840756,19.88940249137173,0.010221546409105997
125.7318140830402,19.890629076940822,0.009083394374442832
128.1186895722731,19.891719084265755,0.007875129045498142
130.50569586238498,19.892664099751215,0.006593159741985488
132.89281555435514,19.893455278920253,0.005233769420431855
135.28003018782556,19.894083331250705,0.003793114497666987
137.66732018757565,19.894538504990425,0.0022672250138633387
140.0546648081745,19.89481057199209,0.0006520051811934973
142.44204207681355,19.894888812613832,-0.0010567656326602541
144.82942873432722,19.894762000737913,-0.002863431435044343
147.21680017441577,19.894418388965708,-0.004772457599570383
149.60413038109166,19.89384569405376,-0.006788428263663586
151.9913918643781,19.89303108266212,-0.008916043077504082
154.37855559429755,19.89196115749282,-0.011160113247991415
156.76559093319668,19.89062194390306,-0.01352555682201384
159.15246556646505,19.88899887708442,-0.016017393152978343
161.53914543171518,19.88707678990606,-0.01864073649574157
163.92559464650392,19.884839901526572,-0.021400788674904213
166.31177543468712,19.882271806885583,-0.024302830774362388
168.6976480515134,19.87935546719266,-0.027352213796157564
171.08317070757653,19.87607320153712,-0.030554348240012057
173.46829949176097,19.87240667974832,-0.03391469255668393
175.85298829333078,19.868336916641518,-0.03743874043236062
178.23718872332776,19.863844267789634,-0.041132006863916125
180.62085003546252,19.858908426965964,-0.045000012989711756
183.00391904669843,19.8535084254072,-0.04904826964535758
185.3863400577473,19.847622633049756,-0.05328225961882538
187.7680547737133,19.841228761895497,-0.0577074185863502
190.14900222514075,19.834303871665135,-0.06232911471582744
192.52911868974056,19.826824377899236,-0.06715262693388624
194.90833761508847,19.81876606266717,-0.0721831218594519
197.28658954260854,19.810104088044035,-0.07742562941658686
199.66380203317382,19.800813012514045,-0.08288501714928861
202.03989959467552,19.79086681045613,-0.08856596327125507
204.41480361193027,19.78023889486358,-0.09447292849561843
206.7884322793139,19.768902143444105,-0.10061012670137259
209.1607005365272,19.75682892823994,-0.10698149450719305
211.531520007916,19.743991148899077,-0.11359065983584198
213.90079894578386,19.730360269718776,-0.1204409095682794
216.2684421781501,19.715907360570583,-0.12753515640010113
218.63435106141858,19.70060314180257,-0.13487590502944496
220.99842343843488,19.684418033199037,-0.1424652178209011
223.36055360241878,19.66732220706053,-0.15030468010562478
225.72063226726604,19.649285645447854,-0.15839536529454654
228.07854654471979,19.63027820161251,-0.1667377999966746
230.4341799289133,19.610269665612908,-0.1753319293507083
232.78741228878684,19.589229834090823,-0.18417708279280615
235.13811986887774,19.567128584155686,-0.19327194049726754
237.4861752989764,19.543935951296014,-0.20261450074080165
239.83144761313193,19.519622211207118,-0.21220204845159668
242.17380227847678,19.494157965392926,-0.22203112521648194
244.51310123432393,19.467514230366948,-0.2320975010256928
246.84920294196797,19.439662530243865,-0.24239614804294857
249.18196244559724,19.41057499247871,-0.25292121669136713
251.5112314446947,19.380224446475747,-0.26366601434730796
253.83685837827178,19.34858452475407,-0.274622986932697
256.15868852124225,19.315629766322147,-0.2857837036916481
258.4765640932009,19.28133572187915,-0.2971388454295602
260.7903243798264,19.2456790604276,-0.3086781964809049
263.09980586707775,19.208637676849893,-0.32039064065786016
265.40484238829976,19.17019079997095,-0.3322641614129355
267.7052652842963,19.130319100601398,-0.3442858464274797
270.00090357636844,19.0890047990301,-0.35644189681122523
272.291584152252,19.046231771412753,-0.3687176410709074
274.57713196482155,19.001985654484244,-0.3810975539723612
276.85737024335964,18.95625394800756,-0.3935652803858029
279.13212071712053,18.909026114361264,-0.40610366416693466
281.4012038508439,18.860293674661232,-0.4186947820849755
283.6644390918033,18.810050300811035,-0.4313199827678342
285.9216451279006,18.758291902878895,-0.4439599305902912
288.1726401562461,18.70501671120806,-0.45659465438664765
290.41724216159105,18.650225352681662,-0.4692036008245637
292.65526920391284,18.593920920582715,-0.4817656922318096
294.88653971438276,18.536109037514898,-0.49425938862338964
297.11087279888454,18.47679791088009,-0.5066627536341647
299.3280885481902,18.41599838044399,-0.5189535240214779
301.53800835384345,18.353723957561414,-0.531109182363269
303.7404552287508,18.28999085567782,-0.5431070325435883
305.93525413143215,18.22481801177259,-0.5549242775844417
308.12223229284484,18.158227098462458,-0.566538099356991
310.30121954466034,18.09024252653962,-0.5779257396817765
312.4720486478451,18.020891437777806,-0.5890645823099543
314.6345556203784,17.95020368790061,-0.5999322352650734
316.7885800629265,17.878211819668802,-0.6105066130179064
318.93396548128675,17.804951026106654,-0.6207660179647394
321.07055960441954,17.730459103950885,-0.6306892206837075
323.1982146968937,17.65477639746884,-0.6402555384534677
325.3167878645899,17.577945732854424,-0.6494449115323006
327.42614135253245,17.500012343470548,-0.6582379767163065
329.5261428337489,17.42102378626459,-0.6666161377196704
331.6166656881007,17.34102984973823,-0.6745616319491295
333.6975892700693,17.260082453904335,-0.6820575932773743
335.76879916453777,17.17823554271105,-0.6890881104572996
337.8301874296631,17.095544969456174,-0.6956382808578354
339.88165282599783,17.012068375753234,-0.7016942592444231
341.9231010310882,16.927865064643903,-0.7072433013709005
343.95444483884546,16.842995868479395,-0.7122738021938524
345.97560434306297,16.757523012216133,-0.7167753285670801
347.9865071045289,16.671509972788083,-0.7207386463185491
349.9870883012635,16.585021335229857,-0.724155741657769
351.9772908614911,16.498122646230925,-0.7270198369056698
353.9570655790388,16.410880265802245,-0.7293254005813784
355.92637121093503,16.32336121773248,-0.73106815192124
357.88517455706295,16.23563303950193,-0.7322450599438628
359.8334505218032,16.147763632308667,-0.7328543372101315
361.7711821576802,16.05982111184345,-0.7328954284608002
363.6983606911014,15.971873660428155,-0.7323689943429764
365.6149855303528,15.883989381106998,-0.7312768904639277
367.5210642560856,15.796236154251327,-0.7296221420332039
369.41661259459573,15.708681497207342,-0.7274089143736322
371.30165437426064,15.621392427482506,-0.724642479597885
373.1762214655585,15.53443532993076,-0.7213291797599701
375.0403537051502,15.447875828359564,-0.7174763868004568
376.8940988045534,15.361778661943509,-0.7130924596103021
378.7375122439866,15.276207566790273,-0.7081866985416241
380.57065715200144,15.191225162965278,-0.7027692976937358
382.3936041715573,15.10689284724203,-0.6968512953012448
384.20643131322635,15.02327069180588,-0.6904445225455044
386.0092237962431,14.94041734910042,-0.683561551104539
387.8020738781351,14.858389962967875,-0.6762156397478977
389.58508067369127,14.777244086198127,-0.6684206802717974
391.358349964035,14.697033604565512,-0.6601911430589524
393.1219939965829,14.617810667398437,-0.6515420225334949
394.8761312766707,14.539625624694418,-0.6424887827680397
396.62088635163406,14.462526970762253,-0.6330473034843465
398.3563895881255,14.386561294344132,-0.6232338266738413
400.08277694344685,14.31177323514327,-0.6130649040482439
401.80018973166403,14.238205446657481,-0.602557345514058
403.50877438526294,14.165898565195794,-0.591728168848471
405.20868221308643,14.094891184933978,-0.5805945507377638
406.9000691552785,14.025219838845446,-0.5691737793230771
408.58309553593995,13.956918985326677,-0.5574832083821887
410.25792581417915,13.890021000320814,-0.5455402132606906
411.92472833421766,13.824556174729532,-0.5333621486500739
413.5836750751852,13.760552716891523,-0.5209663082958265
415.2349414012122,13.698036759896024,-0.5083698867042112
416.87870581239974,13.637032373491518,-0.49558994290258934
418.5151496972187,13.577561580343207,-0.4826433662951472
420.1444570868599,13.51964437638779,-0.4695468446432205
421.76681441202646,13.463298755030603,-0.45631683418771257
423.3824102626301,13.408540734928078,-0.44296953192003075
424.9914351508215,13.355384391097674,-0.42952084999696716
426.5940812777532,13.303841889098038,-0.4159863922860385
428.190542304445,13.253923522023713,-0.40238143301762896
429.7810131270878,13.205637750061598,-0.38872089751292493
431.36568965709523,13.158991242360047,-0.3750193449480429
432.94476860617846,13.113988920966282,-0.3612909531082842
434.5184472766944,13.070634006593288,-0.34754950507968435
436.0869233574856,13.028928065983726,-0.33380837781963696
437.65039472540366,12.98887106064537,-0.3200805325431174
439.20905925268113,12.950461396740195,-0.3063785068565454
440.76311462028997,12.91369597591741,-0.2927144085676847
442.31275813740007,12.878570246889288,-0.27909991109661786
443.8581865670268,12.845078257557693,-0.265546250410346
445.39959595793374,12.813212707508452,-0.25206422340116796
446.9371814828348,12.782965000700312,-0.23866418762776104
448.4711372829188,12.75432529818498,-0.22535606233674937
450.001656318701,12.72728257070457,-0.21214933068178787
451.5289302271856,12.701824651022756,-0.19905304305723645
453.0531491853083,12.677938285855888,-0.18607582146397128
454.574501779611,12.655609187280211,-0.17322586482516242
456.0931748820846,12.634822083501192,-0.16051095517137054
457.60935353210476,12.615560768880627,-0.1479384646152789
459.12322082437043,12.597808153126794,-0.13551536303864076
460.63495780274565,12.581546309562157,-0.12324822641562132
462.1447433598931,12.566756522392282,-0.1111432456988896
463.65275414258014,12.553419332908415,-0.09920623619779079
465.15916446252913,12.54151458456468,-0.08744264737994278
466.6641462126769,12.531021466879087,-0.0758575730308723
468.1678687887024,12.521918558115383,-0.06445576170925153
469.6704990156762,12.514183866710272,-0.05324162743769456
471.1722010796815,12.50779487141775,-0.04221926057323226
472.6731364642516,12.502728560148961,-0.031392438803819665
474.1734638914695,12.498961467492503,-0.02076463822106393
475.6733392675686,12.496469710905975,-0.01033904442208448
477.17291563287733,12.495229025575325,-0.00011856359702910879
478.6723431159464,12.495214797943682,0.009894166438180937
480.1717688916996,12.496402097916263,0.019696765301520834
481.6713371434496,12.498765709752446,0.029287099230875434
483.1711890286199,12.50228016166015,0.03866327042795585
484.6714626480191,12.506919754111506,0.047823606588526246
486.17229301851245,12.512658586902129,0.05676665064422437
487.6738120489407,12.519470584979436,0.06549115073933484
489.1761485191382,12.527329523068156,0.07399605046248445
490.6794280619064,12.536209049123654,0.08228047935111191
492.1837731478012,12.546082706645787,0.0903437436844031
493.6893030725987,12.556923955887916,0.09818531757760005
495.19613394730527,12.568706193997228,0.10580483438903758
496.7043786905849,12.581402774123912,0.11320207844893737
498.21414702347977,12.594987023537785,0.1203769771172721
499.7255454663043,12.609432260791857,0.1273295931761028
501.2386773375993,12.62471181197299,0.1340601175605046
502.7536427550361,12.64079902608025,0.14056886243007938
504.2705386381657,12.65766728957186,0.14685625458253546
505.7894587129143,12.675290040121764,0.15292282920859418
507.31049351772896,12.693640779626795,0.15876922398690616
508.8337304112842,12.712693086505224,0.16439617351654928
510.3592535816648,12.73242062732721,0.16980450408320044
511.88714405694407,12.752797167817194,0.17499512875476242
513.4174797170821,12.773796583267766,0.17996904280117576
514.9503353070742,12.795392868403907,0.18472731943208015
516.4857824512826,12.817560146735756,0.18927110584610793
518.0238896688909,12.84027267943729,0.19360161958392003
519.5647223904234,12.86350487378736,0.1977201451776711
521.1083429752779,12.88723129120868,0.20162803108818572
522.654810730223,12.911426654939262,0.2053266869213329
524.2041819288156,12.936065857369822,0.20881758091422972
525.7565098317,12.96112396707953,0.2121022376820214
527.3118447077495,12.986576235601373,0.21518223621523153
528.8702338560216,13.0123981039472,0.21805920811773424
530.4317216284953,13.038565208921328,0.22073483607504646
531.9963494535659,13.065053389250334,0.22321085254234005
533.564155860276,13.091838691555415,0.22548903864154646
535.1351765032626,13.1188973761924,0.22757122325677653
536.7094441884058,13.146205922983214,0.2294592823167611
538.2869888991637,13.173741036861225,0.23115513825353595
539.867837823587,13.20147965345165,0.23266075962588378
541.4520153820013,13.229398944606755,0.23397816089625323
543.039543255354,13.257476323914306,0.23510940234969802
544.6304404142237,13.28568945219627,0.2360565901433631
546.2247231484872,13.314016243013473,0.23682187647500186
547.8224050976488,13.342434868190473,0.23740745985869616
549.4234972818317,13.370923763373517,0.23781558549627788
551.0280081334365,13.39946163363307,0.23804854573284592
552.6359435294725,13.428027459121012,0.23810868058419626
554.247306824567,13.456600500791115,0.23799837832513643
555.8620988846619,13.485160306190132,0.23772007612620588
557.4803181214047,13.513686715325276,0.23727626072771457
559.1019605272437,13.542159866612602,0.23666946913890227
560.7270197112372,13.57056020290927,0.23590228935095325
562.3554869355863,13.598868477631385,0.2349773610520689
563.9873511529021,13.627065760957633,0.23389737633319937
565.6225990442169,13.655133446117617,0.2326650803728736
567.2612150577511,13.683053255762362,0.23128327209008445
568.9031814484425,13.710807248413172,0.22975480475394922
570.5484783182521,13.738377824983646,0.22808258653911712
572.1970836572501,13.76574773536834,0.22626958101638434
573.8489733854943,13.792900085090306,0.2243188075676361
575.5041213957052,13.819818341998422,0.22223334171528702
577.162499596745,13.846486343004257,0.22001631535575328
578.8240779579055,13.872888300846947,0.21767091688757273
580.4888245540071,13.899008810873456,0.2152003912248161
582.156705611312,13.924832857820434,0.2126080396867754
583.8276855542504,13.950345822582847,0.2098972197554468
585.5017270529603,13.9755334889535,0.20707134469284405
587.1787910716347,14.000382050316642,0.2041338830105488
588.8588369176726,14.024878116277907,0.20108835778434772
590.541822291626,14.04900871921203,0.19793834580784284
592.2277033379314,14.07276132070897,0.19468747657889196
593.9164346964164,14.096123817898437,0.19133943111390533
595.6079695545643,14.119084549632106,0.18789794058526138
597.3022597005202,14.141632302502337,0.18436678477848173
598.9992555768205,14.163756316675755,0.18074979036553826
600.6989063348216,14.18544629151962,0.177050828992531
602.4011598898039,14.206692390998723,0.1732738151799751
604.1059629767237,14.22748524882032,0.16942270403510484
605.8132612065822,14.247815973304533,0.16550148877635767
607.5229991233788,14.267676151957696,0.16151419807128126
609.2351202616137,14.28705785572625,0.15746489318946288
610.9495672043008,14.305953642908985,0.15335766497350062
612.6662816414499,14.324356562705805,0.1491966306317316
614.3852044289746,14.342260158381613,0.14498593035717397
616.1062756479804,14.359658470024474,0.14072972377827675
617.8294346643834,14.376546036877867,0.136432186247711
619.5546201888087,14.392917899227593,0.13209750497652867
621.281770336716,14.408769599824776,0.1277298750216834
623.010822688695,14.424097184827378,0.12333349513575047
624.7417143508743,14.438897204243668,0.11891256348866008
626.4743820153835,14.453166711862307,0.11447127327173234
628.2087620208071,14.466903264654915,0.11001380819516035
629.9447904125657,14.480104921638334,0.10554433789093191
631.6824030031623,14.492770242185246,0.10106701323337279
633.4215354322246,14.504898283773251,0.09658596159066354
635.1621232262773,14.51648859916413,0.09210528202047523
636.904101858177,14.527541233006588,0.08762904042409758
638.6474068061378,14.53805671785748,0.08316126467322604
640.3919736122807,14.548036069618266,0.07870593972416629
642.1377379406349,14.557480782385166,0.07426700273448125
643.8846356345211,14.566392822713304,0.06984833819706124
645.6326027732467,14.574774623296952,0.0654537731072343
647.3815757280423,14.58262907606982,0.06108707217763095
649.1314912171707,14.589959524731135,0.05675193311671656
650.8822863601384,14.596769756705141,0.05245198198560175
652.6338987309431,14.603063994543414,0.04819076864824486
654.3862664102883,14.608846886781203,0.043971762329864106
656.1393280367021,14.614123498260787,0.039798347297489066
657.8930228564934,14.618899299936485,0.03567381867711402
659.6472907724858,14.623180158177739,0.03160137842024291
661.4020723914672,14.626972323588168,0.02758413143317817
663.1573090702977,14.63028241936015,0.023625081881117893
664.912942960621,14.633117429185884,0.01972712967868162
666.6689170521232,14.635484684747325,0.015893067177626584
668.425175214293,14.63739185280864,0.012125576061997972
670.18166223663,14.63884692193608,0.008427224459950367
671.9383238672624,14.639858188871274,0.00480046428039671
673.6951068499269,14.640434244584922,0.0012476287823304233
675.4519589592771,14.640583960038802,-0.0022290696168436597
677.2088290344818,14.64031647168478,-0.0056275412882556
678.965667011084,14.63964116673019,-0.008945821089101358
680.7224239510916,14.638567668199498,-0.012182069807205783
682.4790520712755,14.637105819822633,-0.015334575349805018
684.2355047696542,14.635265670780656,-0.018401753674890386
685.9917366501479,14.63305746033967,-0.021382149464403238
687.7477035453886,14.630491602403941,-0.02427443653931031
689.503362537677,14.627578670019224,-0.027077418018247222
691.2586719780794,14.624329379857034,-0.0297900262212251
693.0135915036623,14.620754576710487,-0.032411322321879155
694.7680820528675,14.616865218031862,-0.03494049575193022
696.5221058790313,14.61267235854163,-0.03737686336280355
698.2756265620563,14.608187134938094,-0.03971986834954144
700.028609018249,14.603420750736149,-0.041969078943774704
701.7810195083373,14.598384461262896,-0.044124186882443794
703.5328256436889,14.593089558837002,-0.0461850056600414
705.2839963907493,14.587547358157797,-0.048151468572562216
707.0345020737282,14.58176918192909,-0.05002362656213085
708.7843143755597,14.575766346741634,-0.05180164587157421
710.5334063371687,14.569550149237045,-0.053485805518604934
712.2817523550772,14.563131852574813,-0.05507649460012587
714.0293281773861,14.556522673222798,-0.05657420943678086
715.7761108981729,14.549733768090384,-0.057979550568898475
717.5220789503437,14.542776222022116,-0.059293219614575676
719.2672120969863,14.535661035668367,-0.06051601600141806
721.0114914212666,14.528399113748197,-0.061648833582964954
722.7548993149163,14.521001253718241,-0.06269265715127167
724.4974194653626,14.513478134860089,-0.06364855885735803
726.2390368415457,14.505840307797206,-0.06451769455031453
727.9797376784813,14.498098184451168,-0.06530130004702706
729.7195094606154,14.490262028445525,-0.06600068734301523
731.4583409040289,14.482341945964363,-0.0666172407760198
733.1962219375446,14.47434787707124,-0.0671524131527305
734.9331436827931,14.466289587492913,-0.06760772184935723
736.6690984332922,14.45817666087099,-0.06798474489633222
738.4040796325968,14.45001849148343,-0.06828511705706161
740.1380818515748,14.441824277436583,-0.06851052591052564
741.8711007648673,14.43360301432732,-0.06866270794462596
743.6031331265865,14.425363489373964,-0.06874344466526831
745.3341767453114,14.417114276014132,-0.06875455872405271
747.0642304584331,14.408863728967246,-0.06869791006547388
748.7932941059092,14.400619979759389,-0.06857539209391325
750.5213685034804,14.39239093270812,-0.0683889278582169
752.2484554154054,14.384184261365133,-0.06814046625227554
753.9745575267692,14.37600740541486,-0.06783197822803899
755.699678415419,14.367867568027496,-0.06746545301769362
757.4238225235823,14.359771713665372,-0.06704289436156863
759.1469951292222,14.351726566341984,-0.06656631673759665
760.8692023171833,14.343738608333473,-0.06603774158919033
762.5904509501834,14.33581407934277,-0.06545919354808602
764.3107486397045,14.327958976117,-0.06483269664957862
766.0301037168385,14.32017905251905,-0.06416027053774975
767.7485252031408,14.31247982005452,-0.06344392665940113
769.4660227815474,14.304866548855392,-0.0626856644460124
771.18260676741,14.29734426912187,-0.06188746748372331
772.8982880797046,14.289917773023824,-0.06105129967277634
774.6130782124675,14.28259161706309,-0.060179101378210476
776.326989206515,14.275370124897705,-0.05927278557497455
778.0400336215027,14.268257390628708,-0.058334233991722925
779.7522245083782,14.261257282549701,-0.05736529325803079
781.4635753822841,14.254373447358738,-0.05636777106140893
783.1741001959672,14.247609314831369,-0.05534343232097191
784.8838133137469,14.240968102952852,-0.0542939953859752
786.5927294861012,14.234452823506535,-0.05322112826759984
788.300863824922,14.228066288114423,-0.052126444914257775
790.0082317794958,14.221811114724712,-0.05101150154039521
791.7148491132627,14.215689734539865,-0.04987779302022174
793.4207318814075,14.209704399377438,-0.04872674935788209
795.1258964093328,14.203857189454492,-0.04755973224672694
796.8303592720673,14.198150021584885,-0.04637803173001369
798.5341372746575,14.192584657777283,-0.04518286297653755
800.2372474335908,14.187162714220099,-0.04397536318432316
801.9397069592973,14.18188567063798,-0.04275658862611387
803.6415332397738,14.176754880002846,-0.04152751185030705
805.3427438253742,14.17177157858081,-0.04028901905090976
807.043356414804,14.1669368962947,-0.03904190762004471
808.7433888423593,14.162251867380295,-0.03778688389646234
810.442859066445,14.15771744131272,-0.03652456112305617
812.1417851594025,14.153334493977953,-0.03525545762578612
813.8401852986799,14.149103839062859,-0.03397999522657773
815.5380777593674,14.14502623963567,-0.03269849790122533
817.2354809081237,14.141102419887522,-0.031411190693727185
818.9324131985102,14.137333077004275,-0.030118198896778026
820.6288931677507,14.133718893136662,-0.028819547507789405
822.324939434927,14.130260547435727,-0.027515160969023476
824.0205707006194,14.126958728119444,-0.026204863198930894
825.7158057479937,14.123814144535572,-0.024888377921191328
827.410663445338,14.12082753918503,-0.02356532929672639
829.1051627500401,14.117999699669422,-0.022235242862474656
830.7993227140005,14.115331470525925,-0.02089754677994845
832.4931624904636,14.112823764912331,-0.0195515733950676
834.1867013422532,14.110477576104923,-0.01819656110940334
835.8799586513858,14.108293988771795,-0.01683165656181096
837.5729539300384,14.106274189984378,-0.015455917117905098
839.2657068328365,14.104419479930229,-0.014068313663573306
840.9582371704281,14.1027312822906,-0.012667733697169226
842.650564924303,14.10121115424694,-0.011252984713901645
844.3427102628126,14.099860796081272,-0.00982279787427783
846.0346935583424,14.098682060336358,-0.00837583194731965
847.7265354055827,14.09767696050268,-0.006910677517672307
849.418256640843,14.09684767920056,-0.005425861444852131
851.109878362347,14.096196575827177,-0.003919851561118293
852.8014219514463,14.095726193639843,-0.0023910615935355635
854.4929090946831,14.095439266248619,-0.0008378562946997903
856.184361806633,14.095338723493255,0.0007414432347493024
857.8758024534521,14.095427696681424,0.002348554049487935
859.5672537770539,14.095709523167363,0.003985225707451671
861.258738919834,14.096187750252257,0.005653234481902322
862.9502814498642,14.096866138390086,0.007354377457780004
864.641905386471,14.097748663685019,0.009090466533553018
866.3336352261132,14.098839519669045,0.010863322349570955
868.0254959684735,14.100143118350994,0.012674768165421568
869.7175131426756,14.101664090530845,0.014526623708022157
871.4097128335393,14.103407285375807,0.016420699013286466
873.1021217077844,14.105377769257402,0.018358788283719583
874.7947670400953,14.107580823851448,0.020342663784589377
876.4876767389575,14.110021943505599,0.022374069801041806
878.1808793721782,14.112706831881724,0.024454716678364484
879.874404192004,14.115641397883127,0.02658627496707015
881.56828115975,14.118831750879176,0.02877036969427908
883.2625409698554,14.12228419524249,0.031008574781887788
884.9572150732845,14.126005224216316,0.03330240763168568
886.6523357001904,14.130001513132118,0.035653323896589484
888.3479358817663,14.134279911999709,0.03806271245604028
890.0440494712062,14.138847437494434,0.04053189061326753
891.7407111637056,14.143711264368026,0.043062099530155606
893.4379565154297,14.148878716311645,0.04565449991509318
895.1358219613871,14.154357256301456,0.04831016797740932
896.8343448321433,14.160154476458745,0.05103009166102328
898.5335633693184,14.166278087458068,0.05381516716833623
900.2335167398134,14.172735907518268,0.0566661957843273
901.9342450487155,14.179535851012387,0.059583881008980676
903.6357893508371,14.186685916733465,0.06256882600516415
905.338191660845,14.194194175854085,0.06562153136721409
907.0414949619475,14.20206875961815,0.06874239321431239
908.7457432131016,14.210317846803868,0.07193170161099438
910.4509813547181,14.218949650997187,0.07518963931601638
912.1572553128378,14.227972407715109,0.07851628085904969
913.8646120017636,14.237394361418195,0.08191159194341029
915.5730993251337,14.247223752451404,0.0853754291715377
917.2827661754279,14.257468803951989,0.088907540089019
918.9936624319022,14.268137708762671,0.09250756354092597
920.7058389569537,14.279238616387582,0.096175030333893
922.4193475909202,14.29077962002765,0.09990936419546811
924.1342411453236,14.302768743731106,0.10370988302157436
925.8505733945714,14.315213929693694,0.10757580040171948
927.5683990661346,14.3281230257419,0.1115062274095339
929.2877738292236,14.341503773031045,0.11550017464574402
931.0087542819873,14.355363793988534,0.11955655451922158
932.7313979372659,14.36971058053084,0.12367418375084742
934.4557632069296,14.384551482580942,0.12785178608451336
936.1819093848394,14.399893696911084,0.13208799518874179
937.9098966284687,14.415744256333733,0.13638135773209234
939.6397859392288,14.432110019261584,0.1407303366151099
941.3716391415402,14.448997659655397,0.14513331434196827
943.1055188606988,14.466413657376433,0.14958859651401646
944.841488499584,14.484364288958115,0.1540944154282779
946.579612214259,14.502855618809509,0.15864893376402733
948.3199548885161,14.521893490861192,0.1632502483405111
950.0625821074194,14.541483520662053,0.16789639392943795
951.8075601298989,14.561631087933586,0.17258534710668333
953.554955860451,14.582341329586388,0.1773150301274118
955.3048368200014,14.603619133201677,0.1820833148101849
957.0572711159856,14.6254691309789,0.1868880264155326
958.8123274117031,14.647895694148763,0.19172694750590286
960.570074895001,14.670902927849472,0.19659782177384363
962.3305832463429,14.694494666462333,0.20149835782662015
964.0939226063184,14.718674469401527,0.20642623291582396
965.8601635426465,14.743445617351426,0.21137909660162713
967.6293770167288,14.768811108943622,0.21635457434180755
969.401634349802,14.794773657864638,0.22135027099673782
971.1770071887457,14.821335690384247,0.22636377424215168
972.9555674715918,14.848499343293305,0.23139265788231594
974.737387392787,14.876266462239183,0.23643448505705028
976.5225393682557,14.90463860044603,0.2414868113367774
978.3110960003092,14.933617017806442,0.24654718770051137
980.103130042446,14.963202680330504,0.2516131633924316
981.8987143640857,14.993396259937596,0.25668228865329823
983.6979219152781,15.024198134575991,0.26175211732393977
985.5008256914273,15.055608388654864,0.2668202093180305
987.3074986980658,15.087626813773028,0.2718841329629888
989.1180139157186,15.120252909728586,0.2769414672073071
990.932444264886,15.153485885793463,0.28198980369400495
992.7508625711813,15.187324662236744,0.28702674870011435
994.5733415306497,15.221767872080758,0.2920499249423466
996.3999536752995,15.25681386307384,0.2970569732501094
998.2307713388683,15.292460699863852,0.30204555410691114
1000.0658666228519,15.328706166356682,0.30701334906197236
1001.9053113628147,15.365547768244118,0.3119580620138359
1003.749177095004,15.402982735685779,0.31687742036852207
1005.5975350232864,15.441008026130001,0.3217691760748191
1007.450455986422,15.47962032725898,0.32663110653938787
1009.308010425693,15.518816060043706,0.33146101542514594
1011.1702683528983,15.558591381894724,0.3362567333359342
1013.0372993187257,15.598942189895036,0.3410161183913167
1014.909172381513,15.639864124101994,0.3457370566946653
1016.7859560764052,15.681352570905354,0.35041746269904495
1018.6677183849139,15.723402666429239,0.35505527947414056
1020.5545267048853,15.766009299966136,0.35964847887863804
1022.4464478208813,15.809167117431572,0.3641950616419217
1024.3435478749732,15.852870524828603,0.3686930573593816
1026.2458923379527,15.897113691711729,0.3731405244053576
1028.1535459809581,15.941890554640372,0.3775355497679378
1030.066572847515,15.987194820612524,0.38187624880984633
1031.9850362259886,16.033019970469706,0.38616076495952
1033.9089986224449,16.07935926226485,0.3903872693366969
1035.8385217339167,16.126205734585252,0.3945539603165571
1037.773666422067,16.17355220982324,0.39865906303644394
1039.7144926872459,16.221391297387612,0.4027008288494116
1041.6610596429323,16.26971539684954,0.4066775347287314
1043.6134254905542,16.31851670101699,0.4105874826268045
1045.5716474946762,16.367787198932206,0.41442899879318895
1047.5357819585481,16.41751867878739,0.4182004330550271
1049.5058842000026,16.46770273075399,0.421900158063752
1051.482008527693,16.518330749721642,0.4255265685123355
1053.4642082176597,16.569393937943122,0.4290780803259805
1055.4525354902128,16.62088330758224,0.43255312983066696
1057.4470414871225,16.67278968316192,0.43595017290257354
1059.447776249102,16.72510370391023,0.4392676841023994
1061.4547886935711,16.777815826002517,0.4425041557977849
1063.4681265926915,16.83091632469825,0.4456580972770278
1065.4878365516554,16.884395296371494,0.44872803385827
1067.51396398722,16.938242660434486,0.45171250599690776
1069.5465531064722,16.992448161154115,0.45461006839445284
1071.5856468858108,17.04700136936145,0.45741928911295915
1073.6312870501342,17.101891684055005,0.4601387486973252
1075.6835140522207,17.157108333898684,0.4627670393094382
1077.7423670522885,17.212640378615816,0.46530276387724
1079.8078838977224,17.268476710281085,0.46774453526173454
1081.8801011029561,17.324606054512493,0.47009097544584344
1083.9590538294976,17.381016971565995,0.47234071474736206
1086.0447758660855,17.437697857335678,0.47449239106063246
1088.1372996089658,17.494636944262954,0.4765446491289775
1090.2366560422774,17.55182230215843,0.4784961398520397
1092.3428747185365,17.609241838940676,0.48034551963140143
1094.4559837392094,17.666883301296444,0.4820914497572974
1096.576009735365,17.72473427526732,0.4837325958404767
1098.702977848397,17.782782186768177,0.4852676272925886
1100.8369117108093,17.841014302043288,0.48669521685837935
1102.9778334270545,17.899417728066293,0.4880140402038732
1105.1257635544225,17.957979412890758,0.48922277556338045
1107.2807210839694,18.016686145958364,0.49032010344998156
1109.4427234214845,18.07552455837236,0.49130470643265295
1111.6117863684892,18.13448112314428,0.4921752689841815
1113.7879241032665,18.19354215542238,0.49293047740341933
1115.971149161917,18.252693812710792,0.49356901981664575
1118.1614724194424,18.31192209508879,0.494089586260967
1120.358903070853,18.371212845440105,0.49449086885493543
1122.5634486123058,18.430551749702698,0.49477156205958533
1124.77511482227,18.489924337149848,0.49493036303474014
1126.993905742728,18.549315980714017,0.49496597209441145
1129.2198236604136,18.608711897365346,0.49487709326575907
1131.4528690880975,18.668097148557237,0.49466243495552104
1133.6930407459245,18.7274566407519,0.4943207107286204
1135.9403355428146,18.786775126039334,0.4938506402027384
1138.1947485579394,18.846037202863663,0.49325095006323616
1140.456273022283,18.90522731687125,0.49252037520262826
1142.7249003003076,18.964329761895566,0.49165765998863503
1145.0006198717351,19.023328681094203,0.4906615596646624
1147.2834193134665,19.082208068253962,0.48953084188667617
1149.573284281657,19.140951769280363,0.4882642884004973
1151.8701984939705,19.199543483888423,0.48686069686230127
1154.1741437120372,19.2579667675119,0.48531888280646623
1156.4850997241385,19.316205033448675,0.48363768176349353
1158.8030443281523,19.374241555260294,0.4818159515309321
1161.1279533147836,19.432059469444006,0.479852574599704
1163.4598004511167,19.48964177839597,0.4777464607382894
1165.7985574645243,19.546971353684565,0.4754965497362799
1168.1441940269665,19.60403093965292,0.4731018143089294
1170.4966777397249,19.66080315736999,0.47056126316347147
1172.8559741186093,19.717270508949607,0.4678739442275889
1175.2220465796834,19.773415382256918,0.4650389480397088
1177.594856425554,19.829220056021683,0.4620554113007399
1179.9743628322767,19.88466670537777,0.45892252058520694
1182.360522836922,19.939737407847996,0.4556395162100972
1184.7532913258638,19.994414149793208,0.4522056962580123
1187.152621023839,20.04867883334417,0.44862042075128156
1189.5584624838402,20.102513283834323,0.4448831159720612
1191.9707640779004,20.15589925775097,0.44099327892285584
1194.3894719888306,20.208818451221713,0.436950481921361
1196.8145302029773,20.261252509052277,0.43275437732133903
1199.2458805040635,20.313183034330837,0.4284047023517997
1201.6834624681833,20.364591598613053,0.4239012840640359
1204.127213460017,20.415459752700738,0.41924404437629903
1206.577068630341,20.465769038025893,0.4144330052036812
1209.0329609149042,20.515500998650335,0.40946829366038295
1211.4948210347422,20.56463719388958,0.4043501473198911
1213.962577498009,20.613159211567968,0.39907891951746305
1216.4361566033972,20.661048681910064,0.39365508467819055
1218.9154824452264,20.708287292071446,0.38807924365243573
1221.400476920275,20.75485680130974,0.3823521290397499
1223.8910597364322,20.80073905679451,0.37647461048052244
1226.3871484232475,20.84591601005217,0.3704476998938648
1228.8886583444537,20.890369734039435,0.36427255663917063
1231.3955027125385,20.934082440836136,0.35795049257725253
1233.9075926054388,20.977036499945406,0.3514829770066896
1236.4248369854322,21.01921445718621,0.3448716414492736
1238.9471427202946,21.06059905416012,0.338118284257997
1241.4744146067937,21.10117324827108,0.33122487502084874
1244.0065553965862,21.140920233273583,0.324193558731641
1246.543465824579,21.17982346032138,0.3170266597000075
1249.0850446398176,21.21786665948538,0.3097266851716185
1251.6311886389558,21.255033861705975,0.3022963286295699
1254.1817927023606,21.291309421141523,0.29473847274781306
1256.7367498328974,21.32667803787126,0.2870561919678494
1259.295951197442,21.361124780907403,0.2792527546698528
1261.8592861711509,21.394635111467785,0.27133162491021307
1264.426642384527,21.42719490645701,0.2632964636980854
1266.997905773302,21.45879048210078,0.25515112978421095
1269.572960631154,21.489408617674886,0.2468996799368147
1272.151689665275,21.519036579267304,0.23854636868039236
1274.733974054787,21.54766214350895,0.23009564747488537
1277.3196935120081,21.575273621205938,0.2215521633145201
1279.9087263465528,21.60185988080368,0.2129207567274823
1282.5009495322493,21.627410371610978,0.20420645915990576
1285.0962387768425,21.651915146710166,0.1954144897301428
1287.6944685944477,21.675364885477784,0.1865502513414441
1290.295512380705,21.697750915638757,0.17761932614472897
1292.8992424905816,21.719065234776124,0.1686274703452284
1295.5055303187548,21.739300531217552,0.1595806083504255
1298.114246382501,21.758450204219603,0.15048482626021098
1300.7252604070075,21.776508383370828,0.14134636470239198
1303.3384414130119,21.793469947135115,0.13217161102181407
1305.9536578066682,21.809330540457733,0.1229670908333406
1308.5707774715231,21.824086591357734,0.11373945895361004
1311.189667862486,21.837735326432167,0.10449548972933562
1313.8101961016578,21.850274785199687,0.09524206678423279
1316.4322290758817,21.861703833213795,0.08598617220941426
1319.0556335358674,21.872022173878925,0.07673487522620685
1321.6802761967328,21.88123035890607,0.0674953203535722
1324.3060238398016,21.8893297973485,0.0582747151152437
1326.9327434154834,21.896322763162328,0.04908031732539324
1329.5603021470629,21.902212401241375,0.0399194219940983
1332.188567635212,21.907002731880667,0.030799347896692808
1334.8174079630376,21.91069865362827,0.021727423853867833
1337.446691801473,21.913305944490734,0.012710974771135142
1340.076288514812,21.91483126146327,0.0037573074886942948
1342.7060682661875,21.915282138361913,-0.0051263035061014746
1345.335902122791,21.91466698194118,-0.01393263044962012
1347.9656621606239,21.912995066287227,-0.0226545067014546
1350.5952215685784,21.910276525483052,-0.031284841117340534
1353.2244547516364,21.90652234454897,-0.03981663233935488
1355.8532374329823,21.90174434866825,-0.048242982947914
1358.4814467548224,21.8959551907145,-0.056557113420089664
1361.108961377708,21.88916833710409,-0.06475237584000482
1363.7356615781605,21.881398052003288,-0.07282226730724872
1366.361429344401,21.872659379926418,-0.08076044299191547
1368.986148469992,21.862968126767388,-0.08856072878528447
1371.6097046452041,21.852340839313154,-0.09621713349874383
1374.2319855459218,21.840794783293305,-0.10372386056420879
1376.852880919917,21.8283479200256,-0.11107531919334335
1379.47228267032,21.8150188817224,-0.11826613495535081
1382.0900849361267,21.800826945527756,-0.12529115973552626
1384.70618416959,21.785792006359493,-0.13214548104108678
1387.3204792103531,21.769934548634563,-0.13882443062378513
1389.9328713561893,21.75327561695971,-0.1453235923922473
1392.5432644302243,21.73583678587264,-0.15163880959111847
1395.151564844529,21.717640128721705,-0.15776619122756705
1397.7576816599756,21.698708185774397,-0.16370211773001725
1400.3615266422685,21.679063931646795,-0.16944324582700196
1402.9630143140662,21.658730742147554,-0.1749865126392673
1405.5620620031239,21.637732360630842,-0.1803291389801842
1408.1585898863996,21.61609286395322,-0.1854686318659482
1410.752521030074,21.593836628129306,-0.1904027862376386
1413.3437814254494,21.57098829378079,-0.19512968590333912
1415.932300020703,21.54757273147239,-0.19964770371088866
1418.5180087484796,21.523615007027082,-0.2039555009648512
1421.1008425493228,21.4991403469113,-0.20805202610505447
1423.680739390952,21.474174103778694,-0.21193651266662172
1426.2576402834056,21.4487417222587,-0.215608476544323
1428.8314892900767,21.42286870507338,-0.21906771258608515
1431.4022335346854,21.39658057956305,-0.22231429054369775
1433.9698232042329,21.369902864697806,-0.2253485504097282
1436.5342115479966,21.34286103864864,-0.22817109717226577
1439.0953548726345,21.315480506987967,-0.23078279502047513
1441.6532125334732,21.28778657158551,-0.23318476103468083
1444.2077469220635,21.25980440026135,-0.2353783583971314
1446.758923450095,21.231558997253693,-0.23736518915882243
1449.3067105297653,21.203075174554634,-0.23914708659962258
1451.8510795507118,21.17437752416268,-0.24072610721876941
1454.3920048536113,21.145490391296427,-0.2421045223931569
1456.9294637005669,21.116437848609248,-0.2432848097407477
1459.4634362424,21.08724367144036,-0.2442696442263248
1461.9939054829727,21.0579313141332,-0.2450618890462053
1464.5208572406686,21.028523887447655,-0.24566458632836094
1467.0442801071624,20.99904413708825,-0.24608094768311756
1469.564165403613,20.969514423366277,-0.2463143446392202
1472.080507134417,20.93995670200957,-0.24636829899874851
1474.5933019386582,20.91039250612972,-0.2462464731435965
1477.1025490393938,20.88084292935249,-0.24595266032442592
1479.6082501909161,20.85132861011356,-0.24549077496193544
1482.1104096241297,20.821869717118126,-0.24486484298969677
1484.609033990184,20.792485935959363,-0.24407899226472907
1487.104132302499,20.763196456887595,-0.24313744307186508
1489.5957158773256,20.73401996371897,-0.24204449874591916
1492.0837982729718,20.70497462386946,-0.24080453643371413
1494.5683952278362,20.676078079497415,-0.23942199801734176
1497.049524597376,20.647347439735334,-0.23790138121713156
1499.5272062901442,20.61879927398928,-0.2362472308926537
1502.001462203023,20.59044960628216,-0.23446413055741763
1504.472316155777,20.56231391061527,-0.2325566941214182
1506.9397938250509,20.5344071073207,-0.2305295578749404
1509.4039226779294,20.506743560375707,-0.22838737272460702
1511.8647319051745,20.479337075648754,-0.22613479669164605
1514.3222523542524,20.452200900045757,-0.2237764876807565
1516.7765164622579,20.425347721524066,-0.2213170965266483
1519.2275581888407,20.398789669940868,-0.21876126032408888
1521.6754129492335,20.372538318701977,-0.21611359604571945
1524.1201175474778,20.34660468717649,-0.21337869445074986
1526.561710109939,20.3209992438424,-0.2105611142870482
1529.0002300192,20.295731910127955,-0.20766537678712876
1531.4357178484154,20.2708120649135,-0.20469596045818625
1533.868215296205,20.246248549658517,-0.20165729616502168
1536.297765122164,20.222049674118715,-0.19855376250423146
1538.7244110830584,20.198223222618207,-0.1953896814664032
1541.1481978697725,20.17477646084224,-0.1921693143833873
1543.5691710450735,20.151716143116232,-0.18889685815590695
1545.9873769822475,20.129048520137523,-0.1855764417566223
1548.402862804664,20.10677934712673,-0.18221212300379247
1550.8156763263191,20.084913892366274,-0.17880788559881586
1553.225865993403,20.063456946094416,-0.17536763642148995
1555.6334808269344,20.042412829723837,-0.1718952030762999
1558.0385703665013,20.02178540535468,-0.16839433168203874
1560.4411846151438,20.001578085552836,-0.16486868489788975
1562.8413739854102,19.98179384336509,-0.16132184017753443
1565.239189246614,19.962435222543785,-0.1577572882436466
1567.6346814733192,19.943504347954548,-0.15417843177448395
1570.0279019950738,19.92500293614161,-0.15058858429428668
1572.4189023474107,19.906932306026295,-0.14699096925931227
1574.8077342241338,19.889293389715178,-0.14338871933065417
1577.1944494308996,19.8720867433955,-0.13978487582570293
1579.5790998401071,19.855312558296415,-0.13618238833981167
1581.9617373471026,19.838970671695638,-0.13258411452961028
1584.342413827706,19.823060577952084,-0.1289928200498558
1586.7211810970603,19.8075814395461,-0.12541117863526335
1589.0980908698057,19.79253209810987,-0.1218417723196789
1591.473194721579,19.77791108543151,-0.11828709178439331
1593.8465440518307,19.76371663441738,-0.11474953682730771
1596.218190047961,19.749946689998104,-0.11123141694634835
1598.5881836507606,19.736598919964543,-0.1077349520287818
1600.9565755211563,19.72367072572109,-0.10426227313947342
1603.323416008243,19.711159252944352,-0.10081542340119043
1605.6887551185962,19.69906140213621,-0.09739635895966714
1608.0526424868526,19.68737383906105,-0.09400695002762897
1610.41512734754,19.676093005057734,-0.09064898200031499
1612.7762585081468,19.665215127217696,-0.08732415663737689
1615.136084323413,19.65473622842121,-0.08403409330449327
1617.4946526708234,19.64465213722467,-0.08078033026957718
1619.8520109272904,19.634958497592322,-0.0775643260477151
1622.2082059470015,19.625650778466596,-0.07438746079004115
1624.5632840404176,19.61672428317179,-0.07125103771115823
1626.9172909543981,19.608174158646452,-0.06815628455096127
1629.2702718534358,19.599995404500337,-0.06510435506585921
1631.6222713019758,19.592182881892434,-0.06209633054554686
1633.9733332478029,19.58473132222697,-0.059133221350945085
1636.3235010064702,19.577635335664855,-0.05621596846999329
1638.67281724675,19.570889419448456,-0.05334544508720877
1641.0213239770837,19.56448796603799,-0.050522458164259376
1643.3690625330082,19.55842527105828,-0.047747750027789714
1645.7160735655352,19.552695541054945,-0.0450219999618066
1648.0623970304619,19.547292901059528,-0.0423458258022554
1650.408072178589,19.542211401963257,-0.039719785530560145
1652.7531375468245,19.53744502769959,-0.03714437886414383
1655.0976309501484,19.532987702235893,-0.03462004884191572
1657.4415894744168,19.528833296374863,-0.032147183402001886
1659.7850494699817,19.524975634366623,-0.029726116950712367
1662.1280465461057,19.521408500332537,-0.027357131920376553
1664.4706155661456,19.518125644502092,-0.02504046031480319
1666.8127906434859,19.515120789264316,-0.022776285240796078
1669.1546051381977,19.51238763503542,-0.020564742424481846
1671.4960916544019,19.509919865944482,-0.01840592171138411
1673.8372820383152,19.507711155339116,-0.016299868549030094
1676.178207376956,19.505755171113233,-0.014246585451053544
1678.5188979974896,19.504045580859106,-0.012246033442527468
1680.8593834671926,19.502576056846003,-0.010298133484868782
1683.199692594014,19.50134028082782,-0.008402767880847744
1685.5398534277135,19.500331948682117,-0.006559781657896243
1687.8798932615555,19.49954477488317,-0.004768983930247828
1690.2198386345415,19.49897249681154,-0.003030149237718642
1692.559715334159,19.498608878903013,-0.0013430188555041411
1694.8995483996273,19.498447716640353,0.0002926979330020174
1697.2393621256242,19.498482840392313,0.0018773226107290006
1699.5791800664713,19.4987081191056,0.003411206260010384
1701.919025040764,19.499117463856802,0.004894728466009468
1704.2589191364268,19.499704831272723,0.006328296302241891
1706.5988837161794,19.500464226828992,0.007712343409801056
1708.938939423399,19.501389708038168,0.009047329180322805
1711.2791061883636,19.502475387539807,0.010333738052459296
1713.6194032348683,19.503715436106102,0.011572078929707649
1715.959849087201,19.505104085577667,0.012762884726432352
1718.3004615774703,19.50663563174484,0.013906712046492705
1720.6412578532797,19.508304437190418,0.015004140998087223
1722.9822543857426,19.51010493411019,0.016055775146324912
1725.3234669778358,19.512031627127747,0.017062241602812854
1727.6649107730912,19.514079096120085,0.01802419125060221
1730.0066002646256,19.516241999070157,0.01894229910076225
1732.348549304514,19.51851507496225,0.019817264775105297
1734.6907711135095,19.52089314673526,0.020649813108253312
1737.0332782911178,19.52337112430825,0.021440694861081987
1739.3760828260347,19.52594400769158,0.022190687535357988
1741.7191961069577,19.528606890195825,0.022900596279355295
1744.0626289337813,19.531354961749347,0.023571254872371366
1746.4063915291913,19.53418351233403,0.024203526775086935
1748.7504935506713,19.537087935547042,0.024798306232742817
1751.094944102937,19.54006373229497,0.025356519416064316
1753.4397517508123,19.5431065146249,0.025879125586166417
1755.7849245325674,19.54621200969524,0.0263671182669493
1758.130469973731,19.549376063887273,0.026821526410773327
1760.4763951013974,19.552594647056566,0.02724341554101173
1762.8227064590442,19.555863856921487,0.02763388885605641
1765.1694101218748,19.559179923584214,0.027994088279529688
1767.5165117127049,19.562539214177757,0.028325195441277394
1769.8640164184062,19.56593823763071,0.02862843257431062
1772.211929006922,19.569373649539628,0.028905063313278134
1774.5602538448668,19.57284225713722,0.029156393380761852
1776.9089949157233,19.576341024342913,0.02938377114798385
1779.2581558386444,19.57986707688067,0.0295885880579642
1781.6077398878701,19.583417707447627,0.029772278898902254
1783.9577500127639,19.586990380915495,0.029936321917833908
1786.3081888584738,19.590582739545635,0.030082238764380285
1788.6590587872192,19.59419260819736,0.030211594256150203
1791.010361900203,19.5978179995081,0.03032599595818771
1793.362100060144,19.60145711902308,0.03042709357036581
1795.7142749144268,19.605108370251525,0.03051657811701247
1798.066887918857,19.608770359625566,0.030596180935157
1800.419940362012,19.612441901337785,0.03066767245837691
1802.7734333901726,19.61612202203279,0.03073286079491311
1805.1273680328165,19.61980996532818,0.030793590099579642
1807.4817452286559,19.62350519614013,0.030851738740652244
1809.8365658521927,19.627207404789008,0.030909217263482468
1812.1918307407675,19.630916510860626,0.030967966154982207
1814.5475407220708,19.634632666799224,0.03102995341291622
1816.9036966420867,19.638356261208774,0.03109717192613104
1819.2602993934318,19.64208792183991,0.03117163667258893
1821.6173499440526,19.64582851824062,0.031255381743289234
1823.9748493662414,19.649579164049815,0.03135045720110696
1826.3327988659273,19.653341218913948,0.031458925784288994
1828.691199812197,19.657116290008062,0.03158285946624299
1831.050053766998,19.66090623314401,0.03172433588260286
1833.4093625149753,19.664713153449924,0.031885434638923016
1835.7691280933893,19.668539405606595,0.032068233511880116
1838.1293528220622,19.67238759362802,0.032274804557926494
1840.4900393332975,19.67626057017497,0.032507210144139265
1842.8511906017186,19.680161435392268,0.03276749891621596
1845.2128099739657,19.684093535262214,0.033057701718449316
1847.5749011981973,19.688060459468428,0.03337982748211251
1849.9374684533334,19.69206603876628,0.03373585909753156
1852.3005163779853,19.696114341857985,0.03412774928574318
1854.6640500990084,19.700209671772274,0.03455741648619911
1857.0280752596211,19.70435656175062,0.03502674077605998
1859.3925980470312,19.708559770643745,0.03553755983668102
1861.7576252195086,19.712824277824147,0.036091664983247305
1864.1231641328475,19.717155277622137,0.036690797272539065
1866.4892227661621,19.72155817329484,0.03733664370342282
1868.8558097469574,19.726038570539252,0.03803083352478254
1871.2229343754223,19.730602270562226,0.03877493466418377
1873.5906066478897,19.735255262721928,0.0395704502911561
1875.9588372794162,19.740003716756867,0.04041881552652171
1878.3276377254272,19.74485397462005,0.04132139431064867
1880.6970202023815,19.749812541937327,0.04227947644072454
1883.066997707414,19.754886079110214,0.043294274787471686
1885.4375840369073,19.76008139208471,0.04436692270071892
1887.8087938039575,19.765405422808797,0.04549847161185265
1890.1806424546946,19.77086523940222,0.04668988884063789
1892.5531462834228,19.776468026063096,0.047942055612892887
1894.9263224465503,19.782221072736643,0.049255765294494346
1897.3001889752786,19.788131764571983,0.05063172184594696
1899.6747647870272,19.794207571193496,0.052070538501158836
1902.0500696955705,19.800456035813635,0.05357273667285038
1904.426124419868,19.806884764214377,0.05513874508616586
1906.8029505915738,19.813501413624717,0.05676889914066526
1909.1805707612089,19.820313681521597,0.05846344050078519
1911.5590084029914,19.82732929438169,0.060222516912933344
1913.9382879183172,19.834555996411243,0.06204618224708488
1916.3184346378866,19.842001538280893,0.06393439676003847
1918.6994748224804,19.849673665892098,0.06588702757592084
1921.0814356623875,19.85758010920121,0.06790384937946925
1923.4643452754917,19.865728571126745,0.0699845453166148
1925.848232704027,19.87412671656474,0.07212870809591247
1928.2331279100147,19.882782161536248,0.07433584128448227
1930.619061769399,19.891702462490386,0.07660536079049744
1933.0060660648978,19.900895105785246,0.07893659652449259
1935.394173477592,19.910367497368185,0.08132879423135009
1937.7834175772762,19.920126952675947,0.08378111748334287
1940.1738328115973,19.930180686773948,0.08629264982561817
1942.5654544940103,19.940535804753022,0.08886239706435244
1944.9583187905807,19.951199292400744,0.09148928968759999
1947.3524627056688,19.962178007163256,0.09417218540888803
1949.7479240665284,19.973478669412323,0.09690987182328452
1952.1447415068578,19.985107854031117,0.09970106916572519
1954.5429544493416,19.997071982331004,0.10254443316102999
1956.9426030872212,20.009377314310328,0.10543855795554317
1959.3437283649384,20.022029941264993,0.10838197911956135
1961.7463719578902,20.03503577875934,0.11137317671095678
1964.1505762513414,20.048400559964655,0.11441057838901258
1966.556384318537,20.062129829371337,0.11749256256955813
1968.9638398980617,20.076228936879684,0.12061746161059854
1971.3729873704872,20.090703032272955,0.12378356501976384
1973.78387173436,20.105557060075327,0.12698912267380774
1976.196538581569,20.120795754796184,0.1302323480413629
1978.6110340721445,20.136423636561148,0.13351142140063388
1981.027404908532,20.152445007129224,0.1368244930430566
1983.4456983093874,20.16886394629439,0.14016968645587843
1985.8659619829427,20.185684308669096,0.14354510147531013
1988.288244099983,20.202909720846133,0.1469488174038247
1990.7125932664846,20.220543578934592,0.15037889608440955
1993.1390584959568,20.23858904646472,0.15383338492579077
1995.5676891815326,20.257049052655816,0.15731031987238353
1997.9985350678512,20.275926291040502,0.16080772831408296
2000.4316462227762,20.295223218438192,0.16432363193021143
2002.8670730089887,20.314942054269817,0.16785604946359575
2005.304866055501,20.33508478020545,0.17140299942042247
2007.7450762291255,20.3556531401359,0.17496250269199248
2010.1877546059418,20.37664864045894,0.17853258509511843
2012.632952442797,20.398072550670353,0.18211127982861916
2015.0807211488775,20.419925904249787,0.1856966298427428
2017.5311122573876,20.442209499830916,0.18928669011980168
2019.9841773973674,20.464923902645292,0.19287952986430196
2022.439968265685,20.48806944622901,0.1964732346009098
2024.8985365992323,20.511646234381118,0.2000659081795438
2027.359934147358,20.535654143362663,0.20365567468635012
2029.8242126445616,20.560092824325025,0.2072406802608858
2032.2914237834807,20.58496170595633,0.21081909481877048
2034.7616191881955,20.610259997334584,0.21438911368030963
2037.2348503878757,20.63598669097622,0.21794895910547396
2039.7111687907927,20.662140566068878,0.22149688173603485
2042.190625658721,20.688720191877202,0.22503116194544742
2044.6732720817463,20.715723931310656,0.2285501110983764
2047.1591589535035,20.74314994464246,0.23205207272027906
2049.6483369468606,20.770996193368894,0.2355354235792658
2052.140856490065,20.799260444198406,0.23899857468177763
2054.6367677433686,20.82794027316022,0.24243997218391655
2057.1361205761477,20.85703306982229,0.24585809822026405
2059.6389645445265,20.88653604160872,0.24925147165249703
2062.1453488695197,20.91644621820702,0.2526186487403178
2064.6553224157046,20.94676045605586,0.25595822373614874
2067.168933670431,20.977475442904197,0.2592688294069667
2069.6862307235797,21.008587702433033,0.26254913748484654
2072.2072612478714,21.040093598931215,0.26579785904979525
2074.7320724797432,21.07198934201719,0.26901374484597323
2077.2607112007854,21.104270991398707,0.2721955855355655
2079.7932237197533,21.136934461662975,0.27534221189124963
2082.329655855153,21.169975527089925,0.27845249493113994
2084.8700529184034,21.20338982648166,0.28152534599816076
2087.414459697581,21.23717286800144,0.2845597167864848
2089.9629204417415,21.27132003401582,0.28755459931781857
2092.5154788458235,21.305826585933957,0.2905090258701115
2095.0721780361355,21.34068766903837,0.2934220688607011
2097.63306055642,21.375898317301655,0.29629284068709205
2100.198168354496,21.411453458184106,0.29912049352717557
2102.767542769478,21.447347917407367,0.3019042191017304
2105.341224519567,21.483576423699574,0.30464324840115964
2107.9192536904106,21.520133613507713,0.30733685137915856
2110.5016697240317,21.557014035673213,0.3099843366148214
2113.0885114083126,21.59421215606699,0.3125850509462976
2115.6798168670407,21.631722362180547,0.31513837907715114
2118.2756235505026,21.669538967669805,0.3176437431580285
2120.875968226623,21.70765621684877,0.3201006023451451
2123.480886972645,21.746068289130186,0.32250845233801806
2126.0904151673403,21.784769303410748,0.3248668248973926
2128.7045874837495,21.823753322398435,0.32717528734605617
2131.3234378824372,21.86301435687996,0.3294334420532804
2133.946999605263,21.902546369926355,0.33164092590505234
2136.5753051696543,21.94234328103496,0.3337974097615456
2139.2083863633784,21.982398970206347,0.33590259790254134
2141.8462742398033,22.022707281954652,0.3379562274632579
2144.488999113638,22.063262029250243,0.33995806786100147
2147.136590557148,22.104056997393563,0.34190792021429794
2149.789077396835,22.14508594781928,0.3438056167551255
2152.4464877105734,22.186342621829894,0.34565102023608557
2155.108848825193,22.227820744258224,0.34744402333280655
2157.776187314504,22.26951402705816,0.34918454804288385
2160.448528997751,22.311416172823307,0.35087254508203713
2163.1258989384896,22.35352087823315,0.35250799327857985
2165.8083214438775,22.39582183742658,0.35409089896643786
2168.4958200643687,22.438312745302554,0.355621295378139
2171.188417593805,22.48098730074793,0.35709924203768395
2173.8861360698947,22.523839209792452,0.3585248241543345
2176.58899677507,22.566862188690973,0.35989815201803077
2179.297020237713,22.610049966933136,0.36121936039599234
2182.0102262337446,22.653396290180655,0.36248860793230975
2184.728633788566,22.696894923132533,0.3637060765497857
2187.4522611793423,22.740539652318507,0.3648719708550926
2190.1811259376204,22.784324288821118,0.36598651754718625
2192.915244852279,22.82824267092678,0.36704996482939123
2195.65463397279,22.872288666706307,0.36806258182557156
2198.399308612795,22.916456176525376,0.3690246580003868
2201.149283353978,22.960739135485422,0.3699365025831902
2203.904572050236,23.005131515795405,0.37079844399456147
2206.6651878321313,23.049627329074752,0.37161082927363864
2209.4311431116203,23.09422062858759,0.3723740235050066
2212.202449587051,23.13890551140819,0.37308840924247616
2214.97911824842,23.183676120517287,0.3737543859282155
2217.761159382882,23.228526646828673,0.3743723693046874
2220.5485825805013,23.273451331145235,0.3749427908177931
2223.341396740239,23.31844446604337,0.37546609700912137
2226.139610076164,23.363500397684465,0.37594274889549695
2228.943230123886,23.408613527551925,0.37637322133422896
2231.7522637471925,23.453778314112032,0.37675800237331936
2234.566717144886,23.49898927439683,0.37709759258458914
2237.3865958578135,23.54424098550698,0.377392504379781
2240.2119047760743,23.589528086032555,0.3776432613086319
2243.0426481463983,23.63484527738959,0.377850397338797
2245.878829579685,23.680187325070246,0.37801445611738893
2248.7204520586934,23.725549059804333,0.3781359902147822
2251.56751794587,23.770925378630107,0.3782155603508327
2254.4200289913056,23.816311245872207,0.3782537346043095
2257.2779863408105,23.861701694024724,0.378251087606607
2260.1413905440936,23.907091824537517,0.3782081997208901
2263.010241563038,23.952476808504024,0.3781256562079468
2265.8845387800584,23.997851887248977,0.378004046380435
2268.764281006528,24.04321237281463,0.37784396274724114
2271.6494664912657,24.0885536483443,0.37764600014972655
2274.540092929067,24.133871168362266,0.3774107548918752
2277.4361574692707,24.17916045894929,0.3771388238666222
2280.3376567243445,24.224417117813285,0.3768308036803762
2283.2445867784822,24.26963681425493,0.3764872897778382
2286.156943196193,24.31481528902827,0.37610887557010625
2289.0747210308764,24.359948354096684,0.37569615156769487
2291.997914833368,24.405031892284807,0.37524970452107453
2294.9265186604425,24.450061856827336,0.37477011657151377
2297.860526083262,24.495034270815918,0.3742579644141486
2300.7999301957598,24.539945226545615,0.37371381847558877
2303.7447236229455,24.584790884762686,0.37313824210899094
2306.694898529117,24.629567473815765,0.372531790808169
2309.650446625975,24.674271288712745,0.37189501144328696
2312.61135918062,24.71889869008594,0.37122844152041407
2315.5776270234305,24.76344610306839,0.3705326084664821
2318.549240555799,24.807910016084367,0.3698080289422793
2321.526189757729,24.85228697955744,0.3690552081849911
2324.508464195276,24.89657360453964,0.3682746393816494
2327.4960530278204,24.940766561265438,0.3674668030760368
2330.4889450151722,24.984862577634562,0.3666321666096965
2333.4871285244885,25.028858437627726,0.3657711835991506
2336.4905915370036,25.072750979659624,0.3648842934500074
2339.4993216545627,25.116537094873625,0.3639719209093192
2342.5133061059473,25.160213725382743,0.3630344756575236
2345.5325317529932,25.203777862461646,0.3620723519402347
2348.5569850964885,25.247226544694474,0.3610859282411857
2351.586652281852,25.290556856083416,0.36007556699629484
2354.621519104582,25.33376592412297,0.35904161435027504
2357.661571015477,25.376850917845005,0.3579843999550766
2360.7067931256183,25.419809045839614,0.35690423681096206
2363.757170211119,25.46263755425693,0.35580142115021474
2366.8126867176297,25.505333724794955,0.35467623236338974
2369.8733267646053,25.54789487267856,0.35352893296778376
2372.9390741493266,25.590318344634696,0.3523597686183896
2376.009912350683,25.632601516868903,0.3511689681598244
2379.085824532707,25.67474179304808,0.3499567437200035
2382.166793547873,25.716736602294482,0.348723290844107
2385.2528019401484,25.758583397195775,0.3474687886682778
2388.343831947812,25.800279651835968,0.34619340013237004
2391.439865506032,25.841822859851852,0.34489727223083005
2394.5408842492143,25.883210532519552,0.3435805363004955
2397.6468695131166,25.92444019687561,0.3422433083444254
2400.757802336742,25.965509393876943,0.3408856893906946
2403.873663464007,26.006415676603826,0.339507765884702
2406.9944333451995,26.04715660850999,0.3381096101137201
2410.1200921382206,26.087729761723637,0.33669128066264875
2413.2506197096272,26.128132715403154,0.33525282289925684
2416.3859956354754,26.168363054151065,0.3337942694875788
2419.5261992019737,26.208418366489575,0.33231564092816396
2422.6712094059526,26.248296243400954,0.33081694612322465
2425.821004955161,26.28799427693574,0.32929818296573526
2428.975564268393,26.32751005889163,0.32775933895041004
2432.13486547546,26.36684117956568,0.32620039180525734
2435.298886417008,26.40598522658231,0.32462131014190376
2438.4676046441978,26.444939783799338,0.3230220541233564
2441.640997418254,26.48370243029414,0.32140257614730794
2444.819041709889,26.522270739431818,0.3197628215435344
2448.001714198621,26.560642278017042,0.3181027292835796
2451.188991271983,26.59881460553107,0.3164222327014225
2454.3808490246465,26.636785273455242,0.31472126022329405
2457.5772632574613,26.674551824682037,0.31299973610492415
2460.778209476423,26.71211179301463,0.3112575811751247
2463.9836628915846,26.749462702755643,0.3094947135834877
2467.1935984159154,26.786602068385662,0.30771104955148826
2470.407990664122,26.82352739433184,0.30590650412447573
2473.626813951442,26.860236174826777,0.30408099192416793
2476.850042292421,26.896725893857678,0.30223442789904337
2480.077649399684,26.932994025205563,0.30036672807254305
2483.3096086827086,26.969038032574268,0.29847781028620923
2486.5458932466177,27.004855369808613,0.2965675949375246
2489.7864758909946,27.040443481201116,0.294636005711002
2493.0313291087386,27.075799801886436,0.29268297030033236
2496.280425084965,27.110921758322476,0.29070842112171036
2499.5337356959635,27.14580676885708,0.28871229601588055
2502.7912325082266,27.180452244378987,0.2866945389386366
2506.052886777552,27.214855589051623,0.2846551006381463
2509.3186694482383,27.2490142011282,0.28259393931821347
2512.588551152374,27.282925473846387,0.2805110212864115
2515.8625022092356,27.316586796400756,0.278406321585963
2519.1404926248038,27.34999555499107,0.27627982461059614
2522.4224920914025,27.383149133944343,0.2741315247013709
2525.708469987476,27.416044916908508,0.27196142672464657
2528.998395377505,27.448680288115465,0.26976954663018304
2532.2922370120787,27.481052633711087,0.26755591198893336
2535.589963328124,27.51315934314976,0.26532056250940056
2538.891542449302,27.544997810650887,0.2630635505321166
2542.19694218658,27.57656543671474,0.2607849415014722
2545.5061300389857,27.607859629694918,0.2584848144144244
2548.819073194549,27.63887780742465,0.2561632622452533
2552.13573853144,27.66961739889408,0.25382039234607134
2555.456092619307,27.700075845975608,0.25145632682246344
2558.7801017208244,27.730250605194303,0.24907120288393259
2562.107731793448,27.760139149540375,0.24666517316861797
2565.4389484913927,27.78973897032061,0.24423840604198926
2568.7737171678314,27.819047579045648,0.24179108586910303
2572.1120028773166,27.84806250934994,0.23932341326036166
2575.4537703784385,27.876781318941184,0.23683560529033088
2578.7989841367116,27.905201591576024,0.23432789568940868
2582.1476083277007,27.933320939058753,0.23180053500822714
2585.499606840388,27.96113700325974,0.22925379075490565
2588.854943280779,27.98864745815033,0.2266879475045928
2592.213580975757,28.01585001185088,0.22410330698165265
2595.575482977179,28.042742408688678,0.2215001881142283
2598.9406120662215,28.069322431262385,0.2188789270615684
2602.308930757973,28.095587902509774,0.21623987721370125
2605.6804013062742,28.121536687775418,0.21358340916399027
2609.054985708807,28.147166696875097,0.21090991065448134
2612.432645712432,28.172475886153634,0.2082197864943088
2615.8133428187707,28.19746226053295,0.2055134584514266
2619.1970382900345,28.222123875547123,0.20279136511775303
2622.5836931551003,28.246458839361253,0.20005396174826257
2625.9732682158237,28.270465314771045,0.19730172007411304
2629.3657240535963,28.294141521179938,0.19453512809040063
2632.7610210361377,28.317485736550786,0.1917546898187794
2636.1591193245235,28.34049629932904,0.18896092504541903
2639.559978880443,28.36317161033449,0.18615436903468563
2642.9635594736833,28.385510134618652,0.1833355722194637
2646.3698206898375,28.407510403284988,0.18050509986794103
2649.7787219382317,28.42917101526914,0.17766353172813018
2653.190222460064,28.450490639076516,0.17481146165012618
2656.604281336753,28.47146801447453,0.17194949718725522
2660.02085749849,28.492101954137002,0.16907825917638064
2663.4399097329865,28.512391345238168,0.1661983812981956
2666.861396694415,28.53233515099395,0.16331050961830113
2670.2852769125343,28.551932412148147,0.16041530210957333
2673.7115088019923,28.571182248401296,0.15751342815694497
2677.1400506718005,28.59008385978013,0.15460556804489656
2680.5708607349743,28.608636527945517,0.15169241242893133
2684.0038971183276,28.62683961743699,0.1487746617917137
2687.43911787242,28.644692576851995,0.14585302588455326
2690.876480981642,28.66219493995814,0.14292822315535858
2694.315944374437,28.679346326736784,0.14000098016377177
2697.7574659336456,28.696146444356437,0.1370720309844901
2701.2010035069684,28.712595088074576,0.13414211659978176
2704.6465149175374,28.72869214206655,0.13121198428184638
2708.0939579745855,28.74443758018037,0.12828238696623492
2711.5432904842073,28.75983146661632,0.12535408261718692
2714.994470260201,28.77487395653038,0.12242783358601037
2718.447455134985,28.789565296560703,0.11950440596294835
2721.902202970572,28.803905825276257,0.11658456892445676
2725.358671669605,28.81789597354719,0.11366909407577452
2728.8168191864306,28.831536264836284,0.11075875479062229
2732.276603538211,28.84482731541116,0.10785432554885807
2735.73798281606,28.857769834477022,0.10495658127244549
2739.2009151961975,28.870364624229715,0.10206629666154043
2742.665358951105,28.8826125798291,0.09918424553137703
2746.1312724606846,28.894514689292865,0.09631120015075231
2749.5986142233996,28.906072033310956,0.0934479305829091
2753.0673428673967,28.917285784980905,0.09059520403050433
2756.5374171615945,28.928157209464565,0.08775378418492963
2760.00879602673,28.938687663566757,0.08492443058102003
2763.4814385463583,28.94887859523648,0.08210789795824644
2766.9553039777866,28.95873154299147,0.07930493562907279
2770.4303517629455,28.968248135266958,0.07651628685551397
2773.9065415391774,28.97743008968962,0.07374268823472363
2777.38383314994,28.986279212277786,0.07098486909414467
2780.8621866554136,28.994797396569084,0.06824355089743625
2784.341562343002,29.002986622676776,0.06551944666179921
2787.8219207377233,29.01084895627619,0.0628132603872326
2791.3032226124765,29.01838654752266,0.06012568649878721
2794.785428998179,29.025601629902514,0.05745740930228986
2798.2685011937674,29.03249651901879,0.054809102454100866
2801.75240077605,29.03907361131328,0.05218142844594098
2805.2370896094076,29.045335382726794,0.04957503810493573
2808.722529855335,29.051284387299386,0.046990570109735806
2812.2086839818107,29.056923255712555,0.044428650522920776
2815.695514772496,29.062254693775305,0.0418898923407222
2819.182985335749,29.06728148085619,0.03937489506003663
2822.6710591134515,29.072006468263396,0.03688424426308383
2826.159699889643,29.076432577574966,0.03441851122083506
2829.648871798952,29.080562798921466,0.03197825251464911
2833.1385393348223,29.084400189223224,0.02956400967697448
2836.628667357529,29.08794787038446,0.027176308851295516
2840.119221101975,29.091209027446617,0.024815660471588785
2843.610166185269,29.094186906703207,0.022482558961230602
2847.1014686140734,29.096884813778555,0.020177482452006977
2850.593094791727,29.099306111672796,0.017900892522959566
2854.0850115251274,29.10145421877555,0.015653233959215623
2857.5771860313803,29.103332606850657,0.01343493453124604
2861.0695859442026,29.104944798994406,0.011246404793959405
2864.562179320082,29.10629436756968,0.009088037906164933
2868.0549346441903,29.10738493211842,0.006960209470108225
2871.5478208360446,29.108220157254834,0.004863277390961448
2875.0408072549153,29.10880375054175,0.0027975817564751537
2878.5338637049804,29.109139460352527,0.0007634447361404284
2882.026960440223,29.109231073720863,-0.0012388294996649545
2885.5200681690694,29.109082414180904,-0.003208954841375326
2889.0131580587713,29.10869733959994,-0.005146663282514416
2892.5062017395235,29.108079740006037,-0.007051704943084047
2895.999171308324,29.107233535412867,-0.008923848074153067
2899.4920393325738,29.10616267364397,-0.010762879044357021
2902.984778853411,29.104871128158646,-0.012568602307834928
2906.4773633887903,29.103362895881705,-0.014340840354846545
2909.9697669362963,29.101641995039124,-0.01607943364477412
2913.461963975701,29.09971246300175,-0.01778424052242637
2916.9539294712613,29.09757835413906,-0.019455137117615116
2920.445638873758,29.095243737684946,-0.021092017228507842
2923.9370681222804,29.092712695617525,-0.022694792189585183
2927.4281936457546,29.089989320554775,-0.02426339072411447
2930.918992364221,29.08707771366788,-0.02579775878193876
2934.409441689861,29.08398198261405,-0.027297859363262234
2937.899519527775,29.080706239490457,-0.02876367232819514
2941.3892042765137,29.077254598811074,-0.03019519419350895
2944.878474828371,29.073631175507852,-0.031592437916276125
2948.367310569432,29.0698400829579,-0.03295543266551941
2951.855691379387,29.065885431038037,-0.034284223582196446
2955.3435976311116,29.061771324208173,-0.03557887152787487
2958.8310101900165,29.05750185962483,-0.036839452822719686
2962.3179104131714,29.053081125286102,-0.03806605897397712
2965.8042801482056,29.048513198209225,-0.03925879639409639
2969.290101731991,29.043802142641933,-0.04041778611065065
2972.7753579891078,29.038952008308655,-0.041543163467109664
2976.260032230105,29.033966828692602,-0.04263507781659589
2979.744108249548,29.02885061935461,-0.04369369220720287
2983.2275703238706,29.023607376289746,-0.044719183061658896
2986.7104032090256,29.018241074322347,-0.045711739849737164
2990.1925921379443,29.01275566554038,-0.046671564755632985
2993.6741228178093,29.007155077769703,-0.047598872339597406
2997.1549814271416,29.00144321308895,-0.04849388919524837
3000.635154612712,28.99562394638552,-0.0493568536025298
3004.1146294862783,28.989701123953218,-0.050188015176969955
3007.5933936211527,28.98367856213198,-0.050987634515683077
3011.0714350486087,28.9775600459901,-0.05175598284082502
3014.5487422541273,28.9713493280492,-0.05249334164065071
3018.025304173493,28.965050127052322,-0.05320000230903214
3021.5011101887394,28.95866612677524,-0.05387626578322961
3024.9761501239523,28.95220097488125,-0.054522442181248465
3028.450414240938,28.9456582818195,-0.0551388504383965
3031.923893234756,28.939041619766893,-0.05572581794404859
3035.3965782291284,28.932354521613608,-0.05628368017861855
3038.868460771722,28.925600479992173,-0.05681278035127117
3042.339532829321,28.91878294635002,-0.05731346903914414
3045.809786782883,28.911905330065323,-0.05778610382757658
3049.279215422491,28.904970997606014,-0.05823104895246919
3052.7478119422035,28.897983271731718,-0.05864867494492406
3056.2155699348114,28.890945430738327,-0.05903935827831219
3059.6824833865,28.88386070774493,-0.05940348101809434
3063.1485466714294,28.87673229002276,-0.05974143047510576
3066.613754546232,28.869563318365746,-0.060053598861919966
3070.078102144436,28.862356886502315,-0.06034038295312054
3073.541584970816,28.85511604054794,-0.06060218374968803
3077.004198895682,28.847843778497978,-0.060839406147206176
3080.4659401491017,28.840543049760313,-0.06105245860880497
3083.926805315073,28.833216754727257,-0.0612417528428703
3087.3867913256404,28.825867744386112,-0.06140770348528335
3090.845895454967,28.81849881996788,-0.06155072778716668
3094.304115313363,28.81111273263342,-0.0616712453074264
3097.761448841279,28.803712183196527,-0.061769677611067664
3101.2178943032627,28.7962998218832,-0.06184644797301668
3104.6734502818886,28.788878248126437,-0.06190198108744956
3108.1281156716636,28.781450010395943,-0.061936702783338404
3111.581889672911,28.774017606061943,-0.06195103974553362
3115.0347717856384,28.76658348129248,-0.06194541924244845
3118.4867618033936,28.759150030983385,-0.061920268859457415
3121.9378598071116,28.75171959872025,-0.06187601623874883
3125.3880661589583,28.7442944767716,-0.06181308882572031
3128.837381496171,28.736876906112514,-0.06173191362123613
3132.2858067249044,28.729469076477965,-0.06163291694104937
3135.7333430140816,28.72207312644504,-0.061516524181174745
3139.179991789255,28.7146911435433,-0.06138315959018925
3142.62575472648,28.707325164392476,-0.06123324604772051
3146.070633746207,28.69997717486675,-0.06106720484998126
3149.514631007191,28.69264911028475,-0.06088545550149149
3152.957748900425,28.685342855624572,-0.060688415513669255
3156.3999900431,28.678060245762932,-0.06047650021005306
3159.8413572725913,28.670803065737726,-0.060250122537712045
3163.2818536404798,28.6635730510332,-0.060009692885909516
3166.7214824066036,28.65637188788689,-0.059755618910598926
3170.16024703315,28.64920121361762,-0.059488305365965985
3173.598151178784,28.642062616973703,-0.059208153942099294
3177.035198692821,28.63495763850065,-0.05891556310917423
3180.471393609441,28.62788777092755,-0.05861092796815015
3183.906740141952,28.620854459571373,-0.058294640107744065
3187.3412426771006,28.613859102758443,-0.057967087467266275
3190.7749057694314,28.60690305226237,-0.057628654206265395
3194.207734135703,28.59998761375762,-0.057279720579946534
3197.639732649354,28.593114047288026,-0.05692066282048103
3201.070906335028,28.586283567749568,-0.05655185302462229
3204.501260363158,28.579497345386613,-0.05617365904703557
3207.9308000446044,28.57275650630097,-0.05578644439931206
3211.3595308253607,28.56606213297305,-0.05539056815493382
3214.7874582813174,28.55941526479446,-0.05498638485956775
3218.2145881130928,28.55281689861131,-0.054574244447103126
3221.6409261409262,28.54626798927766,-0.054154492161047806
3225.0664782996396,28.539769450218333,-0.05372746848107587
3228.491250633666,28.533322154000604,-0.053293509055111585
3231.915249292146,28.52692693291399,-0.05285294463612071
3235.3384805240958,28.520584579557656,-0.052406101024260465
3238.7609506736426,28.514295847434745,-0.05195329901382569
3242.182666175335,28.508061451553086,-0.051494854344872706
3245.603633549521,28.5018820690317,-0.05103107765958015
3249.0238593978047,28.495758339712552,-0.05056227446343561
3252.44335039857,28.48969086677694,-0.050088745090359765
3255.8621133025836,28.483680217366096,-0.049610784672715624
3259.2801549286673,28.47772692320537,-0.049128683115225634
3262.697482159452,28.471831481231543,-0.04864272507318172
3266.1141019372,28.46599435422276,-0.0481531899345337
3269.5300212597067,28.460215971430618,-0.0476603518061521
3272.9452471762784,28.45449672921388,-0.047164479503525314
3276.359786783784,28.448836991673456,-0.04666583654445352
3279.773647222785,28.443237091288122,-0.04616468114611768
3283.1868356737396,28.437697329550588,-0.0456612662257309
3286.5993593532858,28.4322179776035,-0.04515583940450559
3290.0112255105983,28.42679927687496,-0.044648643014818155
3293.4224414238233,28.42144143971318,-0.04413991411065984
3296.833014396589,28.416144650019902,-0.04362988448101864
3300.2429517545916,28.41090906388218,-0.04311878066622181
3303.6522608422574,28.405734810202233,-0.04260682398508446
3307.0609490194815,28.400621991324023,-0.04209423059136815
3310.4690236584406,28.39557068365306,-0.041581211583234065
3313.876492140479,28.39058093826307,-0.04106797319355001
3317.283361853071,28.385652781479845,-0.04055471709216718
3320.6896401868485,28.380786215428785,-0.040041640827255996
3324.0953345327,28.375981218529514,-0.03952893843595836
3327.500452278923,28.3712377459172,-0.039016801247833875
3330.905000808433,28.36655572976746,-0.038505418904429455
3334.308987496005,28.361935079498927,-0.0379949806121734
3337.712419705545,28.357375681825467,-0.03748567664366339
3341.115304787364,28.352877400628227,-0.03697770009673344
3344.5176500754396,28.34844007661662,-0.03647124891692499
3347.9194628846335,28.344063526746588,-0.035966528185256884
3351.320750507843,28.339747543364357,-0.03546375266833361
3354.721520213047,28.335491893044157,-0.03496314962507796
3358.121779240212,28.331296315089148,-0.03446496185987395
3361.521534798023,28.327160519665963,-0.0339694510101
3364.920794060383,28.32308418554475,-0.03347690105188761
3368.319564162648,28.319066957418524,-0.03298762200669714
3371.7178521975384,28.31510844277772,-0.032501953828608286
3375.1156652106715,28.311208208318288,-0.03202027045077216
3378.5130101956697,28.307365775864195,-0.03154298396837637
3381.9098940887734,28.30358061778799,-0.031070548934290326
3385.306323762908,28.299852151915875,-0.030603466742936312
3388.702306021138,28.296179735906723,-0.030142290077931715
3392.097847589447,28.29256266109737,-0.02968762739863351
3395.492955108779,28.289000145809535,-0.029240147441278452
3398.887635126276,28.28549132811658,-0.028800583711093473
3402.28189408565,28.28203525807125,-0.028369738941365817
3405.6757383166187,28.278630889398286,-0.02794848949842314
3409.0691740233465,28.275277070658476,-0.02753778970990458
3412.4622072718257,28.271972535893287,-0.027138676097552644
3415.854843976133,28.26871589476158,-0.02675227149504522
3419.2470898835045,28.265505622182175,-0.02637978903375545
3422.6389505581665,28.262340047498125,-0.026022535980866717
3426.0304313638662,28.25921734318042,-0.025681917415158278
3429.4215374450478,28.2561355130906,-0.025359439727997334
3432.8122737066187,28.253092380323242,-0.025056713938228135
3436.2026447922576,28.250085574650655,-0.024775458811188145
3439.5926550612157,28.247112519593312,-0.024517503773680005
3442.982308563567,28.24417041914047,-0.02428479161844521
3446.371609013864,28.241256244146257,-0.024079380992632814
3449.760559763162,28.23836671842714,-0.023903448665762994
3453.149163769373,28.23549830458725,-0.023759291575734903
3456.5374235659233,28.23264718959816,-0.023649328649621992
3459.9253412286753,28.229809270160207,-0.023576102399965514
3463.3129183410947,28.22698013787221,-0.023542280296506846
3466.7001559576393,28.22415506423663,-0.023550655914098922
3470.0870545653474,28.221328985526938,-0.02360414985981644
3473.4736140436107,28.21849648754376,-0.023705810480478817
3476.859833622116,28.215651790286103,-0.023858814354434564
3480.2457118369507,28.21278873256357,-0.024066466570390098
3483.6312464848584,28.209900756575124,-0.02433220079719097
3487.0164345756475,28.20698089247946,-0.02465957914772332
3490.401272282745,28.204021742981734,-0.02505229184045869
3493.785754891903,28.20101546796088,-0.025514156662490944
3497.169876748058,28.19795376916138,-0.026049118236315394
3500.5536312003574,28.194827874973022,-0.026661247093754763
3503.937010545354,28.19162852532177,-0.027354738558571512
3507.3200059683927,28.188345956694743,-0.028133911439454096
3510.702607483196,28.18496988732201,-0.02900320653423568
3514.0848038696745,28.1814895025379,-0.02996718494496046
3517.466582609979,28.177893440344505,-0.031030526202850222
3520.8479298228203,28.174169777200163,-0.03219802620109865
3524.2288301960843,28.17030601405603,-0.03347459493223681
3527.609266917771,28.166289062664163,-0.03486525402556969
3530.989221605291,28.162105232181094,-0.0363751340792066
3534.3686742331524,28.15774021609159,-0.038009471779402546
3537.7476030590833,28.15317907947806,-0.03977360679900954
3541.1259845486206,28.14840624666218,-0.04167297846509044
3544.50379329822,28.14340548924637,-0.04371312218426719
3547.8810019569296,28.138159914584257,-0.045899665613161986
3551.2575811466795,28.132651954710678,-0.048238324559513046
3554.6334993812447,28.126863355763536,-0.05073489859782991
3558.0087229839364,28.120775167931797,-0.05339526638229823
3561.3832160040884,28.11436773596592,-0.05622538063807525
3564.7569401324045,28.10762069028935,-0.059231262810074035
3568.1298546152393,28.100512938752143,-0.062418997347712946
3571.5019161678897,28.093022659070417,-0.0657947256019457
3574.873078886978,28.085127291998184,-0.06936463930999892
3578.2432941620177,28.076803535280984,-0.07313497364188257
3581.6125105862516,28.068027338443958,-0.07711199978158353
3584.980673866865,28.058773898470168,-0.08130201697621095
3588.347726734681,28.049017656433023,-0.08571134388188166
3591.713608853453,28.038732295167197,-0.09034630896046873
3595.078256728873,28.02789073809194,-0.09521323963843642
3598.441603617444,28.01646514933533,-0.10031844991598149
3601.803579435364,28.00442693534541,-0.10566822611185837
3605.1641106676057,27.991746748211987,-0.11126881044119705
3608.523120277391,27.978394490959044,-0.11712638214721831
3611.880527616306,27.964339325101378,-0.12324703594138361
3615.236248335318,27.94954968078841,-0.1296367575461884
3618.5901942970127,27.93399326988287,-0.1363013961816447
3621.9422734893988,27.91763710234107,-0.14324663388404585
3625.2923899416796,27.900447506274986,-0.15047795159975527
3628.6404436424327,27.882390152083016,-0.15800059204836478
3631.986330460683,27.86343008103721,-0.16581951940424963
3635.3299420704075,27.843531738708702,-0.17393937589978611
3638.6711658790523,27.822659013600727,-0.18236443550598835
3642.0098849606843,27.80077528134001,-0.1910985548995825
3645.345977994445,27.77784345475206,-0.20014512197506681
3648.6793192090154,27.75382604011505,-0.20950700220998542
3652.009778333829,27.728685199849853,-0.21918648323806522
3655.337220557811,27.702382821861285,-0.2291852180290081
3658.6615064964344,27.674880595697804,-0.23950416711458664
3661.9824921679183,27.646140095644054,-0.2501435403398015
3665.3000289793954,27.616122870803277,-0.26110273865187494
3668.6139637238916,27.584790542165052,-0.27238029647076445
3671.9241385889513,27.55210490658856,-0.2839738252116734
3675.230391177742,27.51802804756316,-0.29587995855200333
3678.53255454345,27.48252245253692,-0.30809430005186067
3681.830457237754,27.445551136530696,-0.3206113737484806
3685.123923374138,27.40707777168088,-0.33342457835067546
3688.41277270674,27.367066822278797,-0.34652614565692613
3691.696820725413,27.325483684799966,-0.35990710381502333
3694.975878767589,27.282294832342163,-0.37355724602319285
3698.2497541474704,27.23746796281938,-0.387465105251709
3701.5182503030087,27.190972150189175,-0.40161793553211333
3704.7811669610314,27.14277799792532,-0.41600170032379447
3708.0383003207826,27.092857793886466,-0.4306010684192193
3711.289443256049,27.04118566567616,-0.4453994177961699
3714.53438553593,26.98773773554062,-0.4603788477621921
3717.772914064195,26.932492273809157,-0.4755201996673897
3721.004813137052,26.87542984984907,-0.49080308638549397
3724.229864719034,26.81653347948281,-0.5062059306802998
3727.4478487365723,26.755788767801175,-0.5217060124891167
3730.6585433887085,26.69318404630248,-0.5372795250607965
3733.861725474265,26.628710503295185,-0.5529016397955407
3737.0571707346603,26.56236230651972,-0.5685465795346012
3740.2446542114426,26.494136716975568,-0.5841876999545785
3743.4239506174795,26.42403419298102,-0.5997975786265524
3746.594834720637,26.352058483545832,-0.6153481112082323
3749.7570817386627,26.278216710200844,-0.6308106141511338
3752.910467743887,26.20251943650271,-0.6461559332246718
3756.0547700762672,26.124980724515748,-0.66135455708487
3759.189767763209,26.045618177665563,-0.6763767350514094
3762.315241944529,25.964452969459394,-0.6911925982024355
3765.430976300864,25.881509857675102,-0.7057722828528531
3768.536757483785,25.79681718373276,-0.7200860554514559
3771.632375545833,25.710406857078585,-0.7341044379101843
3774.717624368682,25.622314324529363,-0.7477983323769107
3777.7923020876256,25.532578524644133,-0.7611391444653985
3780.856211510583,25.441241827308286,-0.7740989039782302
3783.90916052986,25.348349958830898,-0.7866503821887842
3786.9509625249198,25.253951912968244,-0.7987672047923648
3789.981436754476,25.15809984839316,-0.8104239596897915
3793.000408736283,25.060848973230385,-0.8215962988322131
3796.0077106130707,24.96225741737052,-0.8322610334259888
3799.0031815031552,24.8623860933594,-0.8423962218792269
3801.9866678343583,24.761298546733894,-0.8519812499531081
3804.9580236599663,24.65906079673952,-0.8609969026746711
3807.917110955575,24.55574116841856,-0.8694254276565635
3810.863799895785,24.451410117099773,-0.8772505895647006
3813.797969109837,24.34614004635201,-0.884457715566711
3816.719505915399,24.240005120484003,-0.8910337316852868
3819.628306529857,24.13308107268177,-0.8969671900699676
3822.524276258579,24.025445009873373,-0.9022482872821591
3825.407329659764,23.917175215399514,-0.9068688737696284
3828.277390685612,23.808350950547158,-0.9108224547776563
3831.1343927996777,23.69905225597384,-0.9141041830097526
3833.9782790703944,23.58935975401267,-0.9167108434092816
3836.809002240876,23.479354452803555,-0.9186408304847997
3839.6265247752126,23.36911755314538,-0.9198941186427649
3842.43081888159,23.258730258908248,-0.9204722260276614
3845.221866512659,23.14827359178493,-0.9203781723966447
3847.999659343673,23.03782821109733,-0.9196164315725379
3850.764198729005,22.927474239308626,-0.9181928790342594
3853.515495637722,22.817291093824515,-0.9161147352077847
3856.2535705689806,22.70735732559958,-0.9133905050181154
3858.9784534480527,22.597750464997407,-0.9100299142583701
3861.6901835038525,22.488546875286403,-0.9060438433179978
3864.388809128887,22.379821614088243,-0.901444258797272
3867.0743877225773,22.27164830303257,-0.8962441435135027
3869.746985518941,22.16409900581095,-0.8904574253810379
3872.4066773996383,22.057244114765226,-0.8840989056219033
3875.05354669341,21.951152246090597,-0.8771841867341184
3877.687684962941,21.845890143682503,-0.8697296006158872
3880.309191780183,21.741522591608597,-0.8617521372134007
3882.918174491176,21.63811233514299,-0.8532693740274174
3885.5147479713933,21.5357200102597,-0.8442994067839216
3888.0990343726244,21.434404081445628,-0.8348607815430675
3890.671162862398,21.33422078766046,-0.8249724284882909
3893.2312693569174,21.235224096241865,-0.8146535976111776
3895.7794962484663,21.137465664528523,-0.8039237964762987
3898.31599212821,21.040994808951368,-0.7928027302248768
3900.840911505284,20.945858481324382,-0.7813102439495327
3903.354414523043,20.85210125205044,-0.7694662675487981
3905.856666673289,20.759765299944583,-0.7572907631469524
3908.3478385092826,20.66889040836695,-0.7448036751438163
3910.828105358287,20.57951396734969,-0.732024882939708
3913.2976470343688,20.491670981396926,-0.7189741563633353
3915.756647552136,20.405394082633325,-0.7056711138138994
3918.2052948420524,20.320713548975657,-0.6921351831128557
3920.6437804679294,20.237657327002115,-0.6783855650492814
3923.0722993471695,20.1562510591962,-0.6644411995905486
3925.491049474273,20.076518115245335,-0.6503207347178316
3927.9002316481024,19.998479627079195,-0.636042497837656
3930.300049203352,19.922154527338677,-0.6216244697142178
3932.6907077466326,19.84755959097297,-0.6070842608557688
3935.072414897549,19.77470947967028,-0.5924390902875073
3937.44538003511,19.703616788835777,-0.5777057666331705
3939.80981404977,19.634292096839797,-0.5629006714263696
3942.1659291013907,19.566744016268633,-0.5480397445690954
3944.513938383343,19.50097924692034,-0.5331384718492002
3946.8540558929735,19.437002630298437,-0.5182118744290717
3949.1864962086092,19.37481720536695,-0.5032745002152932
3951.5114742732535,19.314424265341113,-0.4883404170178333
3953.8292051850945,19.255823415298973,-0.4734232074053916
3956.13990399493,19.199012630410326,-0.4585359651668656
3958.4437855105793,19.143988314590302,-0.44369129328417267
3960.74106410833,19.0907453593962,-0.4289013033268674
3963.0319535514577,19.039277202996978,-0.41417761617671783
3965.3166668158174,18.98957588905577,-0.39953136399354017
3967.595415922504,18.941632125376547,-0.3849731933334155
3969.868411777549,18.895435342176537,-0.37051326933414214
3972.1358640186104,18.85097374985644,-0.3561612808821243
3974.397980868593,18.808234396150585,-0.3419264466798152
3976.654968996131,18.767203222549007,-0.3278175221328302
3978.907033382837,18.727865119893067,-0.3138428069800507
3981.154377197224,18.69020398305546,-0.3000101535910164
3983.397201675191,18.65420276462454,-0.2863269758588416
3985.635706006946,18.61984352752148,-0.2728002586197024
3987.8700872302484,18.587107496487114,-0.2594365675311868
3990.1005401298266,18.55597510838337,-0.2462420593473939
3992.3272571428324,18.526426061261684,-0.23322249252893576
3994.5504282701836,18.498439362158212,-0.22038323813102778
3996.770240993643,18.47199337358249,-0.20772929091513367
3998.9868801984726,18.447065858672673,-0.19526528063188073
4001.200528101513,18.423634024996847,-0.18299548342808336
4003.411364184513,18.401674566985477,-0.17092383333127498
4005.619565132551,18.381163706985724,-0.15905393376979643
4007.825304777389,18.36207723493335,-0.14738906908891755
4010.028754045581,18.34439054664268,-0.13593221602657599
4012.230080911178,18.32807868071949,-0.12468605511403534
4014.4294503528645,18.313116354105805,-0.11365298197156075
4016.627024315357,18.299477996269218,-0.10283511846997939
4018.8229616749095,18.28713778205282,-0.09223432373260584
4021.0174182087558,18.276069663204908,-0.08185220495438017
4023.2105465683403,18.266247398610382,-0.07169012801690282
4025.4024962561734,18.257644583248354,-0.061749227881720735
4027.5934136061633,18.250234675902547,-0.052030418744693684
4029.7834417672716,18.243991025653184,-0.042534403937496044
4031.97272069035,18.238886897180684,-0.033261685564648744
4034.1613871180116,18.234895494912926,-0.024212573865275054
4036.349574577401,18.231989986049093,-0.01538719629084658
4038.5374133757273,18.230143522494192,-0.006785506293590279
4040.7250305984267,18.22932926173896,0.0015927081816080602
4042.912550109835,18.229520386720754,0.009747816503254588
4045.1000925562416,18.230690124701145,0.017680337461456475
4047.287775371206,18.23281176519652,0.02539093167766756
4049.4757127830294,18.23585867699784,0.032880394316710713
4051.664015824269,18.239804324315845,0.04014964809894532
4053.852792343187,18.244622282087718,0.04719973661095149
4056.0421470170377,18.250286250481032,0.054031817910467815
4058.2321813670956,18.25677006863029,0.06064715842244439
4060.422993775331,18.264047727640982,0.06704712711987545
4062.614679502648,18.272093382895367,0.07323318998532595
4064.8073307085956,18.280881365693606,0.07920690474524743
4067.001036472479,18.290386194263036,0.08496991587204998
4069.1958828157904,18.30058258416768,0.09052394984445655
4071.3919527258904,18.311445458149016,0.09587081066054401
4073.5893261808683,18.32294995542828,0.10101237559337525
4075.7880801755196,18.335071440499487,0.10595059118235403
4077.9882887483795,18.34778551144137,0.11068746945068024
4080.1900230097526,18.36106800777545,0.11522508434049783
4082.3933511706855,18.37489501789631,0.1195655683556692
4084.598338572833,18.38924288609899,0.12371110940418244
4086.805047719165,18.404088219227493,0.12766394783051047
4089.013538305472,18.419407892967154,0.13142637362785575
4091.223867252628,18.435179057802497,0.13500072382128064
4093.4360887395646,18.45137914466105,0.13838938001290066
4095.650254236924,18.4679858702626,0.14159476607916352
4097.866412541355,18.484977242192098,0.1446193460103847
4100.084609810418,18.502331563713344,0.14746562188472367
4102.304889598064,18.52002743833951,0.15013613196662354
4104.527292890664,18.538043774175506,0.15263344892018083
4106.751858143565,18.556359788045928,0.15496017812998514
4108.9786213181305,18.574955009421526,0.15711895612001334
4111.207615919261,18.593809284155927,0.15911244906149
4113.438873033359,18.612902778043306,0.16094335136308166
4115.672421366725,18.632215980206876,0.162614384333389
4117.90828728435,18.651729706326883,0.16412829490960829
4120.146494849109,18.671425101716036,0.16548785444374658
4122.387065861315,18.691283644249285,0.16669585753934513
4124.630019898625,18.711287147154007,0.16775512093121966
4126.875374356283,18.731417761665753,0.16866848240283025
4129.123144487683,18.751657979554093,0.16943879973248718
4131.37334344523,18.77199063552199,0.17006894966430747
4133.625982321492,18.792398909481708,0.17056182689619467
4135.88107019063,18.81286632870925,0.1709203430805791
4138.138614150075,18.83337676987892,0.17114742583161185
4140.3986193624605,18.853914460978714,0.17124601773428338
4142.661089097778,18.87446398310683,0.1712190753506408
4144.926024775751,18.895010272148905,0.17106956821866248
4147.193426008409,18.915538620335145,0.1708004778395278
4149.46329064285,18.936034677675888,0.17041479664963907
4151.735614804171,18.956484453273845,0.16991552697491014
4154.010392938564,18.976874316510834,0.16930567996222834
4156.287617856546,18.9971909981063,0.16858827448758737
4158.5672807763185,19.017421591044812,0.167766336036627
4160.849371367244,19.037553551369207,0.16684289555698822
4163.133877793409,19.057574698836046,0.165820988279967
4165.4207867572695,19.07747321742964,0.16470365250977892
4167.710083543361,19.097237655730815,0.16349392838052407
4170.001752062049,19.116856927136478,0.16219485657880858
4172.295774893305,19.136320309925935,0.16080947703240867
4174.592133330496,19.155617447169824,0.1593408275647986
4176.890807424156,19.1747383464776,0.15779194251533588
4179.191776025734,19.19367337957944,0.15616585132616953
4181.4950168312835,19.21241328173858,0.1544655770966704
4183.800506425092,19.23094915099018,0.1526941351052654
4186.108220323211,19.249272447202813,0.1508545313020508
4188.418133016875,19.26737499095906,0.14894976077224342
4190.73021801579,19.28524896225173,0.1469828061733125
4193.0444478912605,19.302886898992526,0.14495663614700524
4195.360794319139,19.320281695330166,0.14287420370952358
4197.679228122579,19.33742659977531,0.1407384446219536
4199.999719314552,19.354315213129944,0.13855227574417484
4202.322237140127,19.370941486219245,0.1363185933742924
4204.646750118473,19.38729971742416,0.13404027157752907
4206.973226084564,19.403384550013463,0.13172016050807164
4209.301632230566,19.419190969274432,0.12936108472629826
4211.631935146878,19.434714299441588,0.12696584151615417
4213.964100862811,19.449950200423526,0.1245371992045996
4216.298094886863,19.464894664328078,0.12207789548928835
4218.633882246582,19.479544011786793,0.11959063577577922
4220.971427527997,19.493894888079886,0.11707809152966912
4223.310694914566,19.507944259063446,0.11454289864717046
4225.651648225654,19.521689406901107,0.11198765584730097
4227.994250954482,19.535127925602783,0.10941492309104461
4230.338466305554,19.54825771637371,0.10682722002911169
4232.684257231519,19.5610769827772,0.10422702448484127
4235.031586469452,19.573584225715383,0.10161677097298613
4237.380416576538,19.58577823823214,0.0989988492601531
4239.730709965125,19.59765810014336,0.09637560296977081
4242.082428937142,19.609223172499732,0.093749328235108
4244.435535717842,19.620473091887945,0.09112227240285857
4246.789992488869,19.631407764576288,0.08849663279188273
4249.145761420618,19.642027360511314,0.08587455550858418
4251.5028047038795,19.652332307172344,0.0832581343233052
4253.86108458074,19.66232328329114,0.08064940960871662
4256.220563374734,19.672001212444187,0.07805036734393293
4258.581203520228,19.68136725652546,0.07546293818651388
4260.942967591011,19.69042280910784,0.07288899661383279
4263.305818328105,19.6991694887015,0.070330360135884
4265.669718666749,19.707609131917806,0.06778878858115789
4268.034631762579,19.715743786547545,0.06526598345753717
4270.400521016964,19.72357570456245,0.06276358738862935
4272.7673501015115,19.731107335049085,0.060283183626867284
4275.1350829817175,19.73834131708431,0.05782629564411816
4277.503683939767,19.745280472561603,0.055394386800274496
4279.873117596475,19.751927798977636,0.05298886008970882
4282.243348932352,19.7582864621884,0.050611057966953865
4284.614343307815,19.764359789144436,0.048262262249091734
4286.986066482513,19.770151260614327,0.045943694097339005
4289.358484633786,19.775664503906007,0.04365651407463034
4291.731564374255,19.780903285594963,0.04140182227970376
4294.105272768526,19.785871504268528,0.039180658556947634
4296.479577349039,19.79057318329536,0.03699400277987763
4298.854446131034,19.795012463628947,0.03484277520717782
4301.22984762667,19.799193596653808,0.032727836909944116
4303.605750858268,19.803120937083,0.03064999026838322
4305.982125370718,19.806798935915207,0.028609979535687557
4308.358941243027,19.81023213345949,0.026608491467220812
4310.736169099043,19.813425152435556,0.024646156013208298
4313.113780117335,19.81638269115714,0.022723547071823447
4315.491746040274,19.81910951680576,0.020841183300834842
4317.87003918229,19.82161045880186,0.018999528985208514
4320.248632437347,19.823890402280085,0.017198994957852896
4322.627499285621,19.825954281675028,0.015439939570693895
4325.006613799422,19.82780707442351,0.013722669714037277
4327.385950648352,19.829453794789195,0.0120474418796294
4329.765485103727,19.83089948781475,0.010414463267238716
4332.1451930422645,19.83214922340682,0.008823892928807217
4334.525050949073,19.833208090558276,0.00727584294978693
4336.90503591994,19.83408119171225,0.005770379663220619
4339.285125662946,19.834773637271837,0.004307524893339595
4341.665298499418,19.835290540259038,0.002887257227790485
4344.045533364249,19.835637011126373,0.0015095133123033122
4346.425809805584,19.83581815272385,0.00017418916821535885
4348.806107983911,19.835839055424035,-0.00111885847256706
4351.186408670562,19.835704792407327,-0.002369810817034098
4353.566693245651,19.835420415109283,-0.0035788856470079606
4355.946943695464,19.834990948831642,-0.004746335946285522
4358.327142609324,19.834421388518088,-0.005872448519639306
4360.707273175946,19.83371669469573,-0.006957542607466394
4363.08731917931,19.832881789582835,-0.00800196849889782
4365.467264994059,19.831921553362967,-0.009006106143871762
4367.847095580463,19.830840820625703,-0.009970363769943685
4370.226796478938,19.82964437697331,-0.010895176502323523
4372.606353804174,19.82833695579303,-0.011781004992587423
4374.98575423887,19.82692323519392,-0.012628334056271248
4377.364985027093,19.825407835107168,-0.013437671321477515
4379.744033967306,19.82379531454859,-0.014209545891870809
4382.122889405052,19.822090169041566,-0.014944507024476177
4384.501540225337,19.82029682819863,-0.015643122823523946
4386.87997584472,19.818419653459806,-0.01630597895475224
4389.258186203136,19.816462935985236,-0.016933677377739542
4391.636161755454,19.814430894699907,-0.017526835101093024
4394.013893462818,19.812327674487776,-0.018086082960255823
4396.391372783756,19.810157344532545,-0.018612064419117523
4398.7685916651,19.80792389680225,-0.019105434396463988
4401.145542532716,19.805631244674675,-0.019566858119487072
4403.522218282077,19.803283221700337,-0.01999701000399886
4405.898612268681,19.800883580499857,-0.020396572561942605
4408.274718298341,19.798435991792424,-0.02076623533898333
4410.650530617357,19.795944043551746,-0.02110669388004638
4413.026043902583,19.79341124028614,-0.02141864872564625
4415.401253251418,19.790841002439063,-0.021702804437880495
4417.776154171711,19.788236665906517,-0.02195986865804282
4420.15074257162,19.785601481667552,-0.02219055119437504
4422.52501474942,19.782938615524227,-0.022395563141852648
4424.898967383283,19.780251147947205,-0.02257561603299744
4427.272597521037,19.777542074023245,-0.02273142102027966
4429.64590256992,19.77481430350081,-0.022863688090228134
4432.0188802863395,19.772070660929984,-0.022973125309277975
4434.391528765651,19.76931388589287,-0.023060438100290053
4436.763846431958,19.766546633320836,-0.02312632855125211
4439.135832027957,19.763771473894685,-0.023171494754622067
4441.507484604825,19.76099089452413,-0.02319663017722462
4443.878803512168,19.758207298902864,-0.023202423061174926
4446.249788388036,19.755423008135523,-0.02318955585458582
4448.620439149012,19.752640261432973,-0.023158704672325097
4450.990755980384,19.749861216872294,-0.023110538785579376
4453.360739326409,19.747087952218024,-0.023045720140727848
4455.730389880675,19.744322465801137,-0.022964902906223255
4458.099708576571,19.74156667745239,-0.0228687330480426
4460.468696577866,19.738822429486625,-0.022757847931279922
4462.837355269404,19.73609148773487,-0.022632875949035736
4465.205686247932,19.733375542620987,-0.022494436177685394
4467.573691313047,19.730676210279665,-0.0223431380569572
4469.94137245828,19.72799503371283,-0.022179581095294054
4472.308731862326,19.725333483981395,-0.02200435459925506
4474.675771880404,19.722692961429484,-0.021818037426542723
4477.042495035776,19.7200747969383,-0.0216211977616787
4479.408904011409,19.717480253206897,-0.021414392913795176
4481.775001641793,19.714910526057242,-0.021198169136571465
4484.14079090492,19.712366745760853,-0.020973061468243515
4486.506274914412,19.709849978384664,-0.020739593591834193
4488.871456911818,19.707361227153644,-0.020498277715249223
4491.236340259076,19.704901433827814,-0.020249614469432707
4493.600928431136,19.702471480091482,-0.019994092825707337
4495.9652250087465,19.700072188952397,-0.019732190028983375
4498.329233671421,19.69770432614892,-0.019464371548760795
4500.692958190559,19.695368601563068,-0.01919109104558577
4503.056402422746,19.693065670637598,-0.018912790353494323
4505.419570303223,19.69079613579518,-0.018629899476193167
4507.782465839518,19.688560547858035,-0.018342836597954697
4510.145093105261,19.68635940746628,-0.018052008108012295
4512.507456234157,19.68419316649332,-0.017757808637064443
4514.869559414136,19.68206222945687,-0.017460621106746288
4517.231406881671,19.679966954924062,-0.017160816789729694
4519.593002916262,19.677907656909294,-0.016858755381665702
4521.954351835091,19.675884606263494,-0.016554785083044976
4524.315457987843,19.67389803205353,-0.01624924269073939
4526.67632575169,19.67194812293064,-0.015942453698899094
4529.036959526441,19.670035028486772,-0.01563473240879058
4531.3973637298595,19.668158860597718,-0.015326382046628359
4533.7575427931315,19.666319694752122,-0.01501769488851205
4536.117501156502,19.6645175713655,-0.014708952393653146
4538.477243265066,19.662752497078262,-0.01440042534334533
4540.836773564715,19.66102444603706,-0.014092373986211253
4543.19609649824,19.659333361158716,-0.013785048189903412
4545.555216501579,19.657679155375927,-0.013478687596861032
4547.914138000224,19.656061712864304,-0.013173521786254602
4550.272865405767,19.654480890249953,-0.012869770439275879
4552.631403112598,19.65293651779724,-0.01256764350931287
4554.989755494733,19.651428400576123,-0.012267341395085415
4557.347926902802,19.649956319608712,-0.011969055117451907
4559.705921661155,19.648520032994618,-0.01167296649899896
4562.063744065114,19.64711927701474,-0.011379248346325237
4564.421398378357,19.64575376721318,-0.011088064634693733
4566.778888830422,19.644423199457016,-0.010799570693838708
4569.136219614357,19.643127250973755,-0.010513913396348329
4571.493394884475,19.641865581366194,-0.010231231347053912
4573.8504187542385,19.640637833604547,-0.00995165507283365
4576.207295294271,19.639443634995807,-0.009675307214429552
4578.564028530471,19.638282598130075,-0.009402302717494612
4580.920622442246,19.637154321803976,-0.009132749024498565
4583.277080960863,19.636058391921036,-0.008866746267196154
4585.633407967894,19.634994382368973,-0.008604387457467055
4587.989607293778,19.633961855874077,-0.008345758679340065
4590.345682716483,19.632960364832556,-0.008090939279270515
4592.701637960263,19.631989452119043,-0.007840002056447304
4595.057476694517,19.63104865187227,-0.007593013451323571
4597.413202532742,19.63013749025811,-0.007350033733614462
4599.768819031573,19.629255486210077,-0.0071111171888442
4602.124329689918,19.628402152147416,-0.006876312302909564
4604.479737948176,19.627576994671067,-0.00664566194608085
4606.8350471875365,19.626779515237537,-0.006419203554397512
4609.190260729365,19.62600921081101,-0.006196969309346656
4611.545381834662,19.625265574493888,-0.005978986316031628
4613.900413703602,19.624548096135964,-0.005765276778439225
4616.255359475138,19.62385626292255,-0.005555858173315424
4618.610222226689,19.623189559941753,-0.005350743421494997
4620.965004973882,19.622547470731174,-0.005149941056122506
4623.31971067037,19.62192947780444,-0.00495345538986669
4625.674342207707,19.621335063157655,-0.004761286678374907
4628.028902415286,19.62076370875625,-0.0045734312812406586
4630.383394060337,19.6202148970025,-0.004389881821372418
4632.737819847977,19.619688111183937,-0.004210627340039963
4635.092182421319,19.619182835903132,-0.004035653450529253
4637.446484361628,19.61869855748907,-0.003864942488392605
4639.800728188527,19.61823476439046,-0.0036984736583238016
4642.154916360253,19.617790947551462,-0.0035362231792568366
4644.509051273959,19.61736660076995,-0.0033781644257343166
4646.863135266051,19.616961221038864,-0.003224268066936986
4649.217170612576,19.61657430887083,-0.003074502201627638
4651.571159529641,19.616205368606636,-0.0029288324912594517
4653.9251041738735,19.615853908707685,-0.002787222290094131
4656.279006642919,19.615519442032873,-0.002649632771175211
4658.632868975963,19.615201486100332,-0.002516023050465795
4660.986693154295,19.614899563334276,-0.002386350307137519
4663.3404811018945,19.61461320129742,-0.002260569901757492
4665.694234686051,19.61434193290921,-0.0021386354906856773
4668.047955718,19.614085296650327,-0.002020499137334042
4670.401645953598,19.613842836753847,-0.0019061114214125041
4672.7553070940085,19.613614103383277,-0.001795421544118862
4675.108940786415,19.613398652797983,-0.0016883774314043385
4677.4625486247505,19.613196047506214,-0.0015849258331238996
4679.816132150451,19.61300585640624,-0.0014850124204694264
4682.16969285322,19.612827654915783,-0.0013885818794949027
4684.52323217181,19.612661025090244,-0.0012955780023915509
4686.876751494821,19.612505555729957,-0.0012059437758023725
4689.230252161509,19.61236084247686,-0.0011196214660576707
4691.5837354626065,19.612226487900934,-0.001036552701716431
4693.937202641155,19.612102101576728,-0.0009566785540352878
4696.290654893344,19.611987300150243,-0.0008799396135887132
4698.644093369362,19.611881707396613,-0.000806276064698371
4700.99751917425,19.61178495426885,-0.000735627757760445
4703.350933368762,19.611696678937918,-0.0006679342779018309
4705.704336970234,19.61161652682457,-0.000603135012126425
4708.057730953453,19.611544150623114,-0.0005411692131751522
4710.411116251527,19.611479210317533,-0.0004819760611063373
4712.764493756766,19.6114213731902,-0.0004254947225668104
4715.117864321548,19.611370313823492,-0.00037166440742808504
4717.4712287592065,19.6113257140946,-0.0003204244235573602
4719.824587844898,19.611287263163774,-0.00027171422859832245
4722.177942316477,19.611254657456342,-0.0002254734796795314
4724.531292875372,19.61122760063878,-0.00018164208131684254
4726.884640187449,19.611205803589023,-0.00014016023050326493
4729.23798488388,19.611188984361362,-0.00010096846008167404
4731.591327562003,19.611176868146153,-6.400767992668459e-05
4733.944668786181,19.61116918722456,-2.921921614292463e-05
4736.298009088648,19.611165680918624,3.455152193983698e-06
4738.6513489703575,19.611166095536888,3.407315759910527e-05
4741.004688901822,19.6111701843158,6.269201087150122e-05
4743.35802932394,19.611177707357104,8.93683700671962e-05
4745.711370648823,19.611188431561512,0.00011415831065638335
4748.06471326061,19.61120213055879,0.00013711729775304587
4750.418057516277,19.61121858463452,0.0001583001605354184
4752.771403746433,19.611237580653786,0.0001777610671993557
4755.124752256112,19.61125891198185,0.00019555350272426608
4757.4781033255495,19.611282378402176,0.00021173024755682945
4759.8314572109575,19.611307786031883,0.0002263433579822542
4762.184814145281,19.61133494723484,0.000239444148183073
4764.538174338949,19.611363680532623,0.00025108317339335906
4766.891537980613,19.61139381051343,0.00026131021468126886
4769.244905237874,19.611425167739192,0.00027017426547833645
4771.598276258003,19.61145758865105,0.00027772351837522063
4773.951651168642,19.611490915473254,0.0002840053547596237
4776.305030078498,19.611524996115826,0.00028906633395090847
4778.658413078032,19.6115596840759,0.0002929521845551619
4781.011800240121,19.611594838338046,0.0002957077973893737
4783.365191620722,19.611630323273733,0.00029737721831679664
4785.718587259515,19.61166600853993,0.0002980036430659065
4788.0719871805395,19.6117017689771,0.0002976294125822676
4790.425391392817,19.61173748450661,0.00029629600991990895
4792.778799890958,19.6117730400278,0.00029404405739915285
4795.132212655762,19.611808325314687,0.0002909133154519831
4797.4856296548,19.61184323491254,0.000286942681645049
4799.839050842989,19.61187766803434,0.0002821701909461183
4802.1924761631535,19.611911528457252,0.00027663301673068
4804.545905546568,19.61194472441926,0.0002703674726767247
4806.8993389134985,19.61197716851598,0.00026340901480755485
4809.25277617372,19.612008777597758,0.00025579224542937595
4811.606217227032,19.61203947266721,0.00024755091632873893
4813.959661963752,19.61206917877717,0.0002387179338647627
4816.313110265206,19.612097824929233,0.00022932536373569218
4818.666562004198,19.61212534397288,0.00021940443710732893
4821.020017045475,19.612151672505334,0.00020898555638619126
4823.373475246175,19.6121767507721,0.00019809830235454723
4825.726936456268,19.612200522568383,0.00018677144142387192
4828.080400518977,19.612222935141354,0.00017503293345081755
4830.433867271194,19.612243939093368,0.00016290993996766664
4832.787336543885,19.612263488286164,0.00015042883250160344
4835.1408081624795,19.612281539746064,0.0001376152019597991
4837.494281947249,19.6122980535703,0.0001244938676888315
4839.847757713677,19.612312992834422,0.000111088887274254
4842.201235272817,19.612326323500895,9.742356675464711e-05
4844.554714431637,19.612338014328905,8.352047045079303e-05
4846.908194993356,19.61234803678536,6.94014320975119e-05
4849.26167675777,19.61235636495721,5.508756514653139e-05
4851.615159521565,19.61236297546503,4.0599274135170546e-05
4853.9686430786205,19.612367847377925,2.5956265877387828e-05
4856.322127220305,19.61237096212983,1.1177560595617328e-05
4858.675611735761,19.612372303437102,-3.718496000004734e-06
4861.029096412173,19.612371857217582,-1.8714221579803812e-05
4863.382581035039,19.612369611510992,-3.3792584760069154e-05
4865.736065388421,19.61236555640082,-4.893719370476409e-05
4868.089549255189,19.612359683937576,-6.413228336536274e-05
4870.443032417262,19.612351988063573,-7.936270381610674e-05
4872.796514655829,19.612342464539115,-9.461390796753714e-05
4875.149995751573,19.61233111087016,-0.00010987193951687384
4877.5034754848775,19.612317926237417,-0.00012512342003982252
4879.856953636026,19.61230291142701,-0.000140355537562679
4882.210429985397,19.612286068762504,-0.00015555603318044103
4884.563904313649,19.612267402038523,-0.00017071318986576028
4886.917376401893,19.61224691645574,-0.00018581581917587187
4889.270846031868,19.612224618557438,-0.00020085324961745718
4891.624312986095,19.612200516167483,-0.00021581531418253994
4893.977777048035,19.61217461832978,-0.00023069233806201814
4896.331238002234,19.612146935249214,-0.0002454751269809208
4898.684695634464,19.612117478233976,-0.00026015495446785053
4901.038149731852,19.61208625963944,-0.00027472355016063454
4903.391600083009,19.61205329281342,-0.0002891730883488227
4905.745046478146,19.61201859204282,-0.00030349617545037216
4908.098488709191,19.611982172501765,-0.0003176858386429634
4910.451926569891,19.611944050201128,-0.00033173551437689264
4912.805359855915,19.611904241939403,-0.00034563903676954055
4915.158788364948,19.61186276525499,-0.00035939062611826483
4917.512211896778,19.611819638379856,-0.00037298487779816963
4919.865630253384,19.61177488019452,-0.0003864167513079053
4922.219043239007,19.611728510184363,-0.0003996815589601965
4924.572450660229,19.61168054839729,-0.0004127749553717308
4926.925852326037,19.611631015402644,-0.00042569292653856416
4929.279248047886,19.61157993225146,-0.0004384317795332512
4931.632637639756,19.611527320437915,-0.0004509881318170983
4933.986020918208,19.611473201862097,-0.00046335890161823084
4936.339397702432,19.611417598793903,-0.00047554129709581616
4938.6927678142865,19.61136053383825,-0.00048753280683655476
4941.046131078347,19.61130202990143,-0.000499331190410383
4943.399487321934,19.61124211015858,-0.0005109344682452388
4945.7528363751535,19.611180798022392,-0.0005223409128044902
4948.106178070916,19.611118117112856,-0.000533549038639336
4950.459512244969,19.61105409122822,-0.0005445575940991414
4952.812838735917,19.610988744316927,-0.0005553655522720173
4955.166157385234,19.610922100450654,-0.0005659721017181596
4957.519468037289,19.61085418379845,-0.0005763766388019084
4959.872770539345,19.610785018601792,-0.0005865787586915399
4962.226064741577,19.61071462915075,-0.0005965782474248726
4964.579350497075,19.610643039761058,-0.000606375074063692
4966.932627661847,19.61057027475217,-0.0006159693827889612
4969.285896094817,19.610496358426236,-0.0006253614848776106
4971.639155657828,19.61042131504805,-0.0006345518520115927
4973.992406215634,19.61034516882581,-0.0006435411083434891
4976.345647635893,19.610267943892808,-0.0006523300237167481
4978.698879789161,19.610189664289962,-0.0006609195066490752
4981.052102548876,19.610110353949164,-0.0006693105973454294
4983.40531579135,19.610030036677482,-0.000677504461451169
4985.758519395752,19.60994873614211,-0.0006855023835091364
4988.1117132440895,19.609866475856087,-0.0006933057607720154
4990.464897221193,19.609783279164795,-0.0007009160969554766
4992.818071214692,19.60969916923316,-0.0007083349963169876
4995.171235115,19.609614169033602,-0.0007155641582971366
4997.524388815284,19.609528301334606,-0.0007226053714800192
4999.877532211443,19.60944158869003,-0.0007294605084121979
5002.230665202086,19.60935405342902,-0.0007361315201848129
5004.583787688498,19.609265717646597,-0.0007426204315486018
5006.936899574615,19.60917660319481,-0.0007489293355256166
5009.290000766999,19.609086731674548,-0.0007550603891755733
5011.643091174799,19.608996124427847,-0.0007610158085628409
5013.996170709731,19.60890480253082,-0.0007667978646412148
5016.349239286034,19.608812786787063,-0.000772408878072876
5018.702296820449,19.608720097721694,-0.0007778512161493722
5021.055343232176,19.608626755575756,-0.0007831272878474257
5023.408378442845,19.608532780301214,-0.000788239540305824
5025.761402376481,19.608438191556377,-0.0007931904549174362
5028.1144149594675,19.608343008701787,-0.0007979825437764987
5030.467416120512,19.608247250796534,-0.0008026183460074776
5032.820405790608,19.608150936595013,-0.000807100424478809
5035.173383902999,19.608054084544076,-0.0008114313624278207
5037.526350393145,19.607956712780584,-0.0008156137604705312
5039.879305198679,19.607858839129328,-0.0008196502334042085
5042.2322482593745,19.60776048110132,-0.0008235434076316513
5044.585179517107,19.607661655892404,-0.000827295917815718
5046.9380989158135,19.607562380382266,-0.0008309104048069098
5049.2910064014595,19.60746267113369,-0.000834389512712382
5051.643901921995,19.607362544392164,-0.0008377358864386508
5053.996785427322,19.60726201608579,-0.0008409521697079944
5056.349656869252,19.607161101825426,-0.0008440410026307651
5058.702516201471,19.60705981690511,-0.0008470050192184905
5061.055363379499,19.606958176302804,-0.0008498468456667279
5063.408198360656,19.606856194681324,-0.0008525690987563432
5065.761021104017,19.606753886389473,-0.0008551743830705524
5068.113831570384,19.606651265463505,-0.0008576652903139841
5070.466629722239,19.606548345628667,-0.0008600443968553861
5072.819415523715,19.606445140301044,-0.0008623142626026
5075.172188940552,19.606341662589532,-0.0008644774291077795
5077.5249499400625,19.60623792529804,-0.000866536418560789
5079.877698491098,19.606133940927812,-0.0008684937321608762
5082.23043456401,19.606029721679953,-0.0008703518491692819
5084.583158130611,19.605925279458052,-0.0008721132253105187
5086.935869164146,19.605820625871015,-0.0008737802921506462
5089.288567639251,19.605715772235957,-0.000875355455409732
5091.641253531919,19.605610729581308,-0.0008768410947842161
5093.9939268194685,19.605505508649934,-0.0008782395623185835
5096.346587480506,19.605400119902455,-0.0008795531820796991
5098.699235494894,19.605294573520606,-0.0008807842492094172
5101.051870843717,19.6051888794107,-0.0008819350290067973
5103.404493509246,19.60508304720722,-0.0008830077565432267
5105.757103474911,19.604977086276435,-0.0008840046360110895
5108.109700725264,19.604871005720113,-0.0008849278400724359
5110.462285245951,19.604764814379305,-0.0008857795094444991
5112.814857023676,19.60465852083817,-0.0008865617523963939
5115.167416046177,19.604552133427884,-0.0008872766443346336
5117.519962302188,19.604445660230564,-0.0008879262275070706
5119.872495781416,19.604339109083263,-0.0008885125109436842
5122.2250164745055,19.60423248758195,-0.0008890374696276145
5124.577524373015,19.604125803085594,-0.0008895030447320096
5126.930019469385,19.604019062720226,-0.0008899111433831782
5129.282501756911,19.60391227338302,-0.0008902636381276826
5131.634971229717,19.603805441746445,-0.0008905623673172158
5133.9874278827265,19.603698574262367,-0.0008908091350197841
5136.339871711638,19.603591677166165,-0.0008910057104571933
5138.692302712898,19.60348475648091,-0.0008911538285675629
5141.044720883676,19.60337781802148,-0.0008912551897092651
5143.397126221838,19.603270867398717,-0.0008913114598681678
5145.7495187259265,19.603163910023532,-0.0008913242706872401
5148.101898395129,19.60305695111105,-0.0008912952195849755
5150.454265229262,19.6029499956847,-0.0008912258698738167
5152.806619228744,19.602843048580315,-0.0008911177509673962
5155.158960394574,19.6027361144502,-0.0008909723584101433
5157.5112887283085,19.60262919776719,-0.0008907911544101903
5159.86360423204,19.60252230282866,-0.0008905755674544954
5162.21590690838,19.602415433760566,-0.0008903269932266274
5164.568196760431,19.60230859452138,-0.0008900467946067655
5166.920473791774,19.602201788906026,-0.0008897363018789406
5169.272738006443,19.6020950205498,-0.0008893968129678835
5171.62498940891,19.601988292932244,-0.0008890295937942957
5173.9772280040615,19.60188160938099,-0.0008886358789261806
5176.329453797187,19.601774973075518,-0.0008882168714012078
5178.681666793956,19.60166838705095,-0.0008877737432892256
5181.033867000402,19.601561854201755,-0.0008873076365212285
5183.386054422906,19.601455377285372,-0.0008868196622676313
5185.738229068181,19.6013489589259,-0.0008863109020929016
5188.090390943252,19.60124260161765,-0.0008857824081628015
5190.4425400554455,19.60113630772867,-0.0008852352034516286
5192.794676412373,19.601030079504255,-0.0008846702825415775
5195.146800021913,19.60092391907035,-0.000884088611652345
5197.498910892201,19.600817828436952,-0.0008834911291444314
5199.851009031613,19.600711809501455,0.0
