position,velocity,acceleration
-372.52739197333904,19.444444444444443,3.20093951344802e-15
-370.1940586400057,19.444444444444443,8.358302254076067e-06
-367.86072518631283,19.444445447440714,8.412246382075657e-05
-365.52739052125645,19.44445554213637,0.00022123959029581592
-363.19405267035,19.444482090887206,0.000413929526526998
-360.86070885885835,19.44453176243039,0.0006566849775021915
-358.527355591103,19.44461056462769,0.0009442703213399089
-356.19398872585504,19.444723877066252,0.0012717192656736206
-353.8606035478497,19.444876483378135,0.0016343314875647303
-351.5271948354709,19.445072603156643,0.002027668386102739
-349.1937569246673,19.445315923362976,0.002447548066873609
-346.8602837691716,19.445609629131003,0.002890039667383913
-344.5267689971047,19.445956433891087,0.0033514571234946793
-342.19320596405515,19.446358608745907,0.003828352468175133
-339.8595878027301,19.446818011042087,0.004317508745806324
-337.5259074692791,19.447336112091584,0.004815932617193757
-335.1921577863984,19.447914024005648,0.005320846723877693
-332.8583314833249,19.448552525612513,0.005829681873047219
-330.5244212328324,19.44925208743728,0.00634006909852825
-328.1904196853449,19.450012895729103,0.006849831647285652
-325.8563195002817,19.450834875526777,0.007356976935734754
-323.52211337475063,19.451717712759066,0.007859688514983906
-321.1877940697049,19.452660875380865,0.008356318079778394
-318.8533544336789,19.453663633550438,0.00884537755153032
-316.5187874242161,19.454725078856622,0.009325531262131334
-314.1840861271031,19.45584414260808,0.009795588261636404
-311.84924377351916,19.457019613199474,0.010254494769707946
-309.5142537552105,19.45825015257184,0.010701326787689954
-307.17910963779616,19.459534311786364,0.011135282885764748
-304.84380517230824,19.460870545732654,0.011555677176866638
-302.50833430506896,19.462257226993877,0.011961932487175935
-300.1726911860019,19.463692658892338,0.012353573730847856
-297.83687017547305,19.46517508774004,0.012730221494852154
-295.50086584975475,19.46670271431942,0.01309158583836789
-293.16467300520037,19.468273704620024,0.013437460309507482
-290.82828666121753,19.469886199857164,0.013767716181171959
-288.49170206212165,19.471538325798907,0.014082296906426421
-286.15491467795033,19.473228201427677,0.014381212792975342
-283.8179202043148,19.474953946962835,0.014664535895350616
-281.4807145613624,19.476713691270277,0.01493239512272087
-279.14329389192017,19.478505578685002,0.015184971559586508
-276.8056545588875,19.48032777527215,0.015422493995864865
-274.4677931419413,19.482178474551656,0.015645234662624623
-272.1297064336159,19.48405590271117,0.015853505169186627
-269.79139143481615,19.48595832333147,0.016047652636919246
-267.4528453498184,19.487884041647902,0.01622805602486283
-265.1140655808139,19.489831408370886,0.016395122642040665
-262.7750497220433,19.49179882308793,0.01654928484112359
-260.43579555357104,19.493784737268864,0.016690996887943167
-258.0963010347436,19.495787656895416,0.016820732001397286
-255.75656429737532,19.497806144735584,0.016938979558004757
-253.41682756000705,19.499838822282545,0.01704653080357351
-251.07684690133314,19.501884405978974,0.01714444441421511
-248.73662077261565,19.50394173930868,0.017233121607536837
-246.3961477638986,19.506009713901584,0.01731297724791858
-244.0554265982304,19.508087271171334,0.017384437693005832
-241.71445612568985,19.510173403694495,0.01744793875072167
-239.3732353172465,19.51226715634458,0.017503923743481902
-237.03176325848514,19.5143676271938,0.017552841677037634
-234.6900391432219,19.516473968195044,0.0175951455108662
-232.3480622670385,19.518585385656348,0.01763129052723874
-230.00583202075973,19.520701140519616,0.017661732795796563
-227.66334788389736,19.522820548455112,0.01768692773094216
-225.32060941808274,19.524942979782825,0.017707328738551336
-222.9776162605088,19.52706785923145,0.01772338594922355
-220.634368117401,19.529194665545358,0.017735545035198662
-218.29086475753556,19.53132293094958,0.017744246107594584
-215.9471060058216,19.533452240482493,0.017749922691419805
-213.6030917369637,19.535582231205463,0.017753000774837584
-211.25882186921905,19.537712591298444,0.017753897930698297
-208.91429635826324,19.539843059050128,0.017753022506579917
-206.56951519117723,19.541973421750917,0.017750772881353072
-204.22447838056712,19.54410351449668,0.01774753678492521
-201.87918595882752,19.54623321891087,0.017743690679002576
-199.5336379725582,19.54836246179235,0.01773959919617596
-197.18783447714313,19.550491213695892,0.01773561463451756
-194.84177553149962,19.552619487452034,0.017732076505735016
-192.49546119300538,19.554747336632722,0.017729311134188446
-190.14889151260945,19.556874853968825,0.017727631304461276
-187.8020665301332,19.55900216972536,0.01772733595550117
-185.45498626976615,19.56112945004002,0.017728709918814665
-183.10765073576135,19.56325689523028,0.017732023699146282
-180.76005990833372,19.565384738074176,0.017737533294859276
-178.4122137397648,19.56751324206956,0.01774548005695209
-176.06411215071645,19.569642699676393,0.017756090584046074
-173.7157550267553,19.57177343054648,0.017769576651982533
-171.3671422150897,19.573905779744717,0.01778613517634161
-169.01827352152034,19.576040115965878,0.017805948205514475
-166.66914870760445,19.57817682975054,0.01782918294376638
-164.3197674880344,19.58031633170379,0.017855991801714786
-161.97012952822993,19.582459050719997,0.01788651247333443
-159.62023444214353,19.584605432216797,0.01792086803786101
-157.27008179027752,19.58675593638134,0.017959167084994714
-154.91967107791174,19.58891103643154,0.01800150386248589
-152.56900175353996,19.59107121689504,0.01804795844441524
-150.21807320751256,19.593236971908368,0.018098596919013943
-147.86688477088356,19.59540880353865,0.018153471595076336
-145.51543571445893,19.59758722013006,0.018212621225455194
-143.16372524804333,19.599772734677114,0.01827607124681071
-140.81175251988208,19.60196586322673,0.018343834034251216
-138.45951661629488,19.60416712331084,0.018415909170332867
-136.10701656149757,19.60637703241128,0.018492283726849006
-133.7542513176082,19.608596106458503,0.018572932558846844
-131.4012197848332,19.610824858365564,0.018657818609923993
-129.04792080182932,19.613063796598755,0.018746893227679827
-126.69435314623748,19.615313423786077,0.018840096488818386
-124.34051553538315,19.617574235364735,0.018937357532866628
-121.98640662713937,19.61984671826868,0.019038594903708628
-119.63202502094714,19.622131349657124,0.019143716898432455
-117.27736925898829,19.624428595684936,0.019252621922423906
-114.9224378275061,19.626738910315627,0.019365198850144576
-112.56722915826822,19.629062734177644,0.019481327391209412
-110.2117416301669,19.63140049346459,0.019600878460431424
-107.85597357095115,19.63375259887984,0.019723714552070486
-105.49992325908556,19.63611944462609,0.01984969011686507
-103.14358892573043,19.638501407440113,0.019978651941906143
-100.78696875683761,19.640898845673142,0.02011043953231706
-98.43006089535683,19.64331209841702,0.020244885494472935
-96.0728634435468,19.645741484676357,0.02038181592019702
-93.71537446538564,19.64818730258678,0.02052105077140117
-91.35759198907522,19.65064982867935,0.020662404264607897
-88.9995140096337,19.6531293171911,0.020805685254939497
-86.64113849157077,19.655625999421694,0.020950697619307828
-84.28246337164016,19.65814008313601,0.021097240637916553
-81.92348656166384,19.66067175201256,0.02124510937416465
-79.56420595142232,19.66322116513746,0.02139409505229987
-77.20461941160583,19.665788456543737,0.021543985432318873
-74.84472479682059,19.668373734795615,0.0216945651818475
-72.48451994864512,19.670977082617437,0.021845616245001292
-70.12400269873102,19.673598556566837,0.021996918207012328
-67.763170871943,19.67623818675168,0.02214824865527376
-65.40202228953281,19.67889597659031,0.022299383535795414
-63.04055477234197,19.681571902614607,0.02245009750492244
-60.678766144028216,19.684265914315198,0.02260016427634663
-58.31665423431039,19.68697793402836,0.022749356962522192
-55.95421688222699,19.689707856863862,0.02289744841007154
-53.59145193940332,19.69245555067307,0.023044211528144842
-51.22835727332255,19.695220856056448,0.02318941960828269
-48.86493077059578,19.698003586409442,0.02333284663427193
-46.50117034022664,19.700803528005554,0.02347426757918214
-44.13707391686598,19.703620440115056,0.02361345868753991
-41.772639464052176,19.70645405515756,0.023750197738880985
-39.40786497743327,19.709304078886227,0.023884264289778894
-37.042748487966925,19.712170190601,0.02401543988987953
-34.67728806509481,19.715052043387786,0.02414350826797455
-32.31148181988827,19.717949264379943,0.02426825548361341
-29.945327908162678,19.720861455037976,0.024389470039250703
-27.57882453355812,19.723788191442686,0.024506942948073394
-25.211969950584997,19.726729024596455,0.024620467752445307
-22.844762467633423,19.72968348072675,0.02472984048769907
-20.477200449946213,19.732651061585273,0.024834859586094403
-18.10928232255598,19.735631244735604,0.024935325716028228
-15.741006573187708,19.738623483821527,0.02503104155093065
-13.372371755129125,19.74162720880764,0.025121811463465114
-11.003376490072208,19.744641826183255,0.025207441140177405
-8.634019470930218,19.747666719120076,0.0252877371118565
-6.264299464635808,19.7507012475735,0.025362506195995376
-3.8942153149269885,19.75374474831702,0.025431554846910842
-1.5237659451289463,19.756796534898648,0.025494688410591475
0.8470496390588913,19.75985589750792,0.02555171028080968
3.2182323467598413,19.762922102741616,0.025602420954366305
5.589782999088835,19.76599439325614,0.025646616982388792
7.961702326279572,19.769071987294026,0.025684089817179512
10.333990964754856,19.772154078072088,0.025714624552216257
12.706649454123506,19.775239833018354,0.025737998555275254
15.079678234085709,19.778328392844987,0.02575397999417343
17.453077641227107,19.781418870444288,0.025762326255396317
19.82684790568042,19.784510349594935,0.025762782256203803
22.200989147631812,19.78760188346568,0.025755078651782764
24.575501373647693,19.790692492903894,0.025738929938601274
26.95038447279616,19.793781164496526,0.025714032456599277
29.325638212535743,19.796866848391318,0.025680062292465777
31.7012622343427,19.799948455866414,0.025636673087348072
34.07725604904667,19.803024856636895,0.025583493751835107
36.4536190318431,19.806094875887116,0.025520126092655936
38.83035041694955,19.809157291018234,0.025446142354734747
41.20744929187174,19.812210828100802,0.02536108268330987
43.58491459124384,19.8152541580228,0.02526445251085363
45.962745090206575,19.818285892324102,0.025155719873470872
48.34093939728547,19.82130457870892,0.025034312662578866
50.71949594673054,19.824308696228428,0.024899615816783204
53.09841299027795,19.827296650126442,0.024750968459900474
55.47768858829312,19.83026676634163,0.024587660990664045
57.85732060025411,19.83321728566051,0.0244089321300045
60.23730667453337,19.83614635751611,0.024213965932033215
62.61764423743531,19.839052033427954,0.024001888764442945
64.99833048144666,19.841932260079687,0.02377176626439474
67.37936235265622,19.844784872031415,0.023522600276049133
69.76073653729999,19.84760758406454,0.023253325775751676
72.14244944738773,19.85039798315763,0.0229628077904979
74.52449720536664,19.85315352009249,0.022649838315865388
76.90687562777774,19.855871500690395,0.022313133239393323
79.28958020786058,19.85854907667912,0.021951329274590613
81.67260609706207,19.861183236192073,0.021562980911967365
84.05594808540512,19.86377079390151,0.021146557392063652
86.4396005806733,19.866308380788556,0.02070043970613019
88.82355758636793,19.868792433553292,0.020222917630293345
91.20781267839432,19.871219183668927,0.019712186797823016
93.5923589804346,19.873584646084666,0.01916634581518769
95.97718913796476,19.87588460758249,0.01858339342728499
98.36229529087466,19.878114614793763,0.017961225736703078
100.74766904464991,19.880269961882167,0.01729763348346699
103.13330144007577,19.882345677900183,0.01659029939207931
105.51918292142379,19.884336513827233,0.015836795594411278
107.90530330308306,19.886236929298562,0.015034581138184677
110.29165173459889,19.888041079035144,0.014180999593419823
112.67821666408311,19.889742798986354,0.013273276770379521
115.06498579996148,19.8913355921988,0.012308518565499565
117.45194607102533,19.89281261442666,0.011283708953010082
119.83908358475654,19.89416665950102,0.01019570814362325
122.22638358389666,19.895390144478256,0.009041250932580644
124.61383040123405,19.896475094590166,0.00781694526272858
127.00140741258487,19.897413128021693,0.006519271029740518
129.38909698794748,19.898195440545262,0.005144579159595727
131.7768804408129,19.898812790044413,0.0036890909901998725
134.16473797561824,19.899255480963237,0.002148897991105514
136.55264863333383,19.89951334872217,0.0005199618578070424
138.94059023518048,19.899575744145107,-0.0012018849814943167
141.3285393244779,19.899431517947328,-0.0030209384065689924
143.7164711066316,19.89906900533854,-0.004941621151299813
146.1043593872722,19.898476010800383,-0.006968480812119537
148.49217650856826,19.89763979310293,-0.009106187273714521
150.8798932837406,19.896547050630083,-0.011359529505513185
153.26747892981624,19.89518390708942,-0.013733411681737806
155.65490099866696,19.893535897687613,-0.01623284857640665
158.04212530638947,19.891587955858444,-0.018862960183726095
160.42911586109247,19.889324400636397,-0.021628965514490044
162.81583478916883,19.88672892477466,-0.024536175517564374
165.2022422601418,19.88378458371255,-0.027589985076777644
167.5882964101873,19.880473785503337,-0.030795864032532688
169.9739532644477,19.876778281819433,-0.03415934717934851
172.35916665826602,19.87267916015791,-0.03768602318986088
174.74388815748497,19.86815683737513,-0.041381522419274105
177.12806697796998,19.863191054684815,-0.0452515035439897
179.51164990453216,19.857760874259537,-0.049301638992075666
181.89458120944332,19.851844677580488,-0.05353759912531213
184.27680257075298,19.84542016568545,-0.057965035136486875
186.65825299063522,19.83846436146907,-0.06258956062943355
189.0388687140115,19.83095361419354,-0.0674167318547229
191.4185831477147,19.822863606370973,-0.07245202657918763
193.79732678047924,19.81416936318147,-0.07770082157364892
196.175027104061,19.804845264592633,-0.08316836871162063
198.5516085358121,19.794865060347238,-0.0888597696789321
200.92699234305377,19.784201887985766,-0.09477994930386184
203.30109656961207,19.772828294069303,-0.1009336275275589
205.67383596490038,19.760716258765996,-0.10732529004583806
208.0451219159523,19.747837223960495,-0.11395915766536646
210.41486238282758,19.73416212504065,-0.12083915443055204
212.78296183783246,19.719661426508985,-0.12796887459201045
215.14932120901355,19.704305161557944,-0.13535154850258618
217.5138378284005,19.688062975737633,-0.14299000754241695
219.87640538548902,19.670904174832543,-0.15088664819291608
222.23691388646893,19.652797777049393,-0.1590433953960968
224.59524961971485,19.63371256960186,-0.16746166535505463
226.95129512806707,19.613617169759255,-0.17614232794942453
229.3049291884382,19.592480090405324,-0.18508566896047185
231.65602679928682,19.570269810130068,-0.19429135231815073
234.00445917650242,19.54695484785189,-0.20375838260366191
236.35009375824464,19.52250384193945,-0.21348506805842032
238.69279421927737,19.49688563377244,-0.22346898437026752
241.03242049533006,19.470069355648008,-0.23370693952413646
243.3688288180078,19.44202452290511,-0.24419494002095496
245.70187176075643,19.412721130102597,-0.25492815878337777
248.03139829636874,19.38212975104859,-0.2659009050787198
250.35725386649457,19.350221642439145,-0.2771065968002103
252.67928046358728,19.31696885082312,-0.2885377354546156
254.99731672568606,19.282344322568566,-0.300185884208067
257.3111980443943,19.246322016463598,-0.31204164934299783
259.62075668636993,19.208877018542438,-0.3240946654752719
261.92582192859504,19.169985658685405,-0.3363335848725354
264.2262202076373,19.1296256285007,-0.3487460712032468
266.5217752830574,19.08777609995631,-0.36131879802834277
268.8123084150522,19.04441784419291,-0.37403745232573726
271.0976385563554,18.999533349913822,-0.3868867433108214
273.377582558345,18.953106940716523,-0.39985041678415695
275.651955391231,18.905124890702425,-0.4129112752011407
277.9205703781153,18.855575537678288,-0.4260512036156072
280.1832394426367,18.804449393244415,-0.4392512016052249
282.439773369826,18.751739249051788,-0.4524914212342246
284.68998207971225,18.69744027850368,-0.4657512110571934
286.9336749131327,18.641550133176818,-0.47900916610984134
289.1706609291139,18.584069033243637,-0.4922431837742991
291.40074921310315,18.52499985119072,-0.5054305253460178
293.62374919524603,18.4643481881492,-0.5185478830681767
295.83947097782396,18.402122442181017,-0.5315714523387823
298.0477256708857,18.338333867900364,-0.5444770087360478
300.24832573503375,18.272996626852038,-0.5572399894500535
302.441085330256,18.20612782811803,-0.5698355786545761
304.6258206696302,18.137747558679482,-0.582238796302755
306.8023503766717,18.06787890312315,-0.5944245897842926
308.9704958450465,17.996547952349037,-0.6063679278435726
311.1300815993284,17.923783801007808,-0.6180438961236767
313.2809356554493,17.849618533472967,-0.6294277936765921
315.422889879466,17.774087198231776,-0.6404952297610697
317.55578034325384,17.697227770660447,-0.6512222202396186
319.6794476757331,17.619081104231693,-0.6615852828839586
321.79373740824093,17.539690870285618,-0.6715615309054772
323.8985003126752,17.45910348657696,-0.681128764040621
325.99359273106444,17.377368034892086,-0.6902655565450704
328.0788768952515,17.294536168106678,-0.6989513414795627
330.1542212354243,17.21066200712913,-0.7071664907089807
332.2195006762798,17.125802028244053,-0.7148923900785439
334.2745969196691,17.040014941434627,-0.7221115092816237
336.31939871264126,16.953361560320833,-0.728807465987232
338.3538020998798,16.865904664402365,-0.7349650838536153
340.37771065960806,16.77770885433993,-0.7405704441155514
342.39103572212883,16.688840401046065,-0.7456109304964247
344.39369657025435,16.599367089386494,-0.7500752672592981
346.3856206209807,16.509358057315378,-0.7539535502766685
348.36674358785854,16.418883631282178,-0.7572372710608732
350.3370096236124,16.328015158754873,-0.759919333759651
352.296371442663,16.236824838703715,-0.7619940651794721
354.2447904233074,16.145385550882178,-0.7634572179564832
356.18223668941323,16.0537706847274,-0.7643059670455532
358.1086891715805,15.962053968681934,-0.7645388997475097
360.02413564782233,15.870309300712233,-0.7641559995361646
361.9285727639078,15.778610580767893,-0.7631586239863413
363.82200603359996,15.687031545889532,-0.7615494771363215
365.7044498191067,15.595645608633173,-0.7593325766464284
367.57592729214264,15.504525699435602,-0.7565132161379218
369.4364703760749,15.413744113499051,-0.7530979231140804
371.2861196696948,15.323372362725362,-0.7490944128774639
373.12492435322184,15.233481033180066,-0.744511538865611
374.95294207720343,15.144139648516193,-0.7393592398307577
376.7702388350254,15.055416539736502,-0.7336484842876079
378.5768888197938,14.967378721621989,-0.7273912126496936
380.37297426638844,14.880091776104026,-0.7206002774663656
382.15858527952093,14.793619742808062,-0.7132893821611308
383.9338196486579,14.708025016948726,-0.705473018659338
385.6987826506917,14.623368254709606,-0.6971664042766464
387.4535868412569,14.539708286196408,-0.6883854182225443
389.1983518356004,14.457102036009703,-0.6791465380536099
390.9332040799216,14.37560445144327,-0.6694667763917472
392.6582766140948,14.29526843827626,-0.6593636182002705
394.37370882668796,14.216144804092227,-0.6488549588905101
396.07964620317904,14.138282209025366,-0.6379590435084885
397.7762400682621,14.061727123804348,-0.6266944072299404
399.4636473231186,13.986523794936755,-0.6150798173698568
401.142030178511,13.912714216852372,-0.6031342170914833
402.8115558845333,13.840338110801394,-0.5908766709780799
404.47239645782946,13.769432910284024,-0.5783263126111808
406.12472840706357,13.700033752770683,-0.56550229427866
407.768732457396,13.632173477457243,-0.5524237389171887
409.4045932746909,13.56588262878718,-0.5391096943757242
411.03249919014536,13.501189465462094,-0.5255790900687618
412.6526419260008,13.438119974653842,-0.5118506960729796
414.26521632295925,13.376697891125085,-0.4979430847037373
415.87042006989424,13.316944720960636,-0.4838745945952165
417.4684534364095,13.25887976960921,-0.4696632972929956
419.0595190087626,13.202520173934051,-0.4553269663560992
420.64382142963467,13.147880937971319,-0.44088304895351094
422.22156714219125,13.094974972096898,-0.42634863992923044
423.7929641388429,13.04381313530539,-0.4117404583002878
425.35822171507954,12.994404280309356,-0.3970748261429217
426.91755022871666,12.946755301172205,-0.3823676498139713
428.4711608648573,12.900871183194528,-0.36763440344677417
430.01926540684065,12.856755054780916,-0.35289011465478026
431.56207601341436,12.814408241022342,-0.33814935236997634
433.09980500233706,12.773830318737945,-0.3234262167377248
434.63266464058563,12.735019172729418,-0.30873433098599357
436.16086694131315,12.697971053011099,-0.2940868351824685
437.6846234676745,12.662680632789202,-0.2794963817904487
439.2041451436092,12.629141066974348,-0.2649751329317773
440.7196420716461,12.597344051022535,-0.25053475926332486
442.2313233577688,12.567279879910936,-0.23618644037222877
443.73939694335814,12.538937507066269,-0.2219408665943945
445.2440694442061,12.512304603074941,-0.2078082421606009
446.7455459965751,12.48736761401567,-0.19379828957482026
448.244030110257,12.46411181926669,-0.1799202551300135
449.73972352856896,12.44252138865109,-0.16618291546805314
451.2328260952071,12.422579438794923,-0.15259458509158108
452.7235356278625,12.404268088583933,-0.1391631247379177
454.21204779849256,12.387568513615383,-0.12589595052700336
455.69855602012643,12.372460999552143,-0.1128000437982557
457.1832513400727,12.358924994296352,-0.09988196155326831
458.6663223393882,12.34693915890996,-0.08714784742528774
460.14795503845744,12.336481417218925,-0.07460344309847915
461.62833280852374,12.327529004047108,-0.06225410010392748
463.1076362890094,12.320058512034636,-0.050104791922904
464.5860433104536,12.314045937003888,-0.03816012633076997
466.06372882289406,12.309466721844196,-0.02642435791918215
467.5408648295154,12.306295798893894,-0.014901400737595457
469.01762032538267,12.304507630805382,-0.003594840998625652
470.4941612410793,12.304076249885547,0.007492050204079467
471.9706503910656,12.304975295910037,0.018356304213925277
473.4472474265748,12.307178052415708,0.028995242209302795
474.9241087928647,12.310657481480824,0.039406462722757496
476.40138769064237,12.315386257007555,0.049587829318535157
477.8792340414833,12.32133679652578,0.05953745846290678
479.3577944570664,12.328481291541328,0.06925370761790006
480.8372122120514,12.336791736455476,0.07873516358634092
482.31762722042606,12.346239956085837,0.08798063113308885
483.7991760151564,12.356797631821808,0.09698912190413782
485.281991730975,12.368436326450304,0.10575984366290037
486.766204090149,12.381127507689852,0.11429218986034329
488.2519393910718,12.394842570473093,0.12258572955290425
489.73932049952856,12.409552858019442,0.13064019768016522
491.2284668424909,12.425229681741062,0.13845548571212637
492.71949440429984,12.441844340026517,0.14603163267328986
494.212515725103,12.459368135947312,0.15336881654990364
495.70763990141666,12.4777723939333,0.16046734608387386
497.20497258868863,12.497028475463365,0.16732765295632096
498.70461600574424,12.517107793818123,0.17395028436120916
500.2066689410024,12.537981827941469,0.18033589596901933
501.7112267603554,12.55962213545775,0.1864852452788372
503.2183814166103,12.582000364891211,0.1923991853555555
504.72822146039726,12.605088267133878,0.19807865894930407
506.24083205245336,12.628857706207794,0.2035246929914377
507.7562949771983,12.653280669366767,0.2087383934622415
509.27468865752235,12.678329276582236,0.21372094062361846
510.7960881707122,12.70397578945707,0.21847358461002386
512.320565265447,12.730192619610273,0.2229976413699486
513.8481883798003,12.756952336574667,0.22729448894997323
515.3790226601892,12.784227675248664,0.2313655641127029
516.9131299812191,12.811991542942188,0.23521235927961293
518.4505689663721,12.840217026055742,0.23883641978976006
519.9913950094988,12.868877396430513,0.24223934146399748
521.5356602970704,12.897946117406192,0.24542276846548639
523.0834138311592,12.92739684962205,0.24838839144597874
524.6347014531138,12.957203456595568,0.2511379459671689
526.1895658679053,12.987340010111629,0.25367321118688524
527.7480466691187,13.017780795454055,0.2559960087991383
529.3101803645732,13.048500316509951,0.2581082022167003
530.8760004025544,13.079473300775955,0.2600116959858105
532.4455371986475,13.110674704294253,0.26170843542074884
534.0188181631628,13.142079716544742,0.2632004064475465
535.5958677291482,13.173663765318448,0.26448963564496
537.1767073809864,13.205402521595843,0.26557819047088316
538.7613556835779,13.23727190445235,0.2664681796625453
540.3498283121122,13.269248086011855,0.2671617537983432
541.9421380824336,13.301307496467656,0.26766110600916865
543.5382949820098,13.333426829188756,0.267968472827107
545.1383062015125,13.365583045928009,0.26808613515888113
546.7421761670238,13.397753382147075,0.2680164193715603
548.3499065728814,13.429915352471662,0.2677616984778938
549.961496415178,13.46204675628901,0.26732439340841907
551.5769420259327,13.49412568349802,0.26670697435723
553.1962371079525,13.526130520420887,0.2659119621884809
554.819372770403,13.558039955883505,0.2649419298901723
556.446337565109,13.589832987470325,0.26379950406202707
558.0771175236055,13.621488927957769,0.26248736642391357
559.7116961949604,13.652987411928638,0.26100825533113736
561.3500546843918,13.684308402568375,0.2593649672829971
562.9921716927,13.715432198642334,0.25756035841103164
564.6380235565371,13.746339441651658,0.2555973459327454
566.2875842895353,13.777011123163588,0.25347890955734387
567.9408256243149,13.807428592310469,0.2512080928297541
569.5977170553922,13.83757356345004,0.24878800439870713
571.2582258830062,13.867428123977884,0.2462218191956615
572.9223172578835,13.896974742281364,0.24351277951068323
574.5899542269573,13.926196275822646,0.24066419595204874
576.261097780056,13.955075979336891,0.2376794482762179
577.9357068975764,13.983597513130038,0.2345619860752398
579.613738599152,14.011744951459066,0.23131532930887508
581.2951479933271,14.039502790976131,0.2279430686692822
582.9798883282442,14.066855959216445,0.22444886576615808
584.6679110433502,14.093789823108384,0.220836453120965
586.3591658221231,14.1202901974829,0.21710963395951133
588.0536006458211,14.146343353558041,0.21327228179234642
589.7511618482481,14.171936027373123,0.20932833977365858
591.4517941715329,14.197055428145962,0.20528181982933566
593.1554408229105,14.221689246525482,0.20113680154672706
594.8620435324935,14.24582566271109,0.1968974308181437
596.5715426120189,14.269453354409267,0.1925679182324262
598.283877014548,14.292561504597158,0.1881525372089558
599.9989843950997,14.315139809062233,0.18365562186966797
601.7168011721872,14.337178483686593,0.17908156464635877
603.4372625902296,14.358668271444156,0.17443481362072374
605.1603027828029,14.379600449078643,0.16971986959675908
606.8858548366924,14.399966833430254,0.16494128290552487
608.613850856704,14.419759787378917,0.16010364994437273
610.3442220311895,14.438972225372241,0.15521160945313936
612.0768986982341,14.457597618506618,0.15026983853232423
613.8118104124549,14.475629999130497,0.14528304840815132
615.5488860123505,14.493063964939475,0.1402559799520494
617.2880536881432,14.509894682533721,0.13519339896281107
619.0292410500473,14.526117890409258,0.13010009122124505
620.7723751968964,14.541729901355808,0.12498085732809787
622.5173827850591,14.55672760423518,0.11984050733787241
624.2641900975673,14.571108465115724,0.11468385520216155
626.0127231133812,14.584870527739984,0.10951571303713752
627.76290757671,14.59801241330444,0.10434088523127254
629.5146690663065,14.610533319532193,0.0991641624104626
631.2679330646504,14.622433019021448,0.09399031527859888
633.0226250269329,14.63371185685488,0.08882408835253486
634.7786704497555,14.644370747457184,0.08367019361150696
636.5359949394503,14.654411170690565,0.07853330408146657
638.2945242799332,14.663835167180341,0.07341804737584687
640.0541844999948,14.672645332865443,0.06832899921430288
641.8149019399386,14.68084481277116,0.06327067694186599
643.5766033174712,14.688437294004183,0.05824753307096901
645.3392157927517,14.6954269979727,0.05326394886904969
647.1026670325084,14.701818671836985,0.04832422801455868
648.8668852731289,14.707617579198732,0.04343259034385779
650.6317993826327,14.712829490039995,0.03859316571180512
652.3973389214375,14.717460669925412,0.03380998798783175
654.1634342018285,14.721517868483952,0.02908698920934446
655.9300163460466,14.725008307189073,0.024427993913489487
657.6970173429092,14.727939666458692,0.019836713667927462
659.4643701028843,14.730320072098843,0.015316741819478471
661.2320085115362,14.73215808111718,0.0108715484802957
662.9998674812703,14.733462666934816,0.006504475768235689
664.7678830013024,14.734243204027004,0.0022187333184782907
666.5359921857856,14.734509452025222,-0.001982605918460223
668.3041333200287,14.734271539315007,-0.006096609578376544
670.0722459047464,14.733539946165601,-0.010120489472198457
671.8402706982863,14.732325487428938,-0.014051604850277382
673.6081497567777,14.730639294846904,-0.01788746533291826
675.3758264721594,14.728492799006954,-0.0216257334986647
677.1432456080402,14.725897710987114,-0.02526422712351521
678.9103533333587,14.722866003732292,-0.02880092106621509
680.6770972538066,14.719409893204347,-0.032233948795346024
682.4434264409911,14.715541819348905,-0.03556160355714748
684.2092914593129,14.711274426922047,-0.03878233918241196
685.9746443905435,14.706620546220158,-0.041894770534230595
687.7394388560899,14.70159317375605,-0.04489767359869094
689.5036300369406,14.696205452924207,-0.04778998522237584
691.2671746912915,14.690470654697522,-0.050570802502081236
693.0300311698552,14.684402158397273,-0.05323938183316261
694.7921594288629,14.678013432577293,-0.05579513762469605
696.5535210407721,14.67131801606233,-0.05823764068986215
698.3140792026996,14.664329499179546,-0.0605666163225956
700.0737987426012,14.657061505220835,-0.0627819420708183
701.8326461232277,14.649527672172336,-0.06488364521900122
703.5905894438885,14.641741634746056,-0.0668718999928745
705.3475984400579,14.633717006746911,-0.06874702449981562
707.1036444808676,14.625467363806933,-0.07050947741998512
708.8587005645245,14.617006226516535,-0.07215985446245021
710.6127413117065,14.608347043981041,-0.07369888460253549
712.3657429569843,14.599503177828737,-0.0751274261159581
714.1176833383237,14.590487886694822,-0.07644646242598678
715.868541884727,14.581314311203704,-0.07765709778036664
717.6182996020715,14.57199545947006,-0.07876055277420413
719.3669390572079,14.562544193137155,-0.07975815973585063
721.1144443603844,14.552973213968853,-0.08065135799202316
722.8608011460607,14.54329505100981,-0.08144168902819438
724.6059965521819,14.533522048326427,-0.08213079156025316
726.350019197981,14.523666353339197,-0.08272039653185459
728.0928591603817,14.513739905755374,-0.08321232205195095
729.8345079490724,14.50375442710914,-0.08360846828558977
731.5749584803256,14.493721410914869,-0.08391081231044299
733.3142050496353,14.483652113437616,-0.08412140295043595
735.0522433032479,14.473557545083564,-0.08424235559697144
736.7890702086579,14.463448462411927,-0.08427584702685269
738.5246840241473,14.453335360768705,-0.08422411022586118
740.2590842674396,14.443228467541601,-0.08408942922510931
741.9922716835446,14.433137736034588,-0.08387413395688863
743.7242482118687,14.423072839959762,-0.08358059513584593
745.4550169526639,14.41304316854346,-0.08321121917074237
747.1845821328891,14.403057822242971,-0.08276844311048137
748.9129490715583,14.393125609069713,-0.08225472962886116
750.6401241446466,14.38325504151425,-0.08167256205050914
752.3661147496283,14.373454334068189,-0.08102443942131407
754.0909292697165,14.363731401337631,-0.08031287162532467
755.814577037877,14.354093856742592,-0.07954037454992088
757.5370683006861,14.344549011796602,-0.07870946530192195
759.2584141821017,14.335103875960371,-0.07782265747540151
760.9786266472169,14.325765157063323,-0.07688245647347418
762.6977184660644,14.316539262286506,-0.07589135488554888
764.4157031775388,14.30743229970024,-0.0748518279218254
766.1325950535029,14.298450080349621,-0.07376632890704708
767.8484090631448,14.289598120880775,-0.07263728483562679
769.5631608376505,14.2808816467005,-0.071467091990766
771.2768666352545,14.272305595661608,-0.07025811162980253
772.9895433067338,14.263874622266032,-0.06901266573942819
774.7012082614058,14.2555931023773,-0.06773303286400356
776.4118794336911,14.24746513843362,-0.06642144401074468
778.1215752503031,14.23949456515233,-0.06508007863611869
779.8303145981214,14.231684955715997,-0.06371106071840771
781.5381167928073,14.224039628429788,-0.062316454920866945
783.2450015482189,14.216561653839284,-0.06089826285194574
784.9509889466796,14.20925386229705,-0.05945841942784173
786.6560994101552,14.20211885196571,-0.057998789344064036
788.360353672391,14.195158997244421,-0.056521163662637264
790.0637727520603,14.188376457604905,-0.05502725652227388
791.766377926973,14.181773186822232,-0.05351870197867944
793.4681907093916,14.17535094258479,-0.05199705098294002
795.1692328225017,14.169111296466838,-0.050463768505807735
796.8695261780778,14.16305564424614,-0.04892023081627765
798.5690928553873,14.157185216548188,-0.04736772292271615
800.2679550813731,14.151501089797462,-0.045807436184860016
801.9661352121487,14.146004197455278,-0.04424046610568648
803.6636557158433,14.140695341522596,-0.04266781031114775
805.360539156826,14.135575204285258,-0.041090366726696345
807.0568081813402,14.130644360278055,-0.03950893195868351
808.7524855045735,14.125903288443013,-0.03792419988915737
810.4475938991867,14.121352384456314,-0.036336760491817444
812.1421561853215,14.116991973197296,-0.034747098876912005
813.8361952221052,14.112822321332066,-0.033155594572302036
815.5297339006651,14.10884364998339,-0.031562521047900916
817.2227951386631,14.105056147457642,-0.02996804548948499
818.915401876358,14.101459981998904,-0.028372228828388302
820.6075770741979,14.098055314539497,-0.026775026031463277
822.2993437119427,14.094842311415722,-0.025176286657021173
823.9907247893126,14.091821157016879,-0.023575755679683397
825.6817433281547,14.088992066335317,-0.021973074587873974
827.3724223761149,14.086355297384772,-0.020367782755921958
829.062785011801,14.083911163454061,-0.018759319092490994
830.7528543514155,14.081660045162963,-0.017147023965498796
832.4426535568351,14.079602402287103,-0.0155301414032157
834.1322058451095,14.077738785318717,-0.013907821570076825
835.8215344993478,14.076069846730308,-0.012279123514868928
837.5106628809554,14.074596351908523,-0.010643018187013928
839.1996144431844,14.073319189726082,-0.008998391717440768
840.8884127459515,14.072239382719989,-0.007344048957147464
842.5770814718779,14.071358096845131,-0.005678717267339669
844.2656444434994,14.07067665077305,-0.004001050552841316
845.9541256415921,14.07019652470671,-0.0023096335298511406
847.6425492245569,14.069919368683127,-0.0006029862176237799
849.3309395487988,14.069847010337012,0.0011204313568935476
851.0193211900392,14.06998146209984,0.002862214253888477
852.7077189654913,14.070324927810306,0.004624007528490163
854.3961579568285,14.070879808713725,0.006407500965618004
856.0846635338742,14.0716487088296,0.008214423657208297
857.7732613789337,14.072634439668464,0.010046538438042893
859.4619775116939,14.07384002428103,0.011905636197025634
861.1508383146077,14.075268700624672,0.013793530081625724
862.8398705586826,14.076923924234467,0.01571204961397695
864.5291014295907,14.078809370188145,0.01766303473740294
866.2185585540133,14.080928934356633,0.01964832981304158
867.908270026136,14.083286733934198,0.021669777586463823
869.5982644342082,14.085887107244574,0.023729213144404092
871.2885708870775,14.088734612821902,0.025828457882222843
872.9792190406162,14.091834027767769,0.02796931350241098
874.6702391239482,14.095190345388058,0.030153556065304343
876.3616619653948,14.098808772115895,0.032382930111799865
878.0535190180486,14.10269472372931,0.034659142879004776
879.7458423848962,14.106853820874791,0.03698385862858089
881.4386648434012,14.111291883910221,0.039358693107427456
883.1320198694704,14.116014927083112,0.04178520815993163
884.8259416607203,14.121029152062304,0.04426490651011269
886.5204651589678,14.126340940843518,0.046799226731719656
888.215626071869,14.131956848051324,0.04938953842302437
889.9114608936352,14.137883592662087,0.052037137602489736
891.6080069247546,14.144128049174386,0.05474324234061949
893.3053022906555,14.15069723825526,0.05750898864180047
895.0033859592461,14.157598316892276,0.06033542658922346
896.7022977572732,14.164838568082983,0.0632235167644879
898.4020783854431,14.172425390094721,0.06617412695266722
900.1027694322545,14.180366285329042,0.0691880291418053
901.8044133864939,14.188668848826058,0.07226589682465998
903.507053648353,14.197340756445017,0.07540830260953277
905.2107345391264,14.206389752758161,0.07861571614489193
906.9155013094573,14.215823638695548,0.08188850236180065
908.6214001461008,14.225650258978964,0.08522692003588203
910.3284781771782,14.23587748938327,0.08863112067012402
912.0367834759043,14.246513223863685,0.09210114769713229
913.746365062768,14.257565361587341,0.09563693599901057
915.4572729061584,14.269041793907222,0.09923831174107889
917.1695579214273,14.280950391316152,0.10290499251442617
918.8832719683853,14.293298990417883,0.1066365877807544
920.5984678472355,14.306095380951573,0.11043259961242373
922.3151992929497,14.319347292905064,0.11429242371815049
924.0335209680983,14.333062383751242,0.11821535074507672
925.7534884541484,14.347248225840652,0.12220056784588706
927.4751582412492,14.361912293982158,0.1262471604992932
929.1985877165271,14.377061953242073,0.13035411457115548
930.9238351509161,14.392704446990612,0.13452031860246016
932.650959684555,14.408846885222907,0.1387445663106372
934.3800213107818,14.425496233180183,0.14302555928888222
936.1110808587634,14.44265930029485,0.14736190988888787
937.8441999747988,14.460342729481516,0.1517521442712777
939.5794411023365,14.47855298679407,0.15619470560802226
941.3168674607518,14.497296351467032,0.16068795742098335
943.0565430229278,14.51657890635755,0.16523018704079168
944.7985324916907,14.536406528802445,0.1698196091698486
946.542901275147,14.556784881902827,0.17445436953387924
948.2897154609753,14.577719406246892,0.1791325486062275
950.0390417897249,14.59921531207964,0.183852165389764
951.7909476271745,14.621277571926411,0.18861118124087936
953.5455009358058,14.643910913675317,0.19340750372160248
955.3027702454468,14.667119814121909,0.19823899046495325
957.0628246231414,14.690908492977703,0.20310345304020613
958.8257336422987,14.715280907342528,0.20799866080493484
960.5915673511798,14.74024074663912,0.212922344730974
962.3603962407765,14.765791428006837,0.2178722011928702
964.1322912121373,14.791936092149982,0.2228458957068173
965.9073235431953,14.8186775996348,0.22784106661027556
967.6855648551515,14.846018527628033,0.2328553286718253
969.4670870784669,14.873961167068652,0.23788627662217898
971.2519624185151,14.902507520263313,0.24293148859801938
973.0402633209467,14.931659298895076,0.24798852949083167
974.8320624368141,14.961417922433975,0.25305495419362484
976.6274325875062,14.99178451693721,0.25812831073948794
978.4264467295386,15.022759914225949,0.26320614332594106
980.2291779192457,15.054344651425062,0.26828599522075913
982.0356992774167,15.086538970851553,0.27336541154441285
983.8460839539189,15.119342820236882,0.2784419419263144
985.6604050923473,15.15275585326804,0.2835131430311222
987.4787357947395,15.186777430431775,0.2885765809535368
989.3011490863913,15.2214066201462,0.2936298334794104
991.1277178808089,15.256642200163729,0.29867049221238656
992.9585149448285,15.292482659229215,0.30369616456507786
994.793612863936,15.328926198977024,0.308704475615181
996.6330840078133,15.365970736050846,0.3136930698264262
998.4770004961395,15.403613904430017,0.31865961263575215
1000.325434164671,15.441853057946307,0.3236017919074463
1002.1784565316246,15.480685272975201,0.3285173192561608
1004.0361387643817,15.52010735128594,0.33340393124111267
1005.898551646536,15.560115823034874,0.3382593904331858
1007.7657655453002,15.600706949886856,0.3430814863579842
1009.6378503792865,15.641876728249814,0.3478680363179443
1011.5148755866766,15.683620892607967,0.3526168860959948
1013.3969100937895,15.725934918939487,0.3573259105449811
1015.2840222840623,15.768814028204885,0.36199301406560913
1017.1762799674469,15.812253189892758,0.36661613097721535
1019.073750350234,15.856247125610023,0.37119322578515285
1020.9765000053072,15.900790312704242,0.37572229334825735
1022.8845948428317,15.945876987906033,0.3802013589512784
1024.7981000813804,15.991501150980186,0.384628478285635
1026.717080219498,16.037656568374462,0.3890017373434418
1028.641599007703,16.084336776855675,0.3933192522284301
1030.5717194209258,16.131535087123087,0.3975791688883845
1032.5075036313806,16.179244587389693,0.4017796627732828
1034.4490129818673,16.227458146922487,0.40591893842343296
1036.396307959498,16.2761684195333,0.40999522899181073
1038.349448169842,16.325367847012316,0.4140067957049946
1040.3084923114834,16.375048662496916,0.41795192726651703
1042.273498150983,16.425202893768898,0.42182893920748776
1044.2445224982353,16.475822366473796,0.42563617318768604
1046.2216211822122,16.52689870725632,0.42937199625209627
1048.204849027083,16.57842334680657,0.43303480004608375
1050.1942598286996,16.6303875228121,0.4366229999936818
1052.189906331437,16.682782282811342,0.4401350344426014
1054.1918402053743,16.735598486944454,0.44356936378002015
1056.2001120238076,16.788826810598056,0.44692446952237697
1058.2147712410795,16.84245774694074,0.4501988533835248
1060.2358661707124,16.896481609346765,0.45339103632423183
1062.2634439638339,16.950888533705673,0.45649955758711636
1064.2975505878785,17.005668480616126,0.4595229737199169
1066.3382308055525,17.060811237462516,0.46245985759115393
1068.385528154048,17.116306420373455,0.46530879740117237
1070.4394849244927,17.172143476061596,0.4680683956919415
1072.50014214162,17.22831168354463,0.4707372683591634
1074.5675395436454,17.284800155747728,0.47331404366953345
1076.641715562335,17.341597840988072,0.4757973612867931
1078.7227073032536,17.398693524342487,0.4781858713098627
1080.8105505261747,17.45607582889967,0.4804782333254506
1082.9052796256426,17.513733216898725,0.482673115479552
1085.0069276116706,17.57165399075627,0.48476919357008563
1087.1155260905614,17.62982629398468,0.4867651501641923
1089.2311052458394,17.688238112004385,0.4886596737436892
1091.35369381928,17.746877272853627,0.4904514578812543
1093.4833190920224,17.805731447799378,0.49213920045125076
1095.6200068657583,17.864788151853528,0.4937216028784164
1097.7637814439809,17.924034744198938,0.4951973694273212
1099.9146656132848,17.983458428530216,0.4965652065364109
1102.0726806247085,18.043046253314586,0.4978238221999831
1104.2378461751061,18.102785111978584,0.49897192540170704
1106.4101803885435,18.16266174302679,0.5000082256028845
1108.5896997977068,18.222662730099135,0.5009314322897751
1110.7764193253186,18.282774501973908,0.5017402545833309
1112.9703522655554,18.342983332523907,0.5024334009148331
1115.1715102654582,18.403275340633687,0.5030095787723177
1117.3799033063342,18.463636490086365,0.5034674945207189
1119.5955396851446,18.52405258942885,0.503805853300617
1121.818425995876,18.584509291824926,0.504023359009409
1124.048567110895,18.644992094906055,0.5041187143692838
1126.2859661622838,18.70548634063037,0.5040906210864726
1128.5306245231595,18.765977215160746,0.5039377801058009
1130.7825417889787,18.82644974877344,0.5036588919660783
1133.0417157588315,18.88688881580937,0.5032526572596712
1135.3081424167287,18.94727913468053,0.502717777201885
1137.5818159128903,19.007605267944758,0.5020529543150095
1139.8627285450436,19.06785162246256,0.5012568932308763
1142.150870739739,19.128002449650264,0.5003283016179398
1144.4462310336971,19.188041845844417,0.4992658912369663
1146.7487960551985,19.247953752792853,0.49806837913092633
1149.0585505055335,19.307721958288564,0.49673448895323585
1151.3754771405281,19.367330096962952,0.49526295243976415
1153.6995567521637,19.426761651255724,0.493652511029404
1156.0307681503145,19.485999952579252,0.4919019176377345
1158.3690881446241,19.54502818269578,0.49000993858836495
1160.7144915265476,19.603829375326384,0.4879753557069044
1163.0669510515868,19.662386418011213,0.4857969685814053
1165.4264374217482,19.72068205424098,0.4834735969935444
1167.792919268257,19.778698885880207,0.48100408352456847
1170.1663631345627,19.836419375903155,0.4783872963393776
1172.546733459671,19.89382585146388,0.4756221321520945
1174.9339925618467,19.95090050732213,0.4727075193758405
1177.3281006227253,20.007625409647233,0.46964242145906
1179.729015671883,20.06398250022232,0.46642584041070023
1182.1366935719097,20.119953601071604,0.4630568205148992
1184.5510880040383,20.17552041953339,0.4595344522364246
1186.9721504543822,20.230664553801763,0.45585787631659735
1189.3998302008386,20.285367498959754,0.4520262880590783
1191.8340743007136,20.339610653526844,0.44803894180406684
1194.2748275791369,20.39337532654333,0.4438951555878627
1196.7220326183221,20.446642745213875,0.4395943159853921
1199.1756297477477,20.499394063132122,0.4351358831304294
1201.6355570353237,20.551610369107774,0.430519395908006
1204.1017502796167,20.603272696616735,0.4257444773128505
1206.5741430032108,20.654362033894277,0.42081083996542057
1209.0526664472782,20.704859334690127,0.41571829177611264
1211.537249567441,20.75474552970326,0.4104667417474654
1214.0278190310055,20.804001538712956,0.40505620590174374
1216.5242992156511,20.852608283421166,0.39948681332075964
1219.0266122096616,20.900546701019657,0.39375881228220777
1221.534677813784,20.94779775849352,0.38787257647623363
1224.0484135448032,20.99434246767067,0.3818286112837299
1226.5677346409236,21.040161901024717,0.3756275600959036
1229.0925540690466,21.085237208236226,0.3692702106540343
1231.622782534035,21.12954963351471,0.36275750138544305
1234.1583284900566,21.173080533680963,0.3560905277107729
1236.6990981540985,21.215811397006256,0.3492705482959361
1239.2449955217392,21.257723862801768,0.3422989912200691
1241.7959223852754,21.298799741748176,0.3351774600297416
1244.3517783542852,21.339021036951745,0.32790773964794795
1246.9124608787195,21.3783699657095,0.32049180210481276
1249.4778652746047,21.416828981962077,0.3129318120559018
1252.0478847524403,21.454380799408785,0.305230132052999
1254.6224104483692,21.491008415255145,0.2973893275304877
1257.2013314581998,21.526695134558803,0.28941217147024173
1259.7845348743467,21.561424595135232,0.28130164870724766
1262.371905825763,21.595180792980102,0.273060959837057
1264.9633275209205,21.62794810816055,0.26469352468678764
1267.5586812938998,21.659711331122963,0.25620298531047564
1270.1578466536346,21.69045568936022,0.24759320847064598
1272.760701336358,21.720166874376698,0.238868287568265
1275.3671213612831,21.74883106888489,0.23003254398338652
1277.9769810895493,21.776434974162896,0.2210905277911716
1280.5901532864489,21.802965837497837,0.21204701781846563
1283.2065091869486,21.828411479636053,0.20290702100830654
1285.825918564505,21.85276032215705,0.19367577106181127
1288.448249803164,21.876001414684467,0.1843587263293441
1291.073369972926,21.898124461843988,0.17496156692559478
1293.7011449083473,21.91911984987506,0.16549019104665774
1296.3314392903324,21.93897867280066,0.15595071047010597
1298.9641167310685,21.95769275805707,0.14634944522343338
1301.5990398620354,21.975254691483883,0.13669291740991224
1304.2360704250134,21.991657841573073,0.1269878441848486
1306.8750693660022,22.006896382875254,0.1172411298814365
1309.5158969319473,22.020965318461027,0.10745985728766172
1312.1584127701626,22.033860501335546,0.09765127808307739
1314.8024760303229,22.045578654705515,0.08782280244788629
1317.4479454688876,22.056117390999262,0.07798198786241883
1320.0946795558075,22.065475229542752,0.0681365271208989
1322.7425365833526,22.07365161279726,0.05829423558735651
1325.3913747768884,22.080646921067743,0.048463037728592916
1328.0410524074166,22.086462485595174,0.03865095296250824
1330.691427905688,22.091100599950675,0.028866080866496446
1333.342359977682,22.094564529654654,0.01911658579460962
1335.9937077212405,22.096858519950008,0.009410680957167017
1338.6453307436345,22.097987801664868,-0.0002433879789561407
1341.2970892798344,22.097958595107393,-0.0098373597077502
1343.9488443112473,22.096778111942463,-0.019362974453270475
1346.6004576846804,22.09445455500807,-0.028811991422313575
1349.2517922312813,22.090997116037393,-0.038176206467947324
1351.902711885206,22.08641597126124,-0.047447469891418834
1354.5530818017573,22.08072227487427,-0.056617704305346926
1357.2027684747422,22.073928150357627,-0.06567892248258526
1359.8516398527852,22.066046679659717,-0.07462324511244844
1362.4995654543443,22.057091890246223,-0.08344291838649673
1365.146416481174,22.047078740039844,-0.09213033133755508
1367.7920659299787,22.036023100279337,-0.10067803285469523
1370.4363887020122,22.023941736336774,-0.10907874830016577
1373.0792617103725,22.010852286540754,-0.11732539565552833
1375.7205639847575,21.99677323906209,-0.12541110112748538
1378.360176773445,21.981723906926792,-0.1333292141455426
1380.997983642276,21.965724401229327,-0.14107332168992553
1383.6338705704236,21.948795602626536,-0.14863726188929505
1386.2677260427388,21.93095913119982,-0.15601513683408305
1388.8994411384829,21.91223731477973,-0.16320132455553232
1391.5289096162564,21.892653155833067,-0.1701904901252031
1394.1560279949565,21.872230297018042,-0.1769775958358366
1396.7806956305988,21.850992985517742,-0.1835579104289072
1399.402814788861,21.828966036266273,-0.1899270173407963
1402.022290713213,21.806174794185377,-0.1960808219447922
1404.6390316885152,21.782645095552002,-0.20201555777195068
1407.2529490999814,21.75840322861937,-0.20772779169959676
1409.8639574874157,21.733475893615417,-0.21321442810246322
1412.4719745946495,21.70789016224312,-0.21847271196572632
1415.0769214141187,21.681673436807234,-0.22350023096683697
1417.6787222265357,21.654853409091213,-0.2282949165358576
1420.2773046356267,21.62745801910691,-0.2328550439111806
1422.8725995979196,21.59951541383757,-0.23717923121073053
1425.4645414475801,21.57105390609228,-0.24126643754440735
1428.0530679163112,21.542101933586952,-0.2451159601967845
1430.6381201483416,21.512688018363338,-0.2487274309134276
1433.2196427105453,21.482840726653727,-0.2521008113277231
1435.7975835977436,21.4525886292944,-0.2552363875677403
1438.371894233259,21.42196026278627,-0.2581347640861746
1440.9425294647933,21.39098409109593,-0.26079685675769093
1443.5094475557248,21.359688468285007,-0.26322388529127494
1446.072610171919,21.328101602050054,-0.26541736500555285
1448.631982364165,21.296251518249388,-0.2673790980171731
1451.187532546355,21.264166026487327,-0.26911116389281753
1453.7392324695334,21.23187268682019,-0.2706159098160003
1456.2870571919518,21.19939877764227,-0.27189594031999204
1458.8309850452688,21.16677126480387,-0.2729541066380866
1461.3709975970453,21.1340167720073,-0.27379349572237055
1463.9070796096862,21.101161552520615,-0.27441741898052524
1466.4392189959888,21.068231462242952,-0.27482940078051854
1468.967406771458,21.03525193414929,-0.2750331667707921
1471.4916370035558,21.002247954136795,-0.2750326320628105
1474.0119067580522,20.969244038289258,-0.27483188932094416
1476.5282160426468,20.936264211570744,-0.2744351968028802
1479.0405677480353,20.9033319879544,-0.2738469663925732
1481.54896758659,20.87047035198729,-0.2730717516643407
1484.0534240288284,20.83770174178757,-0.2721142360162669
1486.5539482378429,20.805048033465617,-0.2709792209077596
1489.0505540018587,20.772530526956686,-0.2696716142342126
1491.5432576650935,20.74016993324858,-0.2681964188694449
1494.0320780570833,20.707986362984247,-0.26655872140445663
1496.5170364206413,20.675999316415712,-0.26476368110858556
1498.9981563386111,20.644227674682682,-0.2628165191370435
1501.475463659573,20.612689692386237,-0.2607225080056767
1503.9489864226593,20.581402991425556,-0.2584869613532585
1506.4187547816305,20.550384556063165,-0.25611522400801334
1508.8848009283581,20.519650729182203,-0.25361266237302615
1511.34715901586,20.48921720969744,-0.2509846551440672
1513.8058650810235,20.459099051080152,-0.24823658437072757
1516.260956967153,20.429310660955665,-0.24537382686945128
1518.7124742464678,20.39986580173133,-0.24240174599604222
1521.1604581426755,20.370777592211805,-0.2393256837832721
1523.6049514537408,20.342058510157813,-0.2361509534470822
1526.0459984749598,20.313720395744163,-0.23288283226368853
1528.483644922449,20.28577445587252,-0.2295265548185969
1530.9179378571537,20.25823126929429,-0.22608730662717255
1533.348925609469,20.231100792499028,-0.22257021812392236
1535.7766577045688,20.204392366324157,-0.21898035901871302
1538.2011847885278,20.17811472324191,-0.21532273301548463
1540.6225585553168,20.152275995280053,-0.2116022728874197
1543.0408316747505,20.126883722533563,-0.20782383590433423
1545.4560577214545,20.101944862225043,-0.20399219960370493
1547.8682911049216,20.0774657982726,-0.20011205789932282
1550.2775870007142,20.05345235132468,-0.19618801751803971
1552.6840012828732,20.029909789222515,-0.19222459475723616
1555.0875904575798,20.006842837851647,-0.1882262125525595
1557.488411598122,19.98425569234534,-0.18419719784708022
1559.8865222812035,19.96215202860369,-0.18014177925153402
1562.2819805246359,19.940535015093506,-0.1760640849853464
1564.674844726447,19.919407324895264,-0.17196814108825603
1567.0651736054344,19.898771147964673,-0.16785786989143386
1569.4530261431903,19.8786282035777,-0.16373708873726284
1571.8384615276195,19.85897975292923,-0.15960950893750456
1574.2215390979711,19.83982661185673,-0.15547873495836603
1576.6023182913939,19.821169163661725,-0.15134826382174893
1578.9808585910332,19.803007372003115,-0.1472214847121419
1581.3572194756737,19.78534079383766,-0.1431016787779349
1583.7314603709342,19.768168592384306,-0.13899201911717896
1586.1036406020203,19.751489550090245,-0.1348955709368068
1588.4738193480312,19.735302081577828,-0.13081529187566332
1590.8420555978205,19.71960424655275,-0.12675403248045097
1593.2084081074067,19.704393762655094,-0.1227145368259445
1595.5729353589254,19.68966801823598,-0.1186994432690843
1597.9356955211138,19.67542408504369,-0.11471128532747343
1600.296746411319,19.661658730804394,-0.11075249267440412
1602.6561454590155,19.648368431683465,-0.10682539224022847
1605.0139496708175,19.635549384614638,-0.1029322094130573
1607.3702155969713,19.62319751948507,-0.0990750693294018
1609.7249992993095,19.611308511165543,-0.09525599824768231
1612.0783563206494,19.59987779137582,-0.09147692499735054
1614.4303416556145,19.58890056037614,-0.08773968249503976
1616.7810097228596,19.578371798476734,-0.08404600932303552
1619.130414338677,19.56828627735797,-0.08039755136130348
1621.4786086919598,19.558638571194614,-0.07679586346836706
1623.825645320503,19.54942306757841,-0.07324241120437355
1626.1715760886125,19.540633978233885,-0.06973857259104932
1628.5164521660006,19.53226534952296,-0.06628563990280038
1630.8603240079433,19.524311072734623,-0.06288482148433991
1633.2032413366715,19.516764894156502,-0.059537243590224165
1635.5452531239703,19.509620424925675,-0.05624395224090861
1637.8864075749614,19.502871150656766,-0.05300591509239302
1640.2267521130402,19.49651044084568,-0.049824023314689235
1642.5663333659418,19.490531558047916,-0.04669909347564764
1644.9051971529075,19.48492766683084,-0.04363186942697439
1647.243388472927,19.4796918424996,-0.040623024188857215
1649.580951494027,19.47481707959694,-0.03767316183068322
1651.9179295435786,19.470296300177257,-0.03478281934503613
1654.2543650996,19.466122361855852,-0.03195246851210125
1656.5902997830226,19.4622880656344,-0.02918251775279046
1658.9257743508988,19.458786163504065,-0.026473313968070993
1661.2608286905192,19.455609365827897,-0.023825144363046984
1663.5955018144186,19.45275034850433,-0.02123823825327757
1665.9298318562392,19.450201759913938,-0.01871276885262082
1668.2638560674288,19.447956227651623,-0.016248855040116677
1670.597610814747,19.44600636504681,-0.013846563104043716
1672.9311315785526,19.444344777474324,-0.011505908460366737
1675.2644529518495,19.44296406845908,-0.009226857342377789
1677.5976086400647,19.441856845577995,-0.007009328457741049
1679.930631461534,19.441015726163066,-0.004853194609151975
1682.2635533486734,19.440433342809968,-0.002758284273044846
1684.5964053498105,19.440102348697202,-0.0007243831322334415
1686.9292176316542,19.440015422721334,0.0012487644433475018
1689.2620194823808,19.440165274454536,0.0031614539735140097
1691.5948393153153,19.440544648931358,0.00501401950714353
1693.927704673187,19.441146331272215,0.006806832330556271
1696.2606422329397,19.44196315115188,0.008540299749289678
1698.593677811078,19.442987987121796,0.010214863949364883
1700.9268363695326,19.44421377079572,0.011831000942397196
1703.260142022028,19.445633490908808,0.01338921959878429
1705.5936180409371,19.447240197260662,0.014890060773590601
1707.9272868646085,19.449027004553493,0.016334096527437225
1710.2611701051549,19.450987096136785,0.017721929446038825
1712.5952885566912,19.45311372767031,0.019054192059186903
1714.9296622040117,19.455400230717412,0.020331546361488744
1717.264310231698,19.45784001628079,0.02155468343415142
1719.5992510336516,19.46042657829289,0.022724323168255012
1721.9345022230468,19.46315349707308,0.023841214087412986
1724.2700806426956,19.46601444276357,0.024906133268191393
1726.6060023758273,19.469003178755752,0.02591988635485265
1728.942282757278,19.472113565118335,0.026883307665226397
1731.2789363850923,19.47533956203816,0.027797260382052734
1733.615977132537,19.478675233284008,0.028662636825208903
1735.953418160531,19.482114749703033,0.029480358798276523
1738.2912719304954,19.485652392758826,0.030251378002314293
1740.6295502176265,19.489282558119104,0.030976676509523553
1742.9682641246009,19.492999759300247,0.031657267288220936
1745.307424095717,19.496798631374833,0.032294194770828476
1747.647039931482,19.500673934747333,0.032888535454755896
1749.9871208036516,19.504620559001904,0.033441398527263765
1752.3276752707318,19.508633526825175,0.03395392650344202
1754.6687112939508,19.512707998005588,0.03442729586720835
1757.0102362537114,19.516839273509653,0.03486271770440179
1759.3522569665324,19.52102279963418,0.03526143831731332
1761.6947797024886,19.52525417223226,0.035624739809284975
1764.0378102031566,19.529529141009373,0.035953940628896675
1766.3813537000776,19.53384361388484,0.03625039606210597
1768.7254149337439,19.538193661412294,0.03651549866188949
1771.0699981731134,19.54257552125172,0.03675067860514266
1773.4151072356635,19.546985602684337,0.03695740396529128
1775.7607455079856,19.551420491160172,0.037137180891644306
1778.1069159669248,19.55587695286717,0.03729155368565884
1780.4536212012688,19.56035193930945,0.03742210476431751
1782.800863433986,19.564842591881167,0.03753045450271368
1785.1486445450118,19.569346246421492,0.03761826094746586
1787.4969660945824,19.57386043773519,0.03768721939361915
1789.8458293471106,19.578382904062423,0.037739061818224215
1792.195235295598,19.58291159148061,0.03777555616496879
1794.5451846865756,19.587444658220406,0.037798505474502996
1796.895678045562,19.591980478877346,0.03780974685601753
1799.2467157030271,19.59651764850007,0.037811150297025385
1801.5982978208472,19.60105498653571,0.03780461730856407
1803.9504244192315,19.60559154061274,0.03779207940410127
1806.303095404105,19.61012659014123,0.037775496411966245
1808.656310594922,19.614659649710667,0.037756854620833266
1811.0100697528871,19.619190472265167,0.037738164760448
1813.364372609559,19.62371905203642,0.03772145981895866
1815.7192188958034,19.628245627214696,0.03770879270078946
1818.0746083710692,19.63277068233879,0.03770223372852044
1820.43054085295,19.637294950386213,0.03770386799451705
1822.7870162469962,19.641819414545555,0.03771579256763857
1825.1440345767417,19.64634530965367,0.03774011356281193
1827.5015960139,19.65087412328121,0.03777894308019114
1829.8597009086939,19.655407596450832,0.03783439602319898
1832.218349820268,19.659947723973616,0.037908586804717245
1834.5775435471448,19.664496754390182,0.03800362595119585
1836.9372831576716,19.669057189504326,0.038121616615812336
1839.2975700204122,19.673631783498223,0.038264651011517735
1841.658405834432,19.678223541619605,0.03843480677687694
1844.0197926594262,19.68283571843283,0.038634143285953826
1846.381732945638,19.687471815627145,0.03886469791571183
1848.7442295635133,19.69213557937703,0.039128482284519116
1851.1072858330385,19.696830997251173,0.039427478474340916
1853.4709055527087,19.701562294668094,0.039763635250918604
1855.835093028069,19.706333930898204,0.040138864295791166
1858.1998530997766,19.7111505946137,0.040555036463689006
1860.5651911711302,19.71601719898934,0.04101397807930359
1862.931113235009,19.720938876358858,0.041517467287407094
1865.297625900172,19.725920972433347,0.04206723046979259
1867.6647364168641,19.73096904008972,0.04266493874209114
1870.0324527016749,19.736088832738773,0.04331220454405482
1872.4007833616035,19.74128629728406,0.044010578335207384
1874.7697377172776,19.746567566684284,0.044761545409037026
1877.1393258252797,19.75193895213337,0.045566522836123134
1879.5095584995356,19.757406934873703,0.04642685654880907
1881.8804473317205,19.76297815765956,0.04734381857633234
1884.2520047106395,19.76865941588872,0.04831860444127756
1886.6242438405461,19.774457648421674,0.04935233072605646
1888.9971787583568,19.7803799281088,0.050446032817437945
1891.37082434973,19.786433452046893,0.051600662836973996
1893.7451963639755,19.79262553158733,0.052817087763804935
1896.120311427766,19.798963582118986,0.05409608775549894
1898.4961870576203,19.805455112649646,0.0554383546718699
1900.8728416711383,19.81210771521027,0.05684449080612571
1903.2502945969636,19.818929054107006,0.058315007825715526
1905.6285660834565,19.82592685504609,0.05985032592577729
1908.007677306062,19.833108894157185,0.06145077319595534
1910.3876503733609,19.8404829869407,0.0631165852016835
1912.7685083317938,19.8480569771649,0.06484790477818692
1915.1502751690537,19.855838725738284,0.06664478203758743
1917.5329758161422,19.863836099582795,0.06850717458555997
1919.916636148092,19.87205696053306,0.07043494794499358
1922.301282983356,19.88050915428646,0.07242787618340074
1924.6869440818705,19.88920049942847,0.07448564273886404
1927.0736481418019,19.898138776557133,0.07660784143984264
1929.4614247949887,19.907331717529914,0.07879397771276923
1931.8503046010924,19.916786994855446,0.08104346997110194
1934.240319040475,19.92651221125198,0.08335565117893277
1936.6315005058252,19.93651488939345,0.08572977058130724
1939.0238822925523,19.946802461863207,0.08816499559376467
1941.4174985879758,19.95738226133446,0.0906604138421289
1943.812384459336,19.968261510995514,0.09321503534422959
1946.2085758406556,19.979447315236822,0.09582779482467293
1948.6061095184841,19.990946650615783,0.09849755415232883
1951.005023116558,20.002766357114062,0.10122310489242281
1953.4053550794117,20.014913129701153,0.10400317096227833
1955.807144654976,20.027393510216626,0.10683641138194608
1958.210431876202,20.04021387958246,0.10972142310903266
1960.6152575417518,20.053380450355544,0.11265674394849157
1963.0216631957944,20.066899259629363,0.11564085552710306
1965.42969110695,20.080776162292615,0.11867218632328758
1967.8393842464252,20.09501682465141,0.12174911474251242
1970.2507862653833,20.10962671842051,0.12486997222840301
1972.6639414715937,20.12461111508792,0.12803304640106225
1975.0788948054042,20.139975080656047,0.13123658421262027
1977.4956918150829,20.15572347076156,0.1344787951123768
1979.9143786315742,20.171860926175047,0.1377578542116768
1982.3350019427153,20.188391868680448,0.1410719054414737
1984.757608966957,20.205320497333425,0.14441906469390514
1987.1822474266369,20.222650785096693,0.14779742294077636
1989.6089655208484,20.240386475849586,0.15120504932187492
1992.0378118979504,20.25853108176821,0.1546399941955971
1994.4688356277627,20.277087881071683,0.1581002921467049
1996.9020861734914,20.296059916129288,0.16158396494404909
1999.337613363427,20.315449991922574,0.1650890244432842
2001.7754673624577,20.335260674855768,0.1686134754294244
2004.2156986434404,20.3554942919073,0.17215531839402942
2006.6583579584692,20.376152930114582,0.1757125522433197
2009.1034963100828,20.39723843638378,0.17928317693257276
2011.5511649224488,20.41875241761569,0.18286519602392914
2014.0014152125627,20.44069624113856,0.18645661916378842
2016.4542987614993,20.463071035438215,0.19005546447775265
2018.909867285752,20.485877691175546,0.19365976087994952
2021.368172608693,20.50911686248114,0.19726755029563967
2023.8292666321906,20.532788968516616,0.20087688979456195
2026.2932013084126,20.556894195291964,0.20448585363445443
2028.7600286118477,20.5814324977281,0.20809253521318166
2031.2298005115751,20.60640360195368,0.21169504892961655
2033.7025689438096,20.631807007825234,0.21529153195185557
2036.1783857847486,20.657641991659457,0.2188801458936851
2038.6573028237476,20.6839076091667,0.2224590783990621
2041.1393717368476,20.710602698574586,0.2260265446352605
2043.6246440606765,20.737725883930818,0.22958078869512732
2046.113171166748,20.765275578574233,0.23312008490986952
2048.605004236177,20.793249988763417,0.236642739072875
2051.100194234829,20.821647117452162,0.2401470895767292
2053.598791888923,20.85046476820137,0.2436315084642556
2056.1008476611073,20.87970054921708,0.24709440239547575
2058.6064117270134,20.909351877504537,0.2505342135326198
2061.115533952314,20.939415983128452,0.2539494203447272
2063.628263870289,20.96988991356982,0.25733853833391035
2066.1446506599177,21.00077053816989,0.26070012068603415
2068.6647431244983,21.032054552652212,0.26403275884741007
2071.1885896708163,21.0637384837139,0.2673350830301994
2073.716238288862,21.095818693677526,0.27060576264844965
2076.2477365321033,21.12829138519534,0.27384350668816876
2078.783131498327,21.16115260599792,0.2770470640129771
2081.3224698110466,21.194398253679477,0.2802152236082082
2083.8657976014883,21.228024080512462,0.28334681476597606
2086.41316049115,21.26202569828438,0.2864407072138716
2088.9646035749442,21.296398583150044,0.28949581118948114
2091.520171404922,21.33113808049278,0.2925110774636863
2094.079907974581,21.366239409788424,0.29548549731452195
2096.643856703756,21.401697669466166,0.29841810245538153
2099.2120604240918,21.437507841760812,0.3013079649182515
2101.784561365103,21.473664797551002,0.3041541968959116
2104.361401140809,21.510163301178512,0.30695595054464064
2106.9426207369506,21.54699801524387,0.30971241774973757
2109.5282604987797,21.584163505373837,0.31242282985696573
2112.1183601194243,21.621654244956673,0.31508645737060215
2114.7129586288193,21.659464619841145,0.3177026096217321
2117.3120943832,21.697588932995753,0.32027063440812265
2119.9158050551596,21.736021409124728,0.32278991760759845
2122.5241276242546,21.77475619923764,0.32525988276714085
2125.137098368163,21.813787385169697,0.3276799906696345
2127.7547528543837,21.853108984050053,0.3300497388797119
2130.37712593247,21.892714952715618,0.3323686612708876
2133.0042517267957,21.932599192068125,0.33463632753513534
2135.636163629844,21.97275555137234,0.3368523426769225
2138.2728942960084,22.01317783249357,0.33901634649309287
2140.914475635908,22.053859794072743,0.3411280130396636
2143.5609388111966,22.094795155637502,0.34318705008778616
2146.2123142298733,22.135977601648037,0.3451931985689901
2148.868631542071,22.177400785476316,0.34714623201213735
2151.529919636328,22.219058333317772,0.3490459559722344
2154.196206636326,22.26094384803444,0.3508922074529982
2156.8675198980904,22.3030509129288,0.35268485432352986
2159.543886007642,22.345373095447624,0.3544237947305481
2162.2253307790957,22.38790395081529,0.35610895650689167
2164.9118792531935,22.430637025596116,0.3577402965771803
2167.603555696265,22.473565861185378,0.3593178003612844
2170.3003835996074,22.516683997228732,0.3608414811765807
2173.002385679275,22.55998497496992,0.36231137963923155
2175.7095838762716,22.60346234052663,0.36372756306561155
2178.4219993571346,22.647109648094503,0.365090124873498
2181.139652514906,22.690920463079323,0.36639918398364557
2183.8625629704757,22.73488836515736,0.36765488422222015
2186.5907495742945,22.779006951264027,0.36885739372293597
2189.324230408446,22.82326983851078,0.37000690432984484
2192.0630227890674,22.86767066703036,0.37110363099938465
2194.807143269111,22.912203102750286,0.37214781120216145
2197.5566076414407,22.956860840094546,0.37313970432313326
2200.311430942252,23.00163760461332,0.3740795910600762
2203.071627454806,23.04652715554053,0.3749677728193568
2205.8372107134705,23.091523288278854,0.37580457110850674
2208.608193508064,23.136619836811875,0.3765903269242088
2211.3845878884813,23.18181067604278,0.37732540013596017
2214.1664051696066,23.227089724059095,0.3780101688636961
2216.9536559364938,23.27245094432274,0.3786450288492264
2219.7463500498125,23.317888347784645,0.3792303928201809
2222.5444966515465,23.363395994923067,0.3797666898466427
2225.3481041709374,23.408967997704664,0.38025436468898854
2228.157180330662,23.454598521467343,0.3806938771371726
2230.971732153238,23.500281786723804,0.3810857013405963
2233.791765967645,23.546012070884675,0.3814303251281478
2236.617287416151,23.591783709900053,0.3817282493188875
2239.4483014613393,23.63759109981832,0.3819799870218965
2242.2848123933177,23.683428698260947,0.38218606292706647
2245.126823837109,23.729291025812195,0.3823470125850825
2247.9743387602066,23.775172667322405,0.38246338167822935
2250.8273594802854,23.821068273123792,0.38253572528172225
2253.6858876730603,23.8669725601576,0.3825646071157429
2256.549924380279,23.912880313011488,0.3825505987892738
2259.4194700178405,23.9587863848662,0.38249427903629396
2262.2945243840245,24.004685698350556,0.382396232944456
2265.1750866678267,24.05057324630389,0.3822570511781661
2268.061155457383,24.09644409244527,0.3820773291960104
2270.952728748476,24.142293371948792,0.3818576664641249
2273.84980395311,24.188116291924487,0.381598665666516
2276.752377908141,24.23390813180447,0.38130093191378245
2279.660446883958,24.279664243634123,0.38096507195080065
2282.5740065931936,24.32538005226822,0.3805916933656839
2285.4930521994656,24.3710510554721,0.3801814038003097
2288.417578326122,24.41667282392814,0.37973481016514066
2291.3475790649936,24.462241001147955,0.3792525178588117
2294.2830479851314,24.507751303291013,0.37873512999434905
2297.2239781415265,24.553199518890334,0.37818324663364916
2300.1703620837934,24.598581508486372,0.3775974640315205
2303.1221918648116,24.643893204170155,0.3769783738913901
2306.079459049312,24.68913060903712,0.3763265626334741
2309.0421547223964,24.73428979655314,0.3756426106777215
2312.010269497983,24.779366909834465,0.3749270917425977
2314.983793527163,24.824358160843577,0.37418057216124606
2317.9627165064644,24.869259829502926,0.37340361021716006
2320.9470276860047,24.914068262728986,0.37259675549960275
2323.936715877532,24.958779873388938,0.37176054828158556
2326.9317694623387,25.003391139182728,0.37089551892067385
2329.9321763990406,25.04789860145321,0.37000218728469036
2332.9379242312148,25.092298863927372,0.3690810622030879
2335.949000094886,25.136588591391742,0.36813264094535114
2338.965390725853,25.180764508305185,0.36715740872740693
2341.9870824668496,25.224823397352473,0.36615583824790576
2345.0140612745317,25.268762097942222,0.36512838925381413
2348.0463127262847,25.31257750465268,0.3640755081375957
2351.083822026843,25.35626656562919,0.3629976275662787
2354.1265740147182,25.399826280937145,0.36189516614297074
2357.1745531684305,25.4432537008743,0.36076852810182913
2360.2277436125355,25.48654592424652,0.35961810303654457
2363.286129123445,25.529700096610906,0.35844426566364146
2366.3496931350383,25.572713408490543,0.357247375619707
2369.418418744057,25.615583093564908,0.3560277772942655
2372.4922887152848,25.65830642684022,0.354785799697203
2375.5712854865055,25.700880722803884,0.3535217563618964
2378.655391173242,25.74330333356731,0.35223594528324875
2381.74458757327,25.7855716470013,0.3509286488909839
2384.8388561709103,25.82768308486822,0.3496001340580257
2387.9381781410943,25.869635100955183,0.34825065214342626
2391.042534353209,25.911425179212394,0.34688043907005195
2394.1519053747143,25.9530508319008,0.34548971543593154
2397.2662714745425,25.99450959775311,0.34407868665938446
2400.3856126262726,26.035799040152238,0.3426475431570412
2403.509908511091,26.076916745331083,0.34119646055407554
2406.6391385205307,26.117860320597572,0.339725599926292
2409.773281759002,26.158627392588727,0.3382351080728263
2412.912317046113,26.199215605557466,0.33672511781904413
2416.05622291878,26.23962261969575,0.3351957483486305
2419.2049776331432,26.279846109497587,0.3336471055636281
2422.358559166283,26.319883762165222,0.33207928247183105
2425.516945217743,26.359733276061842,0.3304923596005279
2428.6801132108703,26.399392359213905,0.3288864054348177
2431.848040293976,26.438858727866084,0.3272614768804102
2435.02070334132,26.478130105091733,0.3256176197488081
2438.1980789539307,26.51720421946159,0.32395486926439787
2441.380143460266,26.556078803773318,0.32227325059155376
2444.5668729167187,26.594751593844304,0.32057277938122297
2447.75824310798,26.63322032737005,0.3188534623351854
2450.9542295472643,26.671482742850273,0.3171152977868334
2454.1548074764064,26.709536578584693,0.3153582762972877
2457.3599518658366,26.747379571740368,0.3135823812655462
2460.5696374144454,26.785009457492233,0.31178758955112684
2463.7838385493446,26.82242396823837,0.3099738721081084
2467.0025294255333,26.85962083289134,0.3081411946292375
2470.22568392548,26.89659777624685,0.3062895181984734
2473.4532756586295,26.933352518430667,0.3044187999512893
2476.685277960841,26.96988277442482,0.3025289937405695
2479.9216638937723,27.00618625367369,0.3006200508076577
2483.1624062442133,27.04226065977061,0.29869192045660264
2486.4074775233858,27.0781036902254,0.29674455073077277
2489.6568499662126,27.113713036313094,0.2947778890902697
2492.91049553057,27.149086383003926,0.2927918830889868
2496.1683858965307,27.184221408974604,0.2907864810504831
2499.4304924656076,27.219115786700662,0.28876163274074906
2502.6967863600116,27.253767182629552,0.2867172900372121
2505.967238421927,27.288173257434018,0.28465340759279795
2509.2418192128193,27.322331666345153,0.2825699434936565
2512.520499012781,27.356240059564392,0.2804668599099299
2515.8032478199284,27.389896082753584,0.2783441237376098
2519.0900353498587,27.423297377602097,0.27620170723166027
2522.380831035171,27.456441582469896,0.274039588628335
2525.6756040250675,27.489326333105296,0.27185775275636226
2528.9743231850402,27.52194926343606,0.2696561916356366
2532.2769570966525,27.554308006432336,0.26743490506285406
2535.583474057424,27.58640019503988,0.2651939011828771
2538.893842080829,27.618223463181824,0.2629331970451787
2542.2080288964107,27.649775446827245,0.2606528191447725
2545.52600195003,27.681053785124618,0.2583528039459123
2548.847728404245,27.712056121598128,0.2560331983893013
2552.173175138837,27.742780105404844,0.25369406038050124
2555.5023087514855,27.773223392650504,0.25133545926025275
2558.835095558604,27.803383647761734,0.24895747625484077
2562.171501596335,27.833258544912315,0.24656020490695005
2565.5114926217243,27.86284576950115,0.24414375148558895
2568.8550341140644,27.89214301967942,0.24170823537508213
2572.202091276426,27.92114800792443,0.23925378944224346
2575.552629037377,27.9498584626575,0.23678056038178852
2578.9066120528955,27.978272129903313,0.23428870903865473
2582.2640047084838,28.006386774987952,0.23177841070758376
2585.6247711214824,28.034200184272862,0.22924985540952275
2588.988875143595,28.061710166922005,0.22670324814398532
2592.356280363626,28.088914556699283,0.22413880911758
2595.7269501104297,28.115811213793393,0.22155677394814316
2599.100847456085,28.14239802666717,0.21895739384432863
2602.477935219285,28.16867291392849,0.2163409357605654
2605.8581759689564,28.194633826219757,0.21370768252684988
2609.241532028103,28.22027874812298,0.21105793295358075
2612.6279654778778,28.24560570007741,0.20839200191137647
2616.017438161887,28.270612740306774,0.2057102203853134
2619.409911690724,28.29529796675301,0.20301293550405813
2622.8053474467347,28.3196595190135,0.2003005105435977
2626.2037065890163,28.34369558027873,0.19757332490592344
2629.6049500586496,28.36740437926744,0.194831774071987
2633.0090385841618,28.39078419215608,0.19207626953014295
2636.4159326872204,28.413833344499697,0.18930723867921867
2639.8255926885604,28.436550213141203,0.18652512470671567
2643.237978714137,28.45893322810601,0.18373038644270423
2646.65305070151,28.480980874479133,0.18092349818884895
2650.0707684064473,28.502691694261795,0.17810494952389772
2653.4910914097586,28.524064288204663,0.1752752450845385
2656.9139791243433,28.545097317614808,0.17243490432348926
2660.3393908024573,28.565789506133626,0.16958446124399157
2663.7672855431933,28.586139641482905,0.1667244641116857
2667.197622300171,28.606146577176307,0.16385547514410348
2670.6303598894324,28.6258092341936,0.16097807017834143
2674.0654569975354,28.645126602615,0.15809283831738816
2677.5028721898493,28.664097743213087,0.15520038155537227
2680.942563919035,28.682721788999732,0.15230131438297434
2684.384490533715,28.70099794672569,0.14939626337246992
2687.828610287322,28.718925498330385,0.14648586674432806
2691.2748813471217,28.736503802339705,0.14357077391492132
2694.7232618034022,28.753732295209495,0.14065164502638322
2698.1737096788274,28.77061049261266,0.1377291504597089
2701.626182937941,28.787137990667826,0.13480397033145408
2705.0806394968213,28.8033144671076,0.13187679397426896
2708.5370372328744,28.819139682384513,0.1289483194033103
2711.9953339947606,28.83461348071291,0.1260192527680874
2715.455487612446,28.84973579104508,0.12309030779131074
2718.9174559073717,28.864506627980038,0.12016220519512899
2722.3811967027295,28.878926092603454,0.11723567211608574
2725.846667833842,28.892994373257384,0.11431144150921095
2729.3138271586326,28.90671174623849,0.1113902515422538
2732.7826325681813,28.92007857642356,0.10847284498141838
2736.2530419973523,28.93309531782133,0.10555996856866183
2739.725013435491,28.94576251404957,0.1026523723924792
2743.198504937177,28.958080798736667,0.09975080925202681
2746.6734746330253,28.97005089584691,0.0968560340167457
2750.149880740527,28.98167361992892,0.09396880298121839
2753.6276815749184,28.992949876286666,0.09108987321733153
2757.106835560073,29.003880661072746,0.0882200019239221
2760.5873012394013,29.014467061303616,0.08535994577515046
2764.0690372867575,29.024710254796634,0.08251046026875505
2767.552002517333,29.034611510028885,0.07967229907463273
2771.036155898537,29.04417218591784,0.07684621338546194
2774.521456560847,29.053393731524096,0.07403295126960549
2778.00786380863,29.06227768567645,0.07123325702756608
2781.495337130911,29.070825676519757,0.06844787055308998
2784.9838362120936,29.079039420986128,0.06567752669927411
2788.4733209426117,29.08692072419004,0.06292295465148239
2791.9637514295146,29.09447147874822,0.06018487730692357
2795.455088006964,29.10169366402505,0.05746401066269632
2798.947291246647,29.108589345304573,0.05476106321256798
2802.440321968084,29.11516067289008,0.05207673535349382
2805.9341412488307,29.1214098811325,0.049411718802912695
2809.4287104345667,29.12733928738885,0.0467666960270267
2812.9239911490536,29.132951290912093,0.04414233968181118
2816.4199453039632,29.13824837167391,0.041539312066252165
2819.916535108564,29.14323308912186,0.038958264589764965
2823.4137230792585,29.147908080872632,0.03639983725334991
2826.9114720489633,29.152276061343034,0.03386465814605444
2830.4097451763246,29.15633982032056,0.03135334295691905
2833.908505954763,29.16010222147539,0.028866494503028882
2837.40771822134,29.163566200815755,0.02640470227405582
2840.907346165438,29.16673476508864,0.023968541994327335
2844.4073543372488,29.16961099012796,0.021558575202540453
2847.9077076560643,29.172198019152265,0.019175348849239292
2851.4083714183625,29.174499061014174,0.01681939491350685
2854.9093113056842,29.176517388403795,0.014491230037834887
2858.4104933922927,29.178256336008335,0.012191355182859336
2861.9118841526138,29.17971929863028,0.009920255301487657
2865.4134504684494,29.180909729266457,0.007678399032566101
2868.915159635961,29.181831137150365,0.005466238415063884
2872.416979372419,29.182487085760172,0.003284208622063763
2875.9188778227103,29.18288119079482,0.001132727715476752
2879.4208235656056,29.183017118120677,-0.000987803578992678
2882.92278561978,29.182898581691198,-0.0030770020760684247
2886.424733449583,29.18252934144207,-0.005134502314933324
2889.926636970556,29.181913201164278,-0.007159956722032254
2893.4284665546957,29.181054006357634,-0.009153035754039252
2896.9301930354586,29.17995564206715,-0.01111342801956757
2900.431787712507,29.1786220307048,-0.013040840381073338
2903.9332223561914,29.177057129859072,-0.014934998036153502
2907.4344692117747,29.175264930094734,-0.016795644579037372
2910.935501003386,29.17324945274525,-0.018622542041709288
2914.4362909377155,29.171014747700244,-0.020415470915994643
2917.9368127074395,29.168564891190325,-0.022174230155543505
2921.4370404943825,29.16590398357166,-0.02389863715948811
2924.936948972411,29.16303614711252,-0.02558852773650126
2928.436513310064,29.15996552378414,-0.027243756050913486
2931.9357091729185,29.15669627305803,-0.028864194550652183
2935.4345127256856,29.153232569711953,-0.030449733877328338
2938.9329006340513,29.149578601646674,-0.032000282758974194
2942.4308500662487,29.145738567715597,-0.03351576788631998
2945.9283386943744,29.14171667556924,-0.03499613377216567
2949.4253446954426,29.13751713951658,-0.036441342595120815
2952.9218467521846,29.133144178405164,-0.03785137402774197
2956.417824053593,29.128602013521835,-0.03922622504968961
2959.9132562952154,29.123894866515872,-0.0405659097466445
2963.408123679197,29.119026957346275,-0.04187045909486524
2966.9024069140787,29.11400250225489,-0.04313992073289678
2970.3960872143493,29.108825711766944,-0.04437435872004514
2973.8891462997613,29.103500788720538,-0.045573853282624796
2977.381566394408,29.098031926326623,-0.046738500548778227
2980.873330225567,29.09242330626077,-0.04786841227154189
2984.3644210223183,29.086679096788185,-0.04896371554205341
2987.854822513933,29.08080345092314,-0.050024552492011765
2991.3445189280437,29.074800504624097,-0.051051079987344636
2994.8334949885984,29.068674375025616,-0.05204346931243128
2998.3217359136015,29.062429158708124,-0.05300190584668722
3001.8092274126466,29.05606893000652,-0.0539265887328888
3005.2959556842475,29.049597739358575,-0.05481773053836274
3008.7819074129707,29.04301961169397,-0.05567555691007679
3012.267069766374,29.036338544864762,-0.05650030622336526
3015.751430391758,29.029558508117958,-0.05729222922523647
3019.234977412732,29.02268344061093,-0.058051588672854613
3022.717699425605,29.015717249970187,-0.058778658967669394
3026.1995854956017,29.008663810894067,-0.05947372578560817
3029.6806251529088,29.001526963799794,-0.060137085704307466
3033.160808388565,28.994310513515277,-0.06076904582711744
3036.6401256501867,28.987018228016023,-0.06136992340524117
3040.1185678375487,28.979653837207394,-0.06194004545783116
3043.5961262980136,28.972221031752454,-0.062479748391108814
3047.072792821824,28.96472346194552,-0.0629893776163589
3050.5485596372573,28.957164736631558,-0.06346928716786475
3054.023419405653,28.949548422171414,-0.0639198393206956
3057.4973652163135,28.94187804145293,-0.06434140420935228
3060.970390581288,28.93415707294781,-0.06473435944703473
3064.442489430042,28.926388949814164,-0.06509908974650833
3067.9136561040195,28.918577059044583,-0.06543598654274638
3071.3838853511047,28.910724740659454,-0.06574544761758598
3074.853172319984,28.902835286945344,-0.06602787672716678
3078.3215125544175,28.894911941738084,-0.06628368323176778
3081.788901987426,28.88695789975027,-0.06651328172940416
3085.255336935396,28.878976305942743,-0.06671709169256228
3088.720814092109,28.870970254939635,-0.06689553710890195
3092.1853305227014,28.862942790486567,-0.06704904612622187
3095.64888365756,28.85489690495142,-0.06717805070159955
3099.111471286154,28.84683553886723,-0.06728298625506095
3102.573091550818,28.83876158051662,-0.0673642913287568
3106.03374294048,28.83067786555717,-0.06742240725087593
3109.493424284347,28.822587176687065,-0.06745777780476914
3112.9521347455493,28.814492243350493,-0.06747084890402397
3116.4098738147513,28.80639574148201,-0.06746206827319412
3119.866641303729,28.798300293289227,-0.06743188513424296
3123.322437338924,28.790208467073118,-0.06738074989950013
3126.7772623549727,28.782122777085178,-0.06730911387036187
3130.231117088223,28.774045683420734,-0.06721742894306715
3133.6840025702336,28.765979591947566,-0.06710614732021725
3137.135920121267,28.75792685426914,-0.06697572122951931
3140.5868713437794,28.749889767721598,-0.06682660264913191
3144.036858115906,28.741870575403702,-0.0666592430395537
3147.485882584954,28.733871466238956,-0.06647409308276528
3150.933947160903,28.725894575069024,-0.06627160242818064
3154.381054509911,28.717941982777642,-0.06605221944552635
3157.8272075478444,28.71001571644418,-0.06581639098497405
3161.2724094338178,28.702117749525982,-0.0655645621442306
3164.716663563761,28.694250002068674,-0.06529717604279266
3168.1599735640093,28.68641434094354,-0.06501467360333635
3171.6023432849224,28.67861258011114,-0.06471749334021246
3175.043776794536,28.670846480910313,-0.06440607115513568
3178.484278372245,28.663117752371697,-0.06408084014000912
3181.92385250253,28.655428051554896,-0.06374223038667637
3185.3625038687164,28.647778983908495,-0.06339066880392727
3188.8002373467853,28.640172103652024,-0.06302657894160883
3192.2370579992235,28.63260891417903,-0.06265038082139777
3195.672971068925,28.625090868480463,-0.06226249077494472
3199.1079819731426,28.61761936958747,-0.06186332128844304
3202.542096297493,28.610195771032856,-0.06145328085459904
3205.9753197900172,28.602821377330304,-0.061032773830701124
3209.407658355297,28.59549744447062,-0.060602200304001506
3212.8391180486333,28.58822518043414,-0.06016195596319681
3216.2697050702855,28.581005745718556,-0.05971243197689565
3219.6994257597717,28.57384025388133,-0.05925401487803702
3223.1282865902376,28.566729772095965,-0.05878708645517724
3226.556294162889,28.559675321721343,-0.05831202364949088
3229.983455201496,28.552677878883404,-0.05782919845846261
3233.409776546962,28.54573837506839,-0.05733897784514497
3236.83526515197,28.53885769772697,-0.056841723653751806
3240.259928075697,28.53203669088852,-0.05633779253090647
3243.6837724786037,28.525276155784812,-0.0558275358525151
3247.106805617298,28.51857685148251,-0.05531129965659076
3250.529034839476,28.51193949552372,-0.054789424581169754
3253.950467578939,28.50536476457398,-0.054262245807971496
3257.371111350688,28.498853295077023,-0.053730093011091405
3260.7909737460973,28.492405683915692,-0.05319329031096369
3264.210062428167,28.486022489078376,-0.05265215623332746
3267.6283851268563,28.479704230330377,-0.0521070036730779
3271.045949634496,28.473451389889608,-0.051558139863564875
3274.462763801283,28.46726441310598,-0.0510058663524345
3277.8788355308557,28.461143709143688,-0.05045047898824725
3281.294172775953,28.455089651665098,-0.049892267921425315
3284.7087835341526,28.449102579514527,-0.04933151762675318
3288.122675843694,28.443182797399317,-0.04876850695583931
3291.5358577793822,28.437330576564616,-0.04820350922812485
3294.94833744857,28.43154615545724,-0.047636792371896775
3298.3601229872247,28.425829740372613,-0.04706861912679254
3301.7712225560695,28.420181506077398,-0.04649924731883933
3305.181644336799,28.414601596399137,-0.04592893022161704
3308.5913965283667,28.409090124772543,-0.04535791701458791
3312.0004873433395,28.403647174730793,-0.04478645335120509
3315.408925004307,28.398272800328648,-0.04421478204710283
3318.8167177403466,28.392967026482996,-0.04364314389982601
3322.2238737835246,28.387729849215017,-0.04307177864835884
3325.6304013654303,28.382561235777214,-0.04250092608097944
3329.0363087137234,28.377461124647496,-0.04193082729821995
3332.4416040486813,28.37242942537171,-0.0413617261359948
3335.846295579726,28.36746601823539,-0.04079387075233143
3339.2503915019142,28.36257075374511,-0.04022751538096022
3342.6538999923637,28.357743451899395,-0.03966292225049036
3346.056829206592,28.352983901229337,-0.03910036367008966
3349.459187274739,28.348291857588926,-0.038540124277493724
3352.86098229765,28.343667042675627,-0.03798250344638395
3356.262222342771,28.33910914226206,-0.03742781784682829
3359.6629154398424,28.33461780412044,-0.036876404152597075
3363.063069576337,28.33019263562213,-0.036328621886916324
3366.4626926926117,28.3258332009957,-0.035784856397480524
3369.861792676731,28.321539018228002,-0.035245521950836675
3373.2603773589185,28.3173095555939,-0.034711064934978
3376.65845450559,28.313144227801704,-0.034181967157772185
3380.056031812926,28.30904239174277,-0.033658749230121764
3383.453116899935,28.305003341835157,-0.03314197401946828
3386.8497173009555,28.30102630495282,-0.032632250161768184
3390.24584045755,28.29711043493341,-0.03213023561731514
3393.641493709742,28.29325480665933,-0.03163664125785578
3397.036684286541,28.289458409708388,-0.031152234470906613
3400.431419295706,28.28572014157188,-0.030677842768245256
3403.8257057126943,28.28203880043969,-0.030214357385046263
3407.219550368747,28.278413077553484,-0.02976273685716772
3410.612959938054,28.274841549130624,-0.029324010564391045
3414.0059409239493,28.271322667862897,-0.028899282227327443
3417.3984996440927,28.267854753995618,-0.02848973334706647
3420.790642214572,28.26443598599397,-0.028096626576819737
3424.182374532891,28.26106439080475,-0.027721309015434535
3427.5737022597878,28.2577378337229,-0.02736521541425082
3430.9646307998346,28.25445400787319,-0.027029871287650074
3434.3551652807796,28.25121042331867,-0.026716895920664285
3437.7453105315776,28.24800439580819,-0.02642800526639159
3441.1350710590746,28.244833035176224,-0.026165014727208558
3444.5244510232956,28.24169323340896,-0.025929841813857973
3447.9134542113047,28.238581652391296,-0.02572450867877052
3451.3020840095915,28.235494711349844,-0.02555114451903151
3454.6903433749535,28.23242857400756,-0.0254119878464761
3458.078234803834,28.229379135465983,-0.02530938862162676
3461.46576030009,28.226342008831388,-0.0252458102505256
3464.85292134115,28.223312511601325,-0.025223831442389155
3468.239718842542,28.220285651828238,-0.02524614792784874
3471.6261531207615,28.217256114076896,-0.025315574036858617
3475.012223854451,28.214218245192473,-0.025435044136627265
3478.397930043874,28.211166039896078,-0.025607613929512496
3481.7832699686614,28.208093126224536,-0.02583646161156139
3485.1682411438082,28.20499275083115,-0.026124888892227936
3488.552840273908,28.20185776416408,-0.02647632187529799
3491.9370632056075,28.198680605539046,-0.026894311802294624
3495.3209048782724,28.19545328812277,-0.027382535657919743
3498.704359272847,28.19216738384382,-0.027944796638272134
3502.087419358908,28.188814008247228,-0.028585024480924186
3505.4700770398977,28.185383805309517,-0.02930727565626512
3508.8523230965347,28.181866932230765,-0.030115733418985734
3512.2341471284026,28.178253044220487,-0.031014707717336165
3515.615537493709,28.174531279294406,-0.03200863495749218
3518.996481247224,28.170690243099507,-0.03310207761944758
3522.376964076396,28.166717993785173,-0.034299723719607066
3525.75697023565,28.16260202693882,-0.035606386114513576
3529.1364824788825,28.15832926060508,-0.037027001638456625
3532.515481990155,28.153886020408464,-0.0385666300674122
3535.893948312604,28.149258024800375,-0.04023045289883361
3539.27185927558,28.144430370452515,-0.04202377193702016
3542.6491909200345,28.139387517820072,-0.04395200767106644
3546.025917422173,28.134113276899544,-0.0460206974309448
3549.4020110154006,28.12859079320783,-0.04823549330617757
3552.7774419105854,28.12280253401109,-0.0506021598061975
3556.1521782146665,28.116730274834346,-0.05312657123036265
3559.5261858476465,28.110355086286702,-0.05581470870052267
3562.899428458001,28.10365732124264,-0.05867265678925667
3566.27186733655,28.09661660242793,-0.061706599658961636
3569.643461328841,28.089211810468854,-0.06492281660814096
3573.0141667460975,28.081421072475877,-0.06832767690383434
3576.383937274795,28.073221751247416,-0.07192763376462352
3579.7527238849443,28.06459043519566,-0.07572921734624316
3583.1204747371676,28.055502929114112,-0.0797390265722046
3586.4871350886615,28.045934245925448,-0.08396371964538574
3589.8526471981727,28.035858599568,-0.08841000307390583
3593.216950230121,28.025249399199133,-0.09308461904427764
3596.5799801580247,28.01407924491382,-0.09799433097835339
3599.9416696674143,28.002319925196417,-0.10314590711555383
3603.301948058438,27.98994241634255,-0.10854610197323922
3606.660741148399,27.976916884105762,-0.11420163554719902
3610.017971174492,27.963212687840098,-0.1201191701315274
3613.3735566970327,27.948798387424315,-0.1263052846519545
3616.7274125035237,27.93364175326608,-0.13276644642757537
3620.0794495139157,27.91770977969477,-0.13950898029696884
3623.429574687479,27.900968702059135,-0.14653903506962607
3626.7776909317263,27.88338401785078,-0.15386254728806392
3630.1236970138684,27.864920512176212,-0.16148520231595853
3633.4674874753296,27.845542287898297,-0.1694123927956722
3636.808952549877,27.825212800762817,-0.17764917455223758
3640.1479780859686,27.803894899816548,-0.18620022005230535
3643.4844454739464,27.78155087341027,-0.1950697695630647
3646.818231578756,27.758142501062704,-0.2042615801912599
3650.1492086788835,27.733631111439752,-0.2137788730208534
3653.4772444122564,27.70797764667725,-0.22362427860596057
3656.8022017298576,27.681142733244535,-0.23379978111419675
3660.123938857847,27.65308675951083,-0.24430666145554744
3663.442309268988,27.623769960136165,-0.2551454397716313
3666.7571616642044,27.59315250736357,-0.26631581769776724
3670.068339965088,27.561194609239838,-0.2778166208485663
3673.375683318197,27.52785661473801,-0.2896457420146289
3676.6790261119654,27.493099125696254,-0.3018000855900205
3679.978198007049,27.456883115425452,-0.31427551378249896
3683.2730239809,27.419170053771552,-0.3270667951844312
3686.563324387352,27.37992203834942,-0.34016755630513396
3689.848915031954,27.339101931592804,-0.35357023668280974
3693.1296072637456,27.296673503190867,-0.3672660482039329
3696.4052080841284,27.252601577406395,-0.3812449392639176
3699.675520273417,27.206852184694725,-0.39549556439680467
3702.9403425355804,27.15939271696711,-0.4100052599909236
3706.1994696616166,27.110192085768198,-0.4247600266862032
3709.4526927119086,27.059220882565853,-0.4397445190171231
3712.6997992178167,27.0064515402838,-0.45494204282610085
3715.940573402651,26.951858495144666,-0.470334560920449
3719.174796422068,26.895418347834212,-0.4859027073861988
3722.402246623808,26.83711002294787,-0.5016258109019253
3725.6226998265615,26.776914925639637,-0.5174819273164211
3728.835929617638,26.714817094361667,-0.5334478816658716
3732.0417076689614,26.650803348561762,-0.5494993197120065
3735.239804070789,26.58486343019632,-0.5656107689794373
3738.4299876824125,26.51699013791879,-0.5817557091660912
3741.6120264989627,26.447179452818858,-0.5979066516889435
3744.785688033301,26.375430654616185,-0.6140352280168553
3747.950739711855,26.301746427254162,-0.6301122863318003
3751.1069492831257,26.226132952894346,-0.6461079959509657
3754.254085237473,26.14859999338023,-0.661991958837671
3757.3919172366786,26.06916095831971,-0.6777333274325652
3760.520216551677,25.987832959027802,-0.6933009279471788
3763.6387565067603,25.90463684767414,-0.708663388181711
3766.7473129284813,25.819597241092335,-0.723789268864176
3769.8456645974125,25.732742528828634,-0.7386471974520841
3772.933593700872,25.644104865134384,-0.7532060033000814
3776.010886284688,25.553720144738374,-0.7674348530726387
3779.0773327020565,25.461627962369658,-0.7813033852718773
3782.132728057541,25.367871556137032,-0.7947818427598582
3785.1768726442774,25.27249773500585,-0.8078412021777541
3788.2095723724783,25.17555679074452,-0.8204532992028983
3791.2306391873676,25.07710239484017,-0.8325909486390042
3794.239891474748,24.97719148100349,-0.8442280584015194
3797.2371544524685,24.87588411399531,-0.8553397365383002
3800.222260546148,24.773243345610712,-0.8659023905153163
3803.1950497476214,24.669335058748874,-0.875893818094949
3806.155369954671,24.56422780057748,-0.8852932892372916
3809.1030772907407,24.457992605869006,-0.8940816185658562
3812.038036403445,24.350702811641103,-0.902241228046415
3814.960120740842,24.242433864275533,-0.9097561996432784
3817.869212804555,24.13326312031834,-0.916612317826034
3820.765204378993,24.023269642179216,-0.9227971019053409
3823.6479967360547,23.912533989950575,-0.9282998282823604
3826.5175008148485,23.80113801055669,-0.9331115427886338
3829.3736373761153,23.689164625422055,-0.9372250633862638
3832.216337131166,23.576697617815704,-0.9406349735749941
3835.0455408453035,23.463821420986704,-0.9433376069271009
3837.861199415822,23.350620908155452,-0.9453310232313032
3840.6632739248007,23.237181185367696,-0.9466149767799692
3843.451735667045,23.1235873881541,-0.9471908773749446
3846.2265661536235,23.009924482869106,-0.9470617446610005
3848.987757091568,22.896277073509786,-0.9462321564171224
3851.735310340389,22.78272921473973,-0.9447081914505162
3854.4692378461577,22.66936423176567,-0.9424973677435666
3857.1895615539697,22.55626454763644,-0.9396085765006983
3859.896313299686,22.443511518456358,-0.9360520127330278
3862.5895346819007,22.331185276928395,-0.9318391030030664
3865.269276915132,22.219364584568027,-0.9269824309293166
3867.93560066528,22.10812669285651,-0.9214956610262467
3870.588575868423,21.99754721353336,-0.9153934614242114
3873.2282815340473,21.887699998162454,-0.9086914259825996
3875.854805533827,21.77865702704454,-0.901405996273219
3878.468244377072,21.670488307491755,-0.8935543838759052
3881.068702973971,21.563261781426647,-0.8851544933910382
3883.6562943877425,21.457043242219722,-0.8762248465345717
3886.231139576809,21.351896260635574,-0.8667845076465674
3888.7933671280853,21.247882119717985,-0.856853010905656
3891.343112982451,21.145059758409307,-0.8464502895063397
3893.88052015346,21.043485723668546,-0.8355966070241176
3896.4057384403004,20.943214130825652,-0.8243124911563093
3898.9189241359995,20.844296631886895,-0.8126186699998428
3901.420239731826,20.746782391486914,-0.8005360109969514
3903.9098536188044,20.65071807016728,-0.788085462650597
3906.3879397872242,20.556147814649208,-0.7752879990893469
3908.854677524982,20.463113254758486,-0.7621645675365348
3911.310251115553,20.371653506654102,-0.748736038717901
3913.7548495363517,20.281805182007954,-0.7350231602241427
3916.1886661581925,20.193602402781057,-0.7210465128242305
3918.611898446526,20.10707682124215,-0.7068264697154862
3921.024747665075,20.02225764487629,-0.6923831586764647
3923.42741858246,19.939171665835115,-0.677736427081399
3925.8201191823605,19.857843294585347,-0.6629058097227691
3928.2030603777107,19.778294597418615,-0.647910499378727
3930.576455729401,19.700545337493168,-0.6327693200552709
3932.9405211699,19.624613019086535,-0.6175007028261348
3935.2954747321905,19.5505129347474,-0.6021226641880872
3937.6415362843604,19.47825821504483,-0.586652786842734
3939.978927270166,19.4078598806237,-0.5711082028160064
3942.3078704558407,19.33932689628578,-0.5555055788194412
3944.628589683395,19.272666226827447,-0.5398611037582768
3946.9413096306143,19.207882894376453,-0.524190478287571
3949.2462555779393,19.144980036981945,-0.5085089063187276
3951.543653182377,19.083958968223698,-0.49283108837604084
3953.833728258564,19.024819237618573,-0.47717121670496354
3956.1167065670784,18.967558691613977,-0.46154297203280237
3958.392813610072,18.91217353497004,-0.4459595218836062
3960.6622744342685,18.858658392344008,-0.43043352035135507
3962.9253134413498,18.807006369901845,-0.4149771092347265
3965.182154205738,18.75720911679368,-0.39960192044009213
3967.433019299753,18.709256886340867,-0.38431907956146816
3969.678130126114,18.66313859679349,-0.36913921054591015
3971.9177067577293,18.618841891527982,-0.35407244135926186
3974.1519677847127,18.57635319856487,-0.33912841056498166
3976.3811301685405,18.535657789297073,-0.3243162747344227
3978.605409103256,18.496739836328942,-0.30964471660913284
3980.8250178836156,18.459582470335846,-0.29512195393820073
3983.040167780056,18.424167835863262,-0.28075574891532895
3985.2510679203597,18.390477145993422,-0.26655341814641653
3987.4579251778787,18.358490735815852,-0.25252184307849035
3989.6609440661764,18.328188114646434,-0.2386674808252091
3991.860326639934,18.29954801694741,-0.22499637532738723
3994.056272401968,18.272548451908122,-0.2115141687887956
3996.248978216197,18.247166751653467,-0.19822611333344398
3998.4386382263956,18.223379618053453,-0.1851370828299596
4000.625443780562,18.201163168113858,-0.17225158483474465
4002.8095833607354,18.18049297793369,-0.15957377260737243
4004.9912425180873,18.161344125220804,-0.14710745715473078
4007.1706038131138,18.143691230362236,-0.1348561192634416
4009.3478467607574,18.127508496050623,-0.12282292148363776
4011.5231477802836,18.112769745472587,-0.11101072002904408
4013.69668014974,18.0994484590691,-0.09942207656206867
4015.8686139648285,18.087517809881653,-0.08805926983441736
4018.0391161020143,18.076950697501523,-0.07692430715676343
4020.2083501857146,18.06771978064271,-0.0660189356736988
4022.376476559392,18.059797508361868,-0.055344653423095025
4024.5436522603954,18.053156149951096,-0.04490272015965265
4026.7100309983894,18.047767823531938,-0.034694167926119235
4028.875763137213,18.043604523380804,-0.02471981135820182
4031.040995680019,18.04063814601782,-0.014980257709555172
4033.205872257541,18.038840515092673,-0.005475916586069237
4035.3705331193523,18.038183405102345,0.003792990618448992
4037.5351151279647,18.03863856397656,0.012826421593725712
4039.699751755642,18.040177734567806,0.02162450429633959
4041.86457308379,18.042772675083366,0.03018752844872926
4044.0297058048004,18.046395178497214,0.03851593735758978
4046.1952732262203,18.051017090980125,0.04661032005219094
4048.361395277138,18.056610329386388,0.054471403742262225
4050.528188516664,18.06314689783546,0.06210004659541468
4052.6957661444044,18.07059890342691,0.06949723083119845
4054.864238012816,18.078938571126653,0.0766640561289537
4057.033710641351,18.088138257862127,0.08360173334551746
4059.204287232294,18.09817046586359,0.090311578537694
4061.3760676881975,18.109007855288112,0.09679500728421905
4063.549148630832,18.12062325616222,0.10305352930105964
4065.7236234215716,18.132989679678346,0.10908874334321084
4067.899582183133,18.14608032887953,0.11490233238529157
4070.0771118225985,18.159868608765766,0.12049605907389349
4072.25629605565,18.174328135854633,0.1258717614426234
4074.4372154319526,18.189432747227748,0.13103134888240814
4076.61994736162,18.205156509093637,0.1359767983566999
4078.804566142711,18.22147372489644,0.14071015085406202
4080.9911429896983,18.23835894299893,0.14523350806741794
4083.179746062858,18.25578696396702,0.14954902929137742
4085.370440498534,18.273732847481984,0.1536589285274263
4087.563288440232,18.292171918905275,0.1575654717873872
4089.7583490705006,18.31107977551976,0.161270974585707
4091.955678643563,18.330432292470046,0.16477779960940947
4094.1553305186594,18.350205628423176,0.16808835455736454
4096.35735519407,18.37037623097006,0.17120509013848206
4098.561800341787,18.390920841786677,0.17413049821758028
4100.768710842801,18.411816501572787,0.17686711010188225
4102.97812882299,18.433040554785013,0.17941749495490694
4105.190093689564,18.4545706541796,0.1817842583315965
4107.404642168065,18.476384765179393,0.1839700408224232
4109.621808339886,18.498461170078084,0.18597751679904445
4111.841623680296,18.52077847209397,0.1878093932500195
4114.0641170969475,18.54331559928397,0.18946840870060674
4116.289314968862,18.566051808328044,0.19095733220423722
4118.517241185861,18.588966688192553,0.19227896239906173
4120.747917188444,18.61204016368044,0.1934361266211345
4122.981362008086,18.635252498874976,0.19443168006458106
4125.217592307951,18.658584300482726,0.19526850498143844
4127.456622424009,18.6820165210805,0.19594950991391377
4129.698464406539,18.70553046227017,0.19647762894929127
4131.943128062011,18.729107777744083,0.196855820993432
4134.19062099534,18.752730476263295,0.1970870690522079
4136.440948652492,18.77638092454956,0.19717437951693267
4138.694114363438,18.800041850091592,0.19712078144541087
4140.9501193854485,18.82369634386504,0.19692932583351327
4143.208962946713,18.847327862965063,0.19660308487073527
4145.470642290268,18.87092023314955,0.19614515117517922
4147.735152718246,18.894457651290573,0.1955586369999966
4150.002487636401,18.917924687730572,0.1948466734109348
4152.272638598929,18.941306288539884,0.19401240942598838
4154.545595353554,18.964587777671003,0.19305901111540774
4156.821345886874,18.987754859004852,0.1919896606580392
4159.099876469954,19.010793618283817,0.19080755534994037
4161.381171704148,19.03369052492581,0.18951590656228018
4163.665214567139,19.056432433713283,0.1881179386468368
4165.951986459184,19.079006586350904,0.18661688778479996
4168.241467249546,19.10140061288508,0.18501600077964753
4170.533635323092,19.123602532978637,0.1833185337906033
4172.82846762705,19.14560075703351,0.18152775100566862
4175.125939717894,19.16738408715419,0.1796469232550872
4177.426025808352,19.1889417179448,0.17767932656349572
4179.728698814506,19.21026323713242,0.1756282406410866
4182.033930402962,19.23133862600935,0.173496947315351
4184.341691038083,19.252158259687192,0.17128872890254482
4186.651950029245,19.272712907155498,0.16900686652195537
4188.964675578104,19.292993731138132,0.16665463835335478
4191.279834825841,19.312992287740535,0.1642353178403629
4193.59739390037,19.33270052588138,0.1617521718420889
4195.917317963475,19.35211078650243,0.15920845873482747
4198.2395712578555,19.37121580155061,0.15660742646890213
4200.564117154042,19.390008692726877,0.15395231058109954
4202.890918197169,19.40848296999661,0.15124633217030356
4205.219936153569,19.426632529857045,0.1484926958359741
4207.551132057151,19.444451653357362,0.14569458758666443
4209.884466255554,19.46193500386776,0.14285517272292955
4212.219898456018,19.479077624594513,0.1399775936974083
4214.557387770969,19.495874935838202,0.13706496795921436
4216.8968927632695,19.512322731993308,0.13412038578595187
4219.238371491108,19.528417178287622,0.13114690810981008
4221.581781552503,19.5441548072608,0.1281475643423846
4223.927080129374,19.559532514981885,0.1251253502048577
4226.274224031172,19.57454755700647,0.12208322556670481
4228.623169738013,19.589197544074473,0.11902411230151344
4230.973873443301,19.603480437550655,0.1159508921632894
4233.326291095807,19.61739454461025,0.11286640468937867
4235.68037844116,19.630938513172975,0.10977344513699214
4238.036091062741,19.644111326589414,0.10667476245661926
4240.393384421932,19.656912298084208,0.10357305730993953
4242.752213897702,19.6693410649614,0.10047098013545863
4245.112534825497,19.681397582577656,0.09737112926941904
4247.474302535406,19.693082118089986,0.09427604912512304
4249.837472389578,19.704395243985,0.09118822843599736
4252.201999818856,19.71533783139732,0.08811009856906082
4254.5678403586235,19.725911043225608,0.08504403190917979
4256.93494968381,19.73611632705471,0.08199234032281548
4259.303283643057,19.745955407893447,0.07895727370232919
4261.672798292004,19.755430280737727,0.07594101859531577
4264.043449925693,19.764543202969165,0.07294569692346542
4266.415195110048,19.77329668659998,0.06997336479210858
4268.787990712441,19.781693490375034,0.0670260113943814
4271.1617939312855,19.78973661174236,0.06410555801347566
4273.536562324694,19.797429278703977,0.0612138571229733
4275.912253838139,19.804774941558733,0.05835269158861086
4278.288826831126,19.811777264549367,0.05552377397301338
4280.6662401028725,19.818440117426128,0.052728745943782705
4283.044452916964,19.824767566939382,0.04996917778621324
4285.4234250249965,19.830763868273728,0.047246568020694234
4287.80311668919,19.83643345643621,0.04456234312627909
4290.183488703962,19.841780937611365,0.04191785736873399
4292.564502416476,19.846811080495613,0.039314392732917966
4294.946119746135,19.851528807623563,0.036753158959346166
4297.3283032030495,19.855939186698684,0.034235293682923405
4299.711015905454,19.860047421940635,0.03176186267325558
4302.094221596087,19.863858845461426,0.02933386017508847
4304.477884657542,19.867378908682436,0.026952209344581018
4306.861970126583,19.870613173803786,0.024617762782389956
4309.2464437074395,19.873567305337673,0.02233130315882903
4311.63127178408,19.876247061716732,0.020093543929740797
4314.016421431486,19.8786582869883,0.017905130138788177
4316.401860425925,19.880806902604956,0.01576663930483354
4318.787557254238,19.882698899321536,0.013678582388780097
4321.173481122157,19.88434032920819,0.01164140483907635
4323.559601961661,19.88573729778888,0.009655487710347188
4325.945890437396,19.88689595631412,0.007721148851243717
4328.332317952154,19.88782249417627,0.005838644160238715
4330.718856651455,19.888523131475498,0.004008168901966277
4333.105479427232,19.889004111743734,0.0022298590823884488
4335.492159920642,19.88927169483362,0.0005037928783776143
4337.878872524022,19.889332149979026,-0.001170007883259198
4340.265592382019,19.889191749033035,-0.0027915762004226963
4342.652295391903,19.888856759888984,-0.004360998329477894
4345.038958203089,19.888333440089447,-0.005878412180138071
4347.4255582159,19.88762803062783,-0.007344005677871006
4349.812073579576,19.886746749946486,-0.008758015096936116
4352.198483189569,19.885695788134854,-0.010120723367575598
4354.584766684145,19.884481301330744,-0.011432458362481412
4356.970904440304,19.883109406327247,-0.012693591165853965
4359.356877569064,19.881586175387344,-0.013904534328101903
4361.74266791011,19.879917631267972,-0.015065740111778563
4364.128258025862,19.87810974245456,-0.016177698731360362
4366.513631194956,19.876168418606795,-0.01724093658941328
4368.898771405189,19.874099506216066,-0.01825601451450609
4371.283663345935,19.871908784474325,-0.019223526003268415
4373.668292400072,19.869601961353933,-0.02014409546934696
4376.052644635434,19.86718466989761,-0.021018376502723868
4378.436706795822,19.864662464717284,-0.021847050143009028
4380.820466291588,19.862040818700123,-0.02263082316780185
4383.203911189832,19.859325119919987,-0.02337042640074098
4385.587030204222,19.856520668751898,-0.024066613039656442
4387.969812684472,19.85363267518714,-0.024720157009413178
4390.352248605494,19.85066625634601,-0.025331851339179444
4392.734328556256,19.847626434185308,-0.02590250656838341
4395.116043728358,19.844518133397102,-0.026432949182068437
4397.497385904366,19.841346179495254,-0.02692402007677212
4399.878347445905,19.83811529708604,-0.027376573060896213
4402.258921281556,19.834830108318734,-0.0277914733884721
4404.639100894554,19.831495131512117,-0.02816959632842379
4407.018880310336,19.828114779952706,-0.028511825771756115
4409.39825408393,19.824693360860095,-0.028819052875720768
4411.777217287233,19.82123507451501,-0.029092174747683924
4414.155765496174,19.817744013545287,-0.029332093168192113
4416.5338947778,19.814224162365104,-0.029539713354539053
4418.911601677284,19.81067939676256,-0.02971594276495182
4421.288883204896,19.807113483630765,-0.029861689944432612
4423.665736822932,19.803530080837433,-0.02997786341231527
4426.042160432632,19.799932737227955,-0.030065370591506973
4428.4181523611,19.796324892756974,-0.030125116780066463
4430.79371134823,19.792709878743366,-0.030158004163549634
4433.1688365336795,19.78909091824374,-0.030164930871467988
4435.543527443869,19.785471126539164,-0.0301467900735967
4437.917783979054,19.781853511730333,-0.03010446911873762
4440.291606400461,19.778240975436084,-0.030038848714604903
4442.664995317514,19.77463631359033,-0.02995080214886296
4445.0379516751445,19.771042217332468,-0.029841194549599475
4447.410476741225,19.767461273986516,-0.029710882187276393
4449.782572094103,19.763895968124043,-0.029560711814606105
4452.154239610278,19.76034868270629,-0.029391520046040398
4454.525481452202,19.756821700300765,-0.02920413277485897
4456.896300056238,19.753317204367782,-0.028999364627620615
4459.266698120762,19.749837280612468,-0.02877801845606598
4461.636678594436,19.74638391839774,-0.028540884863363186
4464.006244664643,19.742959012214136,-0.028288741766916797
4466.375399746109,19.739564363202106,-0.028022353993713743
4468.744147469693,19.73620168072286,-0.027742472910959513
4471.11249167138,19.732872583973545,-0.02744983608697164
4473.4804363814565,19.72957860364311,-0.027145166985705536
4475.8479858138935,19.726321183604824,-0.026829174689731637
4478.215144355926,19.723101682642056,-0.026502553654446835
4480.581916557843,19.719921376203523,-0.02616598349070761
4482.948307122988,19.716781458184638,-0.025820128774404576
4485.31432089797,19.71368304273171,-0.02546563888368899
4487.679962863098,19.710627166065667,-0.025103147861749164
4490.045238123026,19.707614788322257,-0.024733274304722386
4492.410151897625,19.70464679540569,-0.024356621272995465
4494.7747095130735,19.70172400085293,-0.023973776225982846
4497.138916393176,19.698847147705813,-0.02358531097934602
4499.502778050901,19.69601691038829,-0.023191781682048905
4501.866300080147,19.693233896586445,-0.022793728815410457
4504.229488147737,19.690498649128596,-0.022391677209891252
4506.592347985633,19.68781164786341,-0.021986136081360762
4508.954885383377,19.685173311533646,-0.021577599084447268
4511.317106180761,19.682583999643512,-0.02116654438255594
4513.679016260718,19.680044014317605,-0.02075343473422938
4516.0406215424355,19.677553602149498,-0.020338717593659794
4518.4019279746935,19.67511295603826,-0.019922825226507495
4520.762941529418,19.672722217011078,-0.01950617483765053
4523.123668195459,19.67038147603056,-0.019089168713293247
4525.484113972582,19.668090775784965,-0.018672194373348106
4527.844284865677,19.665850112460163,-0.018255624736311187
4530.204186879172,19.663659437491805,-0.01783981829278266
4532.563826011671,19.66151865929667,-0.01742511929103685
4534.923208250787,19.659427644981747,-0.017011857929460916
4537.282339568184,19.657386222030212,-0.016600350558378572
4539.641225914828,19.655394179963206,-0.016190899890104287
4541.999873216424,19.653451271976394,-0.01578379521423775
4544.358287369061,19.651557216550685,-0.015379312621692048
4546.716474235047,19.649711699036082,-0.014977715233281213
4549.074439638931,19.64791437320809,-0.014579253433903244
4551.432189363716,19.64616486279602,-0.014184165111696956
4553.789729147252,19.644462762982617,-0.013792675901758145
4556.147064678809,19.642807641874406,-0.013404999432579483
4558.504201595834,19.641199041942496,-0.013021337577908318
4560.861145480867,19.639636481433147,-0.012641880708959738
4563.217901858639,19.638119455748072,-0.01226680795127777
4565.574476193329,19.63664743879392,-0.011896287441359732
4567.9308738859845,19.635219884300955,-0.011530476587484628
4570.2871002721,19.633836227110457,-0.011169522329653367
4572.643160619354,19.6324958844309,-0.01081356140109809
4574.999060125486,19.631198257062767,-0.010462720590709296
4577.354803916333,19.629942730591882,-0.010117117004574776
4579.710397044005,19.628728676551333,-0.009776858328554757
4582.065844485191,19.627555453551906,-0.009442043089258334
4584.421151139617,19.626422408381195,-0.009112760915434375
4586.776321828623,19.625328877071343,-0.008789092796934739
4589.131361293871,19.62427418593571,-0.008471111343707113
4591.486274196183,19.623257652574466,-0.008158881042241717
4593.841065114492,19.622278586849397,-0.007852458511041032
4596.195738544914,19.621336291828072,-0.00755189275309931
4598.550298899933,19.6204300646977,-0.007257225407434713
4600.904750507697,19.619559197648808,-0.006968490997246354
4603.259097611415,19.61872297872914,-0.006685717175732483
4605.613344368862,19.61792069266805,-0.006408924969244131
4607.967494851982,19.61715162167174,-0.006138129017833431
4610.321553046583,19.6164150461896,-0.005873337812041987
4612.675522852126,19.615710245652156,-0.005614553927261549
4615.029408081605,19.615036499180885,-0.005361774254275531
4617.383212461506,19.614393086270372,-0.0051149902261589855
4619.736939631859,19.613779287443233,-0.004874188042662079
4622.090593146352,19.613194384878113,-0.004639348889827015
4624.444176472538,19.612637663011334,-0.004410449156881195
4626.7976929921,19.61210840911251,-0.00418746064777172
4629.151146001193,19.611605913834776,-0.003970350790775494
4631.504538710854,19.611129471739883,-0.003759082843076319
4633.857874247463,19.610678381798714,-0.0035536160912267674
4636.211155653279,19.610251947867766,-0.0033539060479389113
4638.5643858870235,19.609849479142014,-0.0031599046445229817
4640.91756782452,19.60947029058467,-0.0029715604199213414
4643.27070425939,19.60911370333428,-0.0027888187045614172
4645.623797903791,19.608779045089733,-0.002611621800448679
4647.976851389201,19.60846565047368,-0.0024399091572332074
4650.329867267258,19.60817286137481,-0.002273617544013007
4652.682848010623,19.60790002726953,-0.0021126812166964255
4655.035796013895,19.607646505523526,-0.0019570320811901354
4657.388713594558,19.607411661673783,-0.0018065998527087384
4659.741602993959,19.607194869691458,-0.0016613122107322909
4662.094466378321,19.60699551222617,-0.0015210949489308234
4664.447305839788,19.6068129808323,-0.0013858721226907753
4666.800123397488,19.606646676177576,-0.0012555661904833926
4669.152920998629,19.606496008234718,-0.0011300981521837155
4671.505700519618,19.606360396456456,-0.0010093876839848785
4673.858463767192,19.606239269934377,-0.0008933532668287114
4676.211212479584,19.606132067542358,-0.0007819123138593417
4678.563948327689,19.606038238064695,-0.0006749812911562477
4680.916672916257,19.605957240309756,-0.0005724758362764722
4683.269387785094,19.605888543209403,-0.000474310871823036
4685.62209441028,19.605831625904784,-0.0003804007158159095
4687.974794205388,19.605785977818886,-0.00029065918791815193
4690.3274885227265,19.605751098716336,-0.00020499971154682348
4692.680178654572,19.60572649875095,-0.00012333541272724347
4695.032865834422,19.605711698501423,-4.5579215542564576e-05
4697.385551238242,19.605706228995558,2.8356067568087916e-05
4699.738235985722,19.605709631723666,9.855764708059193e-05
4702.090921141529,19.605721458641316,0.00016511267254178583
4704.4436077165665,19.60574127216202,0.00022810815183404998
4706.796296669226,19.60576864514024,0.000287630874111026
4709.148988906642,19.605803160845134,0.0003437673350722056
4711.5016852859435,19.605844412925343,0.000396603666974471
4713.854386615494,19.60589200536538,0.0004462255709825058
4716.207093656138,19.605945552433898,0.0004927182524501935
4718.559807122429,19.606004678624192,0.0005361663601988198
4720.912527683864,19.606069018587416,0.0005766539284894161
4723.265255966095,19.606138217058835,0.0006142643211563363
4725.617992552142,19.606211928777373,0.0006490801797672437
4727.970737983595,19.606289818398945,0.0006811833745364501
4730.323492761803,19.60637156040389,0.0007106549567777639
4732.676257349051,19.606456838998703,0.0007375751156205961
4735.029032169731,19.606545348012578,0.0007620231362951795
4737.381817611493,19.606636790788933,0.0007840773617928676
4739.734614026387,19.606730880072348,0.0008038151565100312
4742.087421731996,19.60682733789113,0.0008213128717867354
4744.440241012543,19.606925895435744,0.0008366458158567033
4746.7930721199955,19.607026292933647,0.0008498882232939783
4749.145915275148,19.607128279520442,0.0008611132291965381
4751.49877066869,19.607231613107945,0.000870392844258087
4753.851638462263,19.607336060249256,0.0008777979317938408
4756.204518789493,19.60744139600107,0.0008833981876084825
4758.557411757013,19.607547403783585,0.0008872621217588991
4760.910317445468,19.607653875238196,0.0008894570414419434
4763.263235910496,19.60776061008317,0.0008900490366355503
4765.616167183706,19.607867415967565,0.0008891029671313315
4767.969111273623,19.60797410832362,0.000886682450899438
4770.322068166622,19.60808051021773,0.0008828498555620475
4772.6750378278475,19.608186452200396,0.0008776662897188222
4775.028020202111,19.608291772155162,0.0008711915968776889
4777.38101521477,19.608396315146788,0.0008634843506586758
4779.734022772587,19.608499933268867,0.000854601851833318
4782.08704276458,19.608602485491087,0.0008446001255416984
4784.440075062838,19.60870383750615,0.0008335339216773245
4786.793119523339,19.608803861576753,0.0008214567145614637
4789.146175986728,19.6089024363825,0.0008084207055188605
4791.499244279094,19.608999446867163,0.0007944768256903009
4793.852324212718,19.609094784086246,0.0007796747401478399
4796.205415586808,19.609188345055063,0.0007640628533126896
4798.558518188215,19.60928003259746,0.0007476883153797095
4800.911631792127,19.609369755195306,0.0007305970290971686
4803.264756162751,19.609457426838798,0.0007128336582636526
4805.617891053972,19.60954296687779,0.0006944416368170891
4807.971036209998,19.609626299874208,0.0006754631784270753
4810.324191365982,19.60970735545562,0.0006559392878339547
4812.677356248637,19.60978606817016,0.0006359097712997179
4815.030530576817,19.609862377342715,0.0006154132494865887
4817.383714062098,19.609936226932653,0.00059448716998034
4819.73690640933,19.61000756539305,0.0005731678206721824
4822.090107317177,19.61007634553153,0.0005514903438808005
4824.443316478641,19.610142524372797,0.0005294887507704498
4826.796533581565,19.61020606302289,0.0005071959359762939
4829.149758309128,19.610266926535207,0.0004846436940061002
4831.502990340312,19.610325083778488,0.0004618627343984846
4833.8562293503655,19.610380507306616,0.0004388826983022417
4836.209475011242,19.610433173230412,0.00041573217523331135
4838.56272699203,19.61048306109144,0.0003924387198613507
4840.915984959361,19.610530153737823,0.00036902886953645486
4843.269248577809,19.610574437202168,0.00034552816184548385
4845.622517510273,19.61061590058159,0.0003219611521683893
4847.975791418343,19.61065453591985,0.00029835143215232546
4850.329069962653,19.610690338091707,0.0002747216477712774
4852.682352803225,19.61072330468944,0.00025109351765214194
4855.035639599787,19.61075343591156,0.00022748785134159752
4857.388930012096,19.61078073445372,0.00020392456843154605
4859.742223700231,19.61080520540193,0.00018042271676677046
4862.0955203248795,19.610826856127943,0.00015700049177761838
4864.448819547615,19.610845696186956,0.0001336752546580537
4866.802121031157,19.610861737217515,0.00011046355184637
4869.155424439623,19.610874992843737,8.738113311442439e-05
4871.508729438764,19.61088547857971,6.444297098913884e-05
4873.862035696194,19.61089321173623,4.166327919700545e-05
4876.215342881602,19.610898211329733,1.9055531700710542e-05
4878.568650666962,19.610900497993537,-3.367519122813671e-06
4880.921958726721,19.610900093891242,-2.559382344576496e-05
4883.275266737987,19.61089702263243,-4.761201590023727e-05
4885.628574380703,19.61089130919052,-6.941139713371551e-05
4887.981881337806,19.610882979822865,-9.098191577905368e-05
4890.3351872953845,19.61087206199297,-0.00011231414983233398
4892.688491942824,19.61085858429499,-0.0001333992894518114
4895.041794972939,19.610842576380257,-0.00015422911845419662
4897.395096082105,19.610824068886043,-0.0001747959978833554
4899.748394970371,19.610803093366297,-0.00019509284735856153
4902.101691341575,19.610779682224614,-0.00021511312890964973
4904.454984903442,19.610753868649144,-0.00023485082953911274
4906.80827536768,19.6107256865496,-0.00025430044449474093
4909.1615624500655,19.61069517049626,-0.0002734569607198978
4911.514845870525,19.610662355660974,-0.0002923158411919739
4913.868125353205,19.61062727776003,-0.00031087300775093735
4916.221400626536,19.6105899729991,-0.0003291248260003007
4918.5746714232955,19.61055047801998,-0.00034706808982321036
4920.927937480658,19.610508829849202,-0.00036470000598735436
4923.28119854024,19.610465065848484,-0.00038201817874986926
4925.634454348142,19.610419223667034,-0.00039902059514318466
4927.987704654982,19.610371341195616,-0.0004157056112674695
4930.340949215925,19.610321456522264,-0.0004320719367771157
4932.694187790708,19.61026960788985,-0.00044811862194293894
4935.0474201436555,19.610215833655218,-0.0004638450433821125
4937.400646043694,19.610160172250012,-0.00047925089055785486
4939.753865264364,19.610102662143145,-0.0004943361532561141
4942.107077583822,19.610043341804754,-0.0005091011080556503
4944.4602827848385,19.609982249671788,-0.000523546306011961
4946.813480654799,19.609919424115066,-0.0005376725602819951
4949.166670985693,19.609854903407832,-0.0005514809344298044
4951.519853574102,19.6097887256957,-0.0005649727299624393
4953.873028221185,19.609720928968105,-0.000578149475464566
4956.2261947326615,19.60965155103105,-0.0005910129152593887
4958.579352918785,19.60958062948122,-0.0006035649983656318
4960.932502594323,19.609508201681415,-0.0006158078680762458
4963.285643578524,19.609434304737245,-0.0006277438513298724
4965.638775695093,19.609358975475086,-0.0006393754488224583
4967.991898772149,19.609282250421227,-0.0006507053251188685
4970.3450126422,19.609204165782213,-0.0006617362991197714
4972.698117142094,19.60912475742632,-0.0006724713346173417
4975.051212112985,19.609044060866164,-0.0006829135316503236
4977.404297400289,19.608962111242366,-0.000693066117474217
4979.757372853638,19.60887894330827,-0.0007029324384788538
4982.110438326835,19.608794591415652,-0.0007125159510105543
4984.463493677805,19.60870908950153,-0.0007218202145627591
4986.816538768545,19.608622471075783,-0.0007308488830718811
4989.169573465074,19.608534769209815,-0.0007396056982559667
4991.5225976373795,19.608446016526024,-0.0007480944817395141
4993.875611159363,19.608356245188215,-0.0007563191284217415
4996.2286139087855,19.608265486892805,-0.0007642835994303709
4998.581605767213,19.608173772860873,-0.0007719919159931976
5000.9345866199565,19.608081133830954,-0.0007794481528359636
5003.2875563560165,19.607987600052613,-0.0007866564319355026
5005.640514868022,19.60789320128078,-0.0007936209172202762
5007.993462052176,19.607797966770715,-0.0008003458087380011
5010.346397808189,19.607701925273666,-0.0008068353368824906
5012.699322039222,19.60760510503324,-0.0008130937574494606
5015.052234651826,19.607507533782346,-0.0008191253466627302
5017.40513555588,19.607409238740747,-0.0008249343964964833
5019.758024664529,19.607310246613167,-0.000830525209642256
5022.110901894123,19.60721058358801,-0.0008359020955121348
5024.463767164154,19.60711027533655,-0.0008410693657978641
5026.816620397194,19.607009347012653,-0.0008460313304148315
5029.169461518835,19.606907823253003,-0.0008507922938309302
5031.522290457626,19.606805728177743,-0.000855356551217786
5033.875107145007,19.606703085391597,-0.0008597283849868613
5036.227911515254,19.6065999179854,-0.0008639120613551654
5038.580703505412,19.606496248538036,-0.0008679118273550539
5040.933483055237,19.606392099118754,-0.0008717319078144214
5043.286250107131,19.606287491289816,-0.0008753765019224129
5045.639004606086,19.606182446109585,-0.0008788497813050355
5047.991746499619,19.60607698413583,-0.0008821558870349596
5050.344475737715,19.605971125429384,-0.0008852989274406772
5052.697192272766,19.60586488955809,-0.0008882829754715734
5055.049896059513,19.605758295601035,-0.0008911120666847221
5057.402587054985,19.605651362153033,-0.000893790197202075
5059.755265218443,19.60554410732937,-0.000896321322111741
5062.107930511323,19.605436548770715,-0.0008987093534251756
5064.460582897175,19.605328703648304,-0.0009009581582712183
5066.813222341613,19.60522058866931,-0.0009030715575046127
5069.165848812254,19.60511222008241,-0.0009050533246401926
5071.518462278664,19.605003613683454,-0.0009069071836916484
5073.8710627123055,19.60489478482141,-0.0009086368089642842
5076.223650086484,19.604785748404336,-0.0009102458231602384
5078.576224376292,19.604676518905556,-0.000911737796904788
5080.928785558561,19.604567110369928,-0.0009131162474140808
5083.281333611805,19.604457536420238,-0.0009143846376661695
5085.633868516175,19.604347810263718,-0.0009155463761345572
5087.986390253407,19.604237944698582,-0.0009166048156631728
5090.338898806771,19.604127952120702,-0.0009175632531110978
5092.6913941610255,19.60401784453033,-0.0009184249286124195
5095.043876302369,19.603907633538896,-0.0009191930255170178
5097.396345218394,19.603797330375833,-0.0009198706697688408
5099.748800898039,19.60368694589546,-0.0009204609294914217
5102.101243331546,19.603576490583922,-0.0009209668155503911
5104.453672510416,19.603465974566056,-0.000921391280339634
5106.806088427365,19.603355407612415,-0.0009217372184326205
5109.158491076278,19.603244799146204,-0.0009220074660791038
5111.510880452175,19.603134158250274,-0.0009222048017676343
5113.863256551165,19.603023493674062,-0.0009223319457518642
5116.215619370406,19.60291281384057,-0.0009223915606130599
5118.567968908067,19.602802126853298,-0.000922386251052861
5120.920305163289,19.602691440503172,-0.000922318564455793
5123.27262813615,19.602580762275437,-0.0009221909908892675
5125.624937827623,19.60247009935653,-0.0009220059634588533
5127.977234239546,19.602359458640915,-0.0009217658588115778
5130.329517374583,19.602248846737858,-0.0009214729973135624
5132.681787236192,19.60213826997818,-0.0009211296440566249
5135.034043828589,19.602027734420894,-0.0009207380081477368
5137.38628715672,19.601917245859916,-0.0009203002441005026
5139.738517226223,19.601806809830624,-0.0009198184522200374
5142.090734043402,19.601696431616357,-0.0009192946789878439
5144.442937615197,19.60158611625488,-0.0009187309177427494
5146.795127949147,19.60147586854475,-0.0009181291089473594
5149.147305053372,19.601365693051676,-0.0009174911412538715
5151.4994689365385,19.601255594114726,-0.0009168188518297409
5153.851619607833,19.601145575852506,-0.0009161140269794051
5156.203757076935,19.60103564216927,-0.0009153784031508868
5158.555881353996,19.60092579676089,-0.0009146136672318524
5160.907992449607,19.600816043120822,-0.000913821457585821
5163.260090374782,19.600706384545912,-0.0009130033642890112
5165.612175140927,19.600596824142198,-0.0009121609304330036
5167.964246759824,19.600487364830546,-0.00091129565227277
5170.316305243604,19.600378009352273,-0.000910408980618153
5172.668350604727,19.6002687602746,0.0
