position,velocity,acceleration
-443.0750789213415,19.444444444444443,-5.270894831710393e-16
-440.7417455880082,19.444444444444443,0.001107669562968608
-438.4083963042332,19.444577364792,0.0021667673676885146
-436.07501581900806,19.444837376876123,0.0031780229890729394
-433.7415895702519,19.44521873963481,0.004142385273170012
-431.4081036711478,19.44571582586759,0.005060988642231475
-429.07454489380723,19.44632314450466,0.005935122321694042
-426.7409006507052,19.447035359183264,0.0067662023114661045
-424.4071589742899,19.44784730346064,0.007555745931825985
-422.07330849513323,19.44875399297246,0.00830534878143347
-419.7393384189541,19.44975063482623,0.009016663952574113
-417.40523850281403,19.45083263450054,0.009691383355570809
-415.0709990307536,19.451995600503206,0.010331221011352266
-412.73661078911067,19.45323534702457,0.010937898177756537
-410.402065041734,19.454547894805902,0.01151313018169538
-408.06735350528265,19.455929470427705,0.012058614835464707
-405.7324683247777,19.45737650420796,0.012576022321651765
-403.3974020495513,19.45888562688656,0.013066986436758066
-401.0621476097202,19.46045366525897,0.013533097089523757
-398.72669829329107,19.462077636909715,0.013975893955099674
-396.39104772398895,19.463754744184328,0.014396861191711885
-394.05518983988566,19.465482367527333,0.014797423131383372
-391.7191188728893,19.4672580583031,0.0151789408611792
-389.3828293291445,19.46907953120644,0.015542709616136805
-387.0463159703813,19.470944656360377,0.01588995690958684
-384.70957379623854,19.472851451189527,0.01622184133095482
-382.37259802758064,19.47479807214924,0.016539451945185614
-380.0353840908147,19.476782806382662,0.01684380823217481
-377.69792760321025,19.47880406337052,0.017135860508247645
-375.36022435921444,19.48086036663151,0.01741649077557531
-373.0222703177515,19.48295034552458,0.01768651394901365
-370.6840615904877,19.48507272719846,0.017946679413009575
-368.34559443104035,19.48722632872802,0.018197672864934674
-366.00686522510375,19.48941004947181,0.018440118403846517
-363.6678704814621,19.491622863680274,0.018674580827024622
-361.32860682385655,19.493863813379516,0.018901568099305384
-358.9890709836704,19.496132001551434,0.01912153396300384
-356.6492597933952,19.498426585626994,0.019334880658774107
-354.30917018083846,19.500746771306048,0.019541961730252785
-351.9687991640328,19.503091806713677,0.01974308488766548
-349.6281438468048,19.505460976900196,0.019938514907663366
-347.2872014149621,19.507853598689117,0.02012847654895924
-344.94596913305713,19.510269015874993,0.020313157465065387
-342.60444434168465,19.5127065947708,0.020492711097569196
-340.2626244552724,19.51516572010251,0.020667259534805072
-337.92050696032277,19.517645791246686,0.020836896322753592
-335.57808941406614,19.520146218805415,0.02100168921629999
-333.2353694434848,19.52266642151137,0.021161682860532275
-330.89234474467025,19.525205823454634,0.02131690139315491
-328.54901308247565,19.527763851621813,0.02146735096015698
-326.2053722904272,19.530339933737032,0.021613022138330017
-323.86173149837873,19.532933496393632,0.021757846933212477
-321.5177794788115,19.535544438025617,0.02189759417303705
-319.17351414624846,19.538172149326382,0.02203224455522938
-316.8289334883293,19.54081601867301,0.02216177240417968
-314.48403556608855,19.54347543136151,0.022286147111068765
-312.1388185143252,19.54614976901484,0.022405334515518405
-309.7932805420434,19.5488384091567,0.022519298224654705
-307.4474199329446,19.55154072494366,0.022628000866890357
-305.1012350459514,19.554256085047687,0.022731405277879684
-302.75472431574565,19.556983853681032,0.022829475616662858
-300.4078862533039,19.559723390755032,0.02292217841048938
-298.0607194464133,19.56247405216429,0.023009483527669516
-295.7132225601536,19.56523519018761,0.02309136507723982
-293.3653943373311,19.56800615399688,0.023167802236182904
-291.0172335988515,19.57078629026522,0.02323878000340211
-288.66873924401966,19.57357494386563,0.02330428988193134
-286.3199102507558,19.57637145865146,0.02336433048932089
-283.97074567571764,19.57917517831018,0.02341890809806439
-281.62124465432044,19.581985447281948,0.023468037106688655
-279.2714064006466,19.58480161173475,0.023511740443519596
-276.9212302072384,19.587623020587973,0.02355004990487094
-274.57071544476787,19.590449026576557,0.023583006429076885
-272.2198615615787,19.593278987348047,0.023610660308944396
-269.8686680830969,19.59611226658512,0.02363307134454947
-267.5171346111067,19.598948235146466,0.023650308938745944
-265.16526082288914,19.601786272219115,0.023662452137607204
-262.81304647022284,19.60462576647563,0.023669589618435793
-260.46049137824576,19.60746611722984,0.02367181962779815
-258.1075954441782,19.610306735585176,0.023669249872101027
-255.75435863590795,19.61314704556983,0.023661997363314907
-253.40078099043956,19.615986485253426,0.02365018822242012
-251.04686261220914,19.618824507840117,0.02363395744350664
-248.69260367126833,19.621660582733337,0.023613448620333582
-246.33800440134033,19.624494196567777,0.02358881363922668
-243.9830650977522,19.627324854204485,0.023560212339557296
-241.62778611524766,19.63015207968523,0.02352781214538524
-239.27216786568542,19.632975417142678,0.02349178767036738
-236.9162108156283,19.635794431663122,0.023452320298270973
-234.55991548382872,19.638608710098914,0.02340959774208192
-232.20328243861684,19.641417861827964,0.023363813583513842
-229.8463122951975,19.644221519457986,0.023315166795760216
-227.48900571286254,19.647019339473477,0.023263861251177076
-225.1313633921257,19.64981100282362,0.023210105217064125
-222.77338607178686,19.652596215449666,0.023154110840521252
-220.4150745259329,19.65537470875053,0.023096093625548285
-218.05642956088283,19.658146239985594,0.023036271903631445
-215.69745201208457,19.66091059261403,0.022974866300244184
-213.33814274097088,19.66366757657006,0.02291209919883149
-210.97850263178248,19.66641702847392,0.022848194204379745
-208.6185325883656,19.669158811778445,0.022783375607815515
-206.2582335309522,19.671892816851383,0.02271786785354261
-203.89760639293004,19.674618960993808,0.02265189501091669
-201.5366521176108,19.677337188395118,0.02258568025181873
-199.17537165500337,19.680047470025336,0.02251944533524508
-196.81376595860033,19.682749803465565,0.0224534101006905
-194.45183598218446,19.68544421267765,0.0223877919710939
-192.08958267666316,19.68813074771418,0.0223228054667383
-189.72700698693745,19.690809484370188,0.022258661731496453
-187.36410984881303,19.693480523777968,0.022195568071807042
-185.00089218595969,19.696143991946585,0.02213372751006896
-182.6373549069261,19.698800039247793,0.022073338352453696
-180.27349890221637,19.701448839850087,0.022014593773000968
-177.90932504143436,19.704090591102847,0.021957681413642405
-175.544834170502,19.706725512872485,0.02190278300172229
-173.18002710895732,19.70935384683269,0.02185007398492663
-170.81490464733739,19.711975855710882,0.02179972318456791
-168.44946754465207,19.71459182249303,0.021751892467580802
-166.0837165259529,19.71720204958914,0.021706736437584105
-163.7176522800022,19.71980685796165,0.021664402145245752
-161.3512754570468,19.72240658621908,0.021625028818454222
-158.9845866667005,19.725001589677294,0.02158874761250355
-156.61758647593922,19.727592239390795,0.021555681380084717
-154.2502754072123,19.730178921156405,0.021525944461882794
-151.88265393667353,19.73276203449183,0.021499642496950837
-149.5147224925345,19.735341991591465,0.021476872253748763
-147.14648145354352,19.737919216261915,0.02145772148125502
-144.77793114759208,19.740494142839665,0.02144226878018074
-142.4090718504513,19.743067215093287,0.02143058349428628
-140.03990378464013,19.7456388851126,0.02142272562156341
-137.67042711842663,19.74820961218719,0.02141874574498696
-135.30064196496417,19.750779861676588,0.021418684982628854
-132.93054838156297,19.753350103874503,0.021422574957134326
-130.56014636909802,19.75592081286936,0.02143043778364273
-128.1894358715537,19.758492465403396,0.021442286076508076
-125.8184167757053,19.761065539732577,0.021458122973783134
-123.4470889109374,19.76364051448943,0.02147794217973361
-121.07545204919866,19.766217867551,0.021501728024168425
-118.70350590509254,19.7687980749139,0.02152945553900073
-116.33125013610287,19.77138160957858,0.021561090550707245
-113.95868434295343,19.773968940444664,0.021596589788952514
-111.58580807010007,19.77656053121934,0.021635901010075287
-109.21262080635375,19.779156839340548,0.021678963135496332
-106.83912198563289,19.781758314916807,0.021725706404129852
-104.46531098784287,19.784365399685303,0.021776052538058366
-102.09118713988063,19.78697852598987,0.021829914920878934
-99.71674971676185,19.789598115780375,0.021887198788010192
-97.3419979428682,19.792224579634937,0.021947801428071994
-94.96693099331202,19.794858315806305,0.022011612394212676
-92.59154799541527,19.79749970929361,0.022078513724969422
-90.21584803030004,19.800149130940607,0.02214838017288538
-87.83983013458716,19.802806936561353,0.022221079440469065
-85.4634933021998,19.80547346609421,0.02229647242166048
-83.0868364862685,19.80814904278481,0.022374413448004542
-80.70985860113431,19.81083397239857,0.022454750537696338
-78.33255852444648,19.813528542463093,0.022537325646461902
-75.9549350993509,19.81623302154067,0.022621974917935717
-73.57698713676602,19.81894765853082,0.022708528932853987
-71.19871341774233,19.821672682002763,0.02279681295431028
-68.820112695902,19.82440829955728,0.022886647167563723
-66.44118369995512,19.827154697217388,0.02297784691274174
-64.06192513628903,19.829912038846917,0.023070222907506377
-61.6823356916274,19.832680465595818,0.023163581458381564
-59.3024140357559,19.835460095370824,0.023257724657810286
-56.9221588243114,19.83825102232976,0.023352450565165366
-54.54156870163183,19.84105331639758,0.023447553368723582
-52.16064230366412,19.843867022801827,0.023542823526530775
-49.7793782609279,19.84669216162501,0.023638047883522972
-47.397775201532895,19.849528727371034,0.02373300976232784
-45.01583175424837,19.852376688542513,0.023827489025052273
-42.63354655162327,19.85523598722552,0.023921262103687724
-40.250918233156206,19.858106538677962,0.024014101995994963
-37.86794544851485,19.86098823091748,0.024105778224884727
-35.48462686080475,19.863880924304468,0.024196056758096773
-33.100961149888214,19.86678445111544,0.02428469988589773
-30.71694701575436,19.869698615101747,0.02437146605410353
-28.33258318194215,19.87262319102824,0.024456109649850788
-25.947868399018763,19.87555792418622,0.024538380737867037
-23.562801448116417,19.878502529874766,0.02461802474460484
-21.177381144531445,19.881456692844118,0.02469478208790103
-18.79160634139015,19.884420066694666,0.0247683877504142
-16.40547593338679,19.887392273224716,0.024838570793791113
-14.018988860599823,19.89037290171997,0.024905053812792254
-11.632144112393426,19.893361508177506,0.024967552326179053
-9.244940731412125,19.896357614456647,0.025025774103770715
-6.857377817677328,19.8993607073491,0.025079418427035687
-4.469454532795436,19.902370237560344,0.02512817528268485
-2.0811701042881947,19.905385618594266,0.025171724487075647
0.3074761699431172,19.908406225532715,0.02520973474101259
2.696484917007043,19.911431393701637,0.025241862613167854
5.085856684251239,19.914460417215217,0.025267751452003516
7.475591934317065,19.917492547389458,0.025287030225040752
9.8656910400038,19.920526991016462,0.025299312284972807
12.256154278925775,19.92356290849066,0.025304194062621597
14.646981827944654,19.926599411778174,0.025301253685938718
17.038173757358035,19.929635562220486,0.025290049525613277
19.429730024824494,19.93267036816356,0.025270118667049722
21.82165046900412,19.935702782403606,0.02524097530901178
24.213934802892553,19.938731699440687,0.025202109089613366
26.606582606825434,19.94175595253144,0.025152983339834144
28.999593321129208,19.94477431053222,0.025093033265507124
31.392966238393075,19.947785474524082,0.02502166405881449
33.786700495335964,19.95078807421114,0.024938248939676555
36.1807950642413,19.9537806640839,0.024842127128691754
38.57524874393137,19.956761719339344,0.02473260175242705
40.97006015025209,19.959729631549635,0.024608937682687092
43.36522770603804,19.962682704071558,0.024470359310916717
45.760749630526625,19.965619147188868,0.024316048259305965
48.15662392818929,19.968537072979984,0.024145141030521938
50.55284837694689,19.971434489903647,0.023956726597488636
52.949420515735326,19.974309297095346,0.023749843935464792
55.34633763138677,19.9771592783676,0.02352347949858095
57.74359674479088,19.97998209590743,0.023276564642789786
60.14119459629977,19.982775283664566,0.02300797299842709
62.539127630339514,19.985536240424377,0.022716517794603895
64.93739197919044,19.98826222255973,0.022400949138864
67.33598344589761,19.990950336456393,0.022059951255600417
69.73489748627237,19.993597530607065,0.021692139686783445
72.13412918994523,19.99620058736948,0.02129605845938206
74.53367326042957,19.998756114384605,0.020870177223978697
76.93352399415572,20.001260535651483,0.020412888369876946
79.3336752584339,20.003710082255868,0.019922504122297607
81.73412046830461,20.006100782750543,0.019397253627465954
84.13485256223467,20.00842845318584,0.018835280033317286
86.53586397661697,20.010688686789837,0.0182346375722157
88.93714661903175,20.012876843298503,0.01759328865498233
91.33869184022757,20.0149880379371,0.01690910098425628
93.74049040478002,20.017017130055212,0.01617984469772793
96.14253246038665,20.01895871141894,0.015403189551488339
98.54480750575692,20.020807094165118,0.014576702155248238
100.94730435705674,20.022556298423748,0.013697843272038787
103.35001111286759,20.024200039616392,0.012763965195924007
105.75291511762155,20.025731715439903,0.011772309222498242
108.15600292347435,20.027144392546603,0.010720003228244698
110.55926025057994,20.028430792933992,0.009604059375600826
112.96267194573201,20.029583280059065,0.008421371962175073
115.3662219393391,20.030593844694526,0.007168715434306232
117.76989320070244,20.031454090546642,0.0058427425854527355
120.17366769156804,20.032155219656897,0.004439982963007813
122.57752631792687,20.032688017612458,0.002956841506840391
124.98144888004036,20.03304283859328,0.001389597446177504
127.38541402067156,20.03320959028682,-0.00026559651781591737
129.78939917150598,20.033177718704682,-0.0020127147144795763
132.19338049775052,20.032936192938944,-0.003855858659917999
134.5973328409032,20.032473489899754,-0.005799256833978935
137.00122965969115,20.031777579079677,-0.00784726404268928
139.4050429691807,20.030835907394554,-0.010004360329762818
141.80874327806805,20.029635384154982,-0.012275149397626233
144.21229952416664,20.028162366227267,-0.01466435649681112
146.61567900811391,20.02640264344765,-0.01717682574143472
149.01884732532764,20.024341424358678,-0.019817516804199187
151.4217682962507,20.021963322342174,-0.02259150094525708
153.82440389493175,20.019252342228743,-0.025503956324287223
156.2267141759992,20.01619186746983,-0.028560162545865353
158.62865720009557,20.012764647964325,-0.03176549438448362
161.0301889578513,20.008952788638187,-0.03512541463503993
163.43126329248787,20.004737738881982,-0.03864546603281246
165.8318318211537,20.000100282958044,-0.04233126218563162
168.23184385510868,19.99502053149577,-0.046188477460281284
170.63124631888817,19.989477914200535,-0.050222835764390794
173.02998366859225,19.983451173908808,-0.054440098165168635
175.42799780946132,19.976918362128988,-0.05884604928626895
177.8252280129168,19.969856836214635,-0.0634464824255628
180.22161083326256,19.962243258323568,-0.0682471833375331
182.61708002426138,19.954053596323064,-0.07325391262667699
185.01156645582014,19.945263126807863,-0.07847238670137813
187.40499803103708,19.935846440403697,-0.08390825724164941
189.79729960388553,19.9257774495347,-0.08956708913873494
192.1883928978297,19.91502939883805,-0.09545433687184376
194.57819642569027,19.90357487841343,-0.10157531929311978
196.96662541109987,19.891385840098255,-0.10793519280187051
199.35359171191166,19.87843361696203,-0.11453892289822558
201.73900374594712,19.864688946214244,-0.12139125411797144
204.12276641949282,19.850121995720087,-0.1284966783636321
206.50478105897923,19.83470239431645,-0.13585940166104632
208.8849453462972,19.818399266117126,-0.14348330938656062
211.26315325823126,19.80118126899074,-0.15137193002834337
213.63929501051015,19.783016637387338,-0.15952839756373888
216.01325700699664,19.76387322967969,-0.16795541255622365
218.3849217945582,19.743718580172942,-0.17665520209734592
220.75416802417897,19.72251995592126,-0.18562947874235886
223.12087041888952,19.700244418472177,-0.19487939861422277
225.48489974910618,19.67685889063847,-0.20440551887475067
227.8461228159828,19.6523302283735,-0.21420775478985615
230.2044024433876,19.626625297798718,-0.22428533664162015
232.55959747912345,19.599711057401723,-0.23463676676751533
234.91156280601166,19.57155464538962,-0.2452597770339497
237.26014936345842,19.542123472145548,-0.25615128707678164
239.6052041801159,19.511385317696334,-0.2673073636666542
241.94657041823945,19.479308434056335,-0.2787231815803241
244.2840874303262,19.445861652266696,-0.2903929863792065
246.6175908285982,19.41101449390119,-0.3023100595145915
248.94691256786635,19.37473728675944,-0.31446668619388163
251.27188104227747,19.337001284416175,-0.32685412645185136
253.59232119640743,19.297778789241953,-0.33946258987726335
255.90805465111646,19.25704327845668,-0.35228121444547494
258.2188998445313,19.214769532723224,-0.36529804990310666
260.52467218845806,19.17093376673485,-0.37850004613918153
262.8251842404662,19.12551376119815,-0.39187304695961583
265.12024589181,19.078488995562996,-0.4054017896579924
267.4096645712776,19.029840780804037,-0.41906991074374866
269.69324546497404,18.979552391514787,-0.4328599581506036
271.9707917519558,18.927609196536714,-0.44675341020319337
274.2421048555402,18.87399878731233,-0.46073070156775014
276.5069847100177,18.8187111031242,-0.47477125635460027
278.7652300423926,18.76173855236165,-0.48885352847634067
281.016638668676,18.70307612894449,-0.5029550492967457
283.26100780414936,18.64272152302888,-0.5170524825318878
285.4981343869128,18.580675225125052,-0.531121686289519
287.72781541392783,18.51694062277031,-0.5451377820529698
289.9498482886603,18.451524088923954,-0.559075230337136
292.1640311793312,18.384435061283497,-0.5729079126651548
294.3701633866852,18.31568611176368,-0.5866092194358667
296.56804572009685,18.245293005431375,-0.6001521431789077
298.75748088074863,18.173274748249906,-0.6135093766225157
300.9382738505386,18.099653623055204,-0.626653414936662
303.11023228530524,18.024455213262804,-0.6395566614539069
305.2731669108968,17.947708413888336,-0.6521915361227926
307.4268919205634,17.8694454295536,-0.6645305859059647
309.57122537210984,17.789701759244885,-0.6765465963054792
311.7059895832192,17.708516167688227,-0.6882127031754652
313.8310115233418,17.62593064330717,-0.6995025039737257
315.94612320053864,17.541990342830324,-0.7103901676031773
318.05116204167825,17.456743522717943,-0.7208505420071158
320.1459712644044,17.37024145767709,-0.7308592587043824
322.23040023932566,17.282538346632563,-0.7403928334825357
324.3043048409216,17.19369120661466,-0.7494287625110434
326.3675477857154,17.103759755113334,-0.7579456131863024
328.419998956329,17.012806281530978,-0.7659231090803983
330.4615357101127,16.92089550844133,-0.773342208430261
332.49204317112566,16.8280944434297,-0.7801851756767361
334.5114145043372,16.73447222234849,-0.7864356456364815
336.51955117101903,16.640099944872112,-0.7920786799705464
338.5163631644037,16.545050503275647,-0.7971008156916426
340.50176922479676,16.44939840539265,-0.8014901055337494
342.47569703344385,16.3532195927286,-0.8052361500866745
344.43808338457126,16.2565912547182,-0.8083301216765963
346.3888743351374,16.159591640117007,-0.8107647800466466
348.32802533195144,16.06229986651141,-0.8125344799639075
350.2555013159328,15.96479572891574,-0.8136351709426837
352.1712768034027,15.867159508402619,-0.8140643893360444
354.075335944411,15.769471781682293,-0.8138212431001879
355.9676725582129,15.67181323251027,-0.8129063895843558
357.8482901461141,15.574264465760148,-0.8113220067403226
359.7172018820053,15.47690582495131,-0.8090717581794731
361.5744305809995,15.379817213969773,-0.8061607525328511
363.42000864667585,15.28307792366583,-0.8025954975911187
365.25397799751573,15.186766463954896,-0.7983838497157929
367.0763899731903,15.090960401989001,-0.7935349590215246
368.887305221429,14.995736206906418,-0.7880592108328551
370.6867935662578,14.901169101606476,-0.7819681639163061
372.4749338584506,14.807332921936519,-0.7752744859823432
374.251813809083,14.714299983618638,-0.7679918869404556
376.0175298071172,14.622140957185783,-0.7601350503764722
377.7721867219795,14.530924751140606,-0.7517195637036197
379.51589769211637,14.440718403496172,-0.7427618474183422
381.2487839005359,14.351586981805971,-0.7332790838700939
382.9709743383526,14.26359349174156,-0.7232891459303836
384.6826055573616,14.176798794229914,-0.7128105259210187
386.3838214126692,14.091261531119391,-0.7018622651365252
388.0747727964035,14.007038059303008,-0.6904638842687216
389.7556173635199,13.924182393190762,-0.6786353150156929
391.42651925070277,13.842746155388879,-0.6663968331313738
393.08764878934943,13.762778535413114,-0.6537689931461237
394.739182213599,13.684326256235579,-0.640772564964139
396.3813013643473,13.607433548439882,-0.6274284725185838
398.0141933901601,13.532142131737652,-0.6137577346433165
399.6380504459686,13.458491203580454,-0.5997814082964108
401.25306939039825,13.386517434584885,-0.5855205342509459
402.8594514825484,13.316254970474771,-0.5709960853472603
404.4574020790054,13.2477354402331,-0.5562289173827988
406.0471303318334,13.180987970147164,-0.541239722697684
407.62884888825107,13.116039203423442,-0.5260489864976108
409.20277359266186,13.052913325043729,-0.5106769459399068
410.7691231916671,12.99163209153094,-0.49514355199476634
412.3281190426508,12.932214865291568,-0.47946843407973283
413.87998482648584,12.874678653202,-0.4636708674537508
415.4249462648701,12.81903814910755,-0.4477697433452684
416.963230842763,12.765305779906118,-0.4317835417789814
418.4950675363517,12.71349175489264,-0.41573030705583197
420.0206865469388,12.66360411804594,-0.399627625832603
421.54031904110434,12.615648802946028,-0.3834926077394515
423.05419689745787,12.569629690017294,-0.36734186846660855
424.56255246025995,12.5255486658013,-0.35119151524543035
426.06561830015613,12.48340568397185,-0.3350571346432278
427.56362698223273,12.443198827814662,-0.31895378258628426
429.0568108415705,12.404924373904308,-0.302895976521785
430.545401766439,12.368576856721694,-0.2868976896249542
432.0296309892456,12.334149133966699,-0.2709723469558482
433.50972888532164,12.301632452331997,-0.25513282346647514
434.9859247796015,12.27101651351602,-0.23939144375870747
436.4584467612234,12.242289540264975,-0.22375998349080106
437.9275215060552,12.21543834224608,-0.20824967233029254
439.3933741071247,12.190448381566444,-0.19287119835098565
440.8562279129127,12.167303837764326,-0.1776347137712797
442.3163043734444,12.145987672111772,-0.16254984193243932
443.7738228940978,12.12648169107988,-0.14762568541626386
445.2290006970274,12.108766608829928,-0.13287083520290288
446.682052690087,12.09282210860558,-0.11829338077204987
448.1331913431197,12.078626902912934,-0.10390092105210988
449.58262657146923,12.06615879238668,-0.08970057612526598
451.03056562655564,12.055394723251649,-0.07569899959860571
452.47721299334586,12.046310843299816,-0.06190239155482817
453.92277029454186,12.038882556313236,-0.048316511999043264
455.3674362012994,12.033084574873351,-0.03494669472188979
456.81140635028424,12.028890971506724,-0.021797861502588965
458.25487326686505,12.026275228126414,-0.008874536579295267
459.6980262942402,12.025210283736898,0.0038191386820596307
461.14105152828864,12.025668580378746,0.016279390985370533
462.5841317579341,12.02762210729699,0.028502800229472196
464.0274464108097,12.031042443324527,0.040486284617931766
465.4711715040087,12.035900797478678,0.05222708580670717
466.91547959970615,12.042168047775483,0.06372275413923194
468.3605397654392,12.049814778272191,0.07497113401434183
469.8065175388319,12.058811314353912,0.08597034942893582
471.25357489655437,12.069127756285384,0.09671878973378512
472.70187022730863,12.080734011053439,0.10721509563708469
474.15155830863506,12.093599822529889,0.11745814548708526
475.6027902873386,12.107694799988339,0.12744704186179828
477.0557136633372,12.122988445011755,0.13718109849101268
478.5104722767386,12.139450176830676,0.14665982753214735
479.9672062979583,12.157049356134534,0.15588292721946395
481.42605222069443,12.17575530740087,0.16485026990295343
482.88714285758255,12.195537339789224,0.17356189049082538
484.35060733835724,12.216364766648123,0.18201797530747282
485.816571110355,12.23820692368502,0.1902188513760746
487.2851559411972,12.261033185850149,0.19816497613366718
488.7564799234992,12.284812982986189,0.20585692758389545
490.23065748145757,12.309515814296256,0.21329539489160315
491.70779937917314,12.335111261683249,0.22048116942161577
493.1880127305751,12.361569002013843,0.22741513622247153
494.6714010108168,12.38885881836054,0.23409826595481853
496.15806406902004,12.416950610275117,0.24053160726311695
497.64809814225305,12.445814403146692,0.24671627958801068
499.1415958706306,12.475420356697253,0.25265346641608255
500.6386463134343,12.505738772667183,0.25834440896255195
502.13933496615437,12.536740101742689,0.2637904002824598
503.6437437783635,12.568394949776584,0.26899277980438896
505.1519511723367,12.60067408335311,0.2739529282811404
506.66403206233906,12.633548434746848,0.27867226315065885
508.1800578745087,12.666989106324927,0.2831522343007098
509.7000965672677,12.700967374441012,0.2873943202297872
511.2242126522006,12.735454692868586,0.29140002459759157
512.7524672153448,12.770422695820297,0.2951708731568914
514.2849179388433,12.805843200599124,0.2987084110596191
515.8216191229152,12.841688209926279,0.3020142005289994
517.3626217081063,12.877929913989759,0.3050898188902659
518.907973297785,12.91454069225659,0.307936856951437
520.4577181808559,12.951493115090763,0.3105569177266343
522.0118973546668,12.988759945217959,0.31295161549372474
523.5705485480929,13.026314139077206,0.315122575177614
525.1337062447822,13.06412884809852,0.3170714320518483
526.701401706554,13.102177419944741,0.31879983174943527
528.2736629969473,13.140433399754674,0.3203094305750091
529.850515004918,13.178870531423675,0.32160189610956164
531.4319794686888,13.217462758956822,0.3226789080991832
533.0180749997637,13.256184227928724,0.3235421596190058
534.6088171071152,13.295009287083005,0.3241933585033922
536.2042182215652,13.333912490103412,0.32463422903311984
537.8042877203776,13.372868597587386,0.3248665138699369
539.4090319520881,13.411852579251779,0.324891976228973
541.0184542615983,13.450839616399255,0.3247124022784931
542.6325550155663,13.489805104672675,0.32432960375688624
544.251331628127,13.528724657123501,0.32374542079537016
545.8747785869818,13.567574107618945,0.3229617249354444
547.5028874798961,13.606329514611199,0.3219804223288344
549.1356470216494,13.644967165290659,0.32080345710747693
550.7730430814843,13.683463580143556,0.3194328149102847
552.4150587111016,13.72179551793279,0.3178705265529362
554.0616741732534,13.759939981119143,0.3161186718264375
555.7128669709878,13.797874221738315,0.314179383408586
557.3686118775963,13.835575747747345,0.3120548508732372
559.028880967326,13.873022329852134,0.30974732477984845
560.6936436469083,13.910192008825716,0.30725912082639384
562.3628666879674,13.947063103324883,0.3045926240469547
564.0365142603664,13.983614218210517,0.3017502930348156
565.7145479665517,14.019824253374695,0.2987346641715109
567.3969268769566,14.055672413075277,0.2955483558406543
569.0836075665256,14.091138215776155,0.29219407260524893
570.7745441524188,14.126201504488785,0.2886746093260969
572.4696883329575,14.160842457607917,0.28499285519855516
574.1689894278704,14.195041600231743,0.2811517976836727
575.8723944198982,14.228779815953784,0.27715452630972714
577.5798479978126,14.262038359110951,0.27300423631926307
579.291292600906,14.294798867469263,0.26870423213655553
581.0066684650023,14.32704337532565,0.26425793062984465
582.7259136700415,14.35875432700123,0.2596688641425112
584.4489641892816,14.389914590698332,0.254940683267435
586.1757539401654,14.420507472690424,0.2500771593385872
587.9062148368882,14.450516731811055,0.2450821866140096
589.6402768447056,14.479926594204736,0.23995978412497307
591.3778680360101,14.508721768299733,0.23471409716610364
593.1189146482061,14.536887459959665,0.22934939840236387
594.8633411434013,14.564409387767949,0.22387008856927793
596.6110702699334,14.591273798396262,0.21828069674389994
598.362023125741,14.61746748200553,0.21258588016531318
600.1161192235817,14.642977787625368,0.2067904235846611
601.8732765580967,14.667792638455527,0.20089923812651733
603.6334116747114,14.69190054703071,0.19491735964460116
605.396439740355,14.715290630188061,0.18884994655808582
607.1622746159776,14.737952623775032,0.18270227715510384
608.9308289308306,14.759876897033644,0.1764797463541079
610.7020141584746,14.781054466596137,0.17018786191500546
612.4757406944661,14.801477010025938,0.16383224009564046
614.2519179356692,14.821136878837414,0.15741860075083974
616.0304543611297,14.840027110927515,0.15095276187556314
617.811257614441,14.858141442352583,0.14444063359566606
619.5942345875234,14.875474318384063,0.1378882116133795
621.3792915057295,14.892020903777668,0.1313015701177515
623.1663340141828,14.907777092191798,0.12468685417389067
624.9552672652458,14.922739514692665,0.11805027160717667
626.7459960070089,14.936905547285527,0.11139808440328025
628.5384246726832,14.95027331741392,0.10473659964705581
630.3324574707729,14.962841709371567,0.09807216002647816
632.1279984758975,14.974610368574744,0.09141113393195492
633.9249517201264,14.985579704646579,0.08475990518306276
635.723221284684,14.995750893268546,0.078124862418368
637.5227113918762,15.00512587675875,0.07151238818652317
639.3233264970872,15.013707363341133,0.06492884777897778
641.1249713806882,15.02149882507461,0.05838057784712802
642.9275512396971,15.028504494416266,0.05187387484875868
644.7309717790271,15.034729359398117,0.04541498336993281
646.5351393021549,15.040179157402509,0.03901008437055727
648.3399608010432,15.044860367526976,0.0326652834022223
650.1453440451464,15.048780201535243,0.026386598847919867
651.9511976693307,15.051946593396993,0.020179950234355815
653.7574312605383,15.054368187425116,0.014051146666238523
655.5639554430293,15.056054325025064,0.008005875433362657
657.3706819620323,15.057015030077068,0.0020496908393230484
659.1775237656416,15.057260992977787,-0.0038119966994247063
660.984395084799,15.056803553373856,-0.009573931236965077
662.7912115112039,15.05565468162542,-0.015231021518221274
664.5978900729989,15.053826959043233,-0.020778350792186966
666.4043493080841,15.05133355694817,-0.026211186176983148
668.2105093349179,15.048188214606933,-0.03152498753706823
670.0162919206707,15.044405216102485,-0.036715415836467244
671.821620546603,15.039999366202109,-0.04177834093472832
673.6264204705473,15.034985965289941,-0.04670984879493467
675.4306187863821,15.029380783434549,-0.0515062480767714
677.2341444803942,15.023200033665336,-0.05616407609122891
679.036928484434,15.016460344534389,-0.06068010409678119
680.8389037257782,15.009178732042775,-0.06505134192035615
682.6400051736233,15.001372571012332,-0.0692750418906781
684.4401698821448,14.993059565985451,-0.07334870207450865
686.2393370300631,14.98425772173651,-0.07727006881064943
688.0374479566715,14.974985313479232,-0.08103713853945631
689.834446194289,14.965260856854497,-0.08464815892981944
691.6302774971115,14.955103077782919,-0.0881016293085383
693.4248898664455,14.944530882265894,-0.09139630040044071
695.2182335723174,14.933563326217842,-0.0945311733906884
697.0102611714636,14.922219585410959,-0.09750549832396871
698.800927521713,14.910518925612083,-0.10031877185741797
700.5901897927864,14.898480672989193,-0.10297073438731985
702.3780074735452,14.886124184862714,-0.10546136657170932
704.1643423757287,14.873468820874109,-0.10779088527309948
705.9491586342335,14.860533914641337,-0.1099597389474738
707.7324227039904,14.84733874596764,-0.11196860250747658
709.5141033535066,14.833902513666743,-0.1138183716891561
711.2941716551466,14.820244309064044,-0.11551015695225135
713.0726009722342,14.806383090229774,-0.11704527694624822
714.8493669430618,14.792337656996224,-0.11842525157343964
716.6244474619014,14.778126626807412,-0.11965179468238496
718.3978226571182,14.763768411445525,-0.12072680642432054
720.1694748664917,14.749281194674607,-0.12165236530575405
721.9393886098526,14.734682910837916,-0.12243071997016428
723.7075505591531,14.719991224441497,-0.12306428074144726
725.4739495060861,14.705223510752523,-0.12355561096145293
727.2385763273764,14.690396837437149,-0.12390741815339427
729.001423947869,14.675527947258741,-0.12412254504187518
730.76248730154,14.660633241853716,-0.12420396045988251
732.5217632905624,14.64572876659853,-0.12415475017191943
734.2792507425542,14.6308301965779,-0.12397810764122794
736.0349503661434,14.615952823660953,-0.12367732476838238
737.7888647049828,14.601111544688747,-0.12325578262708525
739.5409980903454,14.586320850773497,-0.12271694222157534
741.2913565924382,14.571594817706908,-0.12206433528939206
743.039947970563,14.55694709747218,-0.12130155517113828
744.7867816222597,14.542390910851644,-0.12043224776842425
746.5318685315619,14.527939041119433,-0.11946010260907396
748.2752212164962,14.513603828806344,-0.11838884403786074
750.016853675953,14.499397167521801,-0.11722222254992865
751.7567813360556,14.48533050081581,-0.11596400628167322
753.4950209961535,14.471414820062009,-0.11461797267452076
755.2315907745609,14.457660663341066,-0.11318790032362655
756.9665100541619,14.444078115302231,-0.11167756102417789
758.6997994279981,14.43067680797933,-0.11009071202584172
760.4314806449556,14.417465922536229,-0.10843108850536373
762.16157655566,14.404454191915585,-0.10670239626556408
763.8901110586899,14.391649904363717,-0.10490830466924154
765.6171090472135,14.379060907803408,-0.10305243981420335
767.3425963561499,14.366694615025704,-0.10113837795596345
769.0665997099529,14.354558009670988,-0.0991696391830684
770.7891466711135,14.34265765296902,-0.09714968134972857
772.5102655894698,14.330999691207053,-0.09508189426948496
774.2299855524146,14.319589863894715,-0.0929695941734939
775.948336336082,14.308433512593895,-0.09081601843560587
777.6653483575933,14.297535590381623,-0.08862432056693237
779.3810526284391,14.28690067191359,-0.08639756548133685
781.0954807090687,14.27653296405583,-0.08413872503331514
782.8086646647554,14.266436317051832,-0.08185067382909436
784.5206370228016,14.256614236192341,-0.07953618531192734
786.2314307311447,14.24706989395491,-0.07719792812153811
787.9410791184192,14.237806142580325,-0.07483846272813288
789.6496158555289,14.22882552705295,-0.07246023834103592
791.3570749187752,14.220130298452025,-0.07006559009112105
793.0634905545894,14.21172242764109,-0.06765673648727599
794.7688972459064,14.203603619262617,-0.06523577714599624
796.473329680218,14.195775326005098,-0.06280469079327963
798.1768227193386,14.188238763109904,-0.06036533353846648
799.8794113709117,14.180994923085288,-0.05791943741869273
801.581130761682,14.174044590595045,-0.05546860921305334
803.2820161125534,14.167388357489479,-0.05301432952551366
804.9821027154521,14.161026637946417,-0.050557952134970094
806.6814259120057,14.15495968369022,-0.048100703611734616
808.3800210740485,14.149187599256813,-0.04564368319810441
810.0779235859593,14.14371035727304,-0.04318786295220238
811.7751688288321,14.138527813718776,-0.04073408815288282
813.4717921664783,14.13363972314043,-0.0382830779638077
815.1678289332551,14.129045753784773,-0.03583542635459125
816.8633144237093,14.124745502622222,-0.03339160327660018
818.5582838840239,14.12073851022903,-0.03095195609086332
820.2527725052514,14.117024275498126,-0.028516711244996884
821.9468154183112,14.113602270148727,-0.026085976196125554
823.640447690729,14.110471953005192,-0.02365974157621705
825.3337043250897,14.107632784016046,-0.02123788359571499
827.0266202591716,14.10508423798456,-0.018820166681576822
828.7192303677298,14.10282581798277,-0.016406246344491393
830.4115694658877,14.100857068421432,-0.013995672270539217
832.1036723140983,14.099177587748967,-0.011587891631270608
833.7955736246281,14.097787040753214,-0.00918225260642854
835.4873080695185,14.096685170440443,-0.006778008112255189
837.1789102899713,14.095871809466972,-0.004374319728424799
838.8704149071074,14.095346891099561,-0.001970261815801659
840.5618565340393,14.095110459681665,0.0004351741836069086
842.2532697892011,14.095162680583698,0.0028430752729698603
843.9446893108711,14.095503849616454,0.005254602263201255
845.6361497728251,14.096134401888039,0.007670984981548538
847.3276859010516,14.097054920085824,0.010093517337272928
849.0193324914619,14.098266142166297,0.012523552255124434
850.7111244285219,14.099768968436912,0.01496249648925326
852.4030967047344,14.101564468015622,0.01741180532922234
854.0952844408962,14.10365388465513,0.01987297721136964
855.7877229070548,14.106038641920494,0.02234754824899099
857.4804475440852,14.108720347710372,0.024837086694947295
859.1734939858105,14.111700798113766,0.02734318735133634
860.8668980815842,14.114981980595926,0.02986746594078049
862.5606959192556,14.11856607650882,0.03241155345389639
864.2549238484366,14.122455462923288,0.034977090489141105
865.9496185039875,14.126652713781985,0.037565721599571354
867.6448168296413,14.131160600373933,0.040179089663094913
869.3405561016862,14.135982091133505,0.04281883029095823
871.0368739526222,14.14112035076842,0.04548656629128622
872.7338083947144,14.146578738723374,0.04818390220252174
874.4313978433612,14.152360806987677,0.050912418913225586
876.1296811401998,14.158470297257264,0.05367366838268477
877.8286975758706,14.164911137463186,0.05646916847846425
879.5284869123661,14.171687437680601,0.05930039794499464
881.2290894048878,14.178803485434,0.062168791518057986
882.9305458231398,14.186263740416168,0.06507573519876075
884.6328974719897,14.194072828640019,0.06802256170053886
886.3361862114266,14.202235536044084,0.07101054608179189
888.0404544757519,14.210756801573899,0.0740409015765072
889.7457452919407,14.21964170976308,0.07711477563344302
891.4521022971122,14.228895482839093,0.08023324617516536
893.1595697550529,14.238523472380113,0.08339731808586492
894.8681925717385,14.248531150550416,0.08660791993711689
896.5780163098045,14.25892410094287,0.08986590095892608
898.2890872019177,14.269708009057942,0.09317202826304438
900.0014521630046,14.280888652449507,0.09652698432420041
901.7151588012986,14.292471890568411,0.09993136472372655
903.4302554281668,14.304463654335258,0.10338567615959526
905.146791066687,14.31686993547441,0.10689033472495169
906.8648154589439,14.329696775641404,0.11044566445683006
908.5843790720209,14.342950255376223,0.11405189615542415
910.305533102666,14.356636482914874,0.11770916647317146
912.0283294806158,14.370761582891655,0.12141751727188974
913.7528208705628,14.385331684964282,0.12517689524531583
915.4790606727585,14.40035291239372,0.128987151803317
917.2071030222457,14.415831370610118,0.13284804321268182
918.937002786719,14.43177313579564,0.13675923098957674
920.6688155630144,14.448184243514389,0.14072028253629595
922.4025976722361,14.465070677418744,0.14473067201562867
924.1384061535264,14.48243835806062,0.1487897814543467
925.8762987564936,14.500293131835141,0.1528969020672862
927.6163339323139,14.518640760083215,0.15705123579186817
929.3585708235239,14.53748690837824,0.1612518970238212
931.1030692525293,14.556837136021098,0.16549791454267826
932.8498897088518,14.57669688576622,0.16978823361635995
934.5990933351438,14.597071473800183,0.17412171827319395
936.3507419119999,14.617966079992966,0.17849715372938077
938.104897841599,14.639385738440492,0.182913248959915
939.8616241302119,14.661335328315682,0.1873686394004241
941.6209843696098,14.683819565043732,0.19186188976762314
943.383042717415,14.706842991815847,0.1963914969856262
945.1478638764329,14.730409971454122,0.20095589320551593
946.9155130730073,14.754524678638784,0.20555344890564875
948.6860560344439,14.779191092507462,0.2101824760602463
950.4595589655448,14.804412989634692,0.21484123136388256
952.236088524301,14.830193937398358,0.21952791949978828
954.0157117967888,14.856537287738332,0.22424069644009967
955.7984962713174,14.883446171311144,0.22897767276637282
957.5845098118747,14.910923492043109,0.23373691699939414
959.3738206309199,14.938971922083036,0.23851645892709605
961.1664972615698,14.967593897154288,0.24331429292043794
962.9626085292283,14.99679161230474,0.24812838122691971
964.7622235227049,15.02656701805197,0.25295665723247635
966.565411564871,15.056921816919868,0.25779702868259
968.3722421829015,15.087857460361779,0.26264738085387174
970.1827850781449,15.119375146064243,0.26750557966857735
971.9971100956726,15.151475815624472,0.2723694747438425
973.8152871935475,15.184160152593734,0.27723690236940435
975.6373864118588,15.217428580878062,0.28210568840691214
977.4634778415641,15.251281263486892,0.2869736511051861
979.2936315931826,15.285718101619514,0.29183860382611115
981.1279177653769,15.320738734078647,0.2966983576762061
982.9664064134663,15.356342536999792,0.30155072403981187
984.8091675179063,15.39252862388457,0.30639351701024314
986.6562709527725,15.429295845925799,0.3112245557155132
988.5077864542836,15.46664279261166,0.3160416665360266
990.363783589397,15.504567792595983,0.3208426852121379
992.2243317245086,15.54306891482144,0.3256254588396068
994.0894999942872,15.582143969882193,0.3303878477520191
995.9593572706731,15.621790511612435,0.3351277272887791
997.8339721320666,15.662005838887088,0.33984298944901664
999.7134128327331,15.70278699762097,0.344531544430445
1001.5977472724476,15.744130782952624,0.3491913220542801
1003.4870429664019,15.786033741599137,0.3538202730764439
1005.3813670153937,15.82849217436831,0.3584163703859981
1007.2807860763179,15.87150213881463,0.36297761009262963
1009.1853663329756,15.915059452025746,0.367502012504047
1011.0951734672187,15.959159693526232,0.3719876229954622
1013.0102726304419,16.003798208285687,0.3764325127735428
1014.9307284154362,16.048970109818512,0.38083477953619516
1016.8566048286144,16.094670283362856,0.3851925480317024
1018.787965262618,16.14089338912666,0.3895039705191413
1020.7248724693131,16.187633865588957,0.39376722713292034
1022.6673885331838,16.234885932844907,0.3979805261547398
1024.6155748451251,16.282643595983476,0.40214210419555013
1026.5694920766432,16.330900648486942,0.4062502262907053
1028.5292001544617,16.379650675641827,0.4103031859119829
1030.4947582355387,16.428887057951265,0.4142993048988094
1032.4662246824928,16.478602974539122,0.4182369333127175
1034.4436570394375,16.528791406536648,0.42211444921826197
1036.427112008222,16.57944514044284,0.4259302583933552
1038.416645425075,16.630556771450042,0.42968279397281134
1040.412312237649,16.68211870672678,0.4333705160279422
1042.4141664824563,16.734123168650132,0.4369919110863189
1044.4222612626943,16.78656219798049,0.44054549159392076
1046.436648726452,16.83942765697176,0.44402979532417086
1048.4573800452886,16.89271123241066,0.4474433847359016
1050.4845053931779,16.94640443857897,0.4507848462843652
1052.5180739258074,17.000498620133094,0.45405278968795315
1054.5581337602234,17.054984954895648,0.4572458471538236
1056.6047319548109,17.109854456554107,0.46036267256557295
1058.6579144895973,17.165097977261976,0.4634019406357659
1060.7177262468688,17.220706210138268,0.4663623460264314
1062.7842109920853,17.27666969166144,0.46924260244018967
1064.8574113550847,17.332978803954262,0.4720414416848821
1066.937368811559,17.389623776956448,0.47475761271472317
1069.024123664794,17.446594690482215,0.47738988065022525
1071.117715027652,17.50388147616024,0.47993702577967906
1073.2181808047912,17.561473919253803,0.48239784254503115
1075.3255576751017,17.619361660359207,0.48477113851458736
1077.4398810743448,17.677534196980957,0.487055733344377
1079.5611851779825,17.735980884982283,0.4892504577322043
1081.6895028841802,17.794690939910147,0.4913541523649793
1083.8248657969693,17.853653438193945,0.49336566686317695
1085.9673042095526,17.912857318217526,0.4952838587240235
1088.1168470877387,17.97229138126441,0.497107592266192
1090.2735220534905,18.03194429233635,0.4988357375782293
1092.437355368571,18.09180458084574,0.5004671694730808
1094.6083719182725,18.15186064118251,0.5020007664513493
1096.7865951952144,18.21210073315667,0.5034354096753901
1098.9720472831932,18.272512982317718,0.5047699819572612
1101.1647488410713,18.33308538015259,0.5060033667621866
1103.3647190866895,18.39380578416405,0.5071344472312944
1105.5719757807892,18.454661917831807,0.5081621052251369
1107.786535210929,18.515641370458823,0.5090852203914883
1110.0084121753841,18.576731596905802,0.5099026692599651
1112.2376199670127,18.637919917216998,0.5106133243663121
1114.4741703570787,18.699193516140955,0.5112160534097281
1116.7180735790157,18.760539442550122,0.5117097184459851
1118.9693383121216,18.82194460876364,0.5120931751201023
1121.2279716651733,18.883395789778053,0.5123652719415617
1123.4939791599468,18.94487962241104,0.5125248496059776
1125.7673647146362,19.006382604363758,0.5125707403673907
1128.04813062716,19.067891093207844,0.5125017674640613
1130.3362775583448,19.129391305303532,0.5123167446033546
1132.6318045149812,19.190869314655934,0.5120144755090372
1134.93470883274,19.25231105171702,0.5115937535361326
1137.244986158946,19.313702302141355,0.511053361358164
1139.562630435203,19.375028705504334,0.5103920707316986
1141.8876338798634,19.43627575399214,0.5096086423437581
1144.2199869703425,19.49742879107339,0.5087018257473375
1146.5596784252712,19.55847301016307,0.5076703593915433
1148.9066951864907,19.619393453290055,0.5065129707518305
1151.2610224008854,19.680175009780275,0.5052283765671166
1153.622643402059,19.74080241496833,0.503815283190227
1155.9915396918552,19.801260248951156,0.5022723870591328
1158.3676909217293,19.86153293539825,0.5005983752952285
1160.7510748739771,19.92160474043368,0.4987919264372328
1163.1416674428292,19.981459771606147,0.4968517113177029
1165.5394426154219,20.04108197696427,0.494776394090272
1167.9443724526575,20.100455144255104,0.49256463341595946
1170.356427069968,20.15956290026502,0.4902150838166956
1172.7755746179998,20.218388710323023,0.4877263972051793
1175.2017812632387,20.276915877987644,0.4850972245986185
1177.6350111685972,20.33512754493948,0.4823262180267148
1180.07522647399,20.393006691102684,0.47941203264123544
1182.5223872769222,20.450536135019632,0.47635332903741556
1184.9764516131247,20.507698534504122,0.47314877579497744
1187.4373754372652,20.56447638759952,0.46979705224847734
1189.9051126037773,20.620852033869337,0.46629685149479627
1192.3796148478416,20.676807656048712,0.46264688364704065
1194.8608317665673,20.732325282086357,0.4588458793422253
1197.3487108004176,20.787386787607424,0.45489259351096933
1199.8431972149306,20.84197389882874,0.45078580941628016
1202.34423408279,20.896068195958694,0.4465243429680873
1204.851762266305,20.949651117114865,0.44210704731974343
1207.365720400359,21.002703962793234,0.4375328177510518
1209.8860448758942,21.05520790092336,0.4328005968431192
1212.412669824005,21.107143972544534,0.42790937994710754
1214.9455271007103,21.158493098138187,0.4228582209495772
1217.4845462724868,21.209236084652137,0.4176462383349566
1220.029654602645,21.25935363325233,0.4122726215441889
1222.5807770386352,21.308826347837634,0.406736637627129
1225.1378362003757,21.35763474435289,0.4010376381846944
1227.700752369698,21.405759260935053,0.3951750665940187
1230.2694434810103,21.453180268926335,0.3891484655090002
1232.8438251132814,21.499878084787415,0.38295748462537915
1235.4238104834558,21.54583298294246,0.37660188869714045
1238.0093104414088,21.591025209586117,0.37008156578937823
1240.600233466559,21.635434997480843,0.36339653574906094
1243.1964856662569,21.67904258177073,0.3565469588725871
1245.7979707760694,21.72182821683544,0.3495331447467128
1248.4045901620896,21.763772194205046,0.3423555612354967
1251.016242825394,21.804854861553306,0.3350148435833293
1253.6328254087805,21.845056642783305,0.3275118036008292
1256.2542322059144,21.884358059215405,0.3198474388976654
1258.8803551730202,21.922739751883125,0.31202294212138904
1261.5110839432461,21.96018250493769,0.30403971016118214
1264.1463058438387,21.996667270157033,0.2958993532688285
1266.7859059162577,22.032175192549293,0.2876037040491516
1269.4297669393636,22.06668763703519,0.2791548262671325
1272.0777694558078,22.100186216187247,0.2705550234169962
1274.7297918017503,22.132652818997286,0.261806846996245
1277.38571014003,22.164069640636836,0.2529131044247161
1280.0453984969063,22.1944192131678,0.2438768665466995
1282.7087288024863,22.223684437153405,0.23470147465317245
1285.3755709349448,22.251848614111786,0.22539054695872215
1288.0457927686382,22.278895479746833,0.2159479844682603
1290.7192602262078,22.304809237883024,0.20637797616664955
1293.3958373347537,22.329574595023022,0.19668500346578338
1296.0753862861563,22.353176795438916,0.18687384384360092
1298.7577675016091,22.375601656700148,0.17694957361079253
1301.442839700413,22.396835605533443,0.16691756974281566
1304.130459973077,22.41686571390258,0.1567835107175064
1306.8204838587453,22.435679735188682,0.14655337630135418
1309.512765426968,22.453266140344844,0.13623344623153363
1312.2071573638093,22.46961415389263,0.12583029774475563
1314.9035110622765,22.484713789622,0.11535080191033369
1317.601676717031,22.49855588585124,0.10480211872844573
1320.3015034233333,22.511132140098653,0.09419169096339294
1323.002839280145,22.52243514301426,0.08352723668680895
1325.7055314973068,22.532458411416677,0.0728167405137962
1328.4094265066767,22.541196420278332,0.06206844352375877
1331.1143700771102,22.548644633501183,0.05129083186451074
1333.8202074331302,22.554799533324925,0.04049262404892673
1336.5267833771293,22.559658648210796,0.02968275696068427
1339.2339424149145,22.563220579046078,0.018870370596838864
1341.9415288844,22.5654850235177,0.008064791582285125
1344.649387087222,22.566452798507573,-0.0027244844975626847
1347.357361423043,22.566125860367865,-0.013487811890981288
1350.065296526287,22.564507322940948,-0.024215414537209767
1352.77303740504,22.561601473196482,-0.03489740691347739
1355.4804295818235,22.557413784366865,-0.045523815790489884
1358.1873192359476,22.551950926472006,-0.05608460280663863
1360.8935533471242,22.54522077413521,-0.06656968776412124
1363.5989798400205,22.537232411603515,-0.07696897254320471
1366.303447729413,22.52799613489833,-0.08727236552491155
1369.0068072656006,22.51752345103534,-0.09746980640755373
1371.7089100797248,22.505827074266435,-0.10755129129777312
1374.4096093286366,22.492920919310702,-0.11750689795351951
1377.108759838954,22.47882009155628,-0.1273268110553912
1379.8062182499407,22.463540874229633,-0.13700134737882527
1382.5018431548483,22.447100712544174,-0.14652098074299977
1385.1954952403537,22.429518194855014,-0.15587636660937915
1387.8870374237363,22.41081303086189,-0.1650583662081928
1390.5763349874396,22.391006026916905,-0.1740580700714922
1393.2632557106697,22.370119058508326,-0.18286682085705647
1395.9476699976906,22.34817504000548,-0.19147623535070343
1398.6294510024914,22.325197891763395,-0.19987822554273413
1401.308474749503,22.301212504698267,-0.20806501867731697
1403.9846202500667,22.27624470245699,-0.21602917618469183
1406.6577696143615,22.250321201314826,-0.22376361141092835
1409.3278081585192,22.223469567945514,-0.23126160607057264
1411.9946245066726,22.195718175217046,-0.2385168253549471
1414.6581106876986,22.167096156174452,-0.24552333163976314
1417.3181622264394,22.13763335637768,-0.2522755967431678
1419.9746782292048,22.1073602847685,-0.25876851269783785
1422.6275614633769,22.07630806324476,-0.2649974010078123
1425.2767184309662,22.044508375123822,-0.2709580203722103
1427.922059435981,22.011993412679157,-0.2766465728673969
1430.5634986455025,21.97879582393507,-0.28205970858727153
1433.2009541443747,21.944948658904597,-0.28719452875298757
1435.8343479834432,21.91048531545424,-0.29204858730906835
1438.4636062212976,21.87543948497715,-0.2966198910338669
1441.0886589594948,21.839845098053086,-0.30090689819826844
1443.709440371261,21.803736270269294,-0.30490851581449857
1446.3258887236934,21.767147248371554,-0.30862409552406456
1448.9379463934981,21.730112356908666,-0.31205342817832715
1451.5455598763272,21.692665945527267,-0.31519673717239627
1454.1486797897903,21.65484233706658,-0.31805467059635717
1456.7472608702383,21.616675776595017,-0.32062829227269185
1459.3412619634296,21.578200381522294,-0.32291907175151147
1461.9306460092123,21.539450092912112,-0.32492887333856285
1464.5153800203618,21.500458628111485,-0.3266599442326287
1467.0954350557352,21.46125943480357,-0.32811490185054026
1469.6707861879115,21.421885646581504,-0.32929672041864444
1472.2414124655013,21.382370040131267,-0.3302087169104517
1474.807296870317,21.342744994102013,-0.3308545364088644
1477.3684262696092,21.30304244973295,-0.33123813697191196
1479.9247913635772,21.26329387329632,-0.3313637740787634
1482.476386628373,21.223530220406868,-0.3312359847316297
1485.0232102548216,21.183781902239073,-0.33085957128650517
1487.5652640830904,21.144078753684692,-0.3302395850849275
1490.1025535335325,21.1044500034745,-0.32938130995387266
1492.6350875339494,21.064924246280036,-0.32829024564025033
1495.1628784435031,21.025529416803206,-0.3269720912425278
1497.6859419735194,20.986292765854103,-0.32543272869768697
1500.204297105422,20.94724083841038,-0.32367820638053624
1502.7179660060312,20.908399453644716,-0.3217147228664471
1505.2269739404687,20.869793686900742,-0.3195486109074016
1507.7313491828968,20.831447853591854,-0.31718632166469385
1510.2311229253278,20.79338549499209,-0.31463440924133224
1512.7263291847269,20.75562936588313,-0.31189951555082496
1515.2170047086329,20.718201424017032,-0.3089883555566608
1517.703188879515,20.681122821350232,-0.30590770291342534
1520.184923618077,20.64441389700062,-0.30266437603610663
1522.662253285717,20.60809417187629,-0.29926522462210653
1525.1352245863422,20.572182344921636,-0.29571711664564404
1527.6038864677328,20.53669629092416,-0.29202692584258116
1530.0682900226436,20.50165305982305,-0.28820151969988217
1532.5284883898223,20.467068877459063,-0.2842477479611638
1534.9845366551174,20.432959147703723,-0.28017243165674444
1537.436491752842,20.399338455904914,-0.2759823526654456
1539.8844123675506,20.36622057358506,-0.2716842438105438
1542.3283588363809,20.333618464327795,-0.26728477949283425
1544.7683930521002,20.301544290788655,-0.2627905668587912
1547.2045783669948,20.2700094227656,-0.2582081375025839
1549.6369794977268,20.23902444626529,-0.25354393969658773
1552.0656624312785,20.2085991735017,-0.2488043311445291
1554.4906943320987,20.178742653764356,-0.2439955722504846
1556.9121434505503,20.149463185094298,-0.2391238198935793
1559.3300790327617,20.12076832670707,-0.23419512169908785
1561.7445712319666,20.092664912103178,-0.22921541079439223
1564.155691021419,20.06515906280785,-0.22419050103742086
1566.5635101089558,20.03825620268336,-0.21912608270469036
1568.9681008532777,20.011961072758798,-0.21402771862494657
1571.369536182009,19.986277746523804,-0.20890084074363102
1573.7678895115919,19.96120964563457,-0.20375074710393312
1576.163234669068,19.936759555982096,-0.1985825992282031
1578.555645815786,19.912929644074712,-0.1934014198844795
1580.945197373075,19.889721473688574,-0.18821209122172888
1583.3319639499175,19.867136022741967,-0.1830193532579294
1585.7160202726466,19.845173700351015,-0.1778278027047738
1588.0974411166887,19.823834364026443,-0.1726418921120576
1590.4763012403719,19.803117336972996,-0.16746592931674206
1592.8526753208087,19.783021425454987,-0.1623040771792835
1595.2266378918632,19.763544936193473,-0.15716035359198227
1597.5982632842065,19.744685693762435,-0.15203863174354146
1599.967625567458,19.72644105795321,-0.14694264062390755
1602.3347984944126,19.70880794107834,-0.14187596575497471
1604.6998554473419,19.691782825187744,-0.13684205013101786
1607.0628693863644,19.67536177917202,-0.1318441953558865
1609.423912799865,19.659540475729315,-0.12688556296132822
1611.7830576569527,19.644314208173956,-0.12196917589356224
1614.1403753619336,19.62967790706673,-0.1170979201545741
1616.4959367107815,19.61562615664818,-0.11227454658545948
1618.8498118495793,19.602153211057924,-0.10750167277870186
1621.2020702349062,19.58925301032448,-0.10278178510834124
1623.552780596145,19.57691919611148,-0.09811724086586557
1625.9020108996785,19.565145127207575,-0.09351027049101883
1628.2498283149434,19.553923894748653,-0.0889629798869862
1630.5962991823133,19.543248337162215,-0.08447735280947555
1632.9414889827726,19.533111054825078,-0.08005525332025107
1635.2854623093517,19.523504424426648,-0.07569842829564521
1637.628282840283,19.51442061303117,-0.0714085099809895
1639.9700133138467,19.50585159183345,-0.06718701858258551
1642.3107155048667,19.49778914960354,-0.06303536488868981
1644.6504502028192,19.4902249058169,-0.05895485291175599
1646.9892771915172,19.483150323467488,-0.054946682544561774
1649.3272552303333,19.47655672156214,-0.05101195222261268
1651.6644420369207,19.470435287295427,-0.04715166158595352
1654.0008942713962,19.464777087905112,-0.043366714133815286
1656.3366675219447,19.459573082209054,-0.039657919865524846
1658.6718162918098,19.45481413182519,-0.03602599790190435
1661.0063939876288,19.450491012076963,-0.032471579080558165
1663.340452909078,19.446594422587296,-0.028995208520340064
1665.6740442397886,19.443114997564855,-0.025597348148783304
1668.0072180394964,19.440043315787,-0.02227837918814165
1670.3400232373908,19.437369910284424,-0.019038604594652973
1672.672507626625,19.435085277733066,-0.015878251446673396
1675.004717859953,19.433179887559465,-0.012797473277359472
1677.33669944646,19.431644190766182,-0.00979635234790166
1679.668496749352,19.430468628484434,-0.006874901857371422
1682.0001529847702,19.42964364026155,-0.00403306808577734
1684.3317102216017,19.429159672091256,-0.0012707324673992086
1686.6632093822527,19.429007184195168,0.0014122864088269202
1688.9946902443562,19.429176658564227,0.004016230874448468
1691.326191443384,19.42965860626916,0.006541402333937185
1693.6577504761362,19.430443574549233,0.008988159496947645
1695.9894037050822,19.431522153688867,0.011356916691636817
1698.321186363525,19.432884983691864,0.013648142260140144
1700.6531325615679,19.43452276076308,0.015862357037802848
1702.9852752928593,19.436426243607617,0.01800013291521907
1705.3176464420922,19.438586259557443,0.020062091485121652
1707.650276793239,19.440993710535658,0.02204890277225739
1709.9831960385034,19.44363957886833,0.023961284046484604
1712.3164327879676,19.446514932953907,0.025799998717701556
1714.650014579922,19.44961093280003,0.027565855311717513
1716.9839678918581,19.452918835437437,0.029259706524283523
1719.3183181521106,19.45643000022035,0.030882448352631542
1721.653089752137,19.460135894022667,0.0324350193001699
1723.9883060594198,19.464028096338687,0.033918399653091555
1726.3239894309804,19.468098304297058,0.035333610824276704
1728.660161227496,19.47233833759597,0.036681714761588324
1730.9968418280075,19.476740143367362,0.03796381341623819
1733.3340506452116,19.48129580097731,0.03918104826687123
1735.671806141329,19.485997526769335,0.04033459989448337
1738.0101258445413,19.490837678756673,0.04142568760373185
1740.3490263659921,19.49580876126912,0.04245556908430241
1742.6885234173444,19.500903429559237,0.043425540107744354
1745.0286318288915,19.506114494372166,0.0443369342531715
1747.3693655682162,19.511434926482547,0.04519112265608527
1749.710737759394,19.516857861201277,0.04598951377380682
1752.0527607027382,19.522376602854134,0.04673355316106391
1754.3954458950807,19.527984629233462,0.047424723249100964
1756.7388040505887,19.533675596023354,0.048064543121354816
1759.0828451221114,19.539443341197916,0.04865456827897556
1761.427578323055,19.545281889391394,0.04919639038914644
1763.773012149782,19.55118545623809,0.04969163700900836
1766.1191544045307,19.557148452679172,0.05014197127873506
1768.4660122188523,19.56316548923262,0.05054909157597247
1770.81359207756,19.569231380221737,0.05091473112578034
1773.1618998431868,19.57534114795683,0.05124065755814182
1775.5109407809416,19.581490026863808,0.05152867240788932
1777.8607195841653,19.587673467552754,0.05178061054905333
1780.2112404002717,19.59388714081864,0.05199833955863061
1782.5625068571699,19.600126941565676,0.05218375900349533
1784.9145220901578,19.606388992646096,0.05233879964473924
1787.2672887692754,19.612669648603465,0.05246542255425979
1789.6208091271078,19.618965499309976,0.052565618138918545
1791.975084987025,19.625273373486646,0.052641405067562395
1794.3301177918433,19.631590342094754,0.052694829097118166
1796.6859086328948,19.637913721586408,0.05272796179429662
1799.0424582794851,19.644241077001723,0.052742899149678855
1801.3997672087253,19.650570224899685,0.052741760081994236
1803.7578356357133,19.656899236109524,0.05272668483075431
1806.1166635440463,19.663226438289215,0.05269983323582158
1808.476250716641,19.669550418277513,0.05266338290335071
1810.8365967668344,19.675870024225915,0.05261952725825007
1813.1977011697415,19.682184367496905,0.05257047348372623
1815.5595632938412,19.688492824314952,0.05251844034888838
1817.922182432759,19.69479503715682,0.05246565592713637
1820.2855578372178,19.701090915868075,0.05241435520740486
1822.649688747122,19.707380638492964,0.052366777601697834
1825.0145744237411,19.713664651805168,0.052325164353117515
1827.3802141819579,19.719943671527542,0.05229175584885819
1829.746607422541,19.726218682229405,0.05226878884361241
1832.1137536644085,19.73249093689064,0.05225849359898523
1834.4816525768354,19.738761956122516,0.052263090946110445
1836.85030401157,19.74503352703605,0.05228478927783442
1839.2197080348142,19.75130770174939,0.052325781478756994
1841.589864959024,19.75758679552684,0.05238824180064938
1843.9607753744872,19.76387338454292,0.05247432269269344
1846.3324401806324,19.770170303266042,0.05258615159503914
1848.7048606170242,19.776480641457447,0.05272582770553906
1851.078038293999,19.78280774078211,0.052895418728956166
1853.451975222893,19.789155191029586,0.05309695761956945
1855.8266738458165,19.795526825943934,0.05333243932703624
1858.2021370649297,19.80192671866318,0.053603817555814004
1860.5783682711692,19.808359176769876,0.05391300154995449
1862.9553713723817,19.81482873695587,0.05426185291241836
1865.3331508208164,19.82134015930536,0.054652182471552166
1867.7117116399331,19.827898421201947,0.05508574720352044
1870.0910594504774,19.83450871086637,0.05556424722321651
1872.4712004957814,19.841176420533156,0.05608932285282957
1874.8521416662454,19.847907139275495,0.05666255177890397
1877.2338905229585,19.854706645488964,0.05728544630789756
1879.6164553204171,19.86158089904591,0.057959450729772044
1881.9998450283026,19.868536033133484,0.058685938799118986
1884.3840693522786,19.87557834578938,0.0594662113426736
1886.7691387537734,19.8827142911505,0.06030149400138759
1889.1550644687115,19.889950470430666,0.061192935115143385
1891.5418585251632,19.897293622644483,0.06214160375795549
1893.9295337598805,19.904750615095438,0.0631484879291359
1896.318103833692,19.912328433646934,0.0642144929081212
1898.7075832457297,19.92003417279591,0.06534043977704704
1901.0979873464653,19.927875025569154,0.06652706411702052
1903.4893323495337,19.935858273263197,0.0677750148811107
1905.8816353423254,19.94399127504893,0.06908485344826096
1908.2749142953312,19.95228145746272,0.07045705286063964
1910.6691880702267,19.960736303805998,0.07189199724558412
1913.0644764266835,19.969363343475468,0.07338998142459494
1915.4608000279006,19.97817014124642,0.07495121070881794
1917.8581804448502,19.987164286531478,0.07657580088119195
1920.256640159234,19.99635338263722,0.07826377836413675
1922.6562025651504,20.005745036040917,0.08001508057127182
1925.0568919694754,20.01534684570947,0.08182955644053062
1927.4587335909605,20.025166392482333,0.08370696714600594
1929.8617535580584,20.035211228539854,0.08564698698447042
1932.265978905483,20.04548886697799,0.08764920443278257
1934.6714375695203,20.056006771509924,0.0897131233710565
1937.0781583821015,20.06677234631445,0.09183816446617736
1939.4861710636592,20.077792926050392,0.0940236667101857
1941.8955062147852,20.089075766055615,0.09626888910678015
1944.306195306712,20.10062803274843,0.09857301249945513
1946.7182706706417,20.112456794248363,0.10093514153443432
1949.1317654859515,20.124569011232495,0.10335430674993282
1951.5467137672995,20.136971528042487,0.10582946678547127
1953.9631503506646,20.149671064056744,0.10835951070197562
1956.3811108783514,20.16267420534098,0.11094326040508307
1958.8006317829922,20.17598739658959,0.1135794731632167
1961.221750270583,20.189616933369177,0.11626684421181348
1963.6445043025874,20.203568954674594,0.1190040094351493
1966.0689325771484,20.217849435806812,0.12178954811714604
1968.4950745094452,20.23246418158087,0.12462198575263392
1970.922970211235,20.247418819871186,0.12749979691018729
1973.3526604696197,20.262718795500408,0.13042140813842215
1975.7841867250797,20.27836936447702,0.13338520090705094
1978.217591048817,20.294375588585865,0.1363895145741682
1980.6529161194474,20.310742330334765,0.13943264937245442
1983.0902051990874,20.32747424825946,0.14251286940553481
1985.5295021088787,20.344575792588124,0.1456284056469137
1987.9708512039892,20.362051201265754,0.14877745893479383
1990.4142973481412,20.37990449633793,0.15195820295440163
1992.8598858877017,20.398139480692457,0.1551687872018685
1995.3076626253849,20.41675973515668,0.15840733992259123
1997.7576737936038,20.435768615947392,0.16167197101773687
2000.2099660275176,20.45516925246952,0.16496077491332528
2002.664586337814,20.47496454545912,0.16827183338579133
2005.121582083269,20.495157165465415,0.1716032183389634
2007.5810009431248,20.51574955166609,0.17495299452745527
2010.0428908893248,20.536743911009385,0.17831922222217855
2012.5073001586459,20.558142217676046,0.18169995981326775
2014.974277224767,20.57994621285364,0.18509326634686593
2017.4438707703096,20.602157404815262,0.188497203992218
2019.9161296588875,20.62477706929433,0.1919098404360516
2022.3911029072028,20.647806250146655,0.19532925120090047
2024.8688396572204,20.671245760290763,0.1987535218858305
2027.3493891484552,20.695096182917062,0.2021807503265194
2029.8328006904053,20.719357872956245,0.20560904867344595
2032.31912363516,20.744030958797058,0.20903654538659094
2034.8084073502155,20.76911534424345,0.21246138714531665
2037.3007011915247,20.794610710700887,0.215881740672715
2039.7960544768089,20.820516519581613,0.21929579447398004
2042.2945164591586,20.84683201491849,0.22270176048794593
2044.7961363009488,20.873556226177044,0.22609787565217587
2047.3009630480901,20.900687971255305,0.22948240338201606
2049.8090456046407,20.928225859661147,0.2328536349632297
2052.3204327078,20.956168295856735,0.23620989085942531
2054.835172903303,20.984513482759866,0.23954952193531537
2057.353314521234,21.013259425392103,0.24287091059586413
2059.874905652281,21.042403934663607,0.24617247184384183
2062.3999941244406,21.071944631284868,0.249452654255992
2064.928627480195,21.101878949795587,0.2527099408801211
2067.46085295417,21.1322041427012,0.25594285005429523
2069.9967174512944,21.162917284707717,0.2591499361498014
2072.536267525459,21.194015277045693,0.26232979024056746
2075.0795493587048,21.22549485187456,0.2654810406996925
2077.62660874093,21.257352576758525,0.2686023537267583
2080.177491050141,21.289584859205736,0.2716924338064549
2082.7322412332455,21.32218795126251,0.2747500241016295
2085.290903787397,21.355157954154706,0.2777739067829188
2087.8535227418956,21.388490822968656,0.28076290329700865
2090.4201416406518,21.422182371364297,0.28371587457606634
2092.9908035252156,21.456228276313425,0.2866317211901226
2095.565550918373,21.49062408285624,0.2895093834457185
2098.1444258083156,21.525365208869726,0.2923478414320317
2100.72746963338,21.56044694984157,0.29514611501791543
2103.3147232673614,21.59586448364372,0.297903263801184
2105.9062270053987,21.63161287529986,0.3006183870130445
2108.5020205504347,21.667687081741427,0.30329062337992596
2111.102143000244,21.704081956547018,0.30591915094442257
2113.7066328350293,21.74079225466035,0.3085031868487853
2116.3155279055886,21.777812637082203,0.3110419870813471
2118.9288654220386,21.815137675531965,0.3135348461897891
2121.5466819431026,21.85276185707474,0.31598109696207766
2124.1690133659517,21.89067958871019,0.31838011007782424
2126.795894916597,21.928885201919528,0.32073129373166864
2129.427361140827,21.967372957167328,0.32303409323063786
2132.063445895687,22.006137048355004,0.32528799056749474
2134.7041823414897,22.045171607223104,0.32749250397176394
2137.3496029343564,22.084470707699715,0.3296471874402999
2139.9997394192806,22.12402837019255,0.3317516302484632
2142.6546228237034,22.163838565822367,0.33380545644448034
2145.314283451602,22.203895220595705,0.3358083243271359
2147.9787508780737,22.24419221951496,0.33775992590975673
2150.6480539444156,22.28472341062413,0.3396599863705478
2153.3222207536905,22.325482608988597,0.3415082634911452
2156.0012786667694,22.366463600607535,0.34330454708436287
2158.685254298842,22.40766014625766,0.34504865841246496
2161.374173516393,22.449065985267154,0.34674044959664607
2164.068061434625,22.49067483921875,0.3483798030188427
2166.7669424153314,22.532480415581013,0.34996663071706163
2169.470840065201,22.57447641126706,0.35150087377419464
2172.179777234553,22.616656516119964,0.35298250170191875
2174.8937760164877,22.659014416324194,0.3544115118198891
2177.6128577464465,22.70154379774258,0.35578792863096476
2180.3370430021755,22.744238349178296,0.35711180319288144
2183.0663516040768,22.787091765561442,0.3583832124868162
2185.800802615944,22.83009775105986,0.3596022587836127
2188.5404143460714,22.873250022113893,0.3607690690074902
2191.285204348725,22.916542310394792,0.361883794098361
2194.0351894259725,22.959968365686596,0.36294660837189835
2196.790385629855,23.003521958691223,0.36395770887868534
2199.550808264898,23.047196883756666,0.36491731476221057
2202.316471890949,23.09098696152813,0.3658256666157082
2205.0873903263323,23.134886041522016,0.36668302583822887
2207.863576651315,23.178888004622603,0.36748967399023635
2210.6450432118695,23.22298676550143,0.36824591214828695
2213.43180162373,23.267176274959226,0.3689520602596197
2216.223862776725,23.31145052219038,0.3696084564962436
2219.021236839388,23.35580353696993,0.37021545660863947
2221.8239332638245,23.400229391762966,0.3707734332793737
2224.6319607908363,23.44472220375649,0.37128277547650396
2227.445327455287,23.48927613681367,0.37174388780728174
2230.2640405917045,23.533885403350546,0.3721571898714397
2233.088106840107,23.57854426613512,0.37252311561489415
2235.917532152043,23.623247040008906,0.37284211268392065
2238.752321796844,23.667988093530976,0.37311464177933
2241.5924803680678,23.712761850544496,0.37334117601168043
2244.4380117901333,23.757562791665897,0.37352220025657823
2247.288919325133,23.802385455696687,0.37365821051175513
2250.145205579817,23.847224440958097,0.3737497132542937
2253.0068725127317,23.892074406548613,0.3737972248000432
2255.8739214415173,23.936930073524618,0.37380127066389457
2258.74635305034,23.981786226004285,0.3737623849225121
2261.6241673974605,24.026637712194987,0.3736811095788125
2264.507363922924,24.071479445344444,0.37355799392907824
2267.3959414563656,24.116306404615933,0.373393593932884
2270.2898982249194,24.16111363588788,0.3731884715861611
2273.189231861226,24.20589625247822,0.37294319429787376
2276.093939411523,24.250649435793964,0.372658334270574
2279.0040173438183,24.295368435906433,0.37233446788557484
2281.919461556127,24.3400485720527,0.37197217509280145
2284.840267384773,24.384685233063838,0.3715720388062375
2287.766429612741,24.429273877720586,0.3711346443048491
2290.6979424780675,24.473810035037168,0.3706605786402288
2293.634799682272,24.518289304473996,0.37015043005101944
2296.576994398809,24.562707356080118,0.369604787384592
2299.5245192815387,24.60705993056627,0.36902423952692354
2302.4773664732065,24.6513428393095,0.36840937484082426
2305.4355276139236,24.6955519642904,0.36776078061346124
2308.3989938496384,24.739683257964014,0.3670790425134444
2311.367755840594,24.783732743065627,0.3663647440579195
2314.3418037697616,24.827696512352578,0.3656184660911185
2317.321127351244,24.871570728283512,0.36484078627359773
2320.3057158386378,24.915351622636344,0.36403227858382203
2323.295558033354,24.959035496066402,0.36319351283236045
2326.2906422928822,25.002618717606286,0.3623250541889315
2329.290956538995,25.046097724108957,0.3614274627232147
2332.296488265888,25.089469019635743,0.36050129295978434
2335.3072245482444,25.132729174790917,0.35954709344769853
2338.3231520492195,25.17587482600464,0.3585654063454532
2341.34425702834,25.218902674766095,0.3575567670215977
2344.370525349312,25.261809486808687,0.3565217036710422
2347.4019424877292,25.304592091249212,0.355460736948654
2350.4384935386793,25.34724737968305,0.3543743796193155
2353.480163224241,25.38977230523737,0.35326313622565664
2356.5269359008694,25.432163881584447,0.35212750277316596
2359.5787955666597,25.474419181917227,0.3509679664340126
2362.6357258684898,25.51653533788931,0.34978500526860284
2365.6977101090365,25.55850953852154,0.3485790879662313
2368.764731253659,25.60033902907749,0.3473506736042372
2371.8367719371486,25.642021109909997,0.34610021142678826
2374.913814470338,25.683553135281212,0.34482814064231704
2377.995840846572,25.72493251215829,0.34353489024094114
2381.082832748031,25.766156698987203,0.34222087883089003
2384.174771551909,25.80722320444691,0.34088651449476853
2387.2716383364427,25.848129586186282,0.339532194665478
2390.373413886785,25.88887344954614,0.3381583060215595
2393.4800787007302,25.929452446268726,0.33676522440201734
2396.5916129942825,25.96986427319697,0.33535331474091973
2399.7079967070663,26.01010667096588,0.33392293102103565
2402.829209507582,26.050177422688403,0.33247441624680485
2405.955230798305,26.09007435263802,0.3310081024362847
2409.0860397206216,26.129795324930374,0.32952431063204557
2412.221615159613,26.16933824220622,0.32802335093021406
2415.3619357486778,26.208701044317845,0.3265055225283753
2418.506979873996,26.24788170702125,0.32497111379064714
2421.6567256788385,26.286878240676128,0.32342040233131664
2424.8111510677195,26.325688688955886,0.3218536551146715
2427.970233710394,26.364311127569646,0.3202711285724173
2431.1339510457024,26.402743662998336,0.3186730687372889
2434.302280285262,26.44098443124681,0.31705971139223504
2437.4751984170116,26.47903159661388,0.31543128223576744
2440.6526822086053,26.51688335048217,0.31378799706152094
2443.834708210663,26.554537910129554,0.31213006195294213
2447.0212527598783,26.591993517563907,0.31045767349138964
2450.212291981986,26.629248438382874,0.30877101897791215
2453.4078017945917,26.666300960660223,0.30707027666757963
2456.607757909871,26.703149393860333,0.3053556160163081
2459.812135837134,26.73979206778229,0.30362719793896414
2463.0209108852678,26.776227331534965,0.30188517507877916
2466.234058165052,26.81245355254442,0.3001296920869775
2469.451552591357,26.848469115594856,0.2983608859122633
2472.6733688852287,26.884272421904328,0.29657888609930794
2475.8994815758574,26.919861888236245,0.2947838150961483
2479.129865002446,26.955235946047782,0.2929757885687797
2482.3644933159717,26.990393040676036,0.2911549157237718
2485.6033404808527,27.02533163056289,0.2893212996368059
2488.8463802765204,27.060050186519305,0.2874750375877255
2492.0935862989027,27.094547191029832,0.2856162214005901
2495.344931961826,27.128821137597903,0.28374493778849563
2498.600390498338,27.162870530132523,0.2818612687027766
2501.859934961954,27.196693882376856,0.2799652916852284
2505.123538227839,27.230289717379083,0.27805708022352604
2508.3911729939246,27.263656567005906,0.27613670410889435
2511.662811781965,27.296792971498974,0.27420422979534587
2514.938426938545,27.329697479074415,0.2722597207601337
2518.217990636034,27.36236864556563,0.2703032378647663
2521.5014748735016,27.394805034109403,0.2683348397157559
2524.7888514775946,27.427005214875294,0.2663545830252486
2528.0800921033797,27.458967764838324,0.2643625229703517
2531.3751682351603,27.490691267594766,0.262358713550744
2534.6740511872717,27.522174313220855,0.26034320794436167
2537.976712104858,27.55341549817418,0.25831605886059705
2541.283121964639,27.58441342523745,0.2562773188902116
2544.5932515756676,27.615166703504276,0.254227040851962
2547.907071580088,27.64567394840651,0.25216527813520057
2551.2245524538966,27.675933781782735,0.25009208503803393
2554.5456645077106,27.7059448319873,0.2480075171008937
2557.8703778875492,27.735705734039406,0.24591163143495484
2561.198662575634,27.7652151298116,0.24380448704495924
2564.5304883912113,27.794471668256996,0.24168614514588072
2567.865824991402,27.823474005674502,0.2395566694739652
2571.204641872083,27.852220806011378,0.2374161265907245
2574.5469083688045,27.880710741202265,0.23526458618018017
2577.892593657749,27.908942491543886,0.23310212133923852
2581.241666756734,27.936914746104595,0.23092880886001294
2584.5940965262666,27.964626203167796,0.22874472950512964
2587.9498516706467,27.992075570708412,0.22654996827453644
2591.308900739132,28.019261566901356,0.22434461466452524
2594.67121212716,28.0461829206611,0.22212876291790215
2598.036754077639,28.072838372211248,0.21990251226601626
2601.4054946823044,28.09922667368317,0.21766596716155107
2604.7774018831465,28.125346589742556,0.2154192375024344
2608.1524434739154,28.151196898242848,0.21316243884677752
2611.5305871017044,28.17677639090446,0.21089569261807384
2614.9118002686128,28.20208387401863,0.20861912630130894
2618.296050333495,28.227118169174787,0.20633287362909297
2621.683304513796,28.251878114010278,0.20403707475834904
2625.0735298874774,28.27636256298128,0.20173187643690582
2628.4666933950352,28.30057038815371,0.19941743216023156
2631.8627618416135,28.324500480012937,0.19709390231801294
2635.261701899215,28.348151748291098,0.19476145433063863
2638.66348010901,28.371523122810775,0.19242026277552782
2642.068062883747,28.394613554343838,0.19007050950294868
2645.4754165102686,28.417422015484192,0.18771238374168203
2648.8855071521266,28.439947501533194,0.18534608219414514
2652.2983008523106,28.46218903139649,0.1829718091211241
2655.713763536078,28.484145648491026,0.18058977641605506
2659.131861013897,28.505816421660953,0.17820020366864736
2662.552558984496,28.52720044610119,0.17580331821817435
2665.975823038028,28.54829684428737,0.17339935519607627
2669.4016186593426,28.5691047669109,0.1709885575579347
2672.829911231372,28.589623393817853,0.16857117610532177
2676.26066603863,28.60985193495049,0.16614746949657663
2679.693848270824,28.62978963129008,0.16371770424727927
2683.129423026579,28.649435755799754,0.1612821547205101
2686.567355317275,28.668789614366215,0.15884110310606658
2690.007610070999,28.687850546738943,0.1563948393899987
2693.4501521366074,28.706617927465743,0.1539436613130422
2696.894946287903,28.725091166823308,0.15148787431919314
2700.3419572279217,28.74326971174161,0.14902779149389053
2703.791149593331,28.761153046720878,0.14656373349204443
2707.2424879589375,28.778740694739923,0.14409602845584976
2710.6959368423063,28.796032218154625,0.14162501192283017
2714.151460708485,28.813027219585365,0.13915102672343121
2717.6090239748355,28.829725342792177,0.13667442286943537
2721.0685910159705,28.84612627353651,0.1341955574321929
2724.530126168795,28.862229740428372,0.13171479441123068
2727.9935937376463,28.87803551575772,0.12923250459380142
2731.4589579995372,28.893543416308976,0.1267490654044264
2734.9261832094944,28.908753304157507,0.12426486074597065
2738.3952336059933,28.923665087447024,0.12178028083085954
2741.866073416487,28.938278721146727,0.11929572200406469
2745.3386668630246,28.952594207787214,0.1168115865569123
2748.812978167959,28.966611598174044,0.11432828253254239
2752.28897155974,28.98033099207795,0.11184622352293043
2755.7666112787892,28.9937525389007,0.10936582845761933
2759.245861583457,29.006876438315615,0.10688752138472424
2762.726686756055,29.019702940881782,0.1044117312437957
2766.209051108961,29.032232348631037,0.10193889163154779
2769.6929189907964,29.044465015626823,0.09946944055994797
2773.178254792672,29.056401348494017,0.09700382020731979
2776.665022954491,29.068041806918895,0.09454247666278448
2780.1531879713216,29.07938690411843,0.09208585966386333
2783.6427143998158,29.090437207278093,0.0896344223279518
2787.1335668646893,29.101193337957447,0.08718862087772432
2790.625710065244,29.111655972462774,0.08474891436082525
2794.1191087819398,29.121825842186073,0.08231576436411223
2797.613727883002,29.131703733909767,0.07988963472265928
2801.109532331071,29.141290490076486,0.0774709912240527
2804.60648718988,29.150587009023372,0.07506030130818668
2808.104557630963,29.159594245180354,0.07265803376270696
2811.6037089403844,29.16831320923188,0.07026465841478333
2815.103906525492,29.176744968241653,0.06788064581929969
2818.6051159216813,29.18489064573997,0.0655064669437581
2822.10730279917,29.19275142177322,0.06314259285063648
2825.610432969783,29.200328532915297,0.060789494376993033
2829.1144723937327,29.207623272240536,0.05844764181211678
2832.6193871864016,29.21463698925799,0.05611750457349037
2836.1251436251127,29.22137108980681,0.05379955088139118
2839.6317081558896,29.227827035912576,0.051494247432396875
2843.139047400199,29.234006345604463,0.04920205907238777
2846.647128161672,29.23991059269315,0.046923448469312255
2850.155917432795,29.245541406509467,0.04465887578618914
2853.665382401576,29.25090047160381,0.042408798354405995
2857.1754904581685,29.25598952740634,0.04017367034843863
2860.686209201457,29.26081036784815,0.03795394246128107
2864.1975064455987,29.265364840943505,0.03575006158203683
2867.709350226512,29.26965484833335,0.0335624704755233
2871.221708808312,29.273682344790412,0.0313916074642151
2874.734550689687,29.277449337686118,0.029237906113147954
2878.247844610209,29.280957886419696,0.027101794917931226
2881.7615595565794,29.284210101809848,0.024983696996638827
2885.2756647687966,29.287208145449444,0.022884029785282443
2888.7901297462504,29.289954229023678,0.020803204737992097
2892.304924253733,29.292450613592237,0.018741627031667228
2895.8200183273643,29.294699608836037,0.016699695275690374
2899.3353822804247,29.29670357226912,0.014677801227177175
2902.850986709097,29.29846490841638,0.01267632951179228
2906.366802498107,29.299986067957796,0.010695657350693704
2909.882800826262,29.30126954683988,0.008736154293842446
2913.398953171883,29.30231788535514,0.006798181960062285
2916.9152313181257,29.303133667190348,0.004882093783849703
2920.4316073581886,29.30371951844441,0.0029882347698221663
2923.948053700402,29.30407810661679,0.0011169412543902506
2927.464543073196,29.304212139567316,-0.0007314593244878154
2930.9810485299445,29.304124364448377,-0.0025566486495876006
2934.497543453678,29.303817566610427,-0.0043583177384990774
2938.0140015616716,29.303294568481807,-0.0061361671488846525
2941.5303969098895,29.30255822842394,-0.007889907175181085
2945.0467038973006,29.30161143956292,-0.009619258036301186
2948.5628972700483,29.300457128598563,-0.011323950053950446
2952.07895212548,29.29909825459209,-0.013003723821884233
2955.594843916031,29.297537807733463,-0.014658330365572663
2959.110548452959,29.295778808089594,-0.016287531292036306
2962.62604190993,29.29382430433455,-0.017891098930089555
2966.14130082645,29.29167737246294,-0.019468816460666005
2969.6563021111456,29.28934111448766,-0.02102047803695939
2973.171023044884,29.286818657123224,-0.022545888894616915
2976.685441283739,29.28411315045587,-0.024044865451777753
2980.1995348617934,29.281227766601656,-0.025517235398690257
2983.7132821937857,29.278165698353813,-0.026962837777203912
2987.226662077588,29.27493015782055,-0.028381523049899236
2990.7396536965266,29.27152437505456,-0.029773153158914788
2994.252236621533,29.26795159667549,-0.03113760157441211
2997.764390813134,29.264215084486562,-0.03247475333270818
3001.276096623272,29.260318114086637,-0.03378450506419384
3004.7873347969626,29.256263973478934,-0.035066765010919695
3008.29808647378,29.252055961677623,-0.036321453034086446
3011.8083331891817,29.247697387313533,-0.03754850061132113
3015.3180568756593,29.243191567240174,-0.03874785082397618
3018.827239863728,29.238541825141297,-0.03991945833459928
3022.335864882745,29.233751490141145,-0.04106328935427802
3025.8439150615623,29.228823895418632,-0.04217932160059945
3029.3513739290124,29.22376237682656,-0.04326754424589889
3032.8582254142316,29.218570271517052,-0.044327957856005185
3036.364453846814,29.21325091657433,-0.04536057431986744
3039.870043956803,29.207807647655947,-0.04636541677009258
3043.3749808745215,29.202243797643536,-0.04734251949421638
3046.8792501302387,29.19656269530423,-0.04829192783789201
3050.3828376536753,29.190767663963683,-0.049213698098811896
3053.885729773351,29.184862020191826,-0.05010789741284327
3057.387913215774,29.178849072502285,-0.05097460363172601
3060.8893751044743,29.172732120066478,-0.05181390519316172
3064.3901029588824,29.166514451443298,-0.052625900982938845
3067.8900846930555,29.160199343325345,-0.05341070018980432
3071.389308614255,29.15379005930257,-0.054168422153288986
3074.887763421371,29.147289848644174,-0.054899196204013144
3078.385438203208,29.140701945099693,-0.0556031614983965
3081.88232243662,29.134029565719885,-0.05628046684572989
3085.3784059845066,29.127275909698398,-0.056931270530006614
3088.8736790936705,29.120444157234797,-0.05755574012541824
3092.368132392539,29.113537468419747,-0.05815405230646202
3095.8617568887494,29.10655898214297,-0.058726392652571256
3099.3545439666063,29.099511815024663,-0.059272955447801465
3102.8464853844093,29.092399060370926,-0.059793943475749955
3106.337573271654,29.085223787153836,-0.060289567809945765
3109.8278001261124,29.077989039016643,-0.060760047599857835
3113.3171588107944,29.07069783330466,-0.06120560985346894
3116.8056425507907,29.063353160122244,-0.06162648921576401
3120.2932449300056,29.055957981416352,-0.06202292774402096
3123.7799598877755,29.04851523008707,-0.06239517467999297
3127.265781715386,29.04102780912547,-0.06274348621942613
3130.750705052481,29.03349859077914,-0.06306812527897185
3134.2347248833744,29.025930415745663,-0.06336936126084917
3137.717836533264,29.01832609239436,-0.06364746981567157
3141.200035664351,29.01068839601648,-0.06390273260340844
3144.6813182718734,29.00302006810407,-0.06413543705316253
3148.1616806800457,28.99532381565769,-0.06434587612158538
3151.6411195379246,28.9876023105231,-0.06453434805058222
3155.1196318151874,28.97985818875703,-0.06470115612442484
3158.597214797838,28.9720940500221,-0.06484660842621301
3162.073866083841,28.964312457010955,-0.06497101759460241
3165.5495835786824,28.956515934899603,-0.0650747005803846
3169.0243654908704,28.948706970829956,-0.06515797840365897
3172.49821032737,28.940888013421517,-0.06522117591124163
3175.9711168889808,28.93306147231217,-0.06526462153555457
3179.4430842656584,28.925229717727902,-0.0652886470537221
3182.9141118317857,28.917395080081455,-0.06529358734876922
3186.3841992413954,28.909559849599603,-0.0652797801717379
3189.8533464233474,28.901726275978994,-0.06524756590581642
3193.321553576465,28.893896568070296,-0.06519728733209718
3196.788821164633,28.886072893590445,-0.0651292893976437
3200.255149911864,28.878257378862727,-0.06504391898574843
3203.7205407973274,28.870452108584438,-0.06494152468864793
3207.1849950503574,28.8626591256218,-0.06482245658287293
3210.648514145432,28.854880430831855,-0.06468706600738136
3214.111099797132,28.84711798291097,-0.06453570534512565
3217.572753955081,28.839373698269554,-0.06436872780746228
3221.0334787988736,28.83164945093266,-0.06418648722320934
3224.4932767329856,28.823947072465874,-0.0639893378312569
3227.9521503816813,28.816268351926123,-0.06377763407859524
3231.4101025839127,28.80861503583669,-0.06355173042390898
3234.867136388213,28.800988828185822,-0.06331198114768455
3238.3232550475955,28.7933913904481,-0.06305874017034085
3241.7784620144494,28.78582434162766,-0.06279236087927131
3245.2327609354447,28.778289258322147,-0.06251319596633684
3248.6861556464432,28.770787674806186,-0.06222159727803008
3252.13865016742,28.763321083132823,-0.06191791567967305
3255.590248697396,28.755890933251262,-0.06160250093577939
3259.040955609386,28.74849863313897,-0.06127570160983827
3262.4907754453625,28.741145548945788,-0.060937864984763244
3265.939712911236,28.733833005147616,-0.060589337007825136
3269.3877728718535,28.726562284706677,-0.060230462262141536
3272.8349603460183,28.71933462923522,-0.05986158396830514
3276.2812805015265,28.712151239159024,-0.05948304401902268
3279.7267386502253,28.70501327387674,-0.059095183049961975
3283.1713402430905,28.697921851910746,-0.05869834055000449
3286.61509086532,28.690878051044745,-0.058292855014160004
3290.057996231445,28.683882908443046,-0.05787906414266668
3293.5000621804584,28.676937420745926,-0.057457305089148036
3296.941294670948,28.670042544135228,-0.057027914760728514
3300.381699776244,28.66319919436394,-0.05659123017386729
3303.821283679568,28.656408246743077,-0.056147588868131024
3307.260052669177,28.6496705360789,-0.05569732938056997
3310.6980131335067,28.642986856553232,-0.05524079178368761
3314.1351715562932,28.63635796153919,-0.05477831828845463
3317.571534511678,28.629784563344575,-0.0543102539155349
3321.0071086592793,28.62326733287471,-0.053836947235197385
3324.4419007392244,28.616806899206487,-0.0533587511778677
3327.8759175671294,28.610403849065143,-0.052876023917155145
3331.309166029017,28.604058726195085,-0.0523891298248221
3334.74165307616,28.597772030616106,-0.0518984404994427
3338.173385719834,28.591544217756173,-0.051404335868128946
3341.604371025965,28.585375697451997,-0.050907205361531524
3345.0346161096595,28.579266832808614,-0.05040744916164168
3348.4641281295967,28.573217938909217,-0.04990547952159474
3351.892914282266,28.567229281366625,-0.04940172215629109
3355.3209817960296,28.56130107470787,-0.048896617702443024
3358.7483379249948,28.555433480583577,-0.04839062324659693
3362.174989942665,28.549626605793986,-0.047884213918910255
3365.6009451353602,28.543880500123716,-0.04737788455058123
3369.026210795375,28.538195153977647,-0.046872151392918227
3372.450794213852,28.532570495810496,-0.04636755389455516
3375.8747026733495,28.52700638934315,-0.04586465653521425
3379.297943440071,28.521502630558924,-0.04536405071184173
3382.7205237557378,28.516058944473503,-0.04486635667534008
3386.1424508290747,28.510674981672462,-0.04437222551395929
3389.5637318268755,28.505350314610787,-0.043882341180208805
3392.9843738646287,28.500084433669162,-0.043397422558744125
3396.404383996669,28.494876742962113,-0.04291822557134969
3399.823769205824,28.48972655589355,-0.042445545316264585
3403.2425363925313,28.4846330904556,-0.04198021823894986
3406.660692363386,28.479595464266925,-0.04152312433104063
3410.0782438190977,28.4746126893472,-0.04107518935484815
3413.495197341819,28.46968366662462,-0.040637387090924904
3416.911559381814,28.464807180173707,-0.04021074160611704
3420.327336243435,28.459981891180973,-0.03979632954006126
3423.7425340703767,28.455206331636166,-0.039395282408231466
3427.157158830173,28.45047889774718,-0.03900878891966997
3430.5712162979025,28.445797843076818,-0.03863809730845584
3433.984712039072,28.441161271399803,-0.03828451767757812
3437.39765139164,28.436567129278494,-0.037949424354710715
3440.8100394471535,28.43201319835593,-0.037634258259770334
3444.2218810309564,28.427497087364756,-0.03734052928393202
3447.63318068144,28.423016223850684,-0.03706981868101996
3451.0439426283024,28.418567845608962,-0.03682378147171761
3454.4541707697754,28.414148991832356,-0.036604148862136775
3457.8638686487952,28.4097564939689,-0.036412730678462665
3461.2730394280716,28.405386966287484,-0.03625141781915531
3464.681685864026,28.401036796149185,-0.0361221847282008
3468.0898102795636,28.3967021339818,-0.03602709189104066
3471.4974145356414,28.392378882954876,-0.035968288357117004
3474.904500001596,28.388062688352022,-0.03594801429249728
3478.311067524198,28.383748926636923,-0.03596860356604263
3481.7171173953943,28.379432694208997,-0.03603248637388627
3485.1226493186996,28.37510879584413,-0.03614219190592276
3488.527662374201,28.37077173281542,-0.03630035105963714
3491.932154982139,28.366415690688264,-0.036509699205418876
3495.3361248650212,28.362034526783614,-0.036773079008334264
3498.7395690082353,28.357621757302613,-0.03709344331026543
3502.1424836191118,28.35317054410538,-0.03747385807632379
3505.5448640844043,28.348673681136223,-0.03791750540832103
3508.9467049261407,28.344123580487224,-0.03842768662713307
3512.3479997557993,28.33951225809197,-0.03900782542360186
3515.74874122677,28.334831319041136,-0.03966147107649458
3519.148920985055,28.330071942511957,-0.040392301733760405
3522.5485296181564,28.325224866303905,-0.04120412774944645
3525.947556602113,28.320280370973972,-0.04210089506810159
3529.3459902466298,28.3152282635658,-0.04308668864236864
3532.7438176382575,28.310057860928715,-0.04416573586825123
3536.141024581569,28.304757972624525,-0.045342410017005605
3539.537595538284,28.299316883422485,-0.046621233638847556
3542.933513564295,28.293722335385823,-0.048006881909964015
3546.328760244541,28.287961509556627,-0.04950418588783497
3549.723315625688,28.282021007250087,-0.05111813563664451
3553.117158146558,28.27588683097369,-0.05285388317742464
3556.5102645662746,28.2695443649924,-0.05471674521437819
3559.9026098900736,28.262978355566673,-0.05671220558047807
3563.2941672927413,28.256172890897016,-0.05884591734170996
3566.684908039649,28.24911138081601,-0.06112370449213127
3570.074801405347,28.241776536276955,-0.06355156316564248
3573.4638145897,28.234150348697078,-0.06613566228468315
3576.8519126315437,28.226214069222916,-0.06888234355854432
3580.2390583198503,28.21794818799589,-0.07179812073809799
3583.62521210241,28.20933241350732,-0.07488967802666835
3587.010331992031,28.20034565214412,-0.07816386753990065
3590.394373470288,28.19096598803933,-0.08162770570197728
3593.7772893888528,28.181170663355093,-0.0852883684563525
3597.1590298684555,28.17093605914033,-0.08915318516592072
3600.5395421955523,28.16023767692042,-0.09322963106903615
3603.9187707167825,28.149050121192136,-0.09752531815347965
3607.2966567313256,28.13734708301372,-0.10204798430475392
3610.673138381287,28.125101324897148,-0.10680548057990791
3614.048150540275,28.11228466722756,-0.11180575645678796
3617.4216247003424,28.098867976452745,-0.11705684290340321
3620.793488857517,28.084821155304336,-0.12256683311292113
3624.1636673961534,28.070113135330786,-0.12834386074939513
3627.532080972393,28.05471187204086,-0.1343960755514869
3630.8986463970377,28.03858434297468,-0.14073161614633162
3634.2632765181947,28.02169654903712,-0.14735857993229592
3637.625880104079,28.004013519445245,-0.15428498989808287
3640.9863617264123,27.985499320657475,-0.16151875826032244
3644.344621644891,27.966117069666236,-0.1690676468150206
3647.700555693251,27.945828952048434,-0.17693922392038414
3651.0540551674967,27.924596245177987,-0.18514081805032964
3654.4050067169183,27.902379347011948,-0.19367946788699797
3657.75329223856,27.879137810865508,-0.2025618689521854
3661.098788775864,27.854830386591246,-0.211794316815291
3664.4413684222545,27.82941506857341,-0.22138264695540738
3667.780898230483,27.802849150938762,-0.23133217140346812
3671.1172401285958,27.775089290370346,-0.24164761233918716
3674.4502508434402,27.746091576889643,-0.25233303287463354
3677.779781832667,27.715811612944687,-0.26339176531339586
3681.1056792262207,27.68420460110708,-0.27482633723924604
3684.4277837783534,27.65122544063837,-0.28663839585198286
3687.74593083123,27.616828833136132,-0.298828631037118
3691.0599502912064,27.58096939741168,-0.3113966977239239
3694.3696666188957,27.543601793684807,-0.3243411381561442
3697.674898834138,27.50468085710607,-0.3376593047664282
3700.9754605369903,27.4641617405341,-0.3513472844104193
3704.2711599458544,27.42200006640485,-0.365399824777087
3707.561799953823,27.378152087431598,-0.37981026384580713
3710.847178204315,27.3325748557701,-0.39457046330773815
3714.1270871870074,27.285226400173173,-0.4096707469061064
3717.4013143550283,27.23606591054444,-0.4250998446742038
3720.6696422642935,27.185053929183535,-0.4408448440659759
3723.9318487357955,27.13215254789562,-0.45689114896815636
3727.187707041543,27.07732561001944,-0.47322244756804466
3730.436986114745,27.020538916311274,-0.48982069001439754
3733.6794507847026,26.961760433509546,-0.5066660767574227
3736.9148620367237,26.900960504298656,-0.523737058380469
3740.1429772972397,26.838112057293,-0.541010347648611
3743.363550744115,26.773190815575166,-0.5584609443890425
3746.576333641984,26.70617550224848,-0.5760621736953908
3749.781074702254,26.637048041405034,-0.5937857378047677
3752.977520467223,26.565793752868462,-0.6116017818433406
3756.165415717567,26.49240153904726,-0.6294789734679007
3759.3445039022527,26.416864062231113,-0.647384596256521
3762.5145275897203,26.33917791068033,-0.6652846565192346
3765.675228939002,26.259343751898022,-0.6831440030153088
3768.8263501892297,26.177366471536185,-0.7009264588826744
3771.967634165814,26.093255296470264,-0.7185949649051911
3775.0988248013905,26.00702390068164,-0.7361117330768016
3778.219667669472,25.918690492712425,-0.7534384092636515
3781.3299105285973,25.828277883600787,-0.7705362436253379
3784.4293038746296,25.735813534365747,-0.7873662673350583
3787.5176014987533,25.64132958228554,-0.8038894740384588
3790.5945610486274,25.544862845400925,-0.8200670044157773
3793.6599445900756,25.44645480487103,-0.8358603321608686
3796.7135191666603,25.346151565011727,-0.8512314496678997
3799.7550573544618,25.24400379105158,-0.8661430517194961
3802.784337809388,25.14006662484524,-0.8805587155007307
3805.8011458043693,25.034399578985152,-0.8944430753185333
3808.8052737538474,24.927066409946928,-0.9077619904867145
3811.7965217230408,24.818134971088522,-0.9204827049385855
3814.7746979195713,24.707677046495892,-0.9325739972520768
3817.739619165151,24.595768166825643,-0.944006319908534
3820.69111134517,24.48248740843662,-0.9547519267611253
3823.6290098341824,24.367917177225284,-0.9647849878493691
3826.5531598954494,24.25214297868336,-0.974081690865288
3829.4634170528916,24.135253175779525,-0.9826203287487327
3832.359647433985,24.017338736329677,-0.9903813730620511
3835.2417280823447,23.89849297156223,-0.9973475329630037
3838.109547238932,23.77881126760667,-1.0035037997564444
3840.963004591045,23.658390811635897,-1.0088374771612507
3843.802011488441,23.537330314376547,-1.0133381975706495
3846.6264911261665,23.41572973066807,-1.0169979247176109
3849.4363786938466,23.293689979701956,-1.0198109432710232
3852.231621491411,23.171312666509433,-1.0217738359937556
3855.012179011392,23.048699806190182,-1.0228854491787231
3857.778022988135,22.925953552288735,-1.023146847151472
3860.52913741441,22.80317593063056,-1.0225612566853097
3863.2655185260855,22.68046857982832,-1.0211340022131903
3865.987174755665,22.55793249956274,-1.01887243275162
3868.6941266556123,22.435667807632544,-1.0157858414629573
3871.3864067925283,22.31377350665699,-1.0118853787857005
3874.064059613327,22.192347261202706,-1.0071839600525638
3876.7271412846712,22.071485185996398,-1.0016961684979897
3879.3757195069907,21.95128164577664,-0.9954381545290936
3882.009873304484,21.831829067233148,-0.9884275320991935
3884.629692792552,21.713217763381245,-0.9806832729847356
3887.2352789241577,21.595535770623076,-0.9722255997197671
3889.8267432166326,21.478868698656704,-0.9630758778959544
3892.4042074604713,21.36329959330919,-0.9532565084845087
3894.9678034116682,21.24890881229105,-0.9427908207855218
3897.5176724691432,21.135773913796786,-0.9317029665576312
3900.0539653387987,21.02396955780987,-0.9200178158279115
3902.576841685736,20.91356741991052,-0.9077608548329212
3905.0864697761253,20.80463611733057,-0.8949580864899017
3907.583026110205,20.697241146951782,-0.8816359337490514
3910.0666950478394,20.591444834901896,-0.8678211461336479
3912.5376684280277,20.48730629736586,-0.8535407097280217
3914.9961451837116,20.384881412198496,-0.8388217608345627
3917.4423309531753,20.28422280089835,-0.8236915034811314
3919.876437689283,20.185379820480613,-0.8081771309242629
3922.2986832677407,20.0883985647697,-0.7923057512594589
3924.709291095513,19.993321874618566,-0.7761043172214304
3927.1084897204673,19.900189356551994,-0.759599560223793
3929.496512443254,19.80903740932514,-0.7428179286670833
3931.873596932373,19.71989925788509,-0.7257855305174015
3934.2399848433192,19.632804994223,-0.7085280801357878
3936.595921442626,19.547781624606706,-0.6910708493207334
3938.9416552375787,19.46485312268822,-0.6734386225078678
3941.277437612301,19.384040487987274,-0.6556556560549728
3943.6035224708594,19.305361809260678,-0.6377456415257517
3945.9201658879706,19.228832332277587,-0.6197316728749236
3948.227625767844,19.154464531532597,-0.6016362174247429
3950.526161511628,19.082268185441627,-0.5834810905132197
3952.816033693881,19.01225045458004,-0.5652874336875928
3955.0975037484304,18.94441596253753,-0.5470756963068684
3957.3708336639347,18.878766878980706,-0.5288656204137137
3959.6362856894125,18.81530300453106,-0.5106762287292159
3961.8941220499564,18.754021857083554,-0.4925258156200485
3964.1446046728065,18.69491875920915,-0.47443194088616636
3966.3879949239117,18.63798692630281,-0.4564114262136284
3968.624553355068,18.583217555157173,-0.43848035413430375
3970.854539461687,18.530599912661057,-0.42065406933818517
3973.0782114512067,18.480121424340474,-0.4029471821787922
3975.2958260221276,18.43176776247902,-0.38537357421703317
3977.507638153625,18.385522933572975,-0.3679464056491296
3979.7139009056536,18.34136936489508,-0.35067812446548297
3981.914865229441,18.299287989959222,-0.3335804771913272
3984.1107797882364,18.259258332696263,-0.3166645210634478
3986.30189078816,18.22125859016865,-0.2999406374990225
3988.4884418189804,18.185265713668766,-0.2834185467201896
3990.6706737046206,18.151255488062343,-0.26710732339839305
3992.848824363188,18.119202609254536,-0.251015413190873
3995.0231286762987,18.08908075967163,-0.2351506500453719
3997.1938183674592,18.060862681666187,-0.21952027415448327
3999.3611218892593,18.03452024876765,-0.20413095044726032
4001.5252643191116,18.010024534713978,-0.18898878751079096
4003.6864672632773,17.987345880212683,-0.17409935684111016
4005.8449487689027,17.96645395739175,-0.15946771232847232
4008.0009232437897,17.947317831912333,-0.1450984098880189
4010.154601383619,17.92990602272577,-0.13099552715261828
4012.306190106346,17.914186559467456,-0.11716268315054754
4014.455892493482,17.90012703748939,-0.10360305789841226
4016.603907737981,17.88769467054158,-0.09031941184215835
4018.750431098446,17.876856341120522,-0.07731410508746706
4020.89565385938,17.867578648510026,-0.06458911636576896
4023.0397632972013,17.859827954546134,-0.05214606168587229
4025.182942651747,17.85357042714383,-0.03998621262889894
4027.3253711030043,17.84877208162836,-0.028110514246678285
4029.4672237528,17.84539881991876,-0.016519602530914078
4031.60867161119,17.84341646761505,-0.005213821422156428
4033.7498815873037,17.84279080904439,0.005806760665313012
4035.891016484389,17.84348762032423,0.01654233482473918
4038.0322349988282,17.845472700503198,0.02699333616155523
4040.1736917228886,17.848711900842584,0.03716042883485926
4042.3155371509897,17.853171152302767,0.047044491646926666
4044.457917689266,17.8588164913004,0.0566466041881301
4046.6009756682224,17.865614083802974,0.06596803354164868
4048.7448493582788,17.873530247827972,0.07501022155086783
4050.889672988018,17.882531474414076,0.08377477264858157
4053.0355767649476,17.892584447131906,0.09226344224551042
4055.1826868986036,17.903656060201367,0.10047812567547018
4057.3311256258276,17.915713435282424,0.10842084768860616
4059.4810112380615,17.928723937005056,0.11609375248700834
4061.6324581105023,17.942655187303497,0.1234990942933519
4063.785576732979,17.9574750786187,0.13063922844163875
4065.940473742413,17.973151786031696,0.13751660297955937
4068.0972519567367,17.989653778389243,0.14413375076986296
4070.2560104101435,18.006949828481627,0.1504932820779163
4072.4168443895614,18.025009022330977,0.15659787763183294
4074.5798454722412,18.043800767646797,0.16245028214028068
4076.7451015643587,18.06329480150363,0.16805329825476298
4078.9126969405393,18.083461197294202,0.1734097809599433
4081.0827122842147,18.104270371009395,0.1785226323769725
4083.255224728736,18.125693086894632,0.1833947969650159
4085.4303078991634,18.147700462530434,0.18802925710469748
4087.6080319546672,18.170263973382998,0.19242902904827258
4089.7884636314734,18.19335545686879,0.19659715921989118
4091.9716662862975,18.216947115975177,0.20053672085108926
4094.1576999402146,18.241011522477308,0.20425081093614258
4096.346621322912,18.265521619789645,0.20774254749052665
4098.538483917287,18.29045072548851,0.21101506709871506
4100.733338004346,18.315772533540354,0.2140715227339089
4102.93123070837,18.341461116268423,0.2169150818381501
4105.132206042323,18.367490926089,0.21954892464289463
4107.336304953454,18.39383679704615,0.22197624272092636
4109.543565369099,18.42047394617266,0.2242002377513745
4111.75402224264,18.447377974702825,0.2262241204846601
4113.967707599604,18.474524869160984,0.2280511098939601
4116.184650583904,18.50189100234826,0.22968443249903697
4118.404877504186,18.529453134248143,0.23112732184949655
4120.628411880295,18.557188412870083,0.2323830181524341
4122.85527448984,18.585074375048375,0.23345476803440235
4125.085483414846,18.613088947212503,0.23434582442224777
4127.319054088512,18.641210446143173,0.23505944653268904
4129.555999342048,18.669417579727096,0.2355988999553027
4131.796329451616,18.697689447721732,0.23596745682065529
4134.040052185343,18.72600554254021,0.23616839603943046
4136.287172850447,18.754345750064942,0.23620500360127158
4138.537694340454,18.782690350497095,0.23608057292265155
4140.7916171825145,18.811020019247813,0.23579840523328954
4143.048939584824,18.839315827875808,0.2353618099894502
4145.309657484169,18.867559245074542,0.23477410530373297
4147.573764593578,18.89573213771099,0.2340386183822929
4149.841252450103,18.923816771916865,0.23315868595836048
4152.112110462733,18.95179581423187,0.2321376547137118
4154.38632596044,18.979652332797514,0.23097888167826025
4156.663884240376,19.007369798598905,0.22968573459802855
4158.944768616208,19.03493208675067,0.22826159226531456
4161.228960466618,19.062323477822506,0.226709844800214
4163.516439283957,19.089528659198532,0.22503389387728373
4165.807182723061,19.116532726463806,0.2232371528892922
4168.101166650236,19.14332118481052,0.2213230470414551
4170.398365192414,19.169879950455496,0.2192950133688439
4172.698750786468,19.196195352059757,0.21715650067116363
4175.002294228715,19.222254132140296,0.2149109693595423
4177.3089647245715,19.24804344846344,0.2125618912090843
4179.618729938387,19.27355087540853,0.21011274901319155
4181.931556043436,19.298764405290115,0.207567036135566
4184.247407772071,19.323672449626383,0.20492825595444705
4186.566248466026,19.348263840340916,0.20219992119837235
4188.888040126867,19.37252783088472,0.199385553169081
4191.212743466574,19.39645409726501,0.1964886808495751
4193.540317958245,19.42003273896696,0.19351283989659981
4195.870721886921,19.44325427975455,0.19046157151508444
4198.203912400491,19.46610966833636,0.18733842121685385
4200.539845560692,19.488590278882384,0.18414693746032404
4202.878476394158,19.510687911377623,0.180890670175445
4205.219758943523,19.532394791798676,0.17757316917300278
4207.563646318538,19.553703572099437,0.17419798244112292
4209.91009074719,19.57460732999237,0.1707686543319653
4212.259043626789,19.595099568512207,0.16728872364100886
4214.610455575011,19.61517421534913,0.16376172158389934
4216.964276480852,19.634825621939196,0.1601911696739992
4219.320455555485,19.654048562300076,0.1565805775063822
4221.678941382961,19.672838231600842,0.15293344045407647
4224.039681970753,19.69119024445533,0.14925323728117354
4226.402624800087,19.709100632929072,0.14554342768002826
4228.767716876039,19.726565844250675,0.1418074497405127
4231.134904777349,19.743582738219537,0.13804871735730492
4233.504134705936,19.760148584302414,0.1342706175816962
4235.875352536053,19.776261058412217,0.1304765079307065
4238.248503863062,19.791918239363902,0.12666971365593582
4240.623534051786,19.807118605002614,0.12285352498464519
4243.000388284387,19.82186102800077,0.11903119434197862
4245.379011607747,19.83614477132181,0.11520593356045458
4247.759348980306,19.849969483349064,0.11138091108981267
4250.141345318308,19.86333519267984,0.10755924921272235
4252.52494554143,19.876242302585368,0.10374402127943938
4254.91009461774,19.8886915851389,0.09993824896742018
4257.296737607956,19.90068417501499,0.09614489957726255
4259.684819708958,19.912221562964262,0.09236688337349956
4262.0742862965135,19.923305588969082,0.08860705097986829
4264.46508296719,19.933938435086667,0.08486819083648456
4266.857155579401,19.944122617987045,0.08115302672904909
4269.250450293559,19.95386098119453,0.07746421539852241
4271.644913611302,19.963156687042353,0.0738043442374566
4274.040492413747,19.972013208350848,0.0701759290831087
4276.437133998749,19.98043431984082,0.06658141211284274
4278.8347861171305,19.988424089294362,0.06302315984993238
4281.233397007846,19.995986868476354,0.05950346128491546
4283.632915432064,20.003127283830544,0.056024526119813345
4286.033290706124,20.00985022696492,0.052588483139566954
4288.434472733359,20.01616084494167,0.04919737871652193
4290.836412034752,20.022064530387652,0.045853175450923565
4293.239059778399,20.027566911441763,0.042557750953727456
4295.642367807772,20.03267384155621,0.039312896771992456
4298.046288668758,20.03739138916885,0.036120317461326344
4300.450775635459,20.04172582726421,0.032981629807959933
4302.85578273473,20.045683622841164,0.029898362199798356
4305.261264769471,20.04927142630514,0.026871954149646864
4307.667177340628,20.052496060803097,0.023903755969219752
4310.073476867924,20.055364511519404,0.020995028595531078
4312.480120609306,20.057883914950867,0.018146943566558587
4314.8870666791,20.060061548178854,0.015360583147661089
4317.294274064881,20.061904818156574,0.012636940603923582
4319.70170264306,20.063421251029045,0.0099769206195847
4322.109313193184,20.064618481503395,0.00738133985785557
4324.517067410964,20.065504242286337,0.004850927661603777
4326.9249279200385,20.06608635360573,0.00238632688815225
4329.3328582824715,20.066372712832308,-1.1905122813497353e-05
4331.740823008012,20.06637128421757,-0.0023432954561049732
4334.148787562118,20.066090088762838,-0.004607454403871003
4336.556718372769,20.065537194234373,-0.006804074132589951
4338.964582836077,20.064720705338463,-0.008932927237707371
4341.372349320718,20.063648754069938,-0.01099386519130737
4343.779987171207,20.06232949024698,-0.012986816689745478
4346.1874667100365,20.06077107224421,-0.014911785907608296
4348.594759238706,20.0589816579353,-0.016768850662026345
4351.001837037657,20.056969395855855,-0.018558160495156056
4353.40867336516,20.054742416596437,-0.020279934681758743
4355.815242455152,20.052308824434625,-0.021934460165932517
4358.221519514084,20.049676689214714,-0.023522089436411875
4360.62748071679,20.046854038482344,-0.025043238343780416
4363.033103201408,20.04384884988109,-0.02649838386921862
4365.438365063394,20.040669043816784,-0.02788806184842822
4367.843245348651,20.037322476394973,-0.029212864658697178
4370.247724045818,20.03381693263593,-0.030473438874345504
4372.651782077734,20.030160119971008,-0.031670482897331695
4375.055401292131,20.026359662023328,-0.032804744568881716
4377.458564451574,20.022423092675062,-0.033877018767114464
4379.861255222695,20.01835785042301,-0.03488814499788736
4382.263458164746,20.014171273023262,-0.03583900498309589
4384.665158717509,20.00987059242529,-0.036730520251756126
4387.0663431886005,20.00546292999508,-0.03756364973952486
4389.4669987402,20.000955292026337,-0.03833938740127607
4391.867113375243,19.996354565538184,-0.039058759841115176
4394.266675923108,19.99166751435725,-0.03972282396507154
4396.665676024831,19.98690077548144,-0.04033266465880796
4399.064104117889,19.982060855722384,-0.040889392496771634
4401.461951420575,19.97715412862277,-0.041394141484296654
4403.85920991601,19.972186831644656,-0.04184806683813491
4406.255872335807,19.96716506362408,-0.04225234280612611
4408.651932143442,19.962094782487345,-0.04260816053142473
4411.04738351734,19.956981803223574,-0.042916725962260927
4413.442221333727,19.951831796108102,-0.04317925781167631
4415.836441149259,19.9466502851707,-0.04339698556607985
4418.23003918348,19.94144264690277,-0.04357114754904856
4420.623012301108,19.936214109196886,-0.04370298903844846
4423.015357994212,19.930969750512272,-0.0437937604408134
4425.407074364273,19.925714499259374,-0.0438447155230115
4427.798160104185,19.920453133396613,-0.04385710970250164
4430.188614480192,19.915190280232313,-0.043832198398252586
4432.578437313819,19.909930416424523,-0.043771235442235934
4434.96762896379,19.904677868171454,-0.043675471551167064
4437.356190307971,19.899436811585314,-0.04354615286106996
4439.744122725361,19.894211273241986,-0.04338451952253427
4442.13142807815,19.88900513089928,-0.04319180435882568
4444.518108693857,19.883822114376223,-0.04296923158628729
4446.904167347582,19.878665806585868,-0.04271801559457463
4449.289607244373,19.87353964471452,-0.04243935978974397
4451.674432001739,19.86844692153975,-0.042134455497914544
4454.0586456323235,19.86339078688,-0.04180448092823141
4456.442252526749,19.858374249168612,-0.041450600197112664
4458.82525743665,19.85340017714496,-0.041073962409103146
4461.207665457907,19.848471301655866,-0.04067570079691052
4463.589482014106,19.843590217560237,-0.04025693191855122
4465.970712840213,19.83875938573001,-0.03981875490903046
4468.351363966501,19.833981135140927,-0.03936225078697102
4470.731441702717,19.82925766504649,-0.03888848181595369
4473.110952622523,19.824591047228576,-0.03839849091624714
4475.48990354819,19.819983228318627,-0.037893301128673805
4477.868301535588,19.815436032183186,-0.037373915127621636
4480.24615385945,19.81095116236787,-0.036841314781899115
4482.623467998934,19.806530204594043,-0.0362964607632262
4485.000251623485,19.802174629302456,-0.035740292198660484
4487.376512579001,19.797885794238617,-0.03517372636820208
4489.75225887431,19.793664947074433,-0.03459765844446849
4492.127498667959,19.789513228061097,-0.03401296127204153
4494.502240255327,19.78543167270845,-0.03342048518873616
4496.876492056052,19.781421214485803,-0.03282105788189327
4499.2502626017895,19.777482687539976,-0.03221548428313052
4501.623560524295,19.773616829426,-0.03160454649752491
4503.996394543826,19.769824283846297,-0.03098900376524346
4506.368773457887,19.766105603394468,-0.03036959245686551
4508.740706130295,19.762461252299644,-0.029747026098222072
4511.112201480571,19.758891609167858,-0.02912199542392339
4513.48326847367,19.755396969716987,-0.02849516845966349
4515.853916110036,19.751977549501827,-0.027867190630370686
4518.224153415977,19.748633486626183,-0.027238684892871845
4520.593989434372,19.745364844439038,-0.02661025189215257
4522.963433215705,19.74217161421198,-0.0259824701411245
4525.33249380941,19.739053717795045,-0.02535589621957731
4527.701180255545,19.736011010248696,-0.024731064994180468
4530.069501576775,19.733043282449394,-0.024108489856396652
4532.437466770669,19.730150263666626,-0.023488662977300123
4534.805084802309,19.72733162410935,-0.022872055579566584
4537.1723645972015,19.724586977439802,-0.02225911822349621
4539.539315034494,19.721915883252983,-0.021650281107602847
4541.905944940485,19.71931784952007,-0.02104595438134164
4544.272263082427,19.71679233499431,-0.02044652846988626
4546.638278162627,19.714338751577923,-0.01985237441033405
4549.0039988128165,19.711956466648683,-0.019263844196674523
4551.369433588814,19.709644805345082,-0.01868127113420215
4553.734590965455,19.707403052808978,-0.018104970202366864
4556.099479331792,19.705230456384694,-0.017535238423841786
4558.464106986558,19.703126227773833,-0.01697235523977862
4560.828482133891,19.70108954514506,-0.016416582892553322
4563.192612879308,19.699119555197953,-0.015868166810110534
4565.556507225932,19.69721537518074,-0.015327335997383784
4567.920173070954,19.695376094861054,-0.014794303428663133
4570.2836182023375,19.693600778449614,-0.014269266444166817
4572.646850295751,19.691888466476314,-0.013752407147441897
4575.0098769117285,19.69023817761862,-0.013243892804985318
4577.372705493042,19.688648910482023,-0.01274387624645712
4579.7353433623,19.687119645332448,-0.012252496265160081
4582.09779771974,19.68564934578063,-0.011769878017157492
4584.460075641234,19.68423696041857,-0.011296133422019258
4586.822184076484,19.682881424407928,-0.010831361559067906
4589.184129847413,19.68158166102084,-0.01037564906569699
4591.5459196467355,19.680336583132956,-0.009929070529916355
4593.907560036711,19.679145094669366,-0.009491688882542112
4596.269057448072,19.67800609200346,-0.009063555786633279
4598.630418179113,19.676918465309065,-0.008644712021865786
4600.99164839495,19.67588109986644,-0.008235187867307777
4603.352754126934,19.674892877322364,-0.00783500347889543
4605.713741272213,19.673952676904896,-0.007444169264007409
4608.074615593442,19.673059376593216,-0.007062686249999691
4610.435382718633,19.672211854243216,-0.00669054644939493
4612.796048141143,19.671408988669288,-0.006327733220009199
4615.156617219784,19.670649660682887,-0.005974221618861483
4617.517095179065,19.669932754088624,-0.005629978751701496
4619.877487109556,19.66925715663842,-0.005294964117356453
4622.237797968352,19.668621760944337,-0.004969129945327685
4624.598032579665,19.668025465350897,-0.0046524215276141
4626.958195635508,19.667467174767584,-0.004344777546213171
4629.31829169648,19.666945801462038,-0.004046130392095412
4631.678325192655,19.666460265814987,-0.0037564064804188986
4634.038300424553,19.666009497037336,-0.003475526557158067
4636.398221564197,19.665592433850478,-0.0032034060011731924
4638.75809265626,19.665208025130337,-0.0029399551189968065
4641.117917619275,19.664855230516057,-0.002685079433195625
4643.477700246937,19.664533020984074,-0.002438679964130349
4645.8374442094555,19.664240379388378,-0.0022006535056166383
4648.197153054982,19.663976300967704,-0.001970892892799725
4650.556830211098,19.663739793820568,-0.0017492872654993146
4652.916478986356,19.663529879348708,-0.0015357223224062486
4655.276102571878,19.66334559267002,-0.0013300805700093103
4657.635704042998,19.66318598300162,-0.0011322415652751754
4659.995286360959,19.663050114013785,-0.0009420821508084506
4662.35485237464,19.662937064155688,-0.0007594766830839225
4664.714404822339,19.662845926953718,-0.00058429725552737
4667.073946333573,19.662775811283055,-0.0004164139136027719
4669.433479430927,19.662725841613423,-0.0002556948646296557
4671.793006531921,19.662695158229667,-0.00010200667960684011
4674.1525299509085,19.662682917428114,4.478550978959106e-05
4676.512051901,19.66268829168929,0.00018481782217231552
4678.871574496003,19.66271046982795,0.0003182274414352075
4681.231099752382,19.662748657120922,0.0004451524409828286
4683.590629591236,19.66280207541384,0.0005657316117494797
4685.950165840286,19.66286996320725,0.0006801042971460447
4688.309710235871,19.662951575722907,0.0007884102345497487
4690.669264424957,19.663046184951053,0.0008907894019157444
4693.028829967151,19.663153079679283,0.0009873818702506774
4695.388408336713,19.663271565503713,0.0010783276632212828
4697.748000924574,19.6634009648233,0.0011637666205821517
4700.107609040352,19.66354061681777,0.0012438382687385285
4702.46723391437,19.663689877410018,0.0013186816955723657
4704.826876699659,19.663848119213487,0.0013884354317816872
4707.186538473965,19.6640147314653,0.0014532373370457208
4709.546220241741,19.664189119945746,0.0015132244914006776
4711.905922936135,19.664370706884714,0.0015685330918557838
4714.265647420961,19.664558930855737,0.0016192983542199595
4716.625394492663,19.664753246658243,0.0016656544191325415
4718.985164882262,19.66495312518854,0.0017077342639855906
4721.344959257285,19.665158053300217,0.0017456696188133947
4723.704778223681,19.665367533654475,0.001779590887333408
4726.06462232772,19.665581084560955,0.0018096270717767502
4728.424492057868,19.66579823980957,0.0018359057026036871
4730.784387846645,19.66601854849388,0.0018585527730744882
4733.144310072464,19.66624157482665,0.0018776926767512712
4735.504259061443,19.66646689794786,0.001893448149973646
4737.864235089197,19.666694111725857,0.0019059402185976164
4740.224238382604,19.66692282455209,0.0019152881477838928
4742.58426912155,19.667152659129822,0.0019216093957237965
4744.944327440646,19.66738325225731,0.0019250195718356622
4747.304413430917,19.66761425460593,0.0019256323974777465
4749.664527141469,19.667845330493627,0.0019235596708355729
4752.024668581128,19.668076157654127,0.0019189112353323878
4754.384837720047,19.668306427002367,0.0019117949502008478
4756.745034491287,19.66853584239639,0.0019023166654955996
4759.105258792374,19.66876412039625,0.0018905801994447322
4761.465510486822,19.668990990020184,0.0018766873190578792
4763.825789405624,19.66921619249847,0.0018607377229547715
4766.186095348724,19.669439481025226,0.0018428290281609825
4768.546428086447,19.669660620508605,0.001823056758798458
4770.906787360908,19.66987938731966,0.001801514336670825
4773.267172887387,19.67009556904006,0.0017782930762599847
4775.627584355671,19.670308964209212,0.0017534821796634978
4777.988021431376,19.670519382070772,0.0017271687361800996
4780.348483757225,19.670726642319114,0.0016994377219840355
4782.708970954303,19.67093057484575,0.001670372003973834
4785.069482623285,19.67113101948623,0.0016400523435914731
4787.4300183456235,19.67132782576746,0.0016085574042238686
4789.790577684716,19.671520852655966,0.0015759637593741143
4792.151160187034,19.67170996830709,0.0015423459032011997
4794.511765383231,19.671895049815475,0.001507776262362389
4796.872392789209,19.67207598296696,0.00147232520989841
4799.233041907165,19.672252661992147,0.001436061080036429
4801.593712226604,19.67242498932175,0.0013990501852726804
4803.9544032253225,19.672592875343984,0.0013613568335735238
4806.3151143703635,19.672756238164013,0.0013230433482706399
4808.6758451189435,19.672915003365805,0.0012841700882522864
4811.036594919347,19.673069103776395,0.0012447954694868222
4813.3973632118,19.673218479232734,0.0012049759877896804
4815.758149429308,19.67336307635127,0.0011647662426857628
4818.11895299847,19.67350284830039,0.001124218961627103
4820.479773340267,19.673637754575786,0.0010833850256612247
4822.840609870816,19.673767760778865,0.0010423134960468872
4825.201462002109,19.67389283839839,0.0010010516411066799
4827.562329142717,19.674012964595324,0.0009596449639085829
4829.923210698469,19.674128121990993,0.0009181372309837362
4832.284106073108,19.67423829845871,0.0008765705008961788
4834.645014668923,19.67434348691882,0.0008349851541152494
4837.005935887353,19.674443685137312,0.0007934199229471991
4839.36686912957,19.674538895528066,0.0007519119218220757
4841.727813797033,19.674629124958685,0.0007104966782615445
4844.088769292029,19.674714384560076,0.0006692081643500103
4846.4497350181755,19.674794689539798,0.0006280788273175613
4848.810710380921,19.674870058999076,0.0005871396214847854
4851.171694788,19.674940515753654,0.0005464200408885252
4853.532687649891,19.67500608615856,0.0005059481502496984
4855.89368838023,19.67506679993659,0.0004657506177174753
4858.254696396222,19.675122690010717,0.00042585274634040127
4860.615711119023,19.675173792340278,0.00038627850737308717
4862.976731974104,19.675220145761163,0.000347050571510484
4865.337758391595,19.675261791829744,0.0003081903416616664
4867.6987898066145,19.675298774670743,0.00026971798507228567
4870.059825659575,19.675331140828952,0.00023165246464766182
4872.420865396474,19.67535893912471,0.000194011571963415
4874.781908469169,19.675382220513345,0.00015681195790762104
4877.142954335631,19.675401037948294,0.00012006916530656517
4879.504002460185,19.67541544624813,8.379765935965604e-05
4881.865052313735,19.675425501967254,4.801085970266665e-05
4884.226103373971,19.67543126327042,1.2721170516982738e-05
4886.587155125563,19.67543278981088,-2.2059988887453606e-05
4888.948207060341,19.675430142612214,-5.6322153133929006e-05
4891.309258677455,19.675423383953838,-9.005578090655794e-05
4893.670309483529,19.67541257726013,-0.0001232522258476365
4896.031358992801,19.675397786993027,-0.0001559037067148476
4898.39240672724,19.67537907854822,-0.00018800327848585616
4900.753452216666,19.675356518154803,-0.00021954480405502372
4903.114494998845,19.675330172778317,-0.00025052292575248697
4905.475534619578,19.675300110027226,-0.0002809330377810208
4907.836570632781,19.675266398062693,-0.0003107712590377787
4910.197602600549,19.675229105511608,-0.00034003440531430823
4912.55863009321,19.67518830138297,-0.0003687199640722838
4914.919652689376,19.675144054987282,-0.00039682606753170074
4917.280669975974,19.675096435859178,-0.0004243514675650317
4919.641681548277,19.67504551368307,-0.0004512955102065064
4922.002687009919,19.674991358221845,-0.00047765811134562836
4924.363685972906,19.674934039248484,-0.0005034397323614808
4926.724678057616,19.6748736264806,-0.00052864135649718
4929.085662892794,19.67481018951782,-0.000553264465974479
4931.446640115536,19.674743797781904,-0.0005773110185162504
4933.80760937127,19.674674520459682,-0.0006007834262078404
4936.168570313725,19.674602426448537,-0.000623684532996549
4938.529522604898,19.674527584304577,-0.0006460175938786488
4940.890465915015,19.674450062193312,-0.000667786253879162
4943.251399922478,19.674369927842847,-0.0006889945280678471
4945.61232431382,19.67428724849948,-0.0007096467815455773
4947.97323878364,19.674202090885693,-0.0007297477106741705
4950.334143034546,19.674114521160412,-0.0007493023238621296
4952.695036777086,19.67402460488155,-0.0007683159239491033
4955.055919729672,19.673932406970675,-0.0007867940897613817
4957.416791618508,19.673837991679903,-0.0008047426591476874
4959.7776521775095,19.673741422560806,-0.0008221677126662996
4962.138501148217,19.673642762435286,-0.0008390755564432103
4964.499338279709,19.673542073368512,-0.0008554727069250608
4966.860163328513,19.67343941664368,-0.0008713658751879905
4969.220976058511,19.67333485273866,-0.0008867619529636291
4971.58177624084,19.673228441304303,-0.0009016679966518856
4973.942563653796,19.673120241144705,-0.0009160912151529033
4976.303338082734,19.673010310198887,-0.0009300389548272392
4978.664099319957,19.672898705524307,-0.0009435186873870313
4981.02484716462,19.67278548328182,-0.0009565379974022885
4983.3855814226135,19.672670698722133,-0.0009691045690966387
4985.74630190646,19.67255440617384,-0.0009812261760148526
4988.1070084352,19.67243665903272,-0.0009929106684403166
4990.467700834284,19.672317509752506,-0.0010041659633882225
4992.828378935455,19.6721970098369,-0.00101500003376979
4995.189042576635,19.672075209832848,-0.0010254208981190043
4997.549691601815,19.671952159325073,-0.001035436611029894
4999.910325860934,19.67182790693175,-0.0010450552545115954
5002.270945209766,19.67170250030121,-0.0010542849279519355
5004.631549509802,19.671575986109854,-0.0010631337402422503
5006.992138628136,19.671448410061025,-0.001071609801428508
5009.352712437343,19.671319816884854,-0.0010797212149841566
5011.7132708153695,19.671190250339055,-0.0010874760705270603
5014.07381364541,19.671059753210592,-0.0010948824360035303
5016.434340815796,19.67092836731827,-0.0011019483518263466
5018.794852219874,19.670796133516053,-0.0011086818233548477
5021.1553477558955,19.67066309169725,-0.0011150908154474357
5023.515827326899,19.670529280799396,-0.0011211832468364473
5025.876290840595,19.670394738809776,-0.00112696698408854
5028.2367382092525,19.670259502771685,-0.0011324498361571975
5030.597169349585,19.670123608791346,-0.0011376395500010499
5032.95758418264,19.669987092045346,-0.00114254380593574
5035.3179826336855,19.669849986788634,-0.0011471702124824883
5037.6783646321,19.669712326363136,-0.001151526303052227
5040.038730111263,19.66957414320677,-0.0011556195317119489
5042.399079008448,19.669435468862964,-0.0011594572697800252
5044.759411264712,19.66929633399059,-0.0011630468021550655
5047.119726824791,19.669156768374332,-0.0011663953240296603
5049.480025636995,19.66901680093545,-0.0011695099384330851
5051.840307653108,19.668876459742837,-0.0011723976534779488
5054.200572828277,19.66873577202442,-0.0011750653795476278
5056.560821120919,19.668594764178874,-0.0011775199273422743
5058.92105249262,19.668453461787593,-0.001179768005480734
5061.281266908035,19.668311889626935,-0.0011818162189610368
5063.64146433479,19.66817007168066,-0.0011836710670583748
5066.001644743392,19.668028031152613,-0.0011853389424961356
5068.36180810713,19.667885790479513,-0.0011868261289293969
5070.721954401987,19.66774337134404,-0.0011881388013001981
5073.082083606549,19.667600794687885,-0.0011892830235874878
5075.442195701911,19.667458080725055,-0.0011902647484814586
5077.802290671599,19.667315248955237,-0.0011910898165545802
5080.162368501474,19.66717231817725,-0.0011917639554918462
5082.522429179655,19.66702930650259,-0.0011922927800019543
5084.882472696435,19.66688623136899,-0.0011926817914620358
5087.2424990442,19.666743109554016,-0.0011929363778288387
5089.602508217346,19.666599957188676,-0.001193061812957789
5091.962500212209,19.66645678977112,-0.0011930632574319588
5094.322475026982,19.66631362218023,-0.0011929457580883707
5096.682432661643,19.66617046868926,-0.0011927142489061757
5099.042373117886,19.66602734297939,-0.0011923735510066535
5101.402296399044,19.66588425815327,-0.0011919283731269086
5103.762202510022,19.665741226748494,-0.001191383311886322
5106.122091457231,19.665598260751068,-0.0011907428535333036
5108.481963248521,19.665455371608644,-0.0011900113731755368
5110.841817893114,19.665312570243863,-0.0011891931363787005
5113.201655401544,19.665169867067497,-0.0011882923003210997
5115.561475785592,19.66502727199146,-0.0011873129138528782
5117.9212790582305,19.664884794441797,-0.0011862589191835582
5120.281065233564,19.664742443371495,-0.0011851341530070651
5122.6408343267685,19.664600227273134,-0.0011839423469754233
5125.000586354041,19.664458154191497,-0.0011826871290310237
5127.360321332544,19.664316231736013,0.0
