position,velocity,acceleration
-372.52739197333904,19.444444444444443,3.20093951344802e-15
-370.1940586400057,19.444444444444443,8.358302254076067e-06
-367.8607253066724,19.444445447440714,8.184091348750155e-05
-365.5273918529795,19.444455268350332,0.0002148654323705097
-363.1940572207775,19.444481052202217,0.00040207674493637183
-360.8607194945132,19.44452930141161,0.0006383492157903029
-358.5273759783438,19.444605903317505,0.0009187876629126978
-356.1940232699457,19.444716157837053,0.0012387272371516542
-353.86065733100526,19.44486480510551,0.00159373231996238
-351.5272735543926,19.445056052983904,0.0019795945456657416
-349.1938668280345,19.445293604329386,0.0023923300469497607
-346.86043159551497,19.44558068393502,0.002828176015941315
-344.5269619134428,19.44592006505693,0.0032835866661052805
-342.19345150563595,19.446314095456863,0.0037552286740379515
-339.85989381418113,19.446764722897747,0.004239976174361076
-337.5262820474334,19.44727352003867,0.004734905374684645
-335.1926092250288,19.447841708683633,0.005237288852554631
-332.85886821998673,19.44847018334594,0.005744589590960792
-330.5250517979852,19.449159534096854,0.006254454803980431
-328.1911526538936,19.449910068673333,0.006764709599759358
-325.8571634456528,19.450721833825305,0.007273350523468305
-323.52307682559376,19.45159463588812,0.007778539019037409
-321.1888854692872,19.452528060570405,0.008278594844503972
-318.85458210201875,19.453521491951744,0.008771989472348658
-316.52015952298456,19.454574130688425,0.009257339502945302
-314.18561062730197,19.455685011428777,0.009733400116120467
-311.85092842593053,19.45685301944271,0.010199058583029158
-309.5161060635974,19.458076906472673,0.010653327857920652
-307.1811368348207,19.459355305815624,0.011095340266922018
-304.8460141981228,19.460686746647653,0.011524341308890178
-302.5107317885251,19.46206966760472,0.011939683580990481
-300.1752834284125,19.46350242963444,0.01234082084026848
-297.83966313685636,19.464983328135272,0.01272730221036148
-295.50386513748015,19.466510604400515,0.013098766541073295
-293.1678838649521,19.468082456385442,0.01345493692714988
-290.83171397018583,19.469697048816702,0.013795615391296862
-288.49535032432783,19.471352522663658,0.014120677735181738
-286.1587880216082,19.47304700399188,0.014430068561230112
-283.82202238112916,19.47477861221923,0.014723796467078446
-281.48504894766285,19.47654546779528,0.015001929413522037
-279.1478634915274,19.4783456993249,0.015264590266301293
-276.8104620076084,19.48017745015686,0.015511952511073153
-274.47284071358956,19.482038884458188,0.015744236140616298
-272.1349960474546,19.483928192795062,0.015961703712524825
-269.7969246643192,19.485843597240564,0.016164656575329353
-267.4586234326503,19.487783356029603,0.016353431260559985
-265.12008942992674,19.48974576778087,0.01652839603783566
-262.78131993779306,19.491729175305412,0.016689947629839795
-260.4423124367564,19.493731969020992,0.01683850808371092
-258.1030646004739,19.49575258999104,0.016974521795262355
-255.76357428967495,19.497789532606472,0.017465530616411394
-253.42383954576218,19.49988539628044,0.09614260041706006
-251.08385329820854,19.511422508330487,0.2082829230716969
-248.7424825972089,19.53641645909909,0.30440963570495727
-246.398112622117,19.572945615383684,0.3851290811009632
-244.04935914827095,19.6191611051158,0.4486081857320189
-241.69505981565706,19.672994087403644,0.4955542100378526
-239.33430052516863,19.732460592608188,0.5326236103503336
-236.96640525405564,19.79637542585023,0.5634101345262987
-234.59084020295361,19.863984641993383,0.5902356276530891
-232.2071620459144,19.934812917311753,0.6094136868623494
-229.814984495837,20.007942559735234,0.6184511500445259
-227.41403138866877,20.082156697740576,0.6209754351781622
-225.0041725849399,20.156673749961957,0.6206511909817385
-222.5853717349445,20.231151892879765,0.6148465611139993
-220.15763350779892,20.304933480213446,0.6017544531394842
-217.72104149017332,20.377144014590183,0.5861811915819735
-215.2757842084225,20.44748575758002,0.5668355908522003
-212.82208591751288,20.51550602848228,0.5429884103663623
-210.360225194095,20.580664637726244,0.516502547879078
-207.89054543756785,20.642644943471733,0.48760829913644954
-205.41342804435124,20.70115793936811,0.4615162801449905
-202.92928909162706,20.756539892985508,0.43786748889286586
-200.4385043044688,20.809083991652653,0.4118287214519937
-197.94141422547048,20.85850343822689,0.3836194463891031
-195.43839381288325,20.90453777179358,0.35508934218465366
-192.92984928026803,20.94714849285574,0.3281450726125195
-190.41619146112535,20.98652590156924,0.2977406527655645
-187.89780835293703,21.022254779901107,0.265786530859923
-185.3751377793489,21.054149163604297,0.23275248088082953
-182.8486398797164,21.082079461309995,0.1974740232211848
-180.3187903443592,21.105776344096537,0.15865912293457246
-177.78609718306762,21.124815438848685,0.1189939494892774
-175.25111933040577,21.139094712787397,0.0795832945153162
-172.71442796487128,21.148644708129236,0.04330531506158409
-170.17659059989577,21.153841345936627,0.01159257686473414
-167.6381296383834,21.155232455160395,-0.019835929596047446
-165.09950174376414,21.152852143608868,-0.05120374945536794
-162.56115948653107,21.146707693674223,-0.07753226268172421
-160.02355456329016,21.137403822152415,-0.10343186684622552
-157.48706610463188,21.124991998130866,-0.13045621313622952
-154.95206706485618,21.109337252554518,-0.15738999123621628
-152.41894659454965,21.09045045360617,-0.17803982313789543
-149.8880925401169,21.069085674829623,-0.1960433554913891
-147.35980225913735,21.045560472170656,-0.21294874648983103
-144.83433500247688,21.020006622591875,-0.23073689854822974
-142.31193420776586,20.99231819476609,-0.25085935992578434
-139.79285602439393,20.962215071574995,-0.26997774292589705
-137.27739021580493,20.92981774242389,-0.2887811167082995
-134.76581208671405,20.895164008418895,-0.3061634298554609
-132.25839240570377,20.85842439683624,-0.32126115411125766
-129.75538147808342,20.81987305834289,-0.3372755115931396
-127.25699671108228,20.779399996951714,-0.3524982747009842
-124.76346871144807,20.737100203987595,-0.3628799010243015
-122.27501668696956,20.693554615864677,-0.36832896184881586
-119.7917901330658,20.649355140442818,-0.3687510373766599
-117.31386751621267,20.60510501595762,-0.3660682163337002
-114.84125491429775,20.561176829997574,-0.3607366582560753
-112.37391369469805,20.517888431006845,-0.3528989351432141
-109.91176708297722,20.47554055878966,-0.34232110380694186
-107.45470221592247,20.434462026332827,-0.3301403700130542
-105.00256677276252,20.39484518193126,-0.31705945149854103
-102.55518535093077,20.356798047751436,-0.30156367383690996
-100.1123695852006,20.320610406891007,-0.28474969336904504
-97.67389633637367,20.286440443686722,-0.2684307836214709
-95.23952348313126,20.254228749652146,-0.25233000498773944
-92.80901603317301,20.223949149053617,-0.23676310450698348
-90.38214213528657,20.19553757651278,-0.22085905330893404
-87.95867762610504,20.16903449011571,-0.20554176274432112
-85.53839348729116,20.14436947858639,-0.19062114679171133
-83.12106914986079,20.121494940971385,-0.17649515906102614
-80.70648975694422,20.10031552188406,-0.1629366385702258
-78.29445189431813,20.080763125255633,-0.14998018107941638
-75.88476031928745,20.0627655035261,-0.13762591671169805
-73.47722845886432,20.046250393520697,-0.12528360981568712
-71.07167841164184,20.031216360342814,-0.112427510860265
-68.6679324484007,20.01772505903958,-0.09951304858896325
-66.26580544131596,20.005783493208906,-0.08709180861592529
-63.865111422130894,19.995332476174994,-0.07507513201261774
-61.465671524989894,19.98632346033348,-0.06323118517677317
-59.06731270974988,19.97873571811227,-0.05193744222598958
-56.669864423576406,19.97250322504515,-0.041362220209458435
-54.27316403657099,19.967539758620013,-0.031937532392826
-51.87705926553659,19.963707254732874,-0.023159875223801134
-49.481414394968645,19.960928069706018,-0.015190644715814172
-47.08610302660392,19.95910519234012,-0.008279077797736754
-44.69101040352311,19.958111703004395,-0.0020827780039302554
-42.29603699916258,19.957861769643923,0.0034621007747651735
-39.90109358680531,19.958277221736896,0.008362104076950845
-37.50610032019688,19.95928067422613,0.012780753116398667
-35.11098663928974,19.960814364600097,0.01712129354466717
-32.71568891553773,19.962868919825457,0.021296759676704354
-30.320144645158678,19.965424530986663,0.024905883255022066
-27.924293701440277,19.968413236977266,0.028092874971207365
-25.528084113003004,19.971784381973812,0.031191820768238596
-23.131469987166145,19.975527400466,0.03443467654765909
-20.734406699110224,19.97965956165172,0.037996374375925165
-18.33684755171202,19.98421912657683,0.04113650715686939
-15.9387412565228,19.989155507435655,0.04389477270408861
-13.54004259563052,19.994422880160144,0.046389152255217905
-11.140711850011304,19.99998957843077,0.04860838350598699
-8.740713100599612,20.00582258445149,0.05052368997599441
-6.3400143904654325,20.01188542724861,0.051971251330400786
-3.9385881391955992,20.01812197740826,0.05306378637264964
-1.5364135019066083,20.024489631772976,0.053813604164876974
0.8665252539061488,20.03094726427276,0.05418277389290996
3.27023892561888,20.03744919713991,0.054333425260815374
5.674732829275669,20.04396920817121,0.054319456274155076
8.080009134256214,20.050487542924106,0.05444532844634702
10.486067639407107,20.05702098233767,0.05461101795999734
12.892910157287627,20.063574304492867,0.05492461571733541
15.300539073826771,20.070165258378946,0.05544872564259109
17.708958904832244,20.076819105456057,0.05617513693246166
20.118177197486972,20.083560121887952,0.05714047819142316
22.528204412113524,20.090416979270923,0.058381671218566654
24.939054449626035,20.09742277981715,0.05995385598586374
27.350745183204094,20.104617242535454,0.0618647062015652
29.763299252308347,20.112041007279643,0.06400084378582764
32.1767441731819,20.11972110853394,0.06627716912775283
34.591110706205974,20.127674368829272,0.06867420183772899
37.006431630465485,20.1359152730498,0.07124175250836356
39.42274146323146,20.144464283350803,0.07392353342302448
41.84007717723355,20.153335107361567,0.07663566517383259
44.258477390116944,20.162531387182426,0.07937774599631019
46.67798115657884,20.172056716701984,0.0821455033006969
49.09862796258307,20.18191417709807,0.08488973589847518
51.52045766383484,20.192100945405887,0.08761984984128081
53.943509777283545,20.20261532738684,0.09041739325173316
56.367823616569964,20.213465414577048,0.09327659570284007
58.793439466319214,20.22465860606139,0.09617888009663829
61.22039849904658,20.236200071672986,0.09910631561589557
63.64874250764734,20.248092829546895,0.10207458017442131
66.07851364719296,20.260341779167824,0.10510863204299178
68.5097546606931,20.272954815012984,0.10813234789187272
70.94250923849467,20.28593069676001,0.1110713426508899
73.37682092210586,20.299259257878116,0.11394410552001463
75.81273203305123,20.31293255054052,0.1167416442006256
78.2502839391161,20.326941547844594,0.11946482003346352
80.68951692485746,20.34127732624861,0.12199045899757202
83.1304702040073,20.35591618132832,0.12431259393968327
85.5731801457667,20.37083369260108,0.12641928523923293
88.01768018887883,20.38600400682979,0.1283265341130781
90.46400066969841,20.40140319092336,0.13004550858448544
92.91216905260922,20.4170086519535,0.13152150787581565
95.36221009084363,20.432791232898595,0.13281221113585698
97.81414503879147,20.4487286982349,0.13385823831496177
100.26799248257966,20.464791686832694,0.13455320250797081
102.72376748499958,20.48093807113365,0.1347435969196436
105.18148005353562,20.497107302764007,0.13477775681757984
107.6411329298673,20.513280633582117,0.13452054050118492
110.10272660589715,20.52942309844226,0.13415207559257558
112.56625737771022,20.54552134751337,0.13366158669566114
115.03171993941181,20.561560737916846,0.1329456751704662
117.49910722796183,20.577514218937303,0.13202793862271225
119.9684089342343,20.593357571572028,0.13077032617863701
122.43961184282294,20.609050010713464,0.12919453075316775
124.91269784410855,20.624553354403844,0.1275108847268311
127.38764424663701,20.639854660571064,0.12543760930569717
129.86442680590554,20.654907173687747,0.12320791620055205
132.34301566674807,20.669692123631812,0.12054246107101164
134.82337872158388,20.684157218960333,0.11763581506213758
137.30547758785912,20.69827351676779,0.11461012787386964
139.78927040987125,20.712026732112655,0.1112968338698295
142.27471361772476,20.725382352177036,0.10769566562267481
144.761759499986,20.738305832051758,0.10378478630644197
147.2503561998322,20.75076000640853,0.09966193131715026
149.74044740060123,20.762719438166588,0.09521449746778735
152.2319737331812,20.77414517786272,0.09063800728246682
154.72487115452472,20.785021738736617,0.08593909876858655
157.21907376317313,20.79533443058885,0.08118917603458575
159.71451389484378,20.805077131713,0.0763184732746728
162.21112315064934,20.81423534850596,0.07099811706030526
164.70883139247005,20.822755122553197,0.06554675934712549
167.20756200717642,20.830620733674852,0.060100283210294474
169.70723649521742,20.83783276766009,0.054576165083143
172.20777642733663,20.844381907470066,0.048860427183865913
174.70910225623302,20.85024515873213,0.04298710944937205
177.21113167528088,20.855403611866052,0.036977925438866424
179.7137801087048,20.859840962918717,0.030734333788862166
182.21696102425506,20.863529082973383,0.02398562304398256
184.72058451421185,20.86640735773866,0.017089940363496443
187.22455339714048,20.868458150582278,0.010173932627288147
189.72876837521036,20.869679022497554,0.003145439693460214
192.23312985791006,20.870056475260768,-0.004093729437220371
194.73753663494136,20.8695652277283,-0.011602565502977698
197.24188446226876,20.868172919867945,-0.019260803654253828
199.74606521265292,20.865861623429435,-0.027174944721343443
202.24996860746447,20.862600630062875,-0.035327404037531956
204.753480683072,20.858361341578373,-0.043651469270380064
207.2564840440614,20.853123165265927,-0.052109305427258355
209.75885882389332,20.846870048614655,-0.06082029417744646
212.26048322972707,20.83957161331336,-0.0697713528022932
214.76123182332466,20.831199050977084,-0.07892634828228806
217.2609757094419,20.821727889183208,-0.08826308389374511
219.7595830561439,20.81113631911596,-0.09779687530951003
222.25691941443782,20.79940069407882,-0.107571128003593
224.7528474977273,20.78649215871839,-0.11758323240379763
227.24722655677348,20.772382170829932,-0.12777858641605697
229.73991241727308,20.757048740460004,-0.13822586934061343
232.23075826612828,20.74046163613913,-0.14891781167976847
234.71961366246498,20.722591498737557,-0.15986513666083857
237.2063246423135,20.703407682338256,-0.1709887581925026
239.6907335641941,20.682889031355156,-0.1823056663338948
242.17268024795672,20.66101235139509,-0.1938371373541381
244.65200173012414,20.637751894912594,-0.20557897235500058
247.12853195751364,20.613082418229993,-0.21749704379433443
249.60210184770125,20.58698277297467,-0.2295712340117331
252.07253978045821,20.559434224893263,-0.24182230755635306
254.5396718874454,20.5304155479865,-0.25424487946920615
257.00332175320375,20.499906162450195,-0.2667858433282075
259.46331049269776,20.46789186125081,-0.27945170423230437
261.9194575160478,20.434357656742932,-0.2922538967515502
264.371580434857,20.399287189132746,-0.3052154452601834
266.8194948975529,20.362661335701524,-0.31828021375807264
269.2630142578371,20.324467710050556,-0.33140882602744887
271.70195038304314,20.28469865092726,-0.34461862657747167
274.1361142211544,20.243344415737965,-0.3579075560458618
276.56531555104294,20.200395509012463,-0.37125286417534964
278.98936301212444,20.15584516531142,-0.38463363270787154
281.4080644319618,20.109689129386474,-0.3980397232659011
283.82122712748816,20.061924362594567,-0.4114868889118585
286.2286580509995,20.012545935925143,-0.42490809226633713
288.63016356331053,19.961556964853184,-0.43827867190839576
291.02555039909294,19.908963524224177,-0.45159972745092924
293.4146260219998,19.854771556930064,-0.46485584032051747
295.7971986088314,19.7989888560916,-0.47803250244909096
298.1730772715624,19.74162495579771,-0.49108353926507436
300.5420722662581,19.6826949310859,-0.5040154330728893
302.90399565798845,19.622213079117156,-0.5167923060381805
305.2586612274825,19.560198002392575,-0.5293907623456319
307.6058849877696,19.496671110911098,-0.5417978917828504
309.945485521079,19.431655363897157,-0.5540095637253319
312.2772841647466,19.365174216250118,-0.566016758016998
314.60110507069663,19.29725220528808,-0.5777831427320255
316.9167753353312,19.227918228160235,-0.5892789266713813
319.22412552271044,19.15720475695967,-0.6005009770435135
321.5229900935456,19.085144639714446,-0.6114392335297989
323.8132074503113,19.01177193169087,-0.622082264952761
326.0946200821142,18.937122059896538,-0.6324027438253585
328.3670747293018,18.861233730637494,-0.6423934260150779
330.6304227769783,18.784146519515684,-0.6520392633149882
332.8845203593202,18.705901807917886,-0.6613270688312047
335.12922857627035,18.62654255965814,-0.6702334659846879
337.36441368342935,18.54611454373998,-0.6787546175163052
339.58994742867816,18.464663989638023,-0.6868899552210623
341.8057071074347,18.382237195011495,-0.6946308757746723
344.0115755708361,18.298881489918536,-0.7019621294185198
346.2074413496263,18.214646034388313,-0.7088779046699918
348.3931988737529,18.129580685827914,-0.7153712691403366
350.56874855605224,18.043736133531073,-0.7214391324832761
352.733996892076,17.95716343763308,-0.7270741993793264
354.88885650459196,17.86991453370756,-0.732277926468631
357.0332462486369,17.782041182531326,-0.7370484540077987
359.16709119054065,17.693595368050392,-0.7413834442719587
361.2903226347067,17.604629354737757,-0.7452733876703718
363.4028781572752,17.51519654821731,-0.7487068896902399
365.5047017430613,17.425351721454483,-0.7516818414771967
367.5957439496358,17.33514990047722,-0.7541934229205013
369.67596193769305,17.24464668972676,-0.7562347684385278
371.74531954046023,17.153898517514136,-0.7578046051111099
373.80378736256193,17.062961964900804,-0.7589005179312299
375.85134279835,16.971893902749056,-0.7595273081429704
377.8879700666799,16.8807506257719,-0.7596782976757129
379.91366014177254,16.789589230050815,-0.7593572751943806
381.9284108493786,16.69846635702749,-0.7585745141526079
383.9322268122219,16.607437415329176,-0.7573301051607968
385.92511930206143,16.51655780270988,-0.7556321348140342
387.90710623838663,16.425881946532197,-0.7534773644023182
389.8782120719705,16.33546466280392,-0.7508721302311638
391.838467831507,16.245360007176178,-0.7478190518520347
393.78791103236813,16.155621720953935,-0.7443219906823206
395.7265856388826,16.066303082072057,-0.7403858899874273
397.65454200873126,15.977456775273566,-0.7360206332445807
399.57183682176407,15.889134299284217,-0.7312340162369114
401.47853293767815,15.801386217335788,-0.7260307061410938
403.37469928375845,15.714262532598855,-0.7204154827775363
405.2604107876703,15.62781267466555,-0.7144011498548993
407.1357483086302,15.542084536682962,-0.7079973748644707
409.00079845303213,15.457124851699225,-0.7012154227840964
410.85565343523604,15.372979000965133,-0.69406048014606
412.7004109153518,15.289691743347605,-0.6865439627615109
414.53517392455353,15.207306467816224,-0.6786761212192325
416.3600507006915,15.125865333269916,-0.6704640612033484
418.1751545406839,15.045409645925513,-0.6619197377390854
419.98060369819495,14.965979277396823,-0.6530536389913635
421.7765212114826,14.887612840717859,-0.6438796958805092
423.5630347523687,14.810347277212198,-0.6344064490101359
425.34027642563416,14.734218503330982,-0.6246468225471704
427.1083826460339,14.659260884625322,-0.6146127071506967
428.8674939521889,14.585507359767238,-0.6043182977286532
430.617754835361,14.5129891640398,-0.5937747214004799
432.35931353504577,14.441736197471743,-0.58299431933829
434.0923218787424,14.371776879151147,-0.5719904547920792
435.81693510424054,14.303138024576098,-0.560777482940186
437.53331166718965,14.235844726623275,-0.5493683177638621
439.24161303438444,14.169920528491613,-0.5377759123996708
440.94200349780346,14.105387419003652,-0.5260136889637647
442.6346499880839,14.042265776328,-0.5140964557171778
444.31972188124325,13.980574201641938,-0.5020388774753964
445.9973907854403,13.920329536344891,-0.48985462096693666
447.6678303298017,13.861546981828859,-0.4775595777726409
449.3312159676212,13.804239832496142,-0.465169671126542
450.9877247475207,13.748419471960958,-0.45270073480750495
452.637535084156,13.694095383784058,-0.4401677694843291
454.2808265302101,13.641275251445938,-0.4275863260413637
455.9177795603836,13.589964892320975,-0.41497328055609367
457.54857534746213,13.540168098654243,-0.4023437168783331
459.17339551930064,13.491886852628843,-0.3897138181357344
460.7924219416161,13.445121194452556,-0.37709848331617224
462.40583648495044,13.399869376454616,-0.3645138437937434
464.01382081012497,13.356127715199367,-0.3519758916322071
465.6165561359489,13.313890608203502,-0.339500496945584
467.2142230089333,13.273150548570033,-0.3271030180981526
468.8070010747617,13.233898186398255,-0.31479877205206575
470.39506885712944,13.196122333752006,-0.3026011998666088
471.9786035371797,13.159810189768013,-0.2905185175617474
473.55778075995187,13.124947967660603,-0.2785581429139132
475.13277451607115,13.091520990510933,-0.266727595258609
476.70375703493244,13.059513679079899,-0.2550336760497119
478.270898676422,13.028909637953934,-0.24348234628065435
479.83436783297645,12.999691756400255,-0.23207906172831505
481.3943308437445,12.971842268992857,-0.22082913797974033
482.95095191602366,12.945342772435287,-0.20973701281414922
484.5043930487159,12.92017433089759,-0.1988061846172925
486.0548139684236,12.896317588743514,-0.18804041508025787
487.60237207907284,12.873752738933883,-0.17744328191755054
489.1472224077449,12.852459545103777,-0.16701788000713128
490.6895175531574,12.832417399502921,-0.15676647724299494
492.22940764109774,12.813605422233762,-0.1466913734763604
493.7670402917658,12.796002457416598,-0.1367948690317892
495.3025605866558,12.779587073132785,-0.1270792881443308
496.8361110354317,12.764337558555464,-0.1175461301616258
498.36783154245836,12.75023202293607,-0.10819714567199035
499.89785938521067,12.73724836545543,-0.09903373283620029
501.4263291890653,12.725364317515087,-0.09005723087989091
502.95337290716714,12.7145574498095,-0.08126843564513295
504.4791198011443,12.704805237532085,-0.07254976308547194
506.00369642964813,12.696099265961829,-0.06389500869802017
507.52722834156356,12.688431864918066,-0.05532834359968534
509.0498401653537,12.681792463686103,-0.04685626513234774
510.57165526099607,12.676169711870221,-0.03849163296094323
512.0927956264205,12.671550715914908,-0.030240472809994177
513.6133817123304,12.667921859177708,-0.022113787209249374
515.1335323354317,12.665268204712598,-0.014108770003587226
516.6533645199972,12.663575152312168,-0.00623404390795378
518.1729935382747,12.662827067043214,0.0014992649973698115
519.6925327863198,12.663006978842898,0.00906606716306009
521.212093623781,12.664094906902465,0.016468517576894496
522.7317850126093,12.666071129011693,0.02369992125043245
524.2517135480907,12.668915119561744,0.030746979498508756
525.7719833624382,12.672604757101565,0.03755164383425414
527.2926959332904,12.677110954361675,0.04409458169813725
528.8139492478138,12.682402304165452,0.050431071482290195
530.3358375243137,12.688454032743326,0.056550328507965854
531.8584520082428,12.695240072164282,0.06244909034518146
533.3818808169025,12.702733963005704,0.06812741775051369
534.9062088924632,12.710909253135766,0.07358081565871227
536.4315180028394,12.719738951014811,0.07881210054735022
537.9578866769612,12.729196403080493,0.08381009228729125
539.4853902453308,12.739253614154968,0.08858764737361628
541.0141006790294,12.749884131839803,0.09310984214755877
542.5440867748501,12.76105731289751,0.09749724039934152
544.0754136523979,12.772756981745431,0.10178567841856959
545.6081444902073,12.78497126315566,0.1059819345225945
547.142341041786,12.79768909529837,0.11008012666527277
548.6780637332218,12.810898710498202,0.11405510376882821
550.2153715784816,12.824585322950462,0.11787241829036048
551.7543218172357,12.838730013145305,0.12151289490783197
553.2949694188131,12.853311560534245,0.12495983125492857
554.8373668060773,12.868306740284837,0.128205715462359
556.3815636149114,12.88369142614032,0.1312343385662011
557.9276065860482,12.899439546768264,0.13402123033048316
559.4755393316605,12.91552209440792,0.13655384554680247
561.0254019829894,12.931908555873537,0.13883646450810366
562.5772310096942,12.94856893161451,0.14086392054142374
564.1310592814879,12.965472602079481,0.14261912620660697
565.6869159937374,12.982586897224275,0.14410178894749126
567.2448264214044,12.999879111897974,0.14532008726610895
568.8048119148322,13.017317522369906,0.1462684087386272
570.3668900175165,13.03486973141854,0.14695064465128913
571.9310743852868,13.052503808776695,0.14736252119264304
573.49737484234,13.070187311319811,0.14751171955686387
575.0657973196984,13.087888717666635,0.14741324247469534
576.6363439658184,13.105578306763599,0.14706940097032817
578.20901336263,13.123226634880039,0.14648560292429025
579.7838005588156,13.140804907230955,0.14567578816170382
581.3606971476834,13.158286001810358,0.14466084609056762
582.9396914679006,13.175645303341227,0.14344107005279136
584.5207689043016,13.192858231747563,0.1420392594768573
586.1039118921112,13.209902942884785,0.14047235162554708
587.6891002452574,13.22675962507985,0.13874801324876318
589.2763114002669,13.243409386669702,0.13685854162309088
590.8655205266673,13.259832411664473,0.13480647357300898
592.4567004160671,13.276009188493234,0.13260341825130656
594.0498215186863,13.291921598683391,0.1302638416061566
595.6448521105283,13.30755325967613,0.1278038182354923
597.2417585016894,13.322889717864388,0.12522975285655774
598.8405052678331,13.337917288207175,0.12255202338813458
600.4410553424179,13.352623531013752,0.1197893131267445
602.0433701661395,13.366998248588962,0.11695108408470552
603.6474099559703,13.381032378679127,0.11405020043649021
605.2531338414118,13.394718402731506,0.11109218532200689
606.8605000497396,13.408049464970146,0.10809096960409502
608.469465985536,13.421020381322638,0.10505492577287391
610.0799884312947,13.433626972415382,0.10199483356569494
611.6920236679846,13.445866352443266,0.09891757870380151
613.3055276302778,13.457736461887722,0.09582901310357331
614.9204560057043,13.46923594346015,0.09273558945440263
616.5367643189195,13.480364214194678,0.08964290066333748
618.1544080246229,13.491121362274278,0.08655749573258305
619.7733425880957,13.501508261762188,0.0834883481666658
621.3935235795071,13.511526863542189,0.08043666329177661
623.0149068031322,13.521179263137203,0.0774056272183293
624.6374483147088,13.530467938403403,0.07440706111718211
626.2611044673172,13.539396785737464,0.07145198247957985
627.8858320816057,13.547971023635014,0.06855169385558085
629.511588604442,13.556197226897684,0.06571598789036386
631.1383322716697,13.564083145444528,0.06295273971287894
632.766022249123,13.571637474210073,0.06027436084261582
634.3946187460282,13.578870397511187,0.05768883255841684
636.0240831937296,13.585793057418197,0.05520057528114816
637.6543783606197,13.592417126451934,0.05281091317461967
639.285468415794,13.59875443603289,0.05052544148623454
640.9173189481179,13.604817489011237,0.0483474156718686
642.5498970467993,13.610619178891861,0.046274944830497926
644.1831713482663,13.61617217227152,0.044309488684334375
645.8171120089389,13.62148931091364,0.04244173929973582
647.4516907262486,13.626582319629609,0.04066695532213063
649.0868806046041,13.631462354268265,0.0389777469225255
650.7226560871162,13.636139683898968,0.037372354524320826
652.3589928491841,13.640624366441886,0.03584562931692432
653.9958677731571,13.644925841959916,0.034387213691022156
655.6332588741923,13.649052307602838,0.032992682760642406
657.2711451511046,13.653011429534116,0.03165586305948555
658.9095065226487,13.656810133101255,0.030382427515972008
660.5483237386209,13.660456024403171,0.02918020256979247
662.1875784615493,13.663957648711547,0.028045325144104054
663.8272533793946,13.667323087728839,0.026980178853562114
665.4673321499221,13.670560709191266,0.025983197507638216
667.1077994350251,13.673678692892182,0.025056262517012554
668.7486408781722,13.676685444394224,0.02421121293901734
670.3898431314994,13.679590789946905,0.02345138553425841
672.0313940262931,13.682404956211016,0.022773146220390388
673.6732826210384,13.685137733757463,0.022177661936027604
675.3154991490893,13.687799053189787,0.021667610506414775
676.9580350354721,13.690399166450556,0.02124184962710089
678.6008829354462,13.692948188405808,0.020899921086263117
680.2440367180549,13.69545617893616,0.020636630488584662
681.8874914595272,13.697932574594791,0.020444854446215986
683.5312433684785,13.700385957128336,0.020323607498607423
685.1752896833339,13.702824790028169,0.020267297768494417
686.8196286581373,13.705256865760388,0.020280436285073217
688.4642594820285,13.707690518114598,0.020353609883496597
690.1091823442023,13.710132951300617,0.020484821425415592
691.7543982983584,13.712591129871667,0.02066915163611607
693.399909233943,13.715071428068,0.020902357991294966
695.0457178053113,13.717579711026955,0.021180724972228622
696.6918273706345,13.720121398023622,0.021505455957235072
698.3382419383973,13.72270205273849,0.02186606194747783
699.984966184726,13.725325980172189,0.02225926876222042
701.6320053023467,13.727997092423655,0.022687303558971
703.2793649534375,13.73071956885073,0.02314061410089401
704.9270513016996,13.733496442542839,0.02362074853276769
706.5750708748047,13.736330932366771,0.02411172012391302
708.2234305866888,13.739224338781641,0.02460968013505857
709.8721375073426,13.742177500397847,0.025105810342996658
711.5211988073903,13.745190197639007,0.02559199405026418
713.170621631107,13.748261236925039,0.02607253884706758
714.820412979538,13.751389941586687,0.02654200133192541
716.4705797725284,13.754574981746519,0.026992452470445228
718.1211287703379,13.757814076042973,0.0274243843658169
719.7720664594631,13.76110500216687,0.027833042279839005
721.4233990597231,13.76444496724045,0.028219610715892865
723.075132455792,13.767831320526358,0.02857975128158585
724.7272722142551,13.771260890680148,0.028916593081491006
726.3798235211367,13.774730881849926,0.029227137470023926
728.0327912269587,13.77823813834633,0.0295086199236541
729.6861798035602,13.781779172737169,0.029786211177421525
731.3399933042887,13.785353518078459,0.03005683618373226
732.9942357264581,13.788960338420507,0.030321061351120386
734.6489109670686,13.792598865782642,0.030575682841101466
736.3040228309625,13.796267947723575,0.03082135570902847
737.9595749846893,13.799966510408659,0.031047183097646674
739.6155709659383,13.803692172380376,0.031254439278354064
741.272014026624,13.807442705093779,0.031439497581499797
742.9289071512352,13.811215444803558,0.031599735804949625
744.5862530046116,13.815007413100153,0.03173094910982809
746.2440538941837,13.818815126993332,0.03182478847588658
747.9023117094229,13.822634101610438,0.031885417408706485
749.5610278016161,13.826460351699483,0.031912809220973795
751.22020304382,13.830289888806,0.03189753032291896
752.8798378304767,13.83411759244475,0.03183992104088192
754.5399319415701,13.837938382969655,0.031743173273847625
756.2004845475265,13.841747563762517,0.03160728883719477
757.861494255178,13.845540438422981,0.031428185185631494
759.5229591077887,13.849311820645257,0.031208494307018875
761.1848765262661,13.853056839962099,0.030951540479380157
762.8472433470615,13.856771024819624,0.030661525772902293
764.5100558700399,13.860450407912372,0.03034277800068097
766.1733099189894,13.864091541272455,0.029998076232692687
767.8370009039421,13.867691310420378,0.02963041648469097
769.5011238611926,13.87124696039854,0.029250470943972342
771.1656734964404,13.874757016911817,0.0288589684555321
772.8306443384698,13.87822009312648,0.02846474812181813
774.496030749645,13.881635862901097,0.028069645555872207
776.1618270531932,13.885004220367803,0.027685855909446954
777.8280275596373,13.888326523076936,0.027312955861412847
779.4946267424066,13.891604077780306,0.026954057672593335
781.1616192317402,13.894838564701017,0.02661722000408063
782.8289998595044,13.898032631101506,0.026305732595050004
784.4967637752366,13.901189319012913,0.02602340026516709
786.1649064935181,13.904312127044733,0.025768472715671373
787.8334239487634,13.907404343770613,0.02554916941759752
789.5023124700159,13.910470244100726,0.025370351129771592
791.171568899308,13.913514686236297,0.025232499976494006
792.8411906616564,13.916542586233476,0.02513621001112269
794.5111757720043,13.91955893143481,0.0250764201073024
796.1815228437765,13.922568101847686,0.025058163627305216
797.8522310159982,13.925575081482963,0.02507670742021986
799.5233000257762,13.92858428637339,0.025130210119154877
801.194730140141,13.93159991158769,0.025220474506553955
802.8665221295315,13.934626368528475,0.025345485273503505
804.538677293755,13.937667826761295,0.025503987143642565
806.2111974329663,13.940728305218533,0.025694211548186414
807.8840848295926,13.943811610604316,0.02591430239862747
809.557342222865,13.94692132689215,0.02616989007367685
811.2309727820921,13.950061713700991,0.02646413165463792
812.9049801877362,13.953237409499549,0.026797830495374902
814.5793686768761,13.956453149158994,0.027173675269101163
816.2541430547752,13.959713990191286,0.027588315824988614
817.9293087335982,13.963024588090285,0.02804890554858555
819.604871684169,13.966390456756114,0.028554363927934697
821.2808385389798,13.969816980427467,0.029100885048032397
822.957216576631,13.97330908663323,0.029694273353529872
824.634013667027,13.976872399435655,0.0303291942143327
826.3112383549593,13.980511902741375,0.031003714018650888
827.9888997832883,13.984232348423612,0.03171665125696767
829.6670076650992,13.988038346574449,0.03246262429094826
831.3455722666881,13.991933861489363,0.033245600049505185
833.0246043300668,13.995923333495304,0.0340590003054099
834.7041151300863,14.000010413531953,0.03490002109284726
836.3841163797101,14.004198416063096,0.035762339941189096
838.0646201896377,14.00848989685604,0.0366450136530796
839.7456389772605,14.012887298494409,0.03753993245317146
841.4271854530798,14.017392090388789,0.038446687710140516
843.1092725039265,14.022005692914005,0.03935988605214815
844.7919131870761,14.026728879240263,0.04028549121420792
846.475120652585,14.031563138185968,0.04121695915123698
848.1589082291673,14.036509173284117,0.04215419259417158
849.8432893299614,14.041567676395417,0.043102540986957545
851.5282774511288,14.046739981313852,0.04406265035830695
853.2138862488865,14.052027499356848,0.04503428942683517
854.9001295488093,14.057431614088069,0.04602142576967316
856.5870213425,14.062954185180429,0.04701936327920319
858.2745758447217,14.068596508773933,0.048033481468890596
859.9628074257745,14.0743605265502,0.04906362714201973
861.6517306889605,14.080248161807242,0.050109683295632514
863.3413604683774,14.086261323802718,0.05117204906431433
865.0317118272337,14.092401969690435,0.052252473124772186
866.7228000635965,14.098672266465408,0.05335086732487725
868.4146407355723,14.105074370544394,0.05446321257145836
870.1072496600376,14.111609956052968,0.05559169037927742
871.800642854764,14.118280958898481,0.05673835118280452
873.4948365698318,14.125089561040417,0.05790051627792857
875.1898473171567,14.132037622993769,0.05908125171939769
876.885691831916,14.139127373200097,0.060272768459116034
878.5823871167,14.14636010541519,0.06147963104233198
880.2799503293498,14.153737661140271,0.06270208714510733
881.9783988486867,14.161261911597684,0.06393279766068889
883.6777502780784,14.168933847316966,0.0651793894707308
885.3780223397564,14.176755374053453,0.06644221332466196
887.0792329846428,14.184728439652412,0.06772239968488415
888.7814003974011,14.192855127614598,0.06902601014663805
890.4845430127148,14.201138248832194,0.0703491304236946
892.1886796025747,14.209580144483038,0.07169867695011188
893.8938292199126,14.21818398571705,0.07307579659524512
895.6000112981986,14.22695308130848,0.07448641366995805
897.3072456679556,14.235891450948875,0.07593239288141297
899.0155526420695,14.245003338094644,0.0774146450483155
900.7249530426408,14.254293095500442,0.07893616606206563
902.4354682141009,14.26376543542789,0.08050191062479989
904.1471200663522,14.273425664702867,0.0821093990158535
905.8599311461165,14.283278792584769,0.08376615302647054
907.5739246012267,14.293330730947945,0.08547965388471104
909.2891242889405,14.30358828941411,0.08724642048504648
911.0055548836701,14.314057859872316,0.08905436346581808
912.7232418268549,14.324744383488214,0.090899790441638
914.4422111528735,14.33565235834121,0.09279232595842223
916.1624894358745,14.346787437456221,0.0947302122881818
917.8841039283692,14.358155062930804,0.09672375838075975
919.6070825359209,14.369761913936495,0.09877782942824087
921.3314539655933,14.381615253467883,0.10089636733354586
923.0572477960094,14.393722817547909,0.10308170283628872
924.7844945341152,14.406092621888263,0.10533535325717347
926.5132256487418,14.418732864279123,0.1076602991016367
928.2434735924553,14.43165210017132,0.11006565292704668
929.9752718444759,14.444859978522565,0.11254769890389454
931.7086550418985,14.458365702391033,0.11511282000240348
933.4436589261854,14.472179240791322,0.11775829989008212
935.1803204350804,14.486310236778131,0.12048978391696767
936.9186776634938,14.500769010848167,0.12330856874974948
938.6587699447956,14.515566039098136,0.1262145732071076
940.4006378694874,14.53071178788299,0.12920858659104406
942.1443232840334,14.546216818273914,0.13229659217462963
943.8898693022262,14.56209240933487,0.13547260173757636
945.6373203913464,14.57834912154338,0.13873985736600206
947.3867222859316,14.594997904427299,0.14209641459977868
949.1381220344629,14.612049474179273,0.14554695162934272
950.8915679713643,14.629515108374793,0.14908583333540149
952.6471097843693,14.647405408375041,0.15271490209136626
954.4047984333743,14.665731196626005,0.1564333212461168
956.1646861769693,14.68450319517554,0.16023899352276696
957.9268265603904,14.70373187439827,0.1641304315627733
959.6912743853181,14.723427526185803,0.1681017691192688
961.4580856884604,14.743599738480116,0.1721551382382203
963.2273176570781,14.764258355068701,0.17628963183990332
964.9990286596864,14.78541311088949,0.1805020241826652
966.7732782329931,14.80707335379141,0.18479025701541368
968.5501270354481,14.82924818463326,0.1891510566511918
970.3296368176041,14.851946311431403,0.19358313204246308
972.1118703749759,14.8751762872765,0.1980810156307538
973.896891529449,14.898946009152189,0.20263998109953227
975.6847650505473,14.923262806884132,0.2072599693332325
977.4755565873734,14.94813400320412,0.21193786812376336
979.2693326677579,14.97356654737897,0.21667071196287171
981.0661606534434,14.999567032814515,0.22145428515335527
982.8661086973812,15.026141547032918,0.2262847452841727
984.6692456830251,15.053295716467018,0.23115792977767127
986.4756411690012,15.081034668040338,0.23607667676665708
988.285365329166,15.109363869252338,0.2410337201512212
990.0984889934763,15.138287915670483,0.24602647647069795
991.9150835433568,15.167811092846968,0.25105376732734386
993.7352208744984,15.19793754492625,0.256108396409742
995.5589733798895,15.22867055249542,0.26118805548065144
997.3864138461889,15.260013119153097,0.26629036255859745
999.2176154204873,15.291967962660129,0.2714081914940205
1001.0526515760065,15.324536945639412,0.2765465535118082
1002.8915960094832,15.35772253206083,0.2816924622763366
1004.7345227133305,15.39152562753399,0.28684605038703365
1006.5815057886346,15.425947153580434,0.2920039446999605
1008.4326194470642,15.46098762694443,0.29716173687935726
1010.2879379622975,15.496647035369953,0.3023127570439703
1012.147535606542,15.53292456621523,0.30745571596162924
1014.0114865544878,15.569819252130626,0.3125873778284437
1015.8798648647435,15.607329737470039,0.3177041321157099
1017.7527444332399,15.645454233323925,0.3227994216418612
1019.6301989412387,15.684190163920947,0.3278745097170338
1021.5123017609093,15.723535105086992,0.33292347192893956
1023.3991259735197,15.763485921718464,0.337944366255563
1025.290744284126,15.804039245669133,0.3429331615399269
1027.1872289936064,15.845191225053924,0.34788522229074914
1029.0886519406129,15.886937451728814,0.35280019136887725
1030.9950844348202,15.92927347469308,0.3576744291145473
1032.9065972517833,15.972194406186825,0.3625056890670773
1034.8232605805258,16.015695088874875,0.3672893731471873
1036.7451439911908,16.059769813652537,0.3720246121791368
1038.6723163688291,16.104412767114034,0.3767092557538421
1040.6048459008828,16.149617877804495,0.38133998890843773
1042.5428000462193,16.195378676473506,0.38591362348021047
1044.4862454873962,16.24168831129113,0.390428890920752
1046.4352480847513,16.28853977820162,0.3948832885735854
1048.3898728581355,16.33592577283045,0.399273681649729
1050.3501839508751,16.383838614628417,0.40359707839635883
1052.3162445846306,16.432270264035978,0.4078516043727112
1054.2881170163148,16.481212456560705,0.41203700096702056
1056.2658625111021,16.530656896676746,0.4161498893503202
1058.2495413387032,16.580594883398785,0.4201865387549806
1060.239212724711,16.631017268049384,0.4241480102700652
1062.234934796877,16.681915029281793,0.4280295057271762
1064.2367646003909,16.733278569969055,0.4318304748897231
1066.2447580287871,16.78509822695582,0.43554763363334564
1068.2589698160218,16.83736394299182,0.4391784129077272
1070.279453489181,16.89006535254075,0.4427231153775645
1072.3062613314858,16.943192126386055,0.4461774843118682
1074.339444386652,16.99673342450348,0.4495402397117626
1076.3790523975924,17.05067825326889,0.45280423987320567
1078.4251337879848,17.105014762053678,0.4559728429960868
1080.4777355594313,17.15973150321321,0.45904275357101687
1082.536903339817,17.214816633641732,0.46201354214558193
1084.602681335854,17.2702582586992,0.46488418565143363
1086.6751123268978,17.326044360977374,0.4676479683082479
1088.7542376502151,17.382162117174364,0.4703069156287455
1090.840097104276,17.43859894704981,0.4728587098438027
1092.9327289779221,17.49534199223107,0.4753011119934696
1095.0321700169898,17.552378125670284,0.4776297418795895
1097.1384553920702,17.609693694695835,0.47984530961001387
1099.2516186354337,17.66727513184904,0.4819449687883728
1101.3716916512556,17.725108528103643,0.4839258351338635
1103.498704674628,17.783179628319708,0.4857856514790714
1105.6326862300264,17.841473906497196,0.48752234818976853
1107.773663098806,17.89997658827997,0.4891350568326237
1109.9216602893996,17.958672795099883,0.49061990674928363
1112.0767010248117,18.017547183909798,0.4919728310198243
1114.238806686881,18.076583923632178,0.4931978290395575
1116.4079967577168,18.135767663116926,0.49428876145768846
1118.5842888772909,18.19508231449185,0.49524589603791613
1120.7676987550299,18.254511822016397,0.4960617631611969
1122.9582401736718,18.31403923359574,0.49673839788042384
1125.1559248817034,18.37364784134139,0.4972727229798752
1127.3607626226644,18.433320568098978,0.4976626375259274
1129.5727610908364,18.49304008460209,0.4979101476792157
1131.7919259009886,18.552789302323596,0.4980071943813482
1134.0182606172675,18.612550165649356,0.49795074627757724
1136.2517666371455,18.672304255202665,0.4977440527140742
1138.4924431477698,18.732033541528352,0.4973850633306563
1140.7402871727531,18.79171974912803,0.49686637863419714
1142.9952935426486,18.851343714564134,0.4961891163512419
1145.2574547883962,18.910886408526284,0.4953515269993837
1147.5267611574193,18.97032859176621,0.49435242634616755
1149.8032005884313,19.02965088292775,0.493184568046445
1152.0867586943828,19.088833031093323,0.4918513733136461
1154.377418658114,19.147855195890962,0.49034169522696297
1156.675161281621,19.2066961993182,0.4886616447952659
1158.9799648255394,19.26533559669363,0.4868081140969398
1161.2918050971425,19.323752570385263,0.4847728754759846
1163.6106554055887,19.38192531544238,0.482561589085596
1165.9364864434417,19.439832706132652,0.48016499445287925
1168.2692663681776,19.497452505467,0.4775829141330899
1170.6089606688336,19.55476245516297,0.4748140911925152
1172.9555321634532,19.611740146106072,0.47185424889263683
1175.3089409809859,19.668362655973187,0.468710772841105
1177.6691444997027,19.72460794871412,0.4653746830471152
1180.0360974535483,19.780452910679774,0.46184817376993
1182.40975180283,19.835874691532165,0.4581289856867475
1184.790056765814,19.890850169814573,0.4542202902791122
1187.1769587861916,19.945356604648065,0.45011899339174494
1189.5704015787494,19.999370883855075,0.44582231057438415
1191.970326084812,20.052869561124,0.4413355203653904
1194.376670432147,20.10582982356785,0.4366630956535064
1196.789370010975,20.15822939504627,0.4318080434022933
1199.2083575383806,20.210046360254545,0.4267695962358894
1201.6335631016111,20.261258711802853,0.42155222761957906
1204.0649141470274,20.311844979117204,0.41615422334068586
1206.5023355445214,20.361783485918085,0.4105802956116384
1208.9457495628317,20.411053121391483,0.40484322322906147
1211.3950759373986,20.45963430817897,0.39894237012244604
1213.85023205438,20.507507392593663,0.3928750856008041
1216.3111329414912,20.55465240286576,0.3866558309896795
1218.7776912298352,20.60105110258452,0.38028073241711036
1221.2498173621454,20.646684790474573,0.37376408842772096
1223.7274195370023,20.6915364810859,0.3671058746092422
1226.2104039147328,20.73558918603901,0.36031093206793224
1228.6986746170573,20.778826497887163,0.35338537725074026
1231.1921337968038,20.821232743157253,0.34633485930132524
1233.6906817259826,20.86279292627341,0.33916548555814374
1236.1942168771354,20.903492784540386,0.33188446288357565
1238.7026360112802,20.943318920086416,0.324497596995139
1241.2158342816906,20.98225863172583,0.317010398160438
1243.7337053174977,21.02029987950508,0.3094279832549048
1246.2561413030382,21.05743123749567,0.30175864972646593
1248.7830330515378,21.093642275462848,0.2940056353288339
1251.3142701245933,21.128922951702307,0.2861762610600907
1253.8497408787975,21.16326410302952,0.27827563610334377
1256.389332571161,21.19665717936192,0.2703096048425472
1258.9329314326844,21.229094331943028,0.2622853305311822
1261.4804227525176,21.26056857160677,0.25420724366991315
1264.0316909811104,21.291073440847157,0.2460814728999785
1266.586619794012,21.320603217595153,0.23791316864304626
1269.1450921801234,21.349152797832318,0.22970856806680343
1271.7069905158633,21.376717826000334,0.22147326198324957
1274.2721966549832,21.403294617438323,0.21321197338342726
1276.8405920090759,21.428880054244335,0.20493184696666966
1279.4120576155851,21.453471875880336,0.19663778082336825
1281.9864742406908,21.47706840957914,0.1883456803718265
1284.5637224498403,21.49966989122376,0.18005001130893764
1287.143682836787,21.52127589258083,0.1717549158755535
1289.7262359438969,21.541886482485896,0.16346697910822264
1292.311262321795,21.561502519978884,0.15518997679188065
1294.8986426241925,21.58012531719391,0.14693038973622297
1297.4882576622558,21.597756963962258,0.13869348468823975
1300.0799884979313,21.614400182124847,0.13049681611189232
1302.6737165197862,21.630059800058273,0.12233382861944421
1305.2693236957932,21.644739859492606,0.11420673818416627
1307.8666924789322,21.658444668074708,0.10612085368944094
1310.4657058391012,21.67117917051744,0.09808103093448797
1313.0662473395632,21.68294889422958,0.09009330618807872
1315.668201206871,21.693760090972148,0.08216312445446242
1318.2714524177875,21.703619665906682,0.07429374823923952
1320.8758867776962,21.71253491569539,0.06649169573696916
1323.4813909675797,21.720513919183826,0.05875895416752341
1326.0878526378817,21.72756499368393,0.05110161887377758
1328.6951604371238,21.733697187948785,0.043524413747668904
1331.3032040996777,21.738920117598504,0.03603211291469582
1333.9118745137896,21.743243971148267,0.028629209017536638
1336.5210637903274,21.746679476230373,0.02131849238299762
1339.130665327475,21.74923769531633,0.014105227616803035
1341.740573850913,21.75093032263035,0.006993203778376264
1344.3506854896286,21.751769507083754,-1.3570001102565077e-05
1346.9608978304786,21.751767878683623,-0.006910707412191223
1349.5711099759208,21.75093859379416,-0.013695887103227576
1352.181222607176,21.74929508734177,-0.020376000690130864
1354.7911380176572,21.746849967258957,-0.026934581622687727
1357.4007600137284,21.743617817464234,-0.033368025717913974
1360.009994151824,21.739613654378083,-0.03969884056270341
1362.6187477903493,21.73484979351056,-0.045882244764888766
1365.2269297655705,21.72934392413877,-0.05193977598640679
1367.834451036467,21.7231111510204,-0.05785847668975488
1370.4412243745894,21.71616813381763,-0.06364462448169148
1373.0471645506475,21.708530778879826,-0.06929783591977241
1375.6521882441132,21.700215038569453,-0.07481307497167834
1378.2562140487414,21.69123746957285,-0.0801857983286268
1380.8591625450902,21.681615173773416,-0.08541434736616998
1383.460956365943,21.671365452089475,-0.09049291358590367
1386.0615202201939,21.660506302459165,-0.09541869965180631
1388.660780976489,21.64905605850095,-0.1002021263425278
1391.258667703509,21.637031803339845,-0.10482963589463914
1393.8551115199098,21.624452247032487,-0.10930827483095958
1396.4500457895538,21.611335254052772,-0.11362343581631033
1399.04340602004,21.597700441754814,-0.11778714632859792
1401.6351300730505,21.58356598419538,-0.121795036361013
1404.225157991154,21.56895057983206,-0.12564771655833964
1406.813432060734,21.553872853845057,-0.1293525554022721
1409.3998968031954,21.538350547196785,-0.13289568390008405
1411.984498868859,21.522403065128774,-0.13627609715662886
1414.5671872366745,21.506049933469978,-0.1395156000800373
1417.1479132286909,21.489308061460374,-0.14258651107687562
1419.726630196066,21.47219768013115,-0.14548746335413207
1422.3032939176817,21.454739184528652,-0.1482332671032081
1424.8778626198252,21.43695119247627,-0.15082237069494875
1427.4502967629223,21.418852507992874,-0.15326347808026597
1430.0205590638816,21.400460890623243,-0.1555476842957654
1432.5886143707564,21.38179516850775,-0.15767087007488997
1435.1544297909775,21.362874664098765,-0.15964692956930698
1437.7179747506693,21.343717032550447,-0.1614725719426436
1440.2792207945754,21.32434032391733,-0.16313764900770647
1442.8381416334455,21.304763806036405,-0.1646550081220623
1445.3947132901699,21.285005205061758,-0.166028535730761
1447.9489139147772,21.265081780774068,-0.16725367377251482
1450.5007237284701,21.245011339921366,-0.16834221743981023
1453.0501250892607,21.224810273828588,-0.16928833255161202
1455.5971023221202,21.204495673922395,-0.17011183170945327
1458.141641802991,21.18408225411726,-0.17078188720587095
1460.683731673485,21.163588427652556,-0.17131890997373414
1463.2233622848032,21.14303015845571,-0.17172687078822707
1465.760525903818,21.122422933961122,-0.17201017952885164
1468.2952166558932,21.101781712417658,-0.17216659825020028
1470.8274304613833,21.081121720627635,-0.17220930507834156
1473.3571650678587,21.060456604018235,-0.1721278023430117
1475.8844198603408,21.039801267737072,-0.17194708436704684
1478.4091960124692,21.019167617613025,-0.17163612605811973
1480.9314961265827,20.99857128248605,-0.17121582544253766
1483.451324680481,20.978025383432946,-0.17069271753568377
1485.968687726493,20.957542257328665,-0.17006745112731012
1488.4835927973725,20.937134163193388,-0.16934159670746837
1490.9960488969557,20.91681317158849,-0.16851889515467738
1493.5060664775463,20.89659090416993,-0.16760313951549113
1496.0136573860466,20.87647852742807,-0.16659440207388168
1498.518834809338,20.856487199179202,-0.16549799203477353
1501.0216132732394,20.83662744013503,-0.1643255874250388
1503.5220085660555,20.816908369644025,-0.16306932012034467
1506.0200375704128,20.797340051229583,-0.16174394543998116
1508.5157183765602,20.777930777776785,-0.16034170693826114
1511.0090700698934,20.758689772944194,-0.1588643566856132
1513.5001128426466,20.739626050141922,-0.15732738064640053
1515.9888679686635,20.720746764464355,-0.15572196275402417
1518.4753575803993,20.702060128933873,-0.1540638603554271
1520.9596047958714,20.68357246569122,-0.15234588991134274
1523.4416334917544,20.66529095890186,-0.15057096175476076
1525.9214684068227,20.647222443491287,-0.1487509414991832
1528.3991351000416,20.629372330511387,-0.14688167970344707
1530.874659779703,20.611746528946973,-0.14496665439914483
1533.3480693631766,20.594350530419074,-0.1430116671497659
1535.8193914268268,20.577189130361102,-0.14101778415302751
1538.28865412247,20.56026699626274,-0.13899184975449222
1540.7558861620216,20.5435879742922,-0.13692524261615457
1543.2211167189366,20.527156945178263,-0.13483417777672602
1545.684375552358,20.510976843845054,-0.13271389419560203
1548.1456927736194,20.49505117654158,-0.13057570117841083
1550.6050989148043,20.479382092400172,-0.12841487812798874
1553.0626247658925,20.463972307024815,-0.126237020466175
1555.5183014427355,20.448823864568872,-0.1240381575253418
1557.9721603064838,20.433939285665833,-0.12183120459824681
1560.4242330207637,20.419319541114042,-0.1196091364453347
1562.8745513656975,20.4049664447406,-0.117379160962483
1565.3231473390663,20.390880945425103,-0.11514512363447148
1567.7700530525174,20.377063530588966,-0.11291244282801896
1570.215300676188,20.363514037449605,-0.11068117607314933
1572.658922360682,20.350232296320826,-0.10845008907534492
1575.1009502362406,20.337218285631785,-0.10622234852760858
1577.5414164305164,20.324471603808473,-0.10399678302924487
1579.9803530229733,20.311991989844962,-0.10178114994336761
1582.4177920617547,20.29977825185176,-0.0995749176795193
1584.8537654519769,20.287829261730217,-0.09738231172402209
1587.2883049633845,20.276143384323333,-0.09520051404374391
1589.7214421695032,20.264719322638083,-0.09303946777826018
1592.15320848822,20.25355458650469,-0.09088807482776222
1594.5836350386005,20.24264801752536,-0.08875908286176307
1597.0127528007035,20.23199692758195,-0.08665005996873727
1599.4405924320133,20.221598920385702,-0.08456314446509759
1601.8671843024597,20.21145134304989,-0.08250379060435438
1604.2925584636257,20.20155088817737,-0.08046807897184126
1606.716744570207,20.19189471870075,-0.07845950038075226
1609.139771936451,20.18247957865506,-0.076482592585777
1611.5616694858898,20.173301667544767,-0.07453142458189463
1613.982465685995,20.16435789659494,-0.072612358204927
1616.4021886335865,20.155644413610347,-0.0707215182612703
1618.8208659632198,20.147157831418994,-0.06886477177982274
1621.23852490299,20.138894058805416,-0.06704159720721768
1623.6551921900468,20.13084906714055,-0.06525094398609765
1626.0708940781037,20.123018953862218,-0.06349697349617656
1628.4856563525673,20.115399317042677,-0.061776122476661
1630.8995042706124,20.107986182345478,-0.060091875270496684
1633.3124626124938,20.100775157313016,-0.05844703782338632
1635.7245556313715,20.09376151277421,-0.05683816308639109
1638.1358070129043,20.086940933203845,-0.0552753395339938
1640.5462399248888,20.080307892459764,-0.05374798718615426
1642.955876871984,20.073858133997426,-0.052259263808562335
1645.3647398480637,20.067587022340398,-0.05081237381640463
1647.7728502907446,20.06148953748243,-0.04940957277323668
1650.1802290352425,20.05556038874964,-0.04804845143030686
1652.5868962818925,20.049794574578005,-0.046724744489930026
1654.9928716308418,20.044187605239213,-0.04544655227439648
1657.3981741434704,20.038734018966284,-0.044210972857110495
1659.8028222257465,20.033428702223432,-0.04301398092644083
1662.2068336700133,20.02826702451226,-0.04185865238195713
1664.6102257129548,20.023243986226426,-0.04074623953428439
1667.013014991302,20.018354437482312,-0.039678796404077864
1669.4152175237998,20.013592981913824,-0.038652984177284834
1671.8168486816294,20.00895462381255,-0.03766276624269404
1674.217923236487,20.004435091863424,-0.03669520392313261
1676.6184554475105,20.000031667392648,-0.035751433303000194
1679.0184592475975,19.995741495396288,-0.034835637006126
1681.4179482270451,19.991561218955553,-0.03395127232457347
1683.8169355733198,19.987487066276604,-0.0330988293177548
1686.215434021273,19.983515206758472,-0.03228027445965668
1688.613455846084,19.979641573823315,-0.03149754924564872
1691.0110128349427,19.97586186791384,-0.030747029572352685
1693.4081162590924,19.972172224365156,-0.030031399954967262
1695.804776926016,19.96856845637056,-0.029353246429370733
1698.2010051407806,19.965046066799033,-0.028714590559193384
1700.5968106687965,19.96160031593193,-0.028111392084642202
1702.9922027067082,19.958226948881773,-0.027544930387912742
1705.387189940574,19.954921557235224,-0.027013122583348044
1707.7817805274422,19.95167998252522,-0.02651720712806479
1710.1759821253452,19.948497917669854,-0.026056479455931186
1712.5698018754656,19.945371140135144,-0.025633830090463102
1714.9632464122817,19.94229508052429,-0.02524568975192503
1717.3563218219447,19.93926559775406,-0.024895515455036953
1719.749033693675,19.936278135899453,-0.024575926741796258
1722.141387069983,19.933329024690437,-0.024288837881964682
1724.5333865529458,19.9304143641446,-0.02403242772851087
1726.9250362766431,19.92753047281718,-0.023806067067368767
1729.3163399333812,19.924673744769095,-0.023609937789944625
1731.7073007827535,19.9218405522343,-0.023443742169219628
1734.0979216490216,19.919027303173994,-0.023303128537847946
1736.4882049254024,19.916230927749453,-0.023192940608902653
1738.8781526367325,19.913447774876385,-0.023107597937968846
1741.2677663697177,19.91067486312383,-0.02304714447280522
1743.6570473532927,19.907909205787092,-0.023009621015840063
1746.045996457987,19.90514805126519,-0.022997458051355585
1748.4346142241388,19.902388356299028,-0.02300693475376384
1750.8229008268947,19.899627524128576,-0.02303587428014859
1753.2108561297903,19.896863219214957,-0.023086522000553566
1755.598479716096,19.89409283657489,-0.023154388883381255
1757.985770856485,19.891314309908886,-0.023238563632830913
1760.372728573674,19.888525682272945,-0.023337690077557906
1762.7593516555469,19.88572515946364,-0.02344993821580689
1765.1456386746825,19.882911166877744,-0.023574839717588014
1767.5315880147077,19.880082186111633,-0.02370906065963446
1769.9171978770412,19.877237098832477,-0.0238527519291964
1772.3024663289011,19.874374768600973,-0.024004574437791963
1774.6873913011332,19.87149421966844,-0.024162377007935627
1777.0719706074933,19.868594734427486,-0.024325824749549526
1779.4562019756247,19.86567563545754,-0.02449302238543612
1781.8400830518797,19.862736472771285,-0.02466294645984656
1784.2236114286122,19.859776919196104,-0.02483342928559897
1786.6067846589158,19.856796907681833,-0.025004593031444537
1788.9896002878377,19.85379635651806,-0.02517433694262721
1791.3720558506197,19.850775436084945,-0.02534126275746905
1793.75414890295,19.84773448455405,-0.025503308728210314
1796.1358770410964,19.844674087506665,-0.025658852036088933
1798.5172379315973,19.841595025262333,-0.0258056528998081
1800.8982293346287,19.838498346914356,-0.025942026978877358
1803.2788491362585,19.83538530367689,-0.026064931836890095
1805.6590953726998,19.832257511856465,-0.026173997377949697
1808.0389662741225,19.82911663217111,-0.026265863600647848
1810.418460269983,19.825964728539034,-0.02634013401042484
1812.7975760374077,19.822803912457783,-0.026393844052507644
1815.1763125069026,19.819636651171482,-0.026424983055525174
1817.5546689050432,19.81646565320482,-0.026431897811088654
1819.9326447834278,19.81329382546749,-0.026413123742874137
1822.3102400424839,19.810124250618344,-0.02636626969542928
1824.687454952558,19.806960298254893,-0.02629013991514867
1827.0642901883487,19.803805481465076,-0.026182481580467702
1829.4407468461245,19.80066358367542,-0.02604074061961015
1831.8168264761655,19.797538694801066,-0.02586380119088926
1834.1925311195416,19.794435038658158,-0.025649786827112928
1836.5678633241805,19.791357064238905,-0.02539670521711628
1838.9428261718892,19.78830945961285,-0.025103493059150984
1841.3174233070429,19.78529704044575,-0.02476662751308906
1843.6916589518964,19.78232504514418,-0.024385181797195666
1846.0655379573138,19.779398823328517,-0.023957248785740643
1848.4390658161133,19.77652395347423,-0.023480682858753387
1850.8122486905302,19.77370627153118,-0.02295386622135472
1853.1850934431138,19.770951807584616,-0.02237498397549367
1855.557607660024,19.76826680950756,-0.021742162204487166
1857.9297996771647,19.76565775004302,-0.02105405221480268
1860.3016786071698,19.763131263777243,-0.020309044817335135
1862.6732543588232,19.760694178399163,-0.019505893403908754
1865.044537660231,19.758353471190695,-0.018643156609316744
1867.415540076774,19.75611629239758,-0.0177198743028082
1869.7862740318617,19.75398990748124,-0.016735063837238207
1872.1567528207595,19.75198169982077,-0.015687475983564667
1874.526990624738,19.750099202702742,-0.014576788060190112
1876.8970025290623,19.74834998813552,-0.013401870982948323
1879.2668045276387,19.746741763617564,-0.012161932085629793
1881.6364135392728,19.74528233176729,-0.010856209882492899
1884.0058474190848,19.74397958658139,-0.009485067804532331
1886.3751249694747,19.742841378444844,-0.008047665817021606
1888.744265934888,19.7418756585468,-0.006543549390944915
1891.1132910139136,19.741090432619885,-0.00497263595026298
1893.482221865828,19.740493716305853,-0.003335089165561176
1895.8510811117847,19.740093505605984,-0.0016298968108929752
1898.2198923324574,19.739897917988678,0.00014243873480332853
1900.588680082616,19.739915010636853,0.0019815617774951336
1902.9574698838926,19.740152798050154,0.003887001319709054
1905.3262882196586,19.74061923820852,0.005859482963351129
1907.6951625282436,19.74132237616412,0.007898957312228486
1910.0641212133833,19.74227025104159,0.010004749211778512
1912.4331936435083,19.743470820947003,0.012175551713634438
1914.802410142022,19.74493188715264,0.014411586104403025
1917.1718019684802,19.746661277485167,0.016713947959539347
1919.5414013217785,19.748666951240313,0.0190803126747788
1921.9112413559274,19.750956588761287,0.021510727543054373
1924.2813561465787,19.753537876066453,0.02400412094093212
1926.6517806917066,19.756418370579365,0.0265616885118232
1929.0225508961762,19.759605773200782,0.02918237989594195
1931.3937035889603,19.763107658788297,0.03186462698941776
1933.765276508015,19.766931414027027,0.03460865812636486
1936.1373082776981,19.771084453002192,0.0374145441118747
1938.5098384120583,19.77557419829562,0.040282209697119736
1940.8829073158538,19.780408063459273,0.043210193472685725
1943.2565562834689,19.785593286675994,0.046199857643582
1945.63082747787,19.791137269593225,0.04924831455790205
1948.0057639502213,19.797047067340173,0.05235646355583576
1950.381409598302,19.803329842966875,0.055522710878437694
1952.757809179458,19.809992568272285,0.05874840217060542
1955.1350082876506,19.817042376532758,0.062033508195943936
1957.5130533728345,19.82448639751627,0.06537577206149206
1959.8919917405365,19.83233149016365,0.06877121685983044
1962.2718715193562,19.84058403618683,0.07222273539150956
1964.6527416036986,19.849250764433812,0.07572849122433052
1967.0346516954307,19.85833818338073,0.07928920330012147
1969.4176522774364,19.867852887776746,0.08290302989584543
1971.8017946239697,19.877801251364247,0.08656890039439565
1974.1871307741335,19.888189519411576,0.09028614320992691
1976.573713516463,19.899023856596767,0.09405177385465596
1978.9615963792546,19.910310069459324,0.09786650711743326
1981.3508335875897,19.922054050313417,0.1017279835546412
1983.7414800736274,19.934261408339975,0.10563532414672497
1986.1335914426281,19.946937647237583,0.10958738613241575
1988.5272239602966,19.96008813357347,0.113584817884365
1990.9224345363255,19.973718311719594,0.11762050392183783
1993.3192807337318,19.987832772190213,0.12169708248955365
1995.7178206663946,20.00243642208896,0.1258115762062686
1998.1181130370453,20.01753381123371,0.12996236355038446
2000.5202170943933,20.03312929485976,0.13415050552121144
2002.9241926097764,20.049227355522305,0.13837272982687915
2005.330099892439,20.06583208310153,0.1426268826877482
2007.7379997424111,20.08294730902406,0.14691155563379527
2010.1479534194941,20.100576695700116,0.15122207877107
2012.560022622978,20.118723345152645,0.15555964482583737
2014.9742694243964,20.137390502531744,0.15992567913285358
2017.3907562847003,20.156581584027688,0.1643153951801477
2019.8095460747836,20.176299431449305,0.16872654685506122
2022.2307020065575,20.196546617071913,0.1731524622471311
2024.654287600606,20.217324912541567,0.1775983672083054
2027.080366590111,20.238636716606564,0.18205754626218448
2029.5090029961038,20.260483622158027,0.18653071182493267
2031.9402610307627,20.282867307577018,0.1910137112166279
2034.374205107672,20.305788952923013,0.19550659553736185
2036.8108997820227,20.329249744387496,0.20000754109117852
2039.2504097513493,20.353250649318436,0.20451353998193986
2041.6927998292674,20.37779227411627,0.20901982431217153
2044.1381349021613,20.40287465303373,0.21352792728956926
2046.5864798605253,20.42849800430848,0.21804044503180808
2049.0378996210425,20.454662857712297,0.22254337236340077
2051.492459163968,20.481368062395905,0.22704006686180922
2053.950223331455,20.508612870419324,0.23152668311650862
2056.4112568759056,20.536396072393305,0.23600597185784525
2058.8756244045926,20.56471678901625,0.24046929055191335
2061.3433904192743,20.593573103882477,0.2449152361273062
2063.8146191917403,20.622962932217753,0.24934532346369462
2066.2893747436065,20.652884371033398,0.2537573756303456
2068.7677208681303,20.68333525610904,0.2581482222923403
2071.249721098863,20.71431304278412,0.2625125197326381
2073.7354386639972,20.745814545152037,0.2668526926144296
2076.2249364094155,20.77783686826577,0.27116280101040785
2078.7182768336074,20.810376404387018,0.27544707638995436
2081.215522002134,20.843430053553814,0.2797006108952614
2083.7167336085604,20.876994126861245,0.28391812154258006
2086.221972903784,20.911064301446356,0.2881012381185092
2088.7313006199574,20.945636450020576,0.29224774314907453
2091.24477699396,20.980706179198464,0.2963476701133969
2093.7624617354636,21.01626789961207,0.3004010361306792
2096.284413883417,21.052316023947753,0.3044112423721652
2098.810691806291,21.088845373032413,0.30838350061524183
2101.341353251055,21.12585139310624,0.3123090198752405
2103.8764554182276,21.16332847549127,0.3161934996974801
2106.4160548352866,21.201271695454967,0.32003239835862524
2108.9602074387412,21.239675583258002,0.3238141491233626
2111.5089685087323,21.278533281152807,0.32753628411910374
2114.0623925024706,21.3178376352471,0.33121231032170234
2116.6205330187004,21.357583112485703,0.3348295039162395
2119.1834429921987,21.397762652955652,0.3383910781857517
2121.7511745105535,21.43836958233794,0.34189080299046015
2124.3237788604342,21.479396478696795,0.3453280093872117
2126.901306437878,21.52083583982326,0.3487244390335385
2129.4838067386568,21.562682772507284,0.3520570870848012
2132.0713286713576,21.60492962295746,0.3553236925216047
2134.6639202261126,21.647568466060054,0.3585556276851957
2137.2616284420396,21.69059514138228,0.36173212483226597
2139.8644998590057,21.73400299636215,0.36484430250636213
2142.472580218569,21.777784312662913,0.3679628911064845
2145.0859143360885,21.82193985959569,0.3710020177468013
2147.70454711924,21.866460101725306,0.37396950024261805
2150.328522331447,21.91133644175442,0.3768645589076214
2152.9578827044575,21.95656018882333,0.37968569631143656
2155.5926699271163,22.002122472380705,0.3824443103948559
2158.232924623802,22.04801578962809,0.38512601774926486
2160.878686518557,22.094230911758,0.38772283407669444
2163.529994227968,22.140757651847203,0.39026437900812816
2166.1868851461895,22.187589377328177,0.3927209691050409
2168.849395871469,22.23471589362078,0.3950901662199302
2171.5175617787036,22.282126713567173,0.39740824650293155
2174.1914169843317,22.329815703147524,0.3996721369475093
2176.870994868709,22.377776359581226,0.4018549444671658
2179.556328031859,22.425998952917286,0.40400900845591803
2182.247447906209,22.474480033931997,0.4060682227278302
2184.944385510281,22.523208220659335,0.40801776902354675
2187.64717049676,22.57217035294216,0.40989631098756724
2190.355830939113,22.621357910260667,0.41167778002801214
2193.070393888344,22.67075924386403,0.41336600330074935
2195.7908849976075,22.72036316426012,0.41500722896012227
2198.5173285773185,22.770164031735337,0.4166118235229503
2201.2497482611266,22.820157450558092,0.41811938268127546
2203.9881671551934,22.870331776479844,0.41957465725313864
2206.732606968371,22.92068073535022,0.4209509742138752
2209.483088656613,22.971194852255884,0.4223477348929475
2212.2396320388834,23.02187658044304,0.4236404641327283
2215.0022572285366,23.072713436138965,0.4248252177042872
2217.7709828408733,23.12369246226348,0.42590972922756887
2220.545825936345,23.17480162977079,0.426896087331206
2223.3268021319172,23.226029160250537,0.42778578962841535
2226.113925631147,23.277363455005947,0.42862517321456584
2228.9072092457477,23.328798475791693,0.4293872936026118
2231.7066650628426,23.380324951024008,0.4300760212551842
2234.5123040569656,23.43193407357463,0.43070437135327283
2237.3241361457945,23.483618598137024,0.4312502123942256
2240.142170377571,23.535368623624333,0.43178337317442683
2242.966414612406,23.587182628405262,0.43228025682841753
2245.7968765278147,23.639056259224674,0.43272157325519794
2248.6335632789214,23.6909828480153,0.4330787387221521
2251.476481220683,23.742952296661958,0.4333534359956318
2254.3256354962828,23.794954708981432,0.4336767707227058
2257.1810300613606,23.846995921468157,0.4339436586786007
2260.0426695719366,23.89906916050959,0.4341312469870075
2262.910557871198,23.95116491014803,0.4342369160042262
2265.7846976604155,24.00327334006854,0.4342832626349405
2268.665090461224,24.055387331584733,0.4342682815270509
2271.551736941014,24.107499525367977,0.43420247348136115
2274.444636884058,24.15960382218574,0.43409836547666003
2277.3437893427204,24.21169562604294,0.43399407666889556
2280.2491928178456,24.263774915243207,0.43383589204022643
2283.160845807675,24.315835222288033,0.43360975717807837
2286.0787460343495,24.367868393149404,0.43335500052275105
2289.0028902415274,24.419870993212136,0.4330289716780222
2291.9332747607127,24.471834469813498,0.43264583657311634
2294.8698948970905,24.523751970202273,0.43220333903834224
2297.812745133515,24.575616370886873,0.4317127280339784
2300.7618190980215,24.62742189825095,0.43116990810221245
2303.7171097258115,24.679162287223217,0.4305750237306123
2306.678609200278,24.730831290070892,0.42991935718616703
2309.6463089550866,24.78242161293323,0.42920111751007783
2312.6201995486385,24.83392574703444,0.42843537122228914
2315.600270638283,24.885337991581114,0.4276150224708112
2318.5865111972726,24.936651794277612,0.4267273203926321
2321.5789094125857,24.987859072724728,0.42577954828885506
2324.5774525013126,25.03895261851939,0.42477312728889893
2327.582126815535,25.089925393794058,0.4237201173445553
2330.5929178627903,25.140771807875403,0.422607867001925
2333.609810479735,25.191484751915635,0.42144450031774855
2336.6327886499653,25.242058091953766,0.4202329933431148
2339.6618356209997,25.29248605115494,0.41897601557657527
2342.6969339471384,25.342763173024128,0.4176677699770175
2345.738065527901,25.39288330542137,0.4163229945150118
2348.785211524552,25.442842064763173,0.41494250183722187
2351.8383525723234,25.49263516498364,0.4135300891443748
2354.8974687921213,25.542258775680963,0.4120818369123591
2357.962539845203,25.591708596110447,0.41059585578100294
2361.0335448767364,25.640980098804167,0.4090863226895998
2364.110462488593,25.690070457526918,0.4075494334807538
2367.1932709434964,25.738976389544607,0.40599007389284364
2370.2819481102415,25.787695198411747,0.4044009802711642
2373.376471534051,25.836223316044286,0.40278522120607246
2376.476818331976,25.884557542589015,0.4011585581606012
2379.5829652370867,25.932696569568286,0.3995161484595637
2382.694888825435,25.980638507383432,0.3978556163596206
2385.812565446321,26.028381181346585,0.3961764705952061
2388.9359711880825,26.07592235781801,0.39447931737273423
2392.0650818710205,26.123259875902736,0.3927642333466322
2395.199873056129,26.170391583904333,0.39103520252334206
2398.3403200461976,26.217315808207136,0.38929693401337967
2401.4863979431825,26.26403144028874,0.38755223222156754
2404.638081716017,26.310537708155326,0.3857950724268657
2407.7953462409955,26.356833116846552,0.38402708825941706
2410.958166215017,26.402916367437683,0.3822505775534996
2414.12651617911,26.448786436744104,0.38046483818779364
2417.300370551519,26.49444221732664,0.3786691897639848
2420.4797036175983,26.539882520098317,0.3768606821644861
2423.66448952001,26.585105801958054,0.37504188057244964
2426.854702216245,26.630110827626748,0.3732116063222048
2430.05031551556,26.674896220385413,0.371367395135172
2433.2513030620066,26.719460307801633,0.36951064097009895
2436.457638298943,26.763801584718045,0.36764074744359476
2439.6692944891092,26.807918474411277,0.36575644120792433
2442.8862447060387,26.85180924735623,0.36385648392000125
2446.1084618157215,26.895472025426628,0.36194010012311867
2449.3359184587725,26.938904837441402,0.3600042783583926
2452.5685870392654,26.98210535084441,0.35804574165094527
2455.8064396813666,27.025070839842524,0.3560752744068113
2459.0494481821474,27.067799872771342,0.3540822494783792
2462.29758416688,27.110289742708748,0.3520646633846076
2465.550818936005,27.1525375023149,0.3500329464216239
2468.809123436283,27.194541455885496,0.34797934372105344
2472.072468410989,27.236298977132023,0.34589935007079986
2475.340824288245,27.27780689914052,0.34379666206335047
2478.614161116142,27.31906249858812,0.34166925125090436
2481.8924486159726,27.360062808738228,0.33951131903201026
2485.175656153021,27.40080416702207,0.33733369621329296
2488.4637526530637,27.441284210567666,0.3351256126092035
2491.756706758332,27.48149928408077,0.3328880013312151
2495.0544866724217,27.521445844240514,0.33061993199072215
2498.3570601737306,27.5611202360794,0.3283196777318766
2501.66439460206,27.600518597407227,0.32598799994600525
2504.9764568337487,27.63963715740075,0.3236232069611899
2508.2932132926367,27.67847194223609,0.3212245151484182
2511.614629925705,27.7170188840539,0.3187916320252528
2514.9406721917912,27.75527387989693,0.31632397623332525
2518.271305057379,27.79323275704493,0.31381785053832506
2521.606492988224,27.83089089910953,0.3112779171852724
2524.9461998961174,27.868244249171763,0.30869774688762924
2528.290389206018,27.905287978798277,0.3060824596029763
2531.6390237634737,27.942017873950636,0.3034236518582492
2534.9920659083477,27.978428712173628,0.30073117578653313
2538.3494773538087,28.014516453268012,0.29799875349037397
2541.711219328201,28.050276303686857,0.29522539302711426
2545.0772524846434,28.08570335085011,0.2924124713881093
2548.447536886745,28.120792847416684,0.28955716375715285
2551.8220320284354,28.155539707067543,0.28666149541496744
2555.2006967932834,28.189939086517338,0.283722658097515
2558.5834894836657,28.22398580548904,0.28074085052860925
2561.9703677803245,28.25767470755247,0.2777115178472325
2565.361288745231,28.29100008969414,0.27464209234355513
2568.756208755994,28.323957140775367,0.27152894940562144
2572.155083612887,28.35654061470404,0.26837030952180774
2575.557868486652,28.38874505184666,0.2651731559148805
2578.9645178928736,28.420565830556445,0.2619332619189586
2582.3749857925404,28.45199782198672,0.25864878088041404
2585.789225531179,28.483035675692367,0.2553212910774897
2589.207189812262,28.513674230621668,0.2519513766726428
2592.6288307199366,28.543908395822385,0.24853728042203238
2596.054099727435,28.57373286947303,0.24508208214793645
2599.482947671772,28.603142719330783,0.2415835509714687
2602.9153247980917,28.63213274544736,0.23804590087385555
2606.3511807275454,28.660698253552223,0.23446708443921874
2609.7904645179715,28.688834303684928,0.2308496767428593
2613.233124634414,28.71653626489407,0.22719221747249393
2616.6791089862013,28.743799330990772,0.22349552964202674
2620.12836490592,28.770618794547815,0.21976062402611857
2623.580839161266,28.79699006943095,0.21598775088158978
2627.0364779695974,28.822908599536742,0.21218161468582905
2630.495227001542,28.848370393299042,0.2083396353730415
2633.957031448738,28.873371149543807,0.20446262392223313
2637.421835986683,28.897906664414474,0.200552039573885
2640.889584786413,28.92197290916334,0.19660891982129425
2644.360221535512,28.945565979541897,0.1926343292003664
2647.833689453057,28.968682099045942,0.1886302701054823
2651.3099313049424,28.9913177314586,0.18459816844908472
2654.7888894327175,29.01346951167249,0.18053805857270777
2658.270505774118,29.035134078701216,0.17644879220911908
2661.7547218635623,29.05630793376631,0.1723382237305991
2665.2414788156143,29.07698852061398,0.16820378761085583
2668.730717438088,29.097172975127283,0.16404754661084417
2672.2223781951034,29.116858680720583,0.15987013129704178
2675.71640123679,29.13604309647623,0.1556702374102482
2679.212726408367,29.15472352496546,0.15145216115228766
2682.711293231363,29.172897784303732,0.14721793660748916
2686.2120409654794,29.19056393669663,0.1429684883725563
2689.714908637883,29.207720155301338,0.13870294559447457
2693.2198350565195,29.224364508772673,0.13442649969235262
2696.726758797572,29.240495688735756,0.13013681345036135
2700.2356182802205,29.2561121063498,0.12583882168382302
2703.7463517329825,29.27121276495186,0.12153470565992562
2707.258897264777,29.28579692963105,0.11722242478118172
2710.7731928963326,29.299863620604793,0.11290745479395771
2714.289176530805,29.31341251518007,0.10858845446854613
2717.8067860326264,29.326443129716296,0.10426665782644305
2721.325959208192,29.33895512865547,0.0999486693825439
2724.846633823631,29.350948968981378,0.09563237090474523
2728.3687476999085,29.362424853489948,0.09132289163202047
2731.8922386823274,29.37338360048579,0.08701918418706489
2735.4170447143856,29.38382590258824,0.08272298406869313
2738.9431038226962,29.393752660676483,0.07844040845710798
2742.4703541419776,29.403165509691338,0.07416878586890839
2745.9987340031407,29.412065763995606,0.06991454273958886
2749.52818189482,29.420455509124356,0.06567574917947329
2753.058636555915,29.428336599025894,0.06145804264462922
2756.590036947798,29.43571156414325,0.05726384034530178
2760.1223223354955,29.442583224984688,0.05309343676256569
2763.6554323224937,29.448954437396196,0.04894594693344191
2767.189306854981,29.45482795102821,0.04482711174137058
2770.7238862091044,29.460207204437175,0.04073486829166184
2774.259111073637,29.465095388632175,0.03667502470676107
2777.794922520273,29.469496391596987,0.03264983296685415
2781.3312620872643,29.47341437155301,0.028657633289534454
2784.8680718118508,29.476853287547755,0.024702971791530536
2788.4052942063563,29.47981764416274,0.020780466240947603
2791.942872323656,29.482311300111654,0.01690491577262433
2795.4807496796693,29.484339890004367,0.013077669092464654
2799.0188704664697,29.485909210295464,0.009296006376800411
2802.557179571705,29.48702473106068,0.005555975600451153
2806.0956225394325,29.487691448132733,0.0018644616388181806
2809.6341455132083,29.487915183529392,-0.001777512462654405
2813.1726953352318,29.487701882033875,-0.005376921697816598
2816.7112195610757,29.487056651430137,-0.008913023667250502
2820.2496663592474,29.48598708859007,-0.012398325015782561
2823.7879848098783,29.484499289588175,-0.01582286385124798
2827.3261247246287,29.482600545926026,-0.019189856073255716
2830.86403679014,29.480297763197235,-0.02250382444044538
2834.4016725217234,29.477597304264382,-0.025757826059614932
2837.938984198235,29.474506365137227,-0.028949945216208008
2841.4759249620515,29.47103237171128,-0.032080643070411065
2845.0124488466568,29.46718269454283,-0.035151519144622015
2848.548510770002,29.462964512245478,-0.03815188611761287
2852.0840665114715,29.458386285911363,-0.041091887247959626
2855.6190728657807,29.453455259441608,-0.043970008782510325
2859.153487496914,29.448178858387706,-0.0467799671099552
2862.6872689599204,29.44256526233451,-0.04951526145822339
2866.2203767914007,29.436623430959525,-0.05218018947402634
2869.752771603116,29.430361808222642,-0.0547744737696847
2873.2844150201026,29.42378887137028,-0.057303539820738734
2876.815269684667,29.41691244659179,-0.05975616555248562
2880.345299178258,29.409741706725494,-0.06214697388225586
2883.874468183065,29.402284069859626,-0.06447082258168504
2887.402742271448,29.394547571149822,-0.06670848980386312
2890.930087979986,29.38654255237336,-0.06887200958201199
2894.4564730862708,29.378277911223517,-0.0709674613075709
2897.9818664356176,29.369761815866607,-0.07298903581356923
2901.5062378535217,29.361003131568978,-0.07493716030296195
2905.02955822931,29.35201067233262,-0.07681099428896476
2908.55179950999,29.342793353017946,-0.07861694504252785
2912.072934712352,29.333359319612843,-0.08035219669073035
2915.5929378307055,29.323717056009954,-0.0820122673351037
2919.1117838774267,29.313875583929743,-0.08359174823832394
2922.629448947498,29.303844574141145,-0.08510386889691346
2926.145910296395,29.293632109873517,-0.0865417870593962
2929.66114614958,29.28324709542639,-0.08791053271236374
2933.175135801031,29.272697831500906,-0.08920764578940962
2936.687859540811,29.26199291400618,-0.09043597625636192
2940.199298690492,29.251140596855414,-0.09160194856256859
2943.709435562115,29.240148363027906,-0.09269330150996322
2947.2182533656783,29.22902516684671,-0.09371617701972855
2950.7257363856997,29.217779225604342,-0.09467874878209136
2954.2318698927725,29.20641777575049,-0.09556256082008374
2957.7366400258625,29.194950268452082,-0.09637905036563076
2961.2400340580766,29.183384782408208,-0.09713012434810947
2964.742040231966,29.171729167486436,-0.0978227663347573
2968.242647732064,29.159990435526264,-0.09844596270997383
2971.7418465843275,29.148176920001067,-0.09900527084041351
2975.2396278147276,29.136296287500215,-0.09950226197820967
2978.7359833692276,29.12435601606283,-0.09994291143170557
2982.2309060911552,29.112362866691026,-0.100322232845396
2985.7243896351583,29.10032419874958,-0.10065125843206166
2989.216428539008,29.08824604773773,-0.10091950245142611
2992.7070180647365,29.07613570744356,-0.10113338917965373
2996.19615434963,29.063999700742,-0.10129231173817196
2999.683834313719,29.05184462333342,-0.10138701239980503
3003.170055668519,29.039678181845442,-0.10143046918643425
3006.6548170503406,29.02750652554307,-0.10142217444845582
3010.138117833406,29.015335864609256,-0.10136865302226968
3013.619958137159,29.003171626246584,-0.10127553722214429
3017.1003387323085,28.991018561779928,-0.10114862444707055
3020.579260959722,28.97888072684628,-0.10099636391814766
3024.0567266469434,28.966761163176102,-0.10081461377038321
3027.5327379865244,28.954663409523658,-0.10060128067284729
3031.0072975956673,28.942591255842917,-0.10036285192240743
3034.4804085463684,28.930547713612228,-0.10009977496884383
3037.952074272002,28.918535740615965,-0.09980336712009903
3041.422298560876,28.906559336561553,-0.09947209999301587
3044.891085681263,28.894622684562393,-0.09912895600794652
3048.3584404034104,28.882727209841438,-0.09874181971395077
3051.8243676685915,28.870878191475764,-0.09831792442041842
3055.2888730515688,28.859080040545315,-0.0978659153860774
3058.751962656434,28.847336130698984,-0.09739952614777118
3062.213642992118,28.83564818756125,-0.09688599751102206
3065.6739207746255,28.82402186785993,-0.09634303127034317
3069.132803398769,28.81246070410749,-0.09576753707484975
3072.5902986832616,28.800968599658507,-0.09516123969777737
3076.046414915221,28.789549250894773,-0.09452278069568798
3079.501160825328,28.77820651721129,-0.09386199367287326
3082.9545456073934,28.766943077970545,-0.09317149246156532
3086.40657877675,28.755762498875157,-0.0924590762317645
3089.857270276615,28.744667409727345,-0.09170882888286694
3093.3066303657824,28.7336623502614,-0.09093790862598121
3096.7546698478136,28.722749801226282,-0.09014086594602858
3100.201399823961,28.71193289731276,-0.08931787467969104
3103.6468317716385,28.7012147523512,-0.08847757571465359
3107.0909775419204,28.69059744326544,-0.08761429578414666
3110.5338492351125,28.68008372777134,-0.08673474406409386
3113.975459282445,28.66967555848365,-0.08583194075912386
3117.415820349463,28.659375725592554,-0.08492083537328207
3120.8549454365343,28.64918522534776,-0.08397941467719365
3124.292847663576,28.639107695586496,-0.08302360488854049
3127.7295405870464,28.629144862999873,-0.0820582325173404
3131.165037970606,28.619297875097793,-0.08107292025309566
3134.599353715618,28.60956912466742,-0.0800761637856253
3138.032502010578,28.599959985013143,-0.07906539058616606
3141.4644972087794,28.590472138142804,-0.07804585546285438
3144.895353865357,28.581106635487263,-0.0770227713972777
3148.3250866616154,28.57186390291959,-0.07598461985282619
3151.7537103299655,28.56274574853725,-0.07495334612651633
3155.18123981979,28.553751347002066,-0.07391086072106792
3158.60768998143,28.54488204371554,-0.07285766079695766
3162.033075826676,28.536139124419904,-0.07180538601962855
3165.4574125216063,28.52752247809755,-0.07075379011767363
3168.880715218978,28.519032023283426,-0.06970351156189107
3172.302999061772,28.510667601896,-0.0686494230634461
3175.7242791739995,28.502429671128386,-0.06759716294623025
3179.144570734535,28.494318011574837,-0.06654910819662595
3182.5638888959243,28.486332118591243,-0.06550354305732749
3185.982248750155,28.478471693424364,-0.06445739245335241
3189.399665353366,28.470736806329963,-0.06341527154670246
3192.8161537701253,28.46312697374436,-0.062381015456346466
3196.2317290069745,28.4556412518896,-0.06135451353745177
3199.6464059572013,28.448278710265104,-0.06033710928615533
3203.060199402433,28.441038257150765,-0.059330683535894824
3206.473123993291,28.43391857512646,-0.05832435279970469
3209.8851942223064,28.426919652790495,-0.05733028468623528
3213.296424580641,28.420040018628146,-0.056348776769075855
3216.7068293828765,28.413278165415857,-0.05537997060841834
3220.1164227627264,28.406632568942847,-0.05441925140421789
3223.5252186709995,28.40010225877434,-0.05347364435519314
3226.9332309420524,28.393685421451718,-0.05254340166986178
3230.3404731926266,28.387380213251333,-0.05162840353515859
3233.7469588182166,28.381184804827114,-0.050730812818446304
3237.152700994796,28.3750971072889,-0.04984155039432912
3240.5577126476705,28.369116121241582,-0.04896869362394818
3243.9620065822196,28.36323987800671,-0.04811402443947203
3247.36559536758,28.35746619507397,-0.047274681343726706
3250.7684913109892,28.351793233312726,-0.04645448770089753
3254.170706498987,28.346218694788618,-0.04564208155642637
3257.5722527423613,28.340741645001845,-0.04484758542281855
3260.9731417397616,28.335359934751107,-0.04407108544945083
3264.3733849319315,28.330071404497172,-0.04330639635997999
3267.7729935004713,28.324874636933973,-0.04257652018166337
3271.1719784569036,28.319765454512172,-0.04186160483071802
3274.570350311445,28.314742061932485,-0.04116196207380161
3277.968119358877,28.309802626483627,-0.04049700640829363
3281.3652956740552,28.304942985714632,-0.03984660475568904
3284.761888832341,28.30016139314395,-0.03924088279852273
3288.1579081995183,28.295452487208127,-0.03870124100403975
3291.553362497983,28.290808338287643,-0.038213553233716696
3294.9482594985775,28.286222711899597,-0.037780344329779704
3298.3426062240055,28.281689070580025,-0.03738394798134522
3301.7364089124753,28.277202996822265,-0.03701753356660877
3305.129673272094,28.27276089279427,-0.03667671924580354
3308.5224045792293,28.268359686484775,-0.036360514600241076
3311.9146077416076,28.263996424732746,-0.03607324226347142
3315.3062873125755,28.259667635661128,-0.035794339329029624
3318.697447428855,28.255372314941646,-0.035529805090598894
3322.0880921066478,28.251108738330775,-0.03527413480966169
3325.4782251552474,28.246875842153614,-0.03502708729829819
3328.8678502563057,28.242672591677817,-0.03477904377625698
3332.256970967307,28.238499106424666,-0.03453469476017246
3335.645590860078,28.234354943053447,-0.034305407678546514
3339.033713453244,28.230238294132022,-0.03406987356727552
3342.4213420485403,28.22614990930395,-0.03383441987842183
3345.808480037657,28.222089778918537,-0.033600351578124535
3349.195130811127,28.21805773672916,-0.03336624982115568
3352.5812977395344,28.214053786750622,-0.03313370737275719
3355.9669841939444,28.21007774186589,-0.032912952757455996
3359.3521935229683,28.206128187534997,-0.03270320354988796
3362.7369289054723,28.20220380310901,-0.032493636338100505
3366.121193361845,28.19830456674844,-0.03229831620940966
3369.504989909855,28.194428768803313,-0.03210900465407098
3372.888321362111,28.190575688244824,-0.03192416440214121
3376.2711904447006,28.186744788516567,-0.031750200924153656
3379.6535998193226,28.18293476440567,-0.03158531906479309
3383.0355519910513,28.179144526117895,-0.031426168529578816
3386.4170493341853,28.175373385894346,-0.031270339605405734
3389.7980941404926,28.171620945141697,-0.031115270822099743
3393.1786886539094,28.167887112643044,-0.03096975067501559
3396.5588351074266,28.164170742562042,-0.030821880297224644
3399.938535596534,28.160472116926375,-0.03067192766824733
3403.317792250565,28.156791485606185,-0.03052220246927844
3406.696607228838,28.15312882130987,-0.030371083890835572
3410.074982687395,28.14948429124297,-0.030217146153484413
3413.452920802344,28.14585823370455,-0.030060539974505675
3416.8304237903885,28.14225096890761,-0.029913199991021037
3420.2074939066574,28.138661384908687,-0.029761870186070623
3423.5841332728464,28.135089960486358,-0.029599592656978122
3426.960344068105,28.13153800936752,-0.029437877408739058
3430.336128629229,28.128005464078473,-0.02926648393214257
3433.711489284918,28.124493486006617,-0.029098183306907718
3437.086428503239,28.12100170400979,-0.028922967196582407
3440.46094870772,28.1175309479462,-0.02875144531720635
3443.8350524214734,28.114080774508135,-0.02856927245926269
3447.2087421144142,28.110652461813025,-0.02838632074111609
3450.582020409832,28.10724610332409,-0.028207260822069462
3453.9548899422307,28.10386123202544,-0.02801483212478208
3457.327353290074,28.100499452170467,-0.02782384111894138
3460.6994132243344,28.097160591236193,-0.027640048934668714
3464.071072495283,28.093843785364033,-0.027457569910398057
3467.4423337495264,28.090548876974786,-0.027283549467654624
3470.8131996147636,28.087274851038668,-0.027123519070011804
3474.1836725968883,28.084020028750267,-0.026982584489875533
3477.5537550003382,28.08078211861148,-0.02684999185202285
3480.9234488545717,28.077560119589236,-0.026738952925648807
3484.2927560689222,28.074351445238158,-0.026649610310975385
3487.6616782423507,28.07115349200084,-0.026587269675288027
3491.030216661391,28.067963019639805,-0.026551548112988762
3494.3983722237476,28.064776833866247,-0.02654812503337239
3497.7661454438116,28.06159105886224,-0.026585698420816307
3501.133536370875,28.058400775051744,-0.02666342578694969
3504.500544463881,28.05520116395731,-0.026785251971030072
3507.867168603556,28.051986933720787,-0.026967685837148148
3511.2334070356023,28.04875081142033,-0.027195412865372845
3514.599257132973,28.045487361876486,-0.027481007511519367
3517.9647156163983,28.042189640975103,-0.027840968557269082
3521.329778373315,28.03884872474823,-0.02824581721690077
3524.694440220285,28.035459226682203,-0.02873176163678327
3528.0586953274865,28.03201141528579,-0.029287464719169716
3531.422536697321,28.02849691951949,-0.02992241286131007
3534.7859563276634,28.024906229976132,-0.030643167311377232
3538.1489450752606,28.021229049898768,-0.03145926055523736
3541.5114925612484,28.01745393863214,-0.03237341218205161
3544.873587033884,28.013569129170296,-0.03339269317386304
3548.2352153293846,28.009562005989434,-0.03452459541391074
3551.5963627701035,28.005419054539765,-0.035772090590989736
3554.957013056648,28.001126403668845,-0.03714471730754911
3558.317148225088,27.99666903759194,-0.038655098358747864
3561.6767485095993,27.99203042578889,-0.040318765160536986
3565.0357921606937,27.987192173969625,-0.042135850378984936
3568.39425522157,27.982135871924147,-0.04408846715047504
3571.7521115262007,27.97684525586609,-0.04618462278580562
3575.109332956905,27.97130310113179,-0.04843745434486147
3578.4658893290407,27.96549060661041,-0.05084282876556184
3581.821748201834,27.95938946715854,-0.05340958643898927
3585.176874937893,27.95298031678586,-0.05614502388063198
3588.5312325759073,27.946242913920187,-0.05905001319871957
3591.884781725578,27.93915691233634,-0.06212236798291625
3595.237480555058,27.93170222817839,-0.06536745982118844
3598.5892848224394,27.92385813299985,-0.06879680235771733
3601.9401477983993,27.915602516716923,-0.07241956781111816
3605.2900201004054,27.906912168579588,-0.07624752283205631
3608.6388495606348,27.89776246583974,-0.08029010060650237
3611.9865810565357,27.88812765376696,-0.08455725177028706
3615.3331563749875,27.877980783554527,-0.0890577288135
3618.678514069014,27.867293856096907,-0.0937977413458074
3622.0225893317456,27.85603812713541,-0.09878982874842565
3625.365313907002,27.844183347685597,-0.1040344225474423
3628.7066159087244,27.831699216979903,-0.1095378634788925
3632.046419814762,27.818554673362435,-0.11529179136691708
3635.3846463755654,27.804719658398405,-0.12128824819189804
3638.7212127345733,27.790165068615376,-0.12752562916394836
3642.0560325428073,27.774861993115703,-0.13399953516627328
3645.389015981981,27.75878204889575,-0.1407037626128088
3648.720069827849,27.741897597382213,-0.14763564995290276
3652.0490975395346,27.724181319387863,-0.1547985518281957
3655.375999297861,27.70560549316848,-0.16219936050742267
3658.7006719570413,27.68614156990759,-0.16984434906385984
3662.0230089454303,27.66576024801993,-0.17774865699302525
3665.342900175193,27.644430409180767,-0.1859202668045927
3668.6602318242944,27.622119977164218,-0.19437113835595415
3671.9748862215542,27.598795440561503,-0.20310935728596502
3675.2867416744216,27.574422317687187,-0.21214195121323562
3678.595672352544,27.548965283541598,-0.221477486375736
3681.901548186569,27.52238798517651,-0.2311213267752644
3685.20423474479,27.49465342596348,-0.24107972018410898
3688.5035931559055,27.465723859541388,-0.25135723012327593
3691.7994800190504,27.435560991926597,-0.2619397514290404
3695.0917473380814,27.404128221755112,-0.2728203392770311
3698.380242724692,27.37138978104187,-0.2839984029335406
3701.664809498417,27.337309972689845,-0.29546811325988626
3704.9452866951397,27.30185379909866,-0.3072367778512127
3708.2215091510316,27.264985385756514,-0.31929960120293344
3711.4933073973225,27.226669433612162,-0.3316526761686087
3714.760507729356,27.18687111247193,-0.3442820153620302
3718.0229322628525,27.145557270628487,-0.35719874578729416
3721.280399135328,27.102693421134013,-0.37038577884298635
3724.532722345864,27.058247127672853,-0.38383369193300404
3727.7797120011846,27.012187084640892,-0.3975328955590662
3731.0211744513417,26.964483137173804,-0.4114673336089685
3734.2569124278025,26.915107057140727,-0.42562625028446666
3737.4867252746594,26.86403190710659,-0.43998388090168794
3740.710409103512,26.811233841398387,-0.45453730343691634
3743.9277571644798,26.756689364985956,-0.46926389934772783
3747.138559888278,26.70037769706423,-0.4841470716590355
3750.3426052119257,26.642280048465146,-0.49916598572311677
3753.5396788177413,26.58238013017837,-0.5143031581390991
3756.7295644333626,26.52066375120168,-0.5295239068423956
3759.9120440835068,26.457120882380593,-0.5448259242424222
3763.0868985893926,26.3917417714715,-0.5601830562262932
3766.2539076019693,26.324519804724346,-0.5755800672883489
3769.412849978536,26.255450196649743,-0.5909884174594304
3772.563504002134,26.184531586554613,-0.6063918219479532
3775.7056477925203,26.111764567920858,-0.6217608017585754
3778.839059540671,26.03715327170983,-0.6370741765694401
3781.963517933276,25.960704370521498,-0.6523055937871421
3785.078802457738,25.88242769926704,-0.6674231732659114
3788.1846937816504,25.80233691847513,-0.6824112285779697
3791.2809742118675,25.720447571045774,-0.6972461733864731
3794.367427920393,25.636778030239398,-0.7118993264266563
3797.443841284022,25.5513501110682,-0.7263598225998061
3800.51000329735,25.464186932356224,-0.7406091683370526
3803.565705729233,25.37531383215578,-0.7546251387779148
3806.6107433890916,25.28475881550243,-0.768392295664014
3809.644914446952,25.192551740022747,-0.7818920288117854
3812.668020655755,25.098724696565334,-0.7951001491276403
3815.6798676193425,25.003312678670017,-0.8079939839941641
3818.680265140783,24.906353400590717,-0.8205588223221456
3821.6690275488536,24.80788634191206,-0.8327727859970064
3824.645973909883,24.70795360759242,-0.844624519962072
3827.610928342794,24.60659866519697,-0.8560910878368944
3830.5637201826175,24.50386773465654,-0.8671590399418719
3833.5041843107765,24.399808649863516,-0.8778111513351657
3836.43216134876,24.294471311703298,-0.8880250363316473
3839.3474979061643,24.1879083073435,-0.8977887038791362
3842.2500469030456,24.080173662878003,-0.9071083533794556
3845.139667742591,23.97132066047247,-0.9159971913179711
3848.016226221848,23.861400997514313,-0.924430651174606
3850.8795943415494,23.75046931937336,-0.9323965074685777
3853.729650659874,23.63858173847713,-0.9398783410979036
3856.566280468491,23.52579633754538,-0.9468513795682999
3859.3893760289966,23.412174171997183,-0.9532974158421863
3862.1988369296364,23.29777848209612,-0.9592078166678338
3864.9945703474878,23.18267354409598,-0.9645665609869293
3867.776491172779,23.066925556777548,-0.9693631868298526
3870.5445222395924,22.950601974357966,-0.9735833750847173
3873.2985944765155,22.8337719693478,-0.9772186427160524
3876.038647112837,22.716505732221876,-0.9802639651473285
3878.7646278007037,22.598874056404195,-0.9827068696349138
3881.4764926874723,22.480949232048005,-0.9845413615089665
3884.174206595318,22.362804268666927,-0.9857619142309818
3886.8577431075582,22.24451283895921,-0.9863689018497822
3889.5270846482335,22.126148570737236,-0.9863592154559632
3892.182222476722,22.00778546488252,-0.9857320861924347
3894.823156732508,21.88949761453943,-0.9844924956569819
3897.4498964462528,21.77135851506059,-0.9826459627484865
3900.06245946806,21.653440999530773,-0.9801986164849952
3902.6608723880036,21.535817165552572,-0.9771574314144242
3905.24517044787,21.418558273782843,-0.9735283108437635
3907.8153974407237,21.30173487648159,-0.9693224811936538
3910.3716056259013,21.18541617873835,-0.9645468758669633
3912.91385556735,21.069670553634314,-0.9592125653115092
3915.442216033786,20.954565045796933,-0.9533288753704594
3917.9567638392814,20.840165580752476,-0.9469092572653717
3920.4575837089715,20.72653646988063,-0.9399700624757783
3922.9447680853573,20.61374006238354,-0.9325909172976049
3925.418416892843,20.501829152307824,-0.9247710625915811
3927.87863639112,20.390856624796836,-0.9165077687891076
3930.3255391860957,20.280875692542143,-0.9078018548893724
3932.7592442692007,20.17193946995542,-0.898652986221808
3935.1798770055952,20.064101111608803,-0.8890620757365784
3937.5875691389883,19.957413662520413,-0.8790365436837762
3939.9824587784906,19.85192927727836,-0.86858700544305
3942.364690291764,19.747698836625194,-0.8577245795660478
3944.734414152159,19.64477188707727,-0.8464536102738655
3947.0917867786084,19.543197453844407,-0.8347812251992529
3949.43697047307,19.443023706820497,-0.8227212180041541
3951.7701333178884,19.34429716066,-0.8102882537345965
3954.0914489771676,19.247062570211845,-0.7974925457958757
3956.401096485593,19.15136346471634,-0.7843438953977939
3958.699260101359,19.057242197268604,-0.7708584798951955
3960.9861291650313,18.96473917968118,-0.7570471673196658
3963.2618978665932,18.87389351960282,-0.7429230267029733
3965.5267650889455,18.78474275639846,-0.7285013962551448
3967.7809342197133,18.697322588847843,-0.713797325349608
3970.024612930375,18.61166690980589,-0.6988298147941148
3972.2580129595517,18.527807332030598,-0.6836135836865714
3974.4813498393955,18.44577370198821,-0.6681622681134385
3976.6948426836343,18.365594229814597,-0.6524921908359037
3978.898713991212,18.287295166914287,-0.6366183541814457
3981.093189411242,18.210900964412513,-0.6205582936000522
3983.2784975269715,18.13643396918051,-0.6043228255016158
3985.454869603273,18.063915230120315,-0.5879284122309267
3987.6225394308876,17.993363820652604,-0.5713885292322554
3989.781743089366,17.924797197144734,-0.554716529978323
3991.9327187530234,17.858231213547334,-0.5379251854128002
3994.075706498649,17.7936801912978,-0.521031195626777
3996.210948121605,17.731156447822585,-0.5040498409117303
3998.3386868953435,17.670670466913176,-0.48698397372156815
4000.4591673513733,17.612232390066588,-0.4698336515781337
4002.572635238181,17.55585235187721,-0.45260619931332025
4004.6793375204065,17.50153960795961,-0.43531890512719246
4006.7795222733616,17.44930133934435,-0.4179931338772096
4008.873438434083,17.399142163279084,-0.40064605463474656
4010.9613354936764,17.351064636722914,-0.38329724249279506
4013.0434632500833,17.30506896762378,-0.36596704268445446
4015.120071526198,17.261152922501644,-0.34867175389098215
4017.191409876898,17.219312312034727,-0.3314300254972158
4019.257727354342,17.17954070897506,-0.31425711568815085
4021.319272239419,17.14182985509248,-0.2971658784514661
4023.3762918220305,17.106169949678307,-0.2801719486107809
4025.429032215992,17.072549315845013,-0.26328843575823246
4027.477738133893,17.040954703554025,-0.24653064455204454
4029.5226526983197,17.01137102620778,-0.2299108946792602
4031.564017221465,16.983781718846267,-0.2134403334647674
4033.602071027726,16.958168878830495,-0.19712869338704817
4035.637051293186,16.934513435624048,-0.18099080195815984
4037.6691929054605,16.91279453938907,-0.16503118421459015
4039.6987282501873,16.892990797283318,-0.1492675553299262
4041.725887145861,16.875078690643726,-0.13370511034436294
4043.750896588738,16.859034077402402,-0.11834792100579099
4045.7739806780264,16.844832326881708,-0.10320557676182197
4047.795360557252,16.83244765767029,-0.08828703885147317
4049.8152542761723,16.82185321300811,-0.07359592859348532
4051.833876661733,16.813021701576893,-0.05914071027376013
4053.851439265922,16.805924816344042,-0.04492521551420332
4055.8681502438835,16.800533790482337,-0.030953619759936317
4057.8842142987414,16.796819356111143,-0.017229653697477625
4059.8998326214746,16.794751797667445,-0.003765195046671517
4061.9152028371946,16.794299974261843,0.009441412702144382
4063.930518834106,16.7954329437861,0.022383043930891747
4065.9459707873602,16.798118909057806,0.03505785560155076
4067.9617450564474,16.802325851729993,0.04746644006143834
4069.978024158655,16.808021824537366,0.059607210941307186
4071.9949867775995,16.815174689850323,0.07147455504328824
4074.0128077403815,16.82375163645552,0.08307305964153468
4076.0316579367563,16.833720403612503,0.09439168909748054
4078.0517043851896,16.8450474063042,0.10543061502825206
4080.0731100739463,16.85769908010759,0.11618479236773104
4082.096033963559,16.87164125519172,0.12665904275690767
4084.120630914182,16.886840340322546,0.13684549011615454
4086.147051755021,16.903261799136484,0.14674527281409308
4088.1754431709173,16.920871231874173,0.15635988497512843
4090.205947718742,16.93963441807119,0.16568393794844682
4092.238703848911,16.959516490625003,0.17471477612766598
4094.273845827786,16.980482263760322,0.18345002552003564
4096.311503699437,17.002496266822728,0.19189244406071498
4098.351803251456,17.025523360110014,0.20004095034983882
4100.394866054669,17.049528274151996,0.20789302206525012
4102.4408094475675,17.074475436799826,0.21544775471044517
4104.489746499983,17.10032916736508,0.22270615177775047
4106.541786000067,17.127053905578407,0.22966814775777497
4108.597032468737,17.15461408330934,0.23633485938145915
4110.655586158734,17.182974266435114,0.2427078430733678
4112.717543070707,17.212099207603917,0.2487898618233053
4114.782994975619,17.24195399102271,0.254576770436814
4116.8520294545415,17.27250320347513,0.2600712275880501
4118.924729838958,17.303711750785695,0.265276178511619
4121.001175249053,17.33554489220709,0.2701945598294023
4123.081440636118,17.367968239386617,0.27482440249695417
4125.165596824844,17.40094716768625,0.27916518001708496
4127.253710484966,17.4344469892883,0.2832199209102022
4129.345844123681,17.468433379797524,0.2869937102723853
4131.442056129256,17.50287262503021,0.29048587687901517
4133.54240084426,17.53773093025569,0.2936969218038792
4135.646928555891,17.572974560872158,0.29663126090221953
4137.755685503195,17.608570312180426,0.2992910420365496
4139.868713940657,17.64448523722481,0.3016845635454033
4141.9860521691235,17.68068738485026,0.3038469808602499
4144.107734655306,17.71714902255349,0.30578156207154733
4146.2337925380125,17.753842810002073,0.3074854039041286
4148.364253675213,17.79074105847057,0.3089559807411511
4150.49914260223,17.827815776159508,0.310194848028756
4152.638480495369,17.865039157922958,0.311204989824284
4154.782285194319,17.902383756701873,0.3119909050521803
4156.930571245123,17.939822665308135,0.31255714241213134
4159.08334996496,17.97732952239759,0.31290451660071755
4161.240629507647,18.014878064389677,0.31303963039169946
4163.402414875374,18.05244282003668,0.31296523198462406
4165.568708013779,18.089998647874836,0.3126843079123309
4167.739507851524,18.127520764824315,0.3122065150747162
4169.914810343303,18.16498554663328,0.3115335728128369
4172.094608608899,18.20236957537082,0.31067154768200406
4174.278892957944,18.239650161092662,0.3096245096542493
4176.467650977275,18.27680510225117,0.30840148779922427
4178.660867589546,18.313813280787077,0.3070049470033481
4180.85852518324,18.35065387442748,0.3054404782447649
4183.060603648171,18.38730673181685,0.30371448739788126
4185.267080455989,18.423752470304596,0.30183083336101424
4187.477930752426,18.459972170307918,0.29979859103225737
4189.693127412863,18.49594800123179,0.2976225322930873
4191.91264117301,18.53166270510696,0.29530598890105364
4194.136440697624,18.567099423775087,0.29285439853112855
4196.364492628477,18.602241951598824,0.2902725882576862
4198.5967616626685,18.637074662189747,0.2875626018106861
4200.833210622131,18.67158217440703,0.28472637291969366
4203.07380048306,18.705749339157393,0.2817687764203169
4205.318490403759,18.73956159232783,0.2786908976621066
4207.567237794839,18.773004500047286,0.2754956775187326
4209.819998334844,18.806063981349535,0.2721855703342196
4212.076726012606,18.83872624978964,0.2687646513478115
4214.337373162581,18.87097800795138,0.26523616821341334
4216.601890523535,18.902806348136988,0.2616041196367079
4218.870227285312,18.93419884249339,0.2578725361737717
4221.1423311464105,18.965143546834245,0.25404430844880493
4223.41814837203,18.9956288638481,0.2501260161670147
4225.697623835692,19.025643985788143,0.24612052980485138
4227.9807011139865,19.055178449364725,0.24203176642744248
4230.26732252791,19.084222261336016,0.23786264961527936
4232.557429199271,19.112765779289848,0.23362059675828262
4234.850961092786,19.140800250900842,0.22931031041320424
4237.147857122894,19.168317488150425,0.22493653228022856
4239.448055221472,19.19530987202405,0.22050282827352402
4241.751492406114,19.221770211416874,0.21601466014179677
4244.058104831484,19.24769197063389,0.21147770251205925
4246.367827867961,19.27306929493534,0.20689667645270182
4248.680596183353,19.297896896109663,0.20227728113373689
4250.996343810886,19.322170169845712,0.19762528888850428
4253.315004231267,19.34588520451233,0.19294599850279276
4255.636510455809,19.36903872433267,0.1882451934698454
4257.960795102729,19.39162814754905,0.18353023244682073
4260.287790480435,19.413651775442666,0.17880867896037922
4262.617428693488,19.43510881691791,0.17408634769994946
4264.949641751518,19.455999178641903,0.16937054890944278
4267.284361652955,19.476323644511037,0.16466732312097887
4269.6215204902965,19.496083723285555,0.15998361798959568
4271.961050537091,19.515281757444306,0.1553264008211983
4274.302884347984,19.53392092554285,0.15070120158074626
4276.646954859049,19.55200506973254,0.14611440471920817
4278.9931954674175,19.569538798298847,0.14157284833068406
4281.341540123213,19.58652754009853,0.13708135276798106
4283.691923428025,19.602977302430688,0.13264691390339423
4286.044280704316,19.618894932099096,0.1282734215904558
4288.398548096168,19.63428774268995,0.1239665871432654
4290.754662625291,19.64916373314714,0.11973247366984015
4293.112562273268,19.66353162998752,0.11557482331663775
4295.472186068866,19.67740060878552,0.1114988921791912
4297.83347414192,19.69078047584702,0.1075081838724554
4300.196367799022,19.703681457911717,0.10360561030829138
4302.560809573971,19.71611413114871,0.09979778409026266
4304.926743269709,19.728089865239543,0.09608496633478408
4307.294114053538,19.739620061199716,0.09247150079203949
4309.662868460881,19.750716641294762,0.08896179023823093
4312.032954457837,19.76139205612335,0.08555695481891364
4314.404321504572,19.77165889070162,0.08225803093579132
4316.776920571457,19.781529854413915,0.07906818744348963
4319.150704153986,19.791018036907133,0.07598803201564924
4321.525626318415,19.80013660074901,0.07301994969186168
4323.901642710504,19.808898994712035,0.07016080993981497
4326.27871058987,19.81731829190481,0.06741237097305497
4328.656788784898,19.825407776421578,0.06477375617597216
4331.035837718068,19.833180627162694,0.06224373763368353
4333.415819393328,19.840649875678736,0.05982371701427805
4335.79669737841,19.84782872172045,0.05750862466318173
4338.178436825016,19.854729756680033,0.05530008317946934
4340.561004395818,19.86136576666157,0.05319239889187313
4342.944368287817,19.867748854528596,0.05118658935457341
4345.32849815036,19.873891245251144,0.049280923953843356
4347.71336509979,19.879804956125607,0.04746899433385436
4350.098941694525,19.88550123544567,0.04574842793022358
4352.485201842778,19.890991046797296,0.04412102331909152
4354.872120768394,19.896285569595587,0.04257573461142035
4357.259675036746,19.90139465774896,0.04111523972054527
4359.647842395675,19.906328486515424,0.03973744359844827
4362.036601814057,19.91109697974724,0.03843524136637303
4364.425933451626,19.915709208711203,0.03720642753448931
4366.815818556672,19.920173980015342,0.036044538606735746
4369.206239434274,19.92449932464815,0.03494773931985281
4371.597179353232,19.92869305336653,0.03391478263511445
4373.988622519636,19.932762827282744,0.032938586171234185
4376.38055405891,19.936715457623293,0.03201859859100394
4378.772959913825,19.940557689454213,0.03113787580283738
4381.165826836559,19.944294234550554,0.03031759960902204
4383.559142144705,19.947932346503638,0.029540335240412743
4385.952894026285,19.951477186732486,0.0287996374457368
4388.347071288693,19.954933143225976,0.02809162226678146
4390.74166326588,19.95830413789799,0.02741581895744738
4393.136659762427,19.961594036172883,0.02676704933355374
4395.532051046768,19.96480608209291,0.026147465920057195
4397.927827776619,19.967943778003317,0.025546182641774356
4400.323981029979,19.97100931992033,0.02496683218711187
4402.72050214837,19.974005339782785,0.024404060292514955
4405.117382789143,19.976933827017888,0.02385312483167764
4407.5146148483855,19.97979620199769,0.02331212746530213
4409.912190392625,19.982593657293528,0.022778632499770055
4412.3101016315,19.9853270931935,0.022249547711774207
4414.708340882684,19.987997038918913,0.021720794418271627
4417.106900527354,19.990603534249104,0.02119268204264578
4419.505772951464,19.993146656094222,0.020663245281869132
4421.904950550195,19.995626245528047,0.020123207567631307
4424.304425699659,19.998041030436163,0.019579709419761105
4426.704190623312,20.000390595566532,0.019030988733986894
4429.104237494779,20.002674314214612,0.018470037751614925
4431.504558412485,20.004890718744807,0.01789821055841215
4433.905145298734,20.007038504011817,0.017313520433660533
4436.305989919216,20.009116126463855,0.016716941769549153
4438.707083854391,20.0111221594762,0.016101727742062755
4441.108418513529,20.01305436680525,0.015462905134838386
4443.509985037545,20.01490991542143,0.014809105127245268
4445.911774227396,20.0166870080367,0.014143441643215154
4448.31377666836,20.018384221033887,0.013450562149106546
4450.715982774885,20.01999828849178,0.012743265152490926
4453.118382569503,20.02152748031008,0.012015044210588523
4455.520965867141,20.02296928561535,0.01126097567297549
4457.923722181415,20.024320602696108,0.010483668977466162
4460.326640653738,20.025578642973404,0.009681218270435384
4462.7297100908945,20.026740389165855,0.008849694530539411
4465.132918937595,20.02780235250952,0.007984804548281248
4467.536255219896,20.028760529055315,0.007092163485917314
4469.939706483382,20.029611588673625,0.006162418724561836
4472.343259874023,20.03035107892057,0.005211354081360864
4474.746902003493,20.030976441410335,0.004229064525398201
4477.150619176463,20.03148392915338,0.003219756862568872
4479.554397247961,20.03187029997689,0.0021772899461651343
4481.958221683958,20.032131574770432,0.0010993372646240156
4484.362077472931,20.032263495242187,-4.541701862402336e-06
4486.76594909236,20.032262950237964,-0.0011427589656122518
4489.169820646388,20.03212581916209,-0.0023156748751410796
4491.5736757446875,20.031847938177073,-0.003518923536312282
4493.977497497269,20.031425667352714,-0.004741627056407265
4496.381268577351,20.030856672105944,-0.005993171870120233
4498.784971378003,20.03013749148153,-0.007261403801307681
4501.188587876981,20.029266123025373,-0.008544341046776845
4503.5920998117435,20.02824080209976,-0.009831657930382291
4505.995488707996,20.027061003148113,-0.011131463451762923
4508.398736028374,20.0257252275339,-0.012425288414852537
4510.801823055677,20.02423419292412,-0.01372077910099762
4513.2047311588285,20.022587699432,-0.015000613325882707
4515.6074416827605,20.02078762583289,-0.01626499108456305
4518.00993619786,20.018835826902745,-0.017507270691468055
4520.412196497088,20.016734954419768,-0.01871893574031969
4522.814204691618,20.014488682130928,-0.019894196121389728
4525.215943333474,20.012101378596363,-0.021028497486078733
4527.617395498905,20.009577958898035,-0.022117152243640203
4530.018544853973,20.0069239006288,-0.023157774184679167
4532.419375722049,20.00414496772664,-0.024145255784148764
4534.8198731181765,20.00124753703254,-0.025079373151779896
4537.22002282262,19.998238012254326,-0.025949922931955784
4539.619811384091,19.99512402150249,-0.026757240718692312
4542.0192262666715,19.99191315261625,-0.02750046408808287
4544.418255844986,19.98861309692568,-0.028172481121382046
4546.8168894166165,19.985232399191112,-0.028777099184687994
4549.2151173045195,19.98177914728895,-0.029315199612908172
4551.612930802195,19.978261323335403,-0.029790106498285413
4554.010322160995,19.974686510555607,-0.030196070595679008
4556.407284542262,19.971062982084124,-0.030528444934077092
4558.803812100112,19.967399568692034,-0.03079982895095367
4561.199900048355,19.96370358921792,-0.030997704233393358
4563.595544479061,19.959983864709915,-0.031136046299705834
4565.9907425428255,19.95624753915395,-0.031213459555567355
4568.385492247524,19.952501924007283,-0.031226130891190723
4570.7797924784045,19.94875478830034,-0.03118083553179234
4573.173643053001,19.945013088036525,-0.031073229612229587
4575.567044623565,19.94128430048306,-0.030920009665292986
4577.959998739623,19.937573899323223,-0.030712584633758047
4580.352507607542,19.933888389167173,-0.03046528191733974
4582.744574214242,19.930232555337092,-0.03017543734442005
4585.136202120882,19.92661150285576,-0.029850507510961344
4587.527395501225,19.923029441954444,-0.02948820478069282
4589.91815903426,19.91949085738076,-0.029095743967768362
4592.308497937145,19.91599936810463,-0.028679493466825745
4594.6984178613175,19.91255782888861,-0.02823876609769397
4597.087924800784,19.909169176956887,-0.027786282655753534
4599.477025102019,19.905834823038198,-0.027322740558577672
4601.865725280783,19.902556094171167,-0.026850349124433178
4604.254032012084,19.899334052276235,-0.026375803112046063
4606.641952098357,19.896168955902787,-0.02589583650245676
4609.029492373065,19.893061455522492,-0.025424157848967545
4611.416659747728,19.890010556580616,-0.024957846550475175
4613.803461014518,19.88701561499456,-0.02449226651063695
4616.189902888317,19.884076543013283,-0.02404147022860502
4618.575992073479,19.88119156658585,-0.02359286872668349
4620.961735061469,19.87836042233865,-0.02315835951183702
4623.34713831215,19.87558141919723,-0.02273676268149538
4625.732208082453,19.87285300767545,-0.02232184513385938
4628.116950443375,19.870174386259386,-0.021920599054795514
4630.501371369725,19.86754391437281,-0.021528377384670287
4632.88547663945,19.86496050908665,-0.02114989268711481
4635.26927190054,19.862422521964195,-0.02078181853493702
4637.652762603176,19.859928703740003,-0.020420108601301924
4640.035954047625,19.857478290707846,-0.02007191040116669
4642.41885144251,19.855069661459705,-0.019730273639137434
4644.801459801884,19.852702028623007,-0.019402825944829498
4647.183784045319,19.850373689509627,-0.019084544325999715
4649.56582888806,19.84808354419051,-0.018780308828553166
4651.947598913363,19.845829907131083,-0.018486908924430428
4654.3290985022195,19.84361147806015,-0.01820566111872029
4656.710331879587,19.841426798725905,-0.01793577353153854
4659.091303095434,19.83927450590212,-0.017671288063597884
4661.472016036143,19.83715395133449,-0.017417173442406043
4663.852474510303,19.8350638905214,-0.017177746414650908
4666.232682177166,19.83300256095164,-0.01694674711415176
4668.61264248448,19.830968951297944,-0.016729705876235946
4670.992358758635,19.828961386592795,-0.016527497336317084
4673.371834125027,19.826978086912437,-0.016336245340761148
4675.751071495456,19.825017737471544,-0.016158103627713725
4678.130073623953,19.823078765036218,-0.01598827445849689
4680.508843075757,19.821160172101198,-0.01582972713571689
4682.887382296409,19.819260604844914,-0.015677366731127955
4685.26569356899,19.81737932083718,-0.01553337464194925
4687.643779087491,19.815515315880145,-0.015400659780959707
4690.021640925396,19.81366723670643,-0.015275298807005023
4692.399280993801,19.81183420084959,-0.015158192619873525
4694.776701097903,19.810015217735202,-0.015051760157787801
4697.153902924031,19.808209006516268,-0.014944321966319434
4699.530888004813,19.80641568788031,-0.014844767926785931
4701.907657887359,19.804634315729096,-0.014748690026689522
4704.284214005246,19.802864472925894,-0.014657784847077688
4706.660557741998,19.801105538744245,-0.014567813736351833
4709.036690406647,19.799357401095882,-0.014481655219554026
4711.412613294779,19.797619602469535,-0.014400149571811556
4713.788327647075,19.795891584520916,-0.014326843175484988
4716.163834637217,19.794172363339857,-0.014260683830931306
4718.539135320818,19.792461081280145,-0.014205679755911181
4720.914230650572,19.790756399709437,-0.014168783275095494
4723.289121418537,19.789056145716426,-0.014142977077287316
4725.663808156023,19.78735898846715,-0.014128280587834299
4728.0382912346395,19.78566359479661,-0.014125383611498798
4730.412570866015,19.78396854876323,-0.014141916326883672
4732.786647091866,19.782271518804006,-0.014169874655271416
4735.160519674123,19.780571133845374,-0.014209545679940244
4737.534188210185,19.77886598836378,-0.014261414706101164
4739.907652128789,19.77715461859905,-0.014323750719544373
4742.280910683021,19.775435768512704,-0.014397238286022728
4744.653962975242,19.77370809991838,-0.014480623500467363
4747.026807947233,19.771970425098324,-0.014574074678006402
4749.399444398245,19.77022153613696,-0.014684042186104753
4751.771870982581,19.76845945107463,-0.014802017813352606
4754.14408611671,19.766683208937028,-0.014926262905933149
4756.516088101783,19.764892057388316,-0.01505635150376075
4758.887875148669,19.763085295207865,-0.015197927533822608
4761.259445384094,19.761261543903807,-0.015343387331961849
4763.630796769362,19.759420337423972,-0.015491540227691029
4766.0019272098525,19.75756135259665,-0.015642785945929646
4768.372834572164,19.75568421828314,-0.015796646708444582
4770.743516678358,19.753788620678126,-0.015950795855368648
4773.11397131284,19.75187452517548,-0.016105956252327844
4775.48419625586,19.749941810425202,-0.016260316800512188
4777.854189273111,19.74799057240914,-0.016420737633138623
4780.2239481418,19.746020083893164,-0.016578702810830317
4782.5934705518675,19.744030639555863,-0.01673742073950617
4784.962754228614,19.74202214906712,-0.016891900319681033
4787.331796886502,19.73999512102876,-0.017040056099088395
4789.700596301026,19.737950314296867,-0.01718164523335169
4792.069150338742,19.735888516868865,-0.017315808971985754
4794.437456960766,19.733810619792227,-0.017442430202609466
4796.805514235141,19.731717528167913,-0.01756254991444564
4799.173320338521,19.72961002217818,-0.017674825114459652
4801.540873541182,19.727489043164443,-0.01777917493819769
4803.908172226362,19.725355542171858,-0.017874551795274675
4806.275214891422,19.723210595956424,-0.017961754103020245
4808.642000162937,19.72105518546406,-0.018040810644387922
4811.008526785193,19.718890288186735,-0.01811045688406127
4813.374793619775,19.71671703336065,-0.01817069349195937
4815.7407996637785,19.714536550141613,-0.018221567583680383
4818.106544049795,19.71234996203157,-0.018263757754233743
4820.472026045239,19.71015831110106,-0.0182952723645311
4822.83724504257,19.707962878417316,-0.0183167819732195
4825.202200587981,19.70576486458053,-0.018328226640591156
4827.56689237173,19.70356547738366,-0.018330043140954766
4829.931320229016,19.701365872206743,-0.01832161831678874
4832.2954841336805,19.69916727800873,-0.0183073702645569
4834.6593842070415,19.696970393576983,-0.018286820500675434
4837.023020654271,19.6947759751169,-0.018255282982991877
4839.386393771285,19.692585341158942,-0.01821161976213658
4841.749504012224,19.690399946787487,-0.018161002490294002
4844.112352005838,19.68822062648865,-0.01810296489728163
4846.474938481017,19.686048270700976,-0.01803406700291148
4848.8372642735,19.683884182660627,-0.017953256317723213
4851.19933037542,19.6817297919025,-0.017861570183097326
4853.561137950448,19.67958640348053,-0.017758785800654906
4855.922688318866,19.677455349184452,-0.01765115427467845
4858.283982960768,19.67533721067149,-0.017534163602770426
4860.645023426049,19.673233111039156,-0.017408416352455828
4863.005811399374,19.671144101076862,-0.01727871865685085
4865.366348691503,19.66907065483804,-0.017139700836762656
4867.726637170083,19.66701389073763,-0.016996427800341708
4870.086678836972,19.664974319401587,-0.01684999088618245
4872.4464757553005,19.662952320495243,-0.016695211549842368
4874.80603003376,19.66094889510926,-0.01653753328446543
4877.165343901173,19.658964391115124,-0.01637637149590381
4879.524419628107,19.656999226535614,-0.01620820284988961
4881.8832595352915,19.65505424219363,-0.016037817028563068
4884.2418660443545,19.6531297041502,-0.015864903378263025
4886.600241608852,19.651225915744806,-0.01568499663697748
4888.958388718742,19.64934371614837,-0.01549903644823493
4891.31630996468,19.64748383177458,-0.015308340721485372
4893.674008024493,19.645646830888,-0.015116213645460824
4896.031485644199,19.643832885250546,-0.014923119569585256
4898.38874559043,19.642042110902196,-0.014729428960129817
4900.745790643738,19.64027457942698,-0.01453500555095052
4903.102623593269,19.638530378760866,-0.014340230983620998
4905.45924723872,19.63680955104283,-0.014152136209457124
4907.815664384845,19.635111294697694,-0.014000960858465404
4910.171877740209,19.633431179394677,-0.013872417043816476
4912.527889481737,19.63176648934942,-0.013761783201561791
4914.883701460459,19.630115075365232,-0.013665365366184026
4917.239315269502,19.62847523152129,-0.013578141290185539
4919.594732297285,19.62684585456647,-0.013497446039445467
4921.949953799834,19.625226161041734,-0.013422455340822044
4924.304980939159,19.623615466400835,-0.013351185198648585
4926.659814795127,19.622013324176997,-0.013285756998540597
4929.0144563940285,19.62041903333717,-0.013215840260028814
4931.368906678029,19.61883313250597,-0.013142476389758835
4933.723166653929,19.6172560353392,-0.013061892560531675
4936.07723737817,19.615688608231935,-0.012976243540354034
4938.431120011158,19.61413145900709,-0.012883485940651512
4940.784815786239,19.61258544069421,-0.012780226245274294
4943.138326039122,19.61105181354478,-0.012667312521028831
4945.491652256747,19.609531736042257,-0.012542365503115282
4947.844796065073,19.608026652181884,-0.012402708803453368
4950.197759263335,19.60653832712547,-0.01225221071239272
4952.55054386259,19.605068061839983,-0.01208921693254632
4954.9031520300105,19.603617355808076,-0.011919662641015617
4957.2555861127075,19.602186996291156,-0.011737805986076462
4959.607848552262,19.600778459572826,-0.011545667672672757
4961.9599419674105,19.599392979452105,-0.011344719395730696
4964.311869124945,19.59803161312462,-0.011136033373876088
4966.663632918519,19.596695289119754,-0.010917664955264257
4969.015236353213,19.595385169325123,-0.010686158796955517
4971.366682573533,19.594102830269488,-0.010443972013860218
4973.717974913165,19.592849553627826,-0.010191235735909738
4976.0691168596,19.591626605339517,-0.009928186710656702
4978.420112052241,19.59043522293424,-0.009653486797500868
4980.770964278993,19.58927680451854,-0.009371806284552671
4983.121677495536,19.588152187764393,-0.009081775479171455
4985.472255758067,19.587062374706893,-0.008788196677948524
4987.822703243032,19.586007791105537,-0.008484876498452015
4990.173024177965,19.584989605925724,-0.008178683542955301
4992.523222930676,19.58400816390057,-0.00786894219062707
4994.873303910344,19.583063890837696,-0.0075577072425161125
4997.223271577244,19.582156965968593,-0.007242980197000583
4999.5731304131605,19.581287808344953,-0.00692628347657827
5001.9228849501615,19.580456654327765,-0.006609050384430137
5004.272539748681,19.579663568281635,-0.006294588150563786
5006.622099376875,19.578908217703567,-0.005982504337298988
5008.971568362999,19.57819031718309,-0.005676484248325168
5011.320951201062,19.577509139073292,-0.005373905822443094
5013.67025229775,19.5768642703746,-0.005073101545638351
5016.019476010195,19.576255498189123,-0.0047765363018149685
5018.368626669978,19.575682313832907,-0.004485495998238249
5020.717708547638,19.575144054313117,-0.004200701996317541
5023.0667258341555,19.57463997007356,-0.0039229797930870666
5025.415682630564,19.57416921249839,-0.00365101774579143
5027.7645829360645,19.573731090368895,-0.003386875582017469
5030.113430666909,19.573324665299054,-0.0031311903872319404
5032.462229626745,19.572948922452586,-0.0028850595133110496
5034.810983497439,19.57260271531099,-0.0026493785187247693
5037.159695823277,19.57228478988874,-0.002424173060250813
5039.508369998063,19.57199388912151,-0.002210383406490956
5041.857009264758,19.57172864311273,-0.00200765864150345
5044.205616701931,19.57148772407575,-0.001816255835125533
5046.55419522882,19.571269773375537,-0.0016358239206416029
5048.902747601625,19.57107347450506,-0.0014669298631119687
5051.251276418566,19.570897442921485,-0.0013097027669002554
5053.599784111716,19.570740278589458,-0.0011632736179904273
5055.9482729451465,19.5706006857553,-0.001027127341896243
5058.296745027437,19.57047743047427,-0.0009016445710110725
5060.645202319094,19.57036923312575,-0.0007858256362855028
5062.993646627069,19.570274934049394,-0.0006797306224906951
5065.342079619155,19.570193366374696,-0.0005823301720926492
5067.6905028231195,19.570123486754046,-0.0004934112709657973
5070.03891764153,19.57006427740153,-0.00041240019050625
5072.387325354818,19.57001478937867,-0.00034073046167852275
5074.735727129543,19.56997390172327,-0.0002739340845303521
5077.08412399775,19.569941029633124,-0.00021403602596377388
5079.432516921306,19.569915345310008,-0.0001604473295363888
5081.780906762743,19.569896091630465,-0.00011328498582502911
5084.129294293739,19.569882497432165,-7.147092949644866e-05
5086.47768019343,19.569873920920624,-3.556893634313606e-05
5088.826065063941,19.569869652648265,-4.789441476310241e-06
5091.174449422259,19.56986907791529,2.1271095389775573e-05
5093.52283371161,19.569871630446737,4.334687706941486e-05
5095.871218307263,19.569876832071987,6.169568603930736e-05
5098.219603527112,19.569884235554312,7.679970751075847e-05
5100.567989635379,19.569893451519214,8.896311683022831e-05
5102.916376849561,19.569904127093235,9.898433141484591e-05
5105.264765344812,19.569916005213006,0.00010662657829588959
5107.613155265438,19.5699288004024,0.00011227693510973797
5109.961546721486,19.569942273634613,0.00011688544531760324
5112.309939794322,19.56995629988805,0.00012043023448009314
5114.658334550309,19.569970751516188,0.0001231366131972158
5117.00673104049,19.569985527909772,0.00012487759568578823
5119.355129303839,19.570000513221252,0.00012616806842444297
5121.703529365425,19.570015653389465,0.00012739383055035734
5124.051931243832,19.57003094064913,0.00012858150593171024
5126.40033495671,19.570046370429843,0.00012973879462802656
5128.748740521161,19.5700619390852,0.00013086579272638893
5131.097147953851,19.570077642980326,0.00013360826185513915
5133.4455572710085,19.570093675971748,0.00013683009023379516
5135.7939685121255,19.570110095582574,0.00014161192095935374
5138.1423817235955,19.570127089013088,0.00014837886236707828
5140.490796974277,19.57014489447657,0.00015479157378514203
5142.839214361615,19.570163469465424,0.00016291753157863568
5145.187633977951,19.570183019569214,0.0001707065167043358
5147.536055940299,19.57020350435122,0.00017826064249178728
5149.884480360821,19.570224895628318,0.00018571837238398815
5152.232907348296,19.570247181833004,0.00019521826091049418
5154.581337010116,19.570270608024313,0.0002043798683495434
5156.929769483078,19.570295133608514,0.00021355278923060778
5159.278204899111,19.570320759943222,0.00022221181490510966
5161.626643390305,19.57034742536101,0.00023259980759590137
5163.975085081348,19.57037533733792,0.00024236756443707272
5166.323530121828,19.570404421445655,0.00025152371286050324
5168.671978652402,19.570434604291197,0.00026188837283428097
5171.020430804917,19.570466030895936,0.00027159795245532635
5173.368886728625,19.57049862265023,0.00028012705424075655
5175.717346563342,19.57053223789674,0.00028960188983867964
5178.06581043189,19.57056699012352,0.0002979979745713715
5180.414278470705,19.570602749880468,0.00030717766722925877
5182.76275080069,19.570639611200537,0.0003168927562433759
5185.111227554034,19.570677638331286,0.0003249049288689159
5187.459708870633,19.57071662692275,0.00033148678492214896
5189.808194865864,19.57075640533694,0.000336584681494943
5192.156685634504,19.57079679549872,0.0
