position,velocity,acceleration
-651.3902571535776,19.444444444444443,1.4929946168251719e-15
-649.0569238202443,19.444444444444443,0.001140029305750863
-646.7235904869109,19.444581247961132,0.002233262130882409
-644.3902407371555,19.444849239416836,0.0032800647624514788
-642.0568588284254,19.44524284718833,0.004280846633060859
-639.7234296867629,19.445756548784296,0.005236060462951635
-637.3899389009088,19.44638487603985,0.00614620214796823
-635.0563727157839,19.447122420297607,0.00701181041268585
-632.7227180253482,19.447963837547128,0.007833466246674274
-630.3889623648425,19.44890385349673,0.008611792141425528
-628.055093902423,19.4499372685537,0.009347451144596826
-625.7211014301965,19.451058962691054,0.010041145747388751
-623.3869743546736,19.45226390018074,0.010693616620468941
-621.052702686652,19.453547134175196,0.01130564121289049
-618.7182770305509,19.454903811120744,0.011878032228087832
-616.3836885732164,19.456329174988113,0.012411635990412014
-614.0489290722179,19.457818571306962,0.012907330714828219
-611.7139908436611,19.45936745099274,0.013366024692327972
-609.378866749542,19.460971373955818,0.013788654402545918
-607.0435501846673,19.462626012484122,0.01417618256500151
-604.7080350631692,19.464327154391924,0.014529596139481413
-602.3723158046422,19.46607070592866,0.01484990428599801
-600.0363873199308,19.467852694442982,0.015138136293724538
-597.7002449965976,19.469669270798228,0.015395339488466525
-595.3638846841018,19.471516711536843,0.015622577127201744
-593.0273026787173,19.473391420792108,0.015820926288033266
-590.6904957082222,19.475289931946673,0.01599147576339981
-588.3534609163886,19.477208909038282,0.01613532396388932
-586.0161958473041,19.47914514791395,0.016253576839617433
-583.6786984295544,19.481095577134706,0.01634734582555357
-581.3409669602983,19.48305725863377,0.016417745816996763
-579.0030000892622,19.48502738813181,0.016465893180667966
-576.6647968026864,19.487003295313492,0.016492903806795273
-574.3263564072488,19.488982443770308,0.016499891206726736
-571.9876785139963,19.490962430715115,0.01648796466077564
-569.6487630223105,19.49294098647441,0.016458227420079973
-567.3096101039336,19.49491597376482,0.016411774966171234
-564.9702201870817,19.49688538676076,0.016349693331432928
-562.6305939406705,19.49884734996053,0.01627305748341207
-560.2907322586752,19.500800116858542,0.016182929775456135
-557.9506362446522,19.502742068431598,0.016080358465797827
-555.6103071964404,19.504671711447493,0.015966376307065485
-553.2697465910667,19.50658767660434,0.01584199920755789
-550.9289560698742,19.508488716509248,0.015708224965690312
-548.5879374238931,19.51037370350513,0.01556603207834316
-546.2466925794724,19.51224162735453,0.015416378623901949
-543.9052235841899,19.5140915927894,0.015260201220244516
-541.5635325930551,19.515922816935827,0.0150984140577907
-539.2216218550228,19.51773462662276,0.014931908007537869
-536.8794936998281,19.519526455583666,0.01476154980359198
-534.537150525158,19.5212978415601,0.06934206977033544
-532.1945947841708,19.52961888993254,0.02827185591967885
-529.8510405173789,19.5330115126429,0.014840058063235918
-527.5070791358618,19.53479231961049,0.007505562724538794
-525.1629040575085,19.535692987137434,-0.0003199814213922643
-522.818620899052,19.535654589366867,-0.007225711770459571
-520.474342348328,19.534787503954412,-0.012962423777550894
-518.1301678478535,19.533232013101106,-0.017949501267539594
-515.7861800062814,19.531078072949,-0.021456473879262503
-513.4424506375275,19.52850329608349,-0.024473064819266983
-511.09903024199747,19.525566528305177,-0.025036148157631888
-508.75596225860085,19.522562190526262,-0.027105032870580578
-506.4132547957377,19.51930958658179,-0.026249181409346848
-504.0709376453479,19.51615968481267,-0.026426265105017003
-501.72899848317036,19.51298853300007,-0.02374814560473581
-499.38743985921036,19.5101387555275,-0.021919586387847897
-497.0462232085471,19.50750840516096,-0.02277400097001522
-494.70532219992776,19.504775525044558,-0.022294824631094657
-492.3647491369224,19.502100146088825,-0.020022591706297548
-490.02449711939175,19.49969743508407,-0.019630624210913293
-487.6845334271817,19.49734176017876,-0.019360860869201888
-485.34485241596025,19.495018456874455,-0.01653358178148691
-483.0054502011353,19.493034427060675,-0.014579136263442993
-480.66628606988803,19.49128493070906,-0.01100024108670346
-478.3273318782029,19.489964901778656,-0.007937412054375936
-475.9885360899895,19.48901241233213,-0.00606059582591318
-473.6498546005096,19.48828514083302,-0.0030736244950207905
-471.3112603836097,19.48791630589362,-0.0011150831477452884
-468.97271042690244,19.48778249591589,0.000349824646124343
-466.6341765273925,19.487824474873424,0.0034475387542706086
-464.2956375904077,19.488238179523936,0.0050086199203026715
-461.95704900886483,19.48883921391437,0.008341542886856694
-459.6183883031951,19.489840199060794,0.011639404278021941
-457.2796074793078,19.491236927574157,0.014068089063829396
-454.9406590479989,19.492925098261818,0.018756661071468873
-452.60150803620746,19.495175897590393,0.022044995425719284
-450.2620869284966,19.49782129704148,0.024200632275471562
-447.9223483728516,19.500725372914538,0.025404856767930462
-445.5822613281019,19.50377395572669,0.029225672975160814
-443.24180845341465,19.507281036483707,0.031546922494960966
-440.9009347290366,19.5110666671831,0.039068664073000144
-438.5596067289746,19.515754906871862,0.0382029817871969
-436.21771614014995,19.520339264686324,0.03983377008838245
-433.87527542838757,19.52511931709693,0.04328695871020829
-431.5322611103359,19.530313752142156,0.0425391057426615
-429.1886234600789,19.535418444831276,0.04511301690823599
-426.8443732466991,19.540832006860263,0.04695157756784705
-424.49947340587585,19.546466196168407,0.04710672303357728
-422.15389746233564,19.552119002932436,0.04633367422379476
-419.80764318198374,19.55767904383929,0.04591681065047428
-417.460721696723,19.563189061117345,0.04439264776881771
-415.11313900938893,19.568516178849602,0.0434243729446952
-412.764917067927,19.573727103602966,0.04470612445201219
-410.41606981549467,19.579091838537206,0.04558882646693524
-408.0665787948702,19.58456249771324,0.04598418270757828
-405.7164312951446,19.59008059963815,0.04768601730356404
-403.365621623188,19.595802921714576,0.04776764095012489
-401.01412527258225,19.60153503862859,0.048446258015998105
-398.6619410679468,19.60734858959051,0.0498138939688959
-396.309059237196,19.613326256866777,0.050527951514220674
-393.95546008637194,19.619389611048483,0.05039376142754702
-391.6011333330461,19.62543686241979,0.05178264639672675
-389.24608090955576,19.631650779987396,0.051430734814438384
-386.8902828159573,19.63782246816513,0.051483331301859565
-384.53374411977745,19.64400046792135,0.05194483492842229
-382.1764640636269,19.650233848112762,0.05085340061956629
-379.81843600185334,19.65633625618711,0.05045291262743
-377.4596756511109,19.662390605702402,0.05035753690485178
-375.1001887784266,19.668433510130985,0.049134463861905925
-372.7399767572109,19.674329645794412,0.049127953223727
-370.3790571997156,19.68022500018126,0.048758157646279714
-368.0174301996938,19.686075979098813,0.048249490323687604
-365.65510108220195,19.691865917937655,0.04850055606611463
-363.29207717204946,19.69768598466559,0.04752583485084724
-360.9283548538896,19.703389084847693,0.04763426419350575
-358.56394816370783,19.709105196550915,0.04747788017474624
-356.1988555401217,19.714802542171885,0.0473784228271906
-353.83307923506106,19.72048795291115,0.04666051830549119
-351.46662068071174,19.726087215107807,0.04705844878591131
-349.0994902148988,19.731734228962114,0.04645765495836871
-346.73168210742335,19.73730914755712,0.04750207083353772
-344.3632050097165,19.743009396057143,0.04807973284750846
-341.99404388218966,19.748778963998845,0.04801232196786154
-339.6241904065098,19.754540442634987,0.049455676725302454
-337.2536455533936,19.760475123842024,0.049157222088763525
-334.88238853853255,19.766373990492674,0.04981508410518129
-332.51042365967345,19.772351800585295,0.05077906702459565
-330.1377414436032,19.778445288628244,0.05170701611519988
-327.7643280089678,19.784650130562067,0.05270196164133967
-325.3901699933004,19.790974365959027,0.05398218847695252
-323.0152530693853,19.79745222857626,0.05485784571469592
-320.6395588019562,19.804035170062026,0.05533050491181331
-318.2630745815487,19.810674830651443,0.056547116287662985
-315.88579360187055,19.817460484605963,0.05788218579524085
-313.50769834371783,19.82440634690139,0.05868497385648462
-311.12876958208966,19.831448543764168,0.06045242752992727
-308.748995756838,19.83870283506776,0.06164864485968618
-306.3683514166299,19.846100672450923,0.062668987515533
-303.98681933593576,19.853620950952788,0.0644160066186395
-301.60438482182144,19.861350871747025,0.06620193920654767
-299.2210227172118,19.869295104451812,0.06763245280038487
-296.8367073046776,19.87741099878786,0.07010148405505606
-294.451417984823,19.885823176874467,0.07218240494960584
-292.0651192035981,19.89448506546842,0.07397688941742475
-289.6777809957419,19.903362292198512,0.07663601744958946
-287.2893775206781,19.91255861429246,0.07856023042552782
-284.899870486963,19.921985841943524,0.08058916592977668
-282.50923218592976,19.931656541855098,0.0831333683049423
-280.11743340090715,19.94163254605169,0.08496864392586474
-277.7244374953809,19.951828783322792,0.08695014110290239
-275.3302180413822,19.96226280025514,0.08923321813812446
-272.93474650535154,19.972970786431713,0.09083382038987453
-270.53799001097974,19.9838708448785,0.09293407647964831
-268.1399255095943,19.995022934056056,0.09457895047432634
-265.7405227575076,20.006372408112977,0.09630872865571687
-263.3397580685341,20.017929455551663,0.09797685545028106
-260.9376065338679,20.029686678205696,0.099747679634088
-258.5340441324832,20.041656399761788,0.10122468430073091
-256.1290453645118,20.053803361877875,0.102893237130919
-253.72258896108644,20.066150550333585,0.1043475431382176
-251.3146508950464,20.07867225551017,0.10565628911940873
-248.9052102243852,20.091351010204498,0.10724749591079077
-246.49424810316066,20.104220709713793,0.10826347023780201
-244.081741617995,20.11721232614233,0.10969340088415246
-241.66767613885793,20.13037553424843,0.11067744030329568
-239.25203107474812,20.143656827084826,0.11160454050354265
-236.83479225549794,20.157049371945252,0.11248688486350382
-234.41594633086453,20.170547798128872,0.11323279677402344
-231.99548059508908,20.184135733741755,0.11395454110008747
-229.57338430704007,20.197810278673764,0.1145687168509865
-227.14964707359923,20.21155852469588,0.11514841591217123
-224.72426005063573,20.225376334605343,0.11537480900762055
-222.2972148904831,20.239221311686258,0.11547565375010589
-219.86850833308074,20.25307839013627,0.11567001167051595
-217.4381389262644,20.266958791536734,0.1153883328219458
-215.00610387128,20.28080539147537,0.11528994019592996
-212.57240722430296,20.29464018429888,0.11509449659140471
-210.1370504021871,20.30845152388985,0.11444539477640302
-207.7000362193203,20.32218497126302,0.11387094038069726
-205.26137402276873,20.335849484108703,0.11320812378460118
-202.82107208467568,20.349434458962854,0.11209412563391119
-200.37913994960013,20.362885754038924,0.111163408355875
-197.93559365911545,20.37622536304163,0.1101942622477465
-195.49044661555047,20.38944867451136,0.10872544448372946
-193.0437127746091,20.40249572784941,0.10759719147742591
-190.59541328726718,20.4154073908267,0.10621204011250437
-188.14556440036796,20.4281528356402,0.10458525991737447
-185.69418606009114,20.440703066830288,0.10328160895305082
-183.24130169207152,20.453096859904655,0.10173475177261715
-180.78693006888295,20.465305030117367,0.09996774624920145
-178.33109346526888,20.47730115966727,0.09844276973696099
-175.8738173261088,20.489114292035705,0.09651300419524424
-173.4151236110645,20.500695852539135,0.09460394790763559
-170.95504010875982,20.512048326288053,0.09263658004041404
-168.49359430960524,20.523164715892904,0.09052655050957821
-166.03081454369809,20.534027901954055,0.08832316756437404
-163.5667311954636,20.54462668206178,0.08606692164075272
-161.1013759936162,20.55495471265867,0.0837282139369172
-158.63478142809714,20.5650020983311,0.08120603347442583
-156.1669811762974,20.57474682234803,0.078809221454364
-153.69801155761564,20.584203928922552,0.076145823201492
-151.22790708614494,20.59334142770673,0.07352403644549178
-148.75670611482013,20.602164312080188,0.07077940419533173
-146.28444639737052,20.610657840583627,0.06806475089770311
-143.81116745650047,20.618825610691353,0.06531806398871311
-141.33690838321752,20.62666377837,0.0625424313964563
-138.86170872981313,20.63416887013757,0.05976409933058317
-136.38560846539661,20.64134056205724,0.0568705586004213
-133.90864759794974,20.64816502908929,0.054014375020068534
-131.43086779445903,20.6546467540917,0.051023599422056046
-128.95231018396802,20.660769586022347,0.048054820547791144
-126.47301783364534,20.666536164488083,0.04519653306252844
-123.99303349390678,20.671959748455585,0.04217898948337229
-121.5123983240921,20.67702122719359,0.039239836772765935
-119.03115577682887,20.68173000760632,0.03615539743319134
-116.54934817591611,20.686068655298303,0.033070576742840786
-114.0670199372803,20.690037124507445,0.030139339086350615
-111.58421548233942,20.693653845197808,0.027054926594222622
-109.10097702091568,20.696900436389114,0.024024748627429034
-106.61734896854898,20.699783406224405,0.021207041068474843
-104.13337495980205,20.702328251152622,0.018254371638784954
-101.64909556966374,20.704518775749275,0.015280659813522043
-99.16455331657383,20.706352454926897,0.012447331375030433
-96.67979102198261,20.707846134691902,0.009468032985070788
-94.19484948581957,20.70898229865011,0.006668995747923722
-91.70977160998156,20.709782578139862,0.0039488046154547846
-89.22459770060478,20.710256434693715,0.0011265667829770073
-86.73936692844153,20.71039162270767,-0.0015170776755202141
-84.25411993371661,20.71020957338661,-0.004088496157416549
-81.76889478491022,20.70971895384772,-0.00673995702150629
-79.28372851044848,20.70891015900514,-0.009152789034852773
-76.79865929136787,20.707811824320956,-0.011539536998915806
-74.31372187244935,20.706427079881085,-0.013907617514084095
-71.82895062286362,20.704758165779396,-0.016121910991511272
-69.34437964297008,20.702823536460414,-0.018266388643924027
-66.86004081859484,20.700631569823145,-0.020333427492072172
-64.37596503021607,20.698191558524098,-0.0223203018579403
-61.89218204319317,20.695513122301143,-0.024162386146854044
-59.40872046851704,20.69261363596352,-0.026023125550372818
-56.92560683220142,20.689490860897475,-0.027707844444737117
-54.44286792889372,20.686165919564107,-0.029334853227478377
-51.96052801854603,20.68264573717681,-0.03092361562209172
-49.478610530084815,20.678934903302157,-0.03237452714566192
-46.997138341688554,20.675049960044678,-0.033746541948444966
-44.51613234648319,20.671000375010866,-0.035052076889742254
-42.03561230148188,20.666794125784097,-0.036243915590211194
-39.55559700638779,20.66244485591327,-0.03731586033063554
-37.0761036236782,20.657966952673597,-0.03834970207856249
-34.59714758935737,20.65336498842417,-0.039225273889697126
-32.11874379074647,20.648657955557404,-0.04003746202883671
-29.64090483607958,20.643853460113945,-0.04079520915505989
-27.16364242086591,20.63895803501534,-0.04135771647576298
-24.686967456664068,20.633995109038246,-0.04189106156446454
-22.210888043579477,20.62896818165051,-0.04230590684635451
-19.735411861781415,20.623891472828948,-0.04258897078354324
-17.26054488504194,20.618780796334924,-0.042847397583997346
-14.786291189481751,20.613639108624845,-0.04295452755515356
-12.31265449644677,20.60848456531823,-0.042999029218809715
-9.839636348608582,20.603324681811973,-0.04298286383478854
-7.367237386791146,20.598166738151797,-0.04281340200948522
-4.895457378212931,20.593029129910658,-0.042564860755839845
-2.424293882623652,20.587921346619957,-0.04227984251440002
0.046256678970742815,20.582847765518228,-0.0418403173372109
2.51619841083293,20.577826927437762,-0.041371993664827925
4.985537642125461,20.57286228819798,-0.04082549951629034
7.454281116709218,20.567963228256026,-0.04013804198936106
9.92243670409994,20.563146663217303,-0.039416117062593216
12.390014303686016,20.558416729169792,-0.03860925129153008
14.857024311186391,20.55378361901481,-0.03768663971841569
17.323478345468168,20.5492612222486,-0.03675516939098891
19.789389692138,20.54485060192168,-0.0357387993920305
22.2547717643686,20.540561945994636,-0.03463763957513545
24.719639197887954,20.53640542924562,-0.033524750242776936
27.184007849397428,20.532382459216485,-0.032339183911835656
29.647893744503406,20.528501757147065,-0.031099094900340192
32.111313955361055,20.524769865759026,-0.029821669417929686
34.57428633925214,20.521191265428875,-0.028530486947772618
37.03682929110361,20.517767606995143,-0.02716322389892561
39.49896140394303,20.514508020127273,-0.02581395712862176
41.9607023663583,20.511410345271837,-0.024444412128343126
44.42207160779092,20.508477015816435,-0.02303312309205936
46.88308884968889,20.50571304104539,-0.021676081511134208
49.34377441461434,20.503111911264053,-0.02031019542877235
51.80414784396602,20.5006746878126,-0.018940803572438932
54.26422880650353,20.49840179138391,-0.017623785307160272
56.7240370214696,20.49628693714705,-0.016332581388905948
59.18359145392724,20.494327027380383,-0.01505443440132654
61.64291069721289,20.492520495252222,-0.013859266092989111
64.10201315664315,20.490857383321064,-0.012701363851862239
66.56091604264168,20.48933321965884,-0.011590941539185834
69.01963602900074,20.487942306674135,-0.010590793523891643
71.47818910580163,20.48667141145127,-0.009614814546589098
73.93658967517578,20.48551763370568,-0.008717829120909473
76.39485179122046,20.48447149421117,-0.007922313738634262
78.85298837052581,20.483520816562535,-0.007166822617515834
81.3110108685133,20.482660797848432,-0.006526816437122053
83.76893016425512,20.481877579875977,-0.005984356155607001
86.22675547384024,20.481159457137306,-0.005536349638956712
88.68449460869672,20.480495095180633,-0.005223676091568021
91.1421540201184,20.479868254049645,-0.005028154813437731
93.59973821060436,20.479264875472033,-0.004945562003447412
96.057249995661,20.47867140803162,-0.005016711706403998
98.51469056462479,20.47806940262685,-0.005212236309692868
100.97205889294001,20.477443934269687,-0.005546604743280739
103.42935216505238,20.47677834170049,-0.006043727862225521
105.88656556605643,20.476053094357024,-0.006670503555958699
108.34369193737928,20.47525263393031,-0.007445486807745623
110.80072225345091,20.47435917551338,-0.008380650560555591
113.25764535451252,20.473353497446116,-0.009454184299892796
115.71444777420605,20.472218995330127,-0.010687087379077786
118.17111405364567,20.470936544844637,-0.012089421198310588
120.62762643902703,20.46948581430084,-0.013635514377470553
123.08396473674313,20.467849552575544,-0.015351760714046677
125.54010668305219,20.46600734128986,-0.017232954179743167
127.99602756400697,20.46393938678829,-0.01927243713974907
130.45170029042157,20.46162669433152,-0.021471670314037298
132.90709549374137,20.459050093893836,-0.023853113754619525
135.36218150500864,20.456187720243282,-0.026383919962648134
137.81692403143782,20.453021649847763,-0.02908110894296833
140.27128662941956,20.449531916774607,-0.031965046080300014
142.7252304594325,20.44569611124497,-0.034988755816655316
145.1787139927819,20.441497460546973,-0.03819401105689061
147.63169368804753,20.436914179220146,-0.04157655459499268
150.08412338955395,20.431924992668748,-0.04510675712301301
152.5359543886742,20.426512181813987,-0.048818324020375635
154.98713585049188,20.42065398293154,-0.05270407446145453
157.43761432844366,20.414329493996167,-0.05673909676037348
159.88733386772319,20.407520802384923,-0.06095378253083216
162.33623636400938,20.400206348481223,-0.06533931185366329
164.78426112582713,20.392365631058784,-0.06986791691556898
167.2313450015542,20.383981481028915,-0.07457992551918893
169.67742277927766,20.37503188996661,-0.07944775879586864
172.12242660607365,20.365498158911105,-0.08445947935296601
174.56628638514297,20.35536302138875,-0.08964828510981426
177.00892994770962,20.344605227175574,-0.0949765669674945
179.4502825749707,20.333208039139475,-0.10045558043308914
181.89026753966743,20.321153369487504,-0.10609501838687853
184.32880594400592,20.308421967281078,-0.11187441386720126
186.76581658007964,20.294997037617012,-0.1178008820790021
189.20121622459368,20.28086093176753,-0.12387866175291443
191.6349195364058,20.26599549235718,-0.13009062720246714
194.06683899548864,20.250384617092884,-0.13644257372514756
196.4968851495398,20.234011508245867,-0.1429365258224105
198.9249665305293,20.216859125147177,-0.1495597699800011
201.35098962554696,20.198911952749576,-0.1563224215196809
203.77485905987692,20.180153262167213,-0.1632229066413229
206.196477451337,20.160566513370256,-0.170252642064597
208.61574543294142,20.140136196322505,-0.17741682493120473
211.03256177650013,20.11884617733076,-0.1847125045909429
213.44682331777983,20.096680676779847,-0.19212830051899044
215.8584249989934,20.073625280717568,-0.19967411393609896
218.2672600326795,20.049664387045237,-0.20734150521123781
220.67321975912492,20.02478340641989,-0.2151244613928304
223.07619376789532,19.99896847105275,-0.2230259012170346
225.47606998442166,19.972205362906703,-0.23104028283937758
227.87273462797046,19.94448052896598,-0.23915408284739845
230.26607229144636,19.91578203902429,-0.24737635990144777
232.65596613612928,19.886096875836117,-0.2556979313868115
235.0422977612296,19.8554131240697,-0.2641045865557686
237.42494733611798,19.82372057368301,-0.2726155897295222
239.80379380495995,19.791006702915467,-0.2812075662964035
242.17871460930982,19.7572617949599,-0.28988022604548846
244.549586024705,19.72247616783444,-0.29864570832441534
246.91628316484514,19.68663868283551,-0.3074802161594971
249.2786798067854,19.64974105689637,-0.31638859470132896
251.63664873361296,19.61177442553221,-0.3253763382155271
253.99006166467683,19.572729264946346,-0.3344223866780146
256.3387891764704,19.532598578544984,-0.3435304196695388
258.6827010058958,19.49137492818464,-0.35270492744300846
261.021665997278,19.449050336891478,-0.36192197270199783
263.35555203770497,19.40561970016724,-0.37118943760773504
265.684226401725,19.361076967654313,-0.38050592382357556
268.00755563784355,19.315416256795483,-0.38984688847663646
270.325405588659,19.268634630178287,-0.39922434357975645
272.6376417442804,19.220727708948715,-0.40862515674924216
274.9441290693543,19.171692690138805,-0.4180338403672684
277.24473219217094,19.121528629294733,-0.4274721201658591
279.53931562768634,19.07023197487483,-0.4369297096296744
281.8277434646713,19.017800409719268,-0.44638987825659177
284.1098795138376,18.964233624328475,-0.45585047540967233
286.38558754875703,18.909531567279316,-0.4652990573457566
288.65473133683054,18.853695680397827,-0.47472097820647036
290.91717481847826,18.79672916301305,-0.4841123848357429
293.1727823180398,18.73863567683276,-0.4934579326443309
295.42141859925977,18.679420724915442,-0.5027417917563177
297.6629490862496,18.619091709904684,-0.5119581336844794
299.89724009143816,18.557656733862547,-0.5210884726076773
302.12415889950165,18.495126117149628,-0.5301178656404818
304.3435740335596,18.43151197327277,-0.5390398619507182
306.5553554703523,18.366827189838684,-0.5478324468039943
308.759374733133,18.301087296222203,-0.556468748583603
310.95550520867965,18.234311046392172,-0.5649363842502446
313.14362253424673,18.16651868028214,-0.57323393473023
315.3236047758806,18.097730608114514,-0.5813475632198618
317.49533244885436,18.02796890052813,-0.5892679032294681
319.6586887169177,17.957256752140594,-0.5969746897850082
321.81355952717456,17.885619789366395,-0.60445340787636
323.95983390189855,17.81308538042123,-0.6116991964258656
326.09740414754907,17.739681476850127,-0.6186852547330673
328.22616592477107,17.66543924628216,-0.625411861808627
330.34601863432493,17.590389822865124,-0.6318532058544057
332.4568654130687,17.514567438162594,-0.638026469832928
334.5586135056482,17.43800426178264,-0.6439464859775262
336.65117401706215,17.360730683465338,-0.6495971555828555
338.734461699078,17.282779024795396,-0.654960457579995
340.80839518205346,17.204183769885795,-0.6600291084183318
342.87289723443973,17.124980276875593,-0.6647824167085359
344.9278948676648,17.045206386870568,-0.6692030595899756
346.97331963408925,16.96490201971977,-0.6732865047160362
349.00910787645563,16.884107639153846,-0.6770149875426805
351.0352007931541,16.802865840648725,-0.6803747650249057
353.051544694032,16.721220868845737,-0.6833664789515451
355.0580911982935,16.639216891371554,-0.6859689848509266
357.0547972252581,16.55690061318944,-0.6881803628614811
359.0416252988408,16.474318969646063,-0.6900002854086756
361.01854357519835,16.391518935397023,-0.6914135374329753
362.985525847446,16.308549310905068,-0.6924238308471974
364.9425517647546,16.225458451203405,-0.6930347872541182
366.889606778899,16.142294276732912,-0.693242221880273
368.826682092107,16.05910521010728,-0.6930518520889094
370.75377471731986,15.97593898785661,-0.6924695099524775
372.6708873958627,15.892842646662313,-0.6914924438739423
374.57802851346213,15.80986355339744,-0.6901289840776158
376.4752121398698,15.727048075308126,-0.6883876401943987
378.3624579089068,15.644441558484798,-0.6862690981047586
380.23979089592495,15.562089266712228,-0.683787117337149
382.1072416079304,15.48003481263177,-0.6809571274878254
383.96484578544624,15.39831995733323,-0.6777831076806917
385.81264418032623,15.316985984411547,-0.6742844701475645
387.65068249845564,15.23607184799384,-0.670475964016284
389.4790111202149,15.155614732311886,-0.6663606307208041
391.29768488809236,15.075651456625389,-0.6619387753580364
393.1067630628874,14.996218803582424,-0.6572120948350599
394.9063093193173,14.917353352202218,-0.6521829971791063
396.69639172158156,14.839091392540725,-0.6468603738480158
398.47708268868644,14.761468147678963,-0.6412498492231947
400.24845886640793,14.68451816577218,-0.6353473382424194
402.01060104630056,14.60827648518309,-0.6291607864356038
403.76359422452254,14.532777190810817,-0.6226927798692297
405.50752748741985,14.45805405722651,-0.6159567232559566
407.242493974287,14.384139250435796,-0.6089643013089874
408.9685906843393,14.311063534278718,-0.6017242078175248
410.68591830845276,14.238856629340615,-0.5942461231912375
412.3945811039736,14.167547094557667,-0.5865404318569206
414.09468675532054,14.097162242734838,-0.5786230345192177
415.7863462244487,14.027727478592531,-0.5705107012401698
417.4696735218798,13.95926619444371,-0.5622143538413275
419.1447854652131,13.891800471982751,-0.5537390860644628
420.811801521851,13.825351781655016,-0.5450940233232737
422.4708437356496,13.759940498856222,-0.5362962479563884
424.1220365955124,13.695584949101455,-0.5273594236501672
425.7655067894046,13.632301818263436,-0.5182986236033107
427.4013830075962,13.570105983431038,-0.5091177506838063
429.0297957256079,13.509011853348982,-0.4998167115203615
430.6508771480098,13.449033847966538,-0.4904020911189862
432.26476120976577,13.390185597032259,-0.48087632410886616
433.87158348140963,13.332480438139195,-0.4712365793803238
435.47148113398634,13.275932048613555,-0.461489190644957
437.06459297981996,13.22055334573616,-0.4516290561600938
438.6510593813083,13.16635785899695,-0.4416611869304456
440.23102232438794,13.113358516565297,-0.43159845513161266
441.80462534637576,13.061566701949504,-0.42144836125613483
443.3720133506097,13.010992898598767,-0.41121638413231143
444.93333249844153,12.96164693250289,-0.40091174202786356
446.4887301303419,12.913537523459546,-0.39054323024967175
448.03835463315704,12.866672335829586,-0.38011829681468384
449.5823553134566,12.821058140211823,-0.3696591082037954
451.12088229028205,12.776699047227368,-0.35917513301125287
452.6540861759493,12.733598031266018,-0.3486773701167078
454.18211793970124,12.691756746852013,-0.33817645078404696
455.7051287493235,12.651175572757927,-0.3276804766694129
457.2232698180544,12.611853915557598,-0.31720434504117984
458.7366922879213,12.573789394152657,-0.3067526222879934
460.24554701521964,12.536979079478098,-0.2963297295552612
461.74998450475704,12.501419511931466,-0.28593300865651583
463.2501548461888,12.467107550892685,-0.27556315891586636
464.74620775229596,12.43403997182278,-0.26522734292916883
466.23829254891467,12.40221269067128,-0.2549275002665904
467.72655807179524,12.37162139063929,-0.24466807806494073
469.21115263867193,12.342261221271496,-0.23444818832326722
470.69222398522453,12.314127438672704,-0.22426282241693163
472.16991927786523,12.287215899982673,-0.21411459264875868
473.64438518586314,12.261522148864822,-0.20400873663422034
475.1157678437269,12.237041100468716,-0.19394754816224613
476.58421277578316,12.213767394689246,-0.18393075444039522
478.04986486314584,12.191695704156398,-0.17396256923517026
479.5128683476446,12.170820195848178,-0.16404957102984258
480.9733667711464,12.151134247324597,-0.15419999102107906
482.43150288082535,12.132630248402068,-0.14442061955281998
483.8874185106336,12.11529977405573,-0.13471652169159593
485.3412544835203,12.099133791452738,-0.12509427207070414
486.7931505384946,12.084122478804254,-0.11555552487519857
488.2432452359511,12.07025581581923,-0.10611219126254948
489.6916759338494,12.057522352867725,-0.09676722149369192
491.1385786161935,12.045910286288482,-0.08752671960070534
492.58408785054814,12.035407079936398,-0.07839796666177828
494.0283367001405,12.025999323936984,-0.06938429477523207
495.47145661901294,12.017673208563957,-0.06048942925198655
496.9135774040406,12.010414477053718,-0.05172064742628139
498.35482714128705,12.004207999362565,-0.043079321243677915
499.79533210121053,11.999038480813324,-0.034567094038563034
501.23521671890813,11.994890429528697,-0.026188775007443762
502.67460357045155,11.991747776527804,-0.017944189296370316
504.1136133036349,11.98959447381224,-0.00984170610955541
505.5523646404924,11.988413469079093,-0.001883537897611267
506.9909742567819,11.98818744453138,0.005928285554240068
508.42955675012564,11.988898838797889,0.013587318303294913
509.8682246107814,11.990529316994284,0.021095585992152915
511.30708812882074,11.993060787313341,0.028449144388185733
512.7462554232983,11.996474684639924,0.03564176480443435
514.1858323854551,12.000751696416456,0.04267362675378924
515.6259225890251,12.005872531626911,0.04953913109218374
517.0666272928203,12.011817227357973,0.056237657346042864
518.5080453601032,12.018565746239497,0.06276329972524547
519.9502732496519,12.026097342206526,0.069115365177076
521.3934049307167,12.034391186027776,0.07529152937790272
522.83753187304,12.043426169553124,0.08128746458962786
524.2827430133864,12.053180665303879,0.08711918229166818
525.7291246932228,12.06363496717888,0.09278288650845243
527.1767608892843,12.074768913559893,0.09827591942977633
528.6257331589115,12.086562023891467,0.10359715258232369
530.0761206017785,12.098993682201346,0.108746495631267
531.5279998436426,12.112043261677098,0.11371921310175183
532.9814450350439,12.125689567249308,0.11851719390529607
534.4365277831138,12.139911630517943,0.12313887959125873
535.8933171787759,12.154688296068894,0.12758317190298088
537.3518797743042,12.169998276697251,0.13184927872688887
538.8122795675079,12.185820190144478,0.13593385553248719
540.2745779903252,12.202132252808376,0.13983873080002418
541.7388338606621,12.218912900504378,0.14356526546000625
543.2051034087226,12.236140732359578,0.14710756865241345
544.6734402966058,12.253793640597868,0.1504676250963908
546.1438955334776,12.271849755609434,0.15364506395349672
547.6165175041507,12.290287163283853,0.15664089784877364
549.0913519637447,12.309084071025707,0.15945275017823815
550.5684420522679,12.328218401047096,0.16208026338875706
552.0478282603935,12.347668032653747,0.16452585932591826
553.529548424312,12.367411135772857,0.16678968127223687
555.0136377606048,12.387425897525524,0.1688723302494993
556.5001288683078,12.407690577155464,0.1707748941494443
557.9890517375665,12.428183564453397,0.17249908737995587
559.4804337653009,12.448883454938992,0.1740487075428078
560.9742997798935,12.46976929984413,0.17542616764886343
562.4706720958748,12.490820439961993,0.17663601345991875
563.9695705486702,12.512016761577183,0.17767998239227514
565.4710125600594,12.533338359464256,0.17856542565079303
566.9750131631952,12.55476621054235,0.1792932805094728
568.4815851084603,12.576281404203487,0.17986827394531824
569.9907388769648,12.597865597076925,0.18029471458907623
571.502482748614,12.619500962827615,0.1805757123541262
573.0168228641534,12.64117004831011,0.18071512728335418
574.5337632699506,12.662855863584113,0.1807128666993288
576.0533059735807,12.684541407588032,0.18057601879560484
577.5754509424912,12.706210529843505,0.18030869377350156
579.1001962060724,12.727847573096325,0.17991265307627213
580.627537914844,12.749437091465477,0.17939269094263513
582.1574703658198,12.770964214378594,0.17874586691609018
583.6899860715453,12.792413718408525,0.17798162179163898
585.2250757177543,12.813771513023521,0.17709989963563977
586.7627282993171,12.835023500979798,0.17610329038669006
588.3029311194347,12.8561558958262,0.17499744595799066
589.8456698269338,12.87715558934116,0.17378532976486447
591.3909284976547,12.898009828912944,0.1724697974544327
592.9386896771243,12.918706204607476,0.17105588706820027
594.4889344216772,12.93923291105566,0.16954869309176782
596.0416423710038,12.959578754226673,0.1679545028774418
597.596791821511,12.979733294571966,0.16628126357683762
599.1543598168597,12.999687046201187,0.16453530967625854
600.7143222624038,13.019431283362337,0.16272188232872709
602.2766540164073,13.038957909241784,0.16084491481821306
603.8413289655163,13.05825929901997,0.1589109406926355
605.4083200813986,13.077328611903086,0.1569257923075537
606.977599514827,13.096159706979993,0.15489193384252867
608.5491386796647,13.114746739041097,0.15281621188081457
610.1229082883497,13.133084684466795,0.15070059263668262
611.6988784504857,13.151168755583196,0.14854850552350066
613.2770187011557,13.168994576246016,0.14636506389890128
614.8572980503053,13.186558383913884,0.1441508830227039
616.439685056375,13.203856489876609,0.14191309356981324
618.0241478351602,13.220886061104986,0.13965304982295923
619.6106541624928,13.23764442708374,0.13737377285940822
621.1991714937428,13.25412927982687,0.1350781356737018
622.789667007322,13.270338656107715,0.1327693856118791
624.3821076460549,13.28627098238114,0.13044958002748408
625.9764601639406,13.301924931984438,0.1281228369565435
627.5726911557788,13.317299672419223,0.12579162009253791
629.170767116469,13.332394666830327,0.1234627964569781
630.7706544764887,13.347210202405163,0.12113741651552919
632.3723197007773,13.361746692387026,0.11882055777927723
633.9757293038638,13.37600515932054,0.1165187094059179
635.5808499229822,13.38998740444925,0.11423673264291603
637.1876484115161,13.4036958123664,0.111977207209869
638.7960919090001,13.417133077231584,0.10974681426302518
640.4061478782679,13.430302694943148,0.10754682053414817
642.0177842016611,13.443208313407245,0.1053820162855734
643.63096919927,13.455854155361514,0.1032566930166891
645.2456716979134,13.468244958523517,0.101171512296724
646.8618610929362,13.480385539999125,0.0991297412739555
648.4795073577361,13.492281108952,0.09713304790084497
650.0985810908104,13.5039370747001,0.0951822274135977
651.7190535397744,13.515358941989733,0.09327763170656936
653.3408966128133,13.526552257794522,0.09142039976637947
654.9640828837486,13.537522705766488,0.08961295083320857
656.5885856084406,13.548276259866473,0.0878537718715636
658.2143787596245,13.55881871249106,0.08614475990494716
659.8414370051235,13.569156083679655,0.08448252213457359
661.469735735165,13.579293986335804,0.08286917529529461
663.0992510135253,13.58923828737124,0.08130549411960133
664.7299596080098,13.598994946665591,0.07978821013315515
666.3618390016097,13.608569531881571,0.07832006789044031
667.9948673454355,13.617967940028423,0.07690164056581657
669.6290234982389,13.627196136896321,0.07553297314144
671.2642870346665,13.636260093673295,0.07421619590522976
672.9006382459073,13.645166037181923,0.07295062557134999
674.5380581703691,13.653920112250486,0.07173884965546137
676.1765285838392,13.662528774209141,0.07058041440965863
677.8160320367442,13.6709984239383,0.06947921487379236
679.4565518476168,13.679335929723155,0.06843366328540323
681.0980721591835,13.687547969317404,0.06744404590294542
682.7405779155016,13.695641254825757,0.06650979549940746
684.3840548660806,13.703622430285685,0.0656322266771837
686.0284895577149,13.711498297486948,0.06480862102128024
687.6738693534134,13.719275332009502,0.06404029982898982
689.3201823932545,13.726960167988981,0.06332752998790901
690.9674176134132,13.73455947158753,0.06266722308270743
692.6155647500037,13.742079538357455,0.062047348539673766
694.2646142946066,13.749525220182216,0.061462799904139706
695.9145573210285,13.756900756170712,0.06091649389162338
697.565385411769,13.764210735437706,0.060406941745263565
699.2170907000215,13.771459568447137,0.059936316971486325
700.8696658482351,13.778651926483715,0.05950543991427257
702.5231040794131,13.785792579273428,0.059113561207977755
704.1773991889258,13.792886206618386,0.058761243275401075
705.83254553372,13.799937555811434,0.05844853922567124
707.4885380404173,13.806951380518514,0.058175050392094994
709.1453722060795,13.813932386565565,0.05794393920252856
710.8030440924674,13.820885659269868,0.05775183457125384
712.4615503715798,13.827815879418418,0.05760091271706285
714.1208882771101,13.834727988944465,0.05748975735029594
715.7810556357834,13.8416267598265,0.05741964089052499
717.4420508469626,13.848517116733364,0.057388591613042335
719.1038729009706,13.855403747726928,0.0573952768496192
720.7665213506979,13.862291180948883,0.05743879953761567
722.4299962924117,13.869183836893397,0.05751908106203326
724.0942983528389,13.87608612662084,0.05763251704658833
725.7594286880334,13.883002028666432,0.05777938003355659
727.4253889314733,13.889935554270458,0.057957672147216296
729.0921811979857,13.896890474928124,0.05816925784280061
730.759808054977,13.90387078586926,0.058408734461409983
732.4282725492814,13.91087983400463,0.05867645295767148
734.0975781293619,13.917921008359551,0.058971081531411326
735.767728650365,13.92499753814332,0.05928966103678537
737.4387283549422,13.932112297467734,0.059630456963749995
739.1105818306384,13.939267952303384,0.059989181905459814
740.7832939849147,13.946466654132038,0.06036635870406727
742.4568699834106,13.953710617176526,0.060760507822332534
744.1313152574718,13.961001878115205,0.06117093459873832
745.8066354828456,13.968342390267054,0.06159587237919638
747.4828365696777,13.975733894952558,0.0620347794605051
749.159924637072,13.983178068487819,0.06248902678704299
750.8379060052905,13.990676751702264,0.06295459707168216
752.5167872154948,13.998231303350865,0.06342987117061133
754.1965749718969,14.005842887891339,0.06391636330178832
755.8772761184439,14.013512851487553,0.06441328262582705
757.5588976606224,14.021242445402653,0.06492036697637343
759.2414467540707,14.029032889439817,0.06543606857805585
760.9249307008034,14.036885217669184,0.06595815421164929
762.6093569269237,14.044800196174581,0.06648586657400522
764.2947329504647,14.05277850016346,0.06702084381860535
765.9810663704843,14.060821001421694,0.06756014697728419
767.668364890655,14.068928219058968,0.06810261587564433
769.356636276942,14.077100532964046,0.06864852135417285
771.0458883408977,14.085338355526547,0.06919369501473016
772.7361289435609,14.093641598928315,0.06973914986096075
774.4273659354322,14.10201029691163,0.0702827076764878
776.1196071710616,14.110444221832807,0.07082175691479438
777.8128604776815,14.118942832662583,0.07136131479019495
779.507133617601,14.127506190437407,0.07189583126422207
781.2024343604535,14.136133690189114,0.0724285687806634
782.8987704032762,14.144825118442794,0.0729594222292557
784.5961494174893,14.153580249110306,0.07348760933116268
786.2945790473825,14.162398762230046,0.07401074684297139
787.9940668988501,14.171280051851202,0.07453054655443361
789.6946205050722,14.180223717437734,0.07504790335354576
791.3962473511647,14.189229465840159,0.07556161764349932
793.0989548870655,14.19829685995738,0.07606969087420822
794.8027505102604,14.207425222862284,0.07657626015115522
796.5076415370038,14.216614374080423,0.07707939509197387
798.2136352618934,14.22586390149146,0.07757853925800644
799.9207389300724,14.235173326202421,0.07807307064702268
801.6289597292167,14.244542094680064,0.07856173449803992
803.3383047805784,14.253969502819828,0.0790460956021353
805.0487811209167,14.263455034292084,0.0795273408270487
806.7603957250318,14.27299831519133,0.08000430457631913
808.4731555228548,14.282598831740488,0.0804765977019056
810.1870673826636,14.292256023464716,0.08094620652238244
811.9021381054794,14.301969568247403,0.08141347619558299
813.618374453669,14.311739185390872,0.08187934422451275
815.3357831559159,14.321564706697814,0.08234168280572096
817.0543709207196,14.3314457086345,0.08280376506649727
818.7741444057558,14.34138216044248,0.08326611001977217
820.4951102650089,14.351374093644854,0.08372672865453172
822.2172751562463,14.361421301083396,0.0841872494973594
823.9406457123763,14.37152377102308,0.08464680987758066
825.665228564899,14.38168138820839,0.08511247601065193
827.3910303314841,14.391894885329668,0.08558271824602248
829.1180577177237,14.40216481151919,0.08605510732036538
830.846317495106,14.412491424397635,0.08653744622107296
832.5758164660336,14.422875917944163,0.08702545017437073
834.3065615761869,14.433318971965088,0.08752335200097501
836.0385598528228,14.443821774205205,0.0880288911070638
837.7718184657274,14.454385241138052,0.08854210424192407
839.506344694664,14.465010293647083,0.08907236318384448
841.2421459299017,14.475698977229145,0.08961281550771197
842.9792298071692,14.48645251509007,0.09017133755037574
844.71760410898,14.497273075596116,0.0907280443527977
846.4572768780515,14.508160440918452,0.09130648337529577
848.1982561309617,14.519117218923487,0.09190088307102715
849.9405501972325,14.53014532489201,0.09252129042532797
851.6841676362195,14.541247879743048,0.09316880954773157
853.4291173817887,14.552428136888777,0.09382824265407691
855.1754087582153,14.563687526007266,0.09451694612673203
856.9230512613362,14.575029559542473,0.09523549706522597
858.6720548084813,14.5864578191903,0.09598467239357657
860.4224297467841,14.59797597987753,0.0967566675839237
862.1741868643694,14.609586779987602,0.0975589157521832
863.9273372779679,14.621293849877864,0.09839638712556183
865.6818925399533,14.63310141633293,0.0992637831227854
867.4378647099132,14.645013070307664,0.10016405602699051
869.1952662783501,14.657032757030903,0.10109630020824144
870.9541102091938,14.669164313055893,0.10206407757792167
872.7144099267605,14.681412002365244,0.10306745221061368
874.4761793670443,14.693780096630517,0.10410238569701691
876.23943297864,14.70627238291416,0.10518291419987558
878.0041856645897,14.718894332618145,0.10630033144658688
879.7704529845039,14.731650372391735,0.10746253897085808
881.5382510291909,14.744545877068239,0.10866081102190957
883.3075965344391,14.757585174390869,0.10990409605604493
885.078506755366,14.770773665917593,0.11119075180543762
886.8509995952761,14.784116556134245,0.11252099115296796
888.6250935820123,14.797619075072602,0.11390246892832954
890.400807871021,14.811287371344001,0.11532689145900256
892.1781623555823,14.82512659831908,0.11679498417386006
893.9571775473806,14.839141996419944,0.11831358218199031
895.7378745869511,14.853339626281782,0.11988261674789066
897.5202753421049,14.867725540291529,0.12149985540054692
899.3044024069399,14.882305522939594,0.12316453196989229
901.0902790696927,14.897085266775981,0.12488066169751362
902.8779293017058,14.912070946179684,0.1266496717982046
904.6673778152473,14.927268906795469,0.12846683310015825
906.4586500840627,14.942684926767487,0.1303370514827961
908.2517722752748,14.958325372945422,0.1322517529982043
910.0467713200283,14.974195583305207,0.13422098916748226
911.8436747900249,14.990302102005305,0.1362409236922156
913.6425110422656,15.006651012848371,0.13831300145414432
915.4433091638074,15.023248573022869,0.14043429472867563
917.2460989925702,15.04010068839031,0.1426043175328714
919.050911075177,15.057213206494255,0.14482466699549687
920.8577766599564,15.074592166533716,0.1470931269583686
922.6667277199404,15.09224334176872,0.14941366051836472
924.4777969209526,15.110172981030924,0.15178279790687105
926.2910176786763,15.12838691677975,0.15420092622932746
928.1064241086899,15.14689102792727,0.1566692090563393
929.9240510320412,15.16569133301403,0.1591854974104416
931.7439339920029,15.184793592703283,0.16175065839895617
933.5661092231273,15.204203671711157,0.16436413096018343
935.3906136637327,15.223927367426379,0.16702551960645376
937.2174849478238,15.243970429779154,0.16973453342079334
939.0467613993973,15.264338573789649,0.17249270665225908
940.878482028252,15.28503769858792,0.17530040722996232
942.7126865520826,15.306073747455516,0.178154118940891
944.5494154017772,15.327452241728423,0.18105672629013175
946.3887096707846,15.349179048883238,0.1840025989081406
948.2306111566505,15.371259360752216,0.18699463450432285
950.0751622799407,15.393698716892734,0.1900329147079186
951.9224061259679,15.416502666657685,0.19311668163018098
953.7723864459668,15.439676668453307,0.19624199393878985
955.6251476461813,15.463225707725963,0.19940975544882866
957.4807347311084,15.487154878379823,0.20261882108634852
959.3391933165141,15.511469136910184,0.20586852868848854
961.2005696129432,15.536173360352803,0.20915888767186527
963.0649104161856,15.561272426873428,0.21248663067065188
964.9322631074104,15.586770822553905,0.215850553912081
966.802675606117,15.612672889023354,0.21925105340596346
968.6761963527998,15.63898301543207,0.22268641090299618
970.5528743146517,15.665705384740429,0.22615432042353847
972.4327589608206,15.692843903191253,0.2296543368985476
974.3159002292035,15.72040242361908,0.23318411205182257
976.2023485200378,15.748384517065299,0.23674317110708187
978.0921546620857,15.776793697598148,0.24032867543011746
979.9853699057975,15.805633138649762,0.24394059710712135
981.8820458824355,15.834906010302618,0.2475741514508794
983.7822346036718,15.864614908476723,0.25122930620572115
985.685988392689,15.89476242522141,0.2549044135489928
987.5933598837155,15.92535095484729,0.2585966369000247
989.5044019982971,15.956382551275292,0.2623050254693099
991.4191679044501,15.987859154331609,0.2660263303235891
993.3377110029699,16.01978231397044,0.2697594288063451
995.2600848806463,16.0521534454272,0.2735011103555326
997.1863432940976,16.084973578669864,0.2772502087266395
999.116540123538,16.11824360371706,0.28100421291319533
1001.0507293559841,16.151964109266647,0.28476083894727316
1002.9889650490961,16.18613540994032,0.2885187836832221
1004.931301298289,16.220757663982308,0.2922773550012608
1006.8777922179669,16.25583094658246,0.2960322434071072
1008.8284919315568,16.291354815791312,0.29978119090374616
1010.7834545094518,16.32732855869976,0.30352214175775943
1012.7427339364957,16.363751215710693,0.307253061156618
1014.706384082381,16.400621583049485,0.31097174181048537
1016.6744586723469,16.437938192066742,0.31467724262549024
1018.6470112553949,16.4756994611818,0.3183683567369537
1020.6240951907367,16.513903663990234,0.3220422808445116
1022.6057636304156,16.552548737691577,0.325695358186325
1024.5920694789386,16.591632180673937,0.32932604598744075
1026.5830653406194,16.63115130619243,0.33293323553833315
1028.5788034973625,16.67110329445703,0.3365148018455252
1030.5793358926974,16.711485070678492,0.34006853311489293
1032.5847141011789,16.75229329465228,0.3435930283849807
1034.594989296537,16.793524458058478,0.3470866260104854
1036.610212231504,16.835174853179737,0.35054665214103514
1038.6304332138855,16.877240451436663,0.3539722215049564
1040.655702068058,16.919717118017257,0.3573610432421954
1042.68606812222,16.96260044320632,0.3607114595441145
1044.7215801754046,17.005885818351615,0.3640216530946924
1046.7622864736068,17.049568416722977,0.36729024916755226
1048.8082346836136,17.093643246623085,0.3705151158275032
1050.8594718732083,17.138105060522385,0.3736951876395201
1052.916044480471,17.182948483039127,0.3768283894761843
1054.9779982984358,17.22816788977627,0.37991353369166647
1057.0453784452088,17.27375751381927,0.38294889717282743
1059.118229346867,17.31971138148001,0.385930827031157
1061.1965947126448,17.366023080723746,0.38885981969778566
1063.2805174823316,17.41268625908748,0.39173501957702433
1065.370039833422,17.459694461436722,0.39455027122437897
1067.4652031687945,17.50704049398365,0.3973111179901017
1069.5660480280726,17.55471782814246,0.4000125660242395
1071.6726141674496,17.60271933606537,0.4026547284629617
1073.7849404877775,17.651037903480926,0.4052344556328771
1075.9030650361951,17.69966603815687,0.40775039589671047
1078.027024960774,17.748596085664474,0.41020167479132885
1080.1568564910538,17.797820286639432,0.4125871154869949
1082.2925949254504,17.84733074049787,0.4149057548019471
1084.4342746143102,17.897119431074103,0.41715686355314435
1086.5819289460392,17.94717825470048,0.41933943972709703
1088.7355903366033,17.99749898746773,0.4214502063427429
1090.8952902150995,18.04807301222886,0.42349039094148677
1093.061058976567,18.098891859141837,0.42545780391166443
1095.232925999664,18.149946795611235,0.4273532453452332
1097.4109196151373,18.201229185052664,0.4291732212652207
1099.5950671173437,18.25272997160449,0.4309175358096821
1101.7853947139363,18.304440075901653,0.4325861210187789
1103.9819275230445,18.356350410423907,0.4341753769222492
1106.1846895722954,18.40845145565458,0.435687620601433
1108.3937037469739,18.46073397012675,0.43712266885129564
1110.608991823389,18.513188690388905,0.4384739440306088
1112.8305744662357,18.565805563672576,0.43974704481319754
1115.0584711338763,18.61857520905016,0.44094136197439304
1117.2927001589624,18.671488172487088,0.4420537540704388
1119.5332787396608,18.72453462297554,0.44308376733775273
1121.7802228944179,18.77770467505607,0.44402813711076694
1124.0335474554247,18.83098805150936,0.44488980029699543
1126.2932660216059,18.884374827545003,0.44566863033489335
1128.5593910009113,18.93785506318519,0.4463609976700555
1130.8319336084935,18.991418382905596,0.446967198163178
1133.1109038144423,19.045054446685178,0.44748945945667057
1135.3963103480446,19.09875318181998,0.4479247829277495
1137.688160729863,19.15250415577131,0.4482727243654386
1139.9864612285555,19.206296882695163,0.4485330469640347
1142.291216854479,19.260120848330846,0.4487031776935972
1144.6024313562787,19.313965229654077,0.44878508157210617
1146.9201071838372,19.36781943944273,0.4487737840317268
1149.2442455165703,19.421672293526537,0.44867734826363953
1151.5748461917935,19.475513575318175,0.4484909684920029
1153.9119078208316,19.529332491537215,0.44821165215514314
1156.255427719816,19.583117889795833,0.44784153029890844
1158.6054018665916,19.636858873431702,0.44737948073554307
1160.9618249314035,19.690544411119966,0.4468229874107501
1163.324690260738,19.744163169609255,0.4461746930838082
1165.693989841091,19.797704132779312,0.4454280936801953
1168.0697143370246,19.851155504020937,0.44459261957706603
1170.451852997507,19.904506618370185,0.4436614476566249
1172.8403937917114,19.95774599208898,0.44263495718602175
1175.2353233107622,20.010862186951304,0.44151259320906866
1177.6366267731962,20.06384369813639,0.440294762206455
1180.0442880169726,20.116679069601165,0.4389806109445406
1182.4582895053247,20.16935674291451,0.43757011645152755
1184.8786123144744,20.221865156888693,0.4360620577103676
1187.305236133301,20.274192603813937,0.4344576887383714
1189.7381392457587,20.326327526462542,0.4327525505060078
1192.1772985489342,20.378257832523264,0.43094959133314875
1194.622689488837,20.429971783483243,0.42904665505857714
1197.074286102855,20.481457382090273,0.42704475437582057
1199.5320609887058,20.53270275261537,0.42494408801479777
1201.9959853190196,20.58369604317715,0.42274189622593794
1204.4660288442008,20.634425070724262,0.42043862204437316
1206.9421598526876,20.684877705369587,0.418033046594815
1209.424345177332,20.735041670960964,0.41552708883108
1211.9125501778474,20.784904921620694,0.41291898068034405
1214.4067387684418,20.834455199302337,0.4102074092306867
1216.906873392358,20.88368008841002,0.40739285245982965
1219.412915002967,20.9325672307052,0.40447536051236654
1221.9248230706517,20.981104273966682,0.40145472283909117
1224.4425555835276,21.029278840707374,0.3983293904071345
1226.9660690444125,21.07707836755623,0.3950990751891011
1229.4953184485194,21.12449025657892,0.3917657293396556
1232.030257279309,21.17150214409968,0.3883258380549589
1234.570837536601,21.218101244666276,0.384781062542753
1237.117009685961,21.264274972171407,0.3811293122104871
1239.6687226826216,21.310010489636664,0.37737069584096666
1242.225923941378,21.35529497313758,0.37350592499918134
1244.7885593381545,21.40011568413748,0.3695348113055846
1247.356573220251,21.44445986149415,0.365456330417108
1249.9299084036302,21.4883146211442,0.36127087388762086
1252.5085061581674,21.531667126010717,0.3569771526940036
1255.0923062132886,21.574504384334,0.35257554439968164
1257.6812467394086,21.61681344966196,0.348065527863635
1260.2752643533681,21.658581313005598,0.3434452900724154
1262.8742941109288,21.699794747814288,0.3387176954164908
1265.4782694806665,21.740440871264266,0.3338807065989265
1268.0871223852182,21.780506556056135,0.3289370070102073
1270.700783171945,21.819978996897362,0.32388454844848313
1273.3191806515727,21.85884514271118,0.3187235417554937
1275.942242068698,21.89709196772184,0.31345469699341133
1278.5698931048246,21.934706531361048,0.3080785720718034
1281.202057888588,21.971675960009666,0.30259362883329777
1283.838659003789,22.00798719546966,0.29700303577799936
1286.4796174672454,22.04362755976302,0.29130521349069466
1289.124852774417,22.078584185381903,0.2855021026924645
1291.7742828766627,22.112844437705,0.27959368210615676
1294.4278242091873,22.146395679557738,0.27358043078986355
1297.0853916907342,22.17922533125252,0.26746374414237956
1299.7468987304846,22.21132098054961,0.2612439072729355
1302.4122572481506,22.24267024942236,0.25492262311527397
1305.0813776780813,22.273260964196194,0.24850105380558674
1307.7541689937848,22.303081090652864,0.24198022402540412
1310.4305387246632,22.332118717535913,0.23536217777754115
1313.1103929707674,22.360362178869217,0.22864832439936517
1315.7936364322318,22.38779997779714,0.22184002749368506
1318.4801724295673,22.414420781096382,0.21493956671002226
1321.1699029232989,22.440213529101584,0.20794843708112448
1323.862728546791,22.465167341551318,0.2008693770297371
1326.558548627777,22.489271666794888,0.19370447532204876
1329.2572612277925,22.512516203833535,0.18645558318524397
1331.9587631722525,22.534890873815765,0.179125269374417
1334.6629500771103,22.556385906140694,0.17171666867371144
1337.3697163858471,22.57699190638154,0.16423237425497125
1340.078955414613,22.596699791292135,0.15667620589225034
1342.790559389568,22.615500935999204,0.14905054295397896
1345.504419501888,22.633387001153682,0.14135853704906587
1348.2204259420264,22.650350025599572,0.1336045908622899
1350.9384679450984,22.666382576503047,0.1257917526785434
1353.6584338542789,22.68147758682447,0.11792400063347651
1356.3802111646978,22.695628466900487,0.11000544693850435
1359.103686580726,22.708829120533107,0.1020400592899552
1361.8287460751899,22.7210739276479,0.09403198197583529
1364.5552749465076,22.732357765485002,0.08598640316930253
1367.2831578783657,22.74267613386532,0.07790702145910033
1370.0122790144296,22.752024976440413,0.06979926812488622
1372.7425220116024,22.7604008886154,0.06167129436580152
1375.4737701182362,22.767801443939298,0.05353667583077566
1378.2059062915089,22.77422584503899,0.045399107085177914
1380.9388133929135,22.779673737889212,0.037261775800960066
1383.6723742414601,22.784145150985328,0.029129130325632434
1386.4064716595783,22.787640646624403,0.02100479710659977
1389.1409885371731,22.790161222277195,0.012893080974779418
1391.8758078838464,22.79170839199417,0.004799607383999448
1394.6108128908857,22.79228434488025,-0.0032719684549931956
1397.3458870122713,22.791891708665652,-0.011316614955738628
1400.0809140173112,22.790533714870964,-0.019328533260623018
1402.8157780630956,22.78821429087969,-0.02730287437746042
1405.5503637780012,22.784937945954393,-0.03523487950662599
1408.2845563315157,22.780709760413597,-0.043119256267726794
1411.0182415027652,22.77553544966147,-0.05095167966518079
1413.7513057567246,22.769421248101647,-0.05872586256068506
1416.4836363064967,22.762374144594364,-0.06643473119976354
1419.215121203848,22.754401976850392,-0.07407192141615616
1421.94564944107,22.745513346280454,-0.08163296272478938
1424.6751110426235,22.73571739075348,-0.08910984300340914
1427.403397129514,22.72502420959307,-0.09649935522339227
1430.1304000346652,22.71344428696626,-0.10379415109845606
1432.8560133491012,22.700988988834446,-0.1109898259679615
1435.5801320277612,22.68767020971829,-0.11808035892854216
1438.3026524529275,22.673500566646865,-0.12506004217401243
1441.0234725209252,22.658493361585982,-0.13192254689330252
1443.7424917243156,22.642662655958787,-0.13866404556259182
1446.4596112430306,22.626022970491277,-0.14527673421498288
1449.1747339994895,22.60858976238548,-0.15175659171108954
1451.8877647709758,22.59037897138015,-0.15809833268235596
1454.5986102475413,22.57140717145827,-0.16429949696501403
1457.3071791081163,22.551691231822467,-0.1703519068508546
1460.013382055935,22.531249003000365,-0.17625352397187297
1462.717131936295,22.510098580123742,-0.1819996282504656
1465.4183437659096,22.488258624733685,-0.187583233132019
1468.1169348008777,22.465748636757844,-0.1930025734646409
1470.8128246372887,22.442588327942087,-0.19825359590777278
1473.5059352366418,22.418797896433155,-0.20333122114123608
1476.1961909842137,22.394398149896208,-0.20823301840048203
1478.8835187622012,22.36941018768815,-0.21295542969709247
1481.5678479847238,22.343855536124497,-0.2174987839828232
1484.2491106490588,22.31775568204656,-0.22185610000590678
1486.9272413309045,22.29113295004585,-0.22602424352494646
1489.60217728491,22.264010040822857,-0.23000110788349507
1492.2738584898088,22.236409907876837,-0.23378425138118317
1494.942227678754,22.208355797711096,-0.23737262573442675
1497.6072303744795,22.179871082622967,-0.24076438901909755
1500.2688149043943,22.150979355940674,-0.24395777924250656
1502.9269324271072,22.121704422431574,-0.24694867171095755
1505.581536957799,22.09207058182626,-0.24973642497207893
1508.2325854276182,22.06210221082961,-0.2523205179496082
1510.8800376929178,22.03182374867566,-0.25470164262809364
1513.523856542759,22.00125955156029,-0.25688078815773296
1516.1640076889462,21.97043385698136,-0.25885557334067977
1518.800459751784,21.939371188180477,-0.26062798935083303
1521.4331842943657,21.908095829458375,-0.2622003310347418
1524.0621557939007,21.876631789734205,-0.2635710692391333
1526.687351608669,21.845003261425507,-0.2647421042338765
1529.30875200004,21.813234208917443,-0.2657136746005297
1531.92634010511,21.78134856796538,-0.26648802130043603
1534.540101933266,21.74937000540933,-0.2670688629528062
1537.150026333915,21.71732174185499,-0.2674562645989097
1539.7561049429378,21.68522699010312,-0.2676502648401562
1542.3583321817503,21.653108958322303,-0.26765505333739853
1544.956705256749,21.620990351921815,-0.2674721499594044
1547.5512240989797,21.588893693926686,-0.2671054340667585
1550.1418913422508,21.556841041838673,-0.2665602834605335
1552.7287122672715,21.52485380782341,-0.26583443470207674
1555.3116947242104,21.49295367565916,-0.2649361892535034
1557.8908491652894,21.461161332948738,-0.2638648539198771
1560.4661885252433,21.429497550478352,-0.26262302412722444
1563.0377282313007,21.397982787583086,-0.26122408885184445
1565.6054861658106,21.366635896920865,-0.2596666221185358
1568.1694824734411,21.33547590226664,-0.25795663036753713
1570.7297395817131,21.304521106622538,-0.25609613742984927
1573.286282114508,21.273789570130955,-0.25409244416931437
1575.8391368629236,21.24329847683064,-0.2519524514058939
1578.3883326801433,21.21306418266193,-0.2496774551730728
1580.9339003820628,21.183102888041162,-0.24727539832110557
1583.4758727286278,21.15342984024263,-0.24474850441067564
1586.0142843094568,21.124060019713347,-0.242110906208658
1588.5491715118224,21.09500671096831,-0.2393589809113723
1591.0805723171386,21.066283633258944,-0.2365078046239445
1593.6085263531297,21.03790269670407,-0.23355821308227584
1596.1330746767342,21.009875711134196,-0.23051766648043498
1598.6542597620703,20.982213591156544,-0.22739239240870032
1601.172125393009,20.9549265040675,-0.22418868534855996
1603.6867165734973,20.928023861825675,-0.22090890579563666
1606.1980794369163,20.9015147931302,-0.2175612304938538
1608.706261212092,20.875407445470938,-0.21415503683373618
1611.2113101055484,20.84970884105089,-0.2106922592160898
1613.7132751664744,20.82442576994496,-0.20717926197921488
1616.2122062588678,20.799564258507452,-0.20362365352207715
1618.7081539698886,20.775129420084802,-0.20003068186066983
1621.2011695002989,20.75112573826152,-0.19640236161535213
1623.6913045888903,20.72755745486768,-0.19274740527278947
1626.1786114834745,20.704427766234943,-0.18907211086848064
1628.6631428154226,20.681739112930725,-0.18538079827388543
1631.1449515089744,20.65949341713786,-0.18167733244316056
1633.6240907190308,20.63769213724468,-0.17796483386235923
1636.1006137755003,20.616336357181197,-0.17425169882660804
1638.574574138362,20.595426153322006,-0.1705449587658624
1641.0460252767607,20.5749607582701,-0.16684587643355323
1643.515020567753,20.554939253098077,-0.1631552496294848
1645.9816132781248,20.535360623142537,-0.15948262701073207
1648.445856552902,20.51622270790125,-0.15583008776706744
1650.90780327785,20.4975230973692,-0.1522044941900405
1653.3675060495343,20.479258558066395,-0.1486045304555595
1655.8250170765023,20.461426014411728,-0.14503597150061517
1658.2803881982318,20.444021697831655,-0.14150493028846267
1660.7336708019716,20.427041106197038,-0.13801064172913086
1663.1849157347153,20.41047982918954,-0.13455794031545365
1665.634173314218,20.394332876351687,-0.13114743913097554
1668.0814932593803,20.37859518365597,-0.12778329280973916
1670.526924681419,20.363261188518802,-0.1244653501819353
1672.9705160240412,20.34832534649697,-0.12120014908227446
1675.4123150656208,20.3337813286071,-0.11798811283669959
1677.8523688250536,20.319622755066696,-0.11483092232153784
1680.2907235556615,20.305843044388112,-0.11172895299229016
1682.7274247209882,20.29243557002904,-0.10868125965411171
1685.1625169893916,20.279393818870545,-0.10569561446916163
1687.5960442476562,20.266710345134246,-0.10277685665111363
1690.0280494890724,20.254377122336113,-0.09991930785471624
1692.4585747437527,20.242386805393547,-0.09712687758706755
1694.8876611603998,20.2307315800831,-0.09439681363627411
1697.3153489500098,20.219403962446744,-0.09173423017052273
1699.7416774255034,20.208395854826282,-0.08913800257839123
1702.1666849280825,20.197699294516877,-0.08660945338370882
1704.5904088434245,20.187306160110833,-0.08415044562882877
1707.0128855826379,20.177208106635373,-0.08175959279194897
1709.4341505554341,20.16739695550034,-0.07943784474422484
1711.8542381900943,20.157864414131033,-0.07718618322611281
1714.27318191979,20.1486020721439,-0.0750039121914489
1716.6910141684473,20.139601602680923,-0.07288772234370067
1719.107766360769,20.13085507599968,-0.0708435041273872
1721.5234689698889,20.122353855504393,-0.06886672954865611
1723.9381514325494,20.114089847958553,-0.0669588435867926
1726.3518422143045,20.106054786728137,-0.065118046049495
1728.7645687887118,20.098240621202198,-0.0633412618814093
1731.176357663256,20.09063966977643,-0.061628969596105844
1733.5872344236293,20.083244193424896,-0.05998047801446344
1735.9972237268403,20.07604653606316,-0.05839459751890013
1738.4063493111678,20.069039184360893,-0.056872611535201845
1740.8146340132912,20.06221447097667,-0.05540817568602186
1743.2220997498084,20.05556548989435,-0.05399967100767062
1745.6287676085958,20.04908552937343,-0.052646706147527984
1748.0346578721205,20.042767924635726,-0.05134895168274162
1750.4397900230767,20.036606050433797,-0.050109357010780405
1752.8441827491288,20.030592927592505,-0.04891718881840683
1755.2478539004398,20.024722864934297,-0.04777732701612807
1757.650820644232,20.018989585692363,-0.04668479437739584
1760.0530993945151,20.013387410367077,-0.04563985533204621
1762.4547058837593,20.00791062772723,-0.04463853431621273
1764.8556551590866,20.002554003609287,-0.04367871020426494
1767.2559616395197,19.997312558384774,-0.04275742321171209
1769.6556391465258,19.992181667599368,-0.04187677546482402
1772.0547009466377,19.98715645454359,-0.04103163501241623
1774.4531597211828,19.982232658342102,-0.04021623947878086
1776.851027640184,19.977406709604647,-0.03943739911057824
1779.2483164453365,19.97267422171138,-0.038687860168107005
1781.645037351942,19.968031678491208,-0.037966648501858
1784.0412011533608,19.963475680670985,-0.037270148946607976
1786.4368182350413,19.959003262797392,-0.036597929877933144
1788.831898626577,19.95461151121204,-0.035950001102062305
1791.2264520079225,19.950297511079793,-0.03532045998114412
1793.620487709252,19.946059055882056,-0.034707571294417726
1796.014014795958,19.941894147326725,-0.03411012162978881
1798.4070420936373,19.93780093273115,-0.0335264325590221
1800.799578205565,19.933777760824068,-0.03295454360079855
1803.191631536864,19.929823215591973,-0.03239236441049585
1805.5832103227349,19.925936131862713,-0.03183591484050902
1807.9743226585583,19.922115822081853,-0.03128348094303146
1810.3649765572081,19.91836180436869,-0.030735763824355965
1812.7551799737323,19.91467351270977,-0.030188051256030104
1815.1449407952575,19.911050946559044,-0.029639685325611367
1817.5342669088445,19.90749418431997,-0.02909124963008545
1819.923166210963,19.90400323436436,-0.028541240347207095
1822.3116465990868,19.900578285522695,-0.02798596295966675
1824.6997159933494,19.897219969967534,-0.027418448609540926
1827.0873823897455,19.893929756134387,-0.02684115428248501
1829.4746539604816,19.89070881762049,-0.026248129100057315
1831.8615390185962,19.887559042128483,-0.0256400285660131
1834.2480461036516,19.884482238700564,-0.02501966070839004
1836.6341839722957,19.881479879415558,-0.02438443445811361
1839.0199615578256,19.878553747280584,-0.023725947213446143
1841.4053880074991,19.87570663361497,-0.02304851195103008
1843.790472803533,19.872940812180847,-0.022347487185707615
1846.1752257009948,19.87025911371856,-0.021625612900985303
1848.5596567946411,19.867664040170443,-0.02087772375959047
1850.9437764794616,19.865158713319293,-0.020095586580786043
1853.32759552506,19.862747242929597,-0.019286322835705232
1855.7111251942115,19.86043288418931,-0.018448756606297217
1858.0943771403142,19.858219033396555,-0.01756984817385355
1860.4773634243218,19.856110651615694,-0.016654758503368013
1862.8600967025156,19.85411208059529,-0.015705575383808488
1865.2425901521872,19.852227411549233,-0.014697036802331986
1867.624857441573,19.850463767132954,-0.013656560630191326
1870.006913093629,19.84882497985733,-0.012579919847191888
1872.3887720912119,19.847315389475668,-0.011468184412214553
1874.770449937949,19.845939207346202,-0.010316700564827117
1877.1519626428305,19.844701203278422,-0.009122602691065315
1879.533326787224,19.843606490955494,-0.007891572499899859
1881.9145595661387,19.842659502255508,-0.00662315071795238
1884.2956787064093,19.841864724169355,-0.005308956930271418
1886.6767024733097,19.84122764933772,-0.003955210329491245
1889.0576497912302,19.84075302409818,-0.0025604795755439693
1891.438540154122,19.840445766549117,-0.0011173074077348438
1893.8193936461078,19.84031168966019,0.00037696912158693627
1896.200231048867,19.84035692595478,0.0019147346771703124
1898.5810738799814,19.84058669411604,0.0034987047394161156
1900.9619442832754,19.84100653868477,0.005116424005224837
1903.3428650679177,19.8416205095654,0.006765496582978468
1905.7238595290655,19.842432369155357,0.008454836967674663
1908.1049514133642,19.843446949591478,0.010184049700858074
1910.4861650473151,19.84466903555558,0.01195290645759482
1912.8675253315819,19.84610338433049,0.013769443700332739
1915.2490577377016,19.84775571757453,0.015640537137681855
1917.6307884238106,19.849632582031052,0.01755120171179367
1920.0127443336544,19.85173872623647,0.019513937413467235
1922.3949529808028,19.854080398726087,0.021525202989100486
1924.7774426286499,19.85666342308478,0.02360059570329504
1927.16024223942,19.859495494569174,0.025723374032865023
1929.5433816987684,19.862582299453116,0.027889207569970844
1931.9268915747027,19.86592900436151,0.030098933770882658
1934.3108030552262,19.869540876414018,0.03235820513138823
1936.6951479603958,19.873423861029785,0.03466259249439152
1939.0799588237194,19.877583372129113,0.03701695915203403
1941.465268828375,19.882025407227356,0.03941946061566616
1943.8511118772421,19.886755742501236,0.04186689360137121
1946.2375225663422,19.8917797697334,0.04436210078967169
1948.6245361387103,19.89710322182816,0.04690588069949164
1951.0121885253297,19.9027319275121,0.04949868721021718
1953.4005163566312,19.908671769977325,0.052140645934142034
1955.7895569690286,19.914928647489422,0.05483073488264874
1958.1793484067273,19.92150833567534,0.05756421630700362
1960.5699294070084,19.928416041632182,0.06034955766973505
1962.9613393320044,19.93565798855255,0.06317537697956462
1965.3536182906307,19.943239033790096,0.0660439000347123
1967.7468069746856,19.95116430179426,0.06895926562342582
1970.1409466909008,19.959439413669074,0.07191786343390326
1972.536079420541,19.968069557281144,0.07491644997736248
1974.9322477674148,19.977059531278428,0.07795570032623214
1977.3294949111682,19.986414215317577,0.0810306905352921
1979.7278646170064,19.99613789818181,0.08414200725295547
1982.1274011647881,20.006234939052167,0.08727635035308548
1984.5281493574744,20.016708101094537,0.09044133295813792
1986.9301543296058,20.027561061049514,0.0936375510884656
1989.3334616569318,20.03879756718013,0.09685046235983093
1991.7381173649935,20.05041962266331,0.10009866112708202
1994.144167719713,20.06243146199856,0.10337417670487906
1996.551659495153,20.074836363203147,0.10667175897141384
1998.9606398587373,20.087636974279718,0.10998774752996544
2001.371156295651,20.100835503983316,0.11332342544749605
2003.783256556129,20.114434315037016,0.1166766300480707
2006.1969886739332,20.128435510642785,0.12004654184943878
2008.6124009352104,20.142841095664718,0.12343374618245692
2011.0295418666901,20.157653145206613,0.12683834425113066
2013.4484602441148,20.17287374651675,0.13025259648779336
2015.8692050936968,20.188504058095283,0.13368223471014218
2018.2918255806683,20.2045459262605,0.13712389596811303
2020.7163710918196,20.221000793776675,0.14057937520274652
2023.1428911870728,20.237870318801004,0.14404267704809637
2025.5714356253288,20.255155440046774,0.1475146724475999
2028.0020542781344,20.272857200740486,0.15099634834918124
2030.4347971422233,20.29097676254239,0.15449043414821967
2032.8697143537283,20.309515614640176,0.1579942928435443
2035.3068562274852,20.3284749297814,0.1615049900902231
2037.746273219059,20.347855528592227,0.16502604053910458
2040.1880158824902,20.36765865345692,0.16855612219712618
2042.632134920905,20.387885388120576,0.1720890894505803
2045.0786811674793,20.408536078854645,0.1756241826116482
2047.527705496942,20.429610980768043,0.17915911871992413
2049.9792588146342,20.451110075014434,0.1826951279363323
2052.433392023636,20.473033490366795,0.18622710325375297
2054.8901560424797,20.495380742757245,0.18976580434432608
2057.3496017316106,20.518152639278565,0.1933079623880398
2059.811780048324,20.54134959476513,0.19685020193579192
2062.276741999696,20.564971618997426,0.2003916739231452
2064.7445385939754,20.589018619868202,0.2039345862385851
2067.2152208283596,20.61349077021683,0.20747576055365705
2069.688839720786,20.63838786148327,0.21101089257423206
2072.1654462641636,20.663709168592177,0.21453529261691096
2074.645091364395,20.689453403706207,0.21804735863974212
2077.1278257728395,20.715619086742976,0.2215496206399601
2079.613700063249,20.74220504121977,0.22504047631254034
2082.102764668195,20.769209898377273,0.22851941141779541
2084.5950698560005,20.79663222774741,0.23198825840506085
2087.09066572333,20.824470818756016,0.23543937739671367
2089.5896022215807,20.85272354404362,0.23887080539190364
2092.091929046866,20.88138804069065,0.24228442739454817
2094.597695611749,20.910462171977994,0.24567110888229843
2097.106951072386,20.93994270504387,0.24903803904885147
2099.619744196991,20.96982726972973,0.25238058906132255
2102.1361234693586,21.00011294041709,0.25569651336504157
2104.6561370222084,21.030796522020896,0.2589815872054863
2107.179832604851,21.061874312485553,0.2622400959302565
2109.707257522349,21.093343123997183,0.26547078557890746
2112.238458697229,21.125199618266652,0.2686627407114942
2114.773482651421,21.157439147152033,0.27181704772765103
2117.3123753490795,21.19005719287935,0.2749375645811585
2119.855182212225,21.22304970062909,0.27801925239887465
2122.4019481763003,21.256412010916954,0.2810551720692133
2124.9527176176102,21.29013863156526,0.2840666022550545
2127.5075342533983,21.324226623835866,0.2870371810159379
2130.0664414482585,21.358671085557777,0.28995982246489393
2132.6294819785253,21.393466264253565,0.2928588431645085
2135.1966979302356,21.428609325433307,0.29571933928666966
2137.7681310492876,21.464095646147708,0.2985351898578515
2140.3438225268255,21.49991986893065,0.30131172397619277
2142.9238129110972,21.536077275807795,0.30404864204834336
2145.508142184194,21.572563112853597,0.30673326629645986
2148.0968497577364,21.609371104809174,0.30939339176521
2150.6899742903133,21.646498311821,0.3120112551737103
2153.2875540877317,21.683939662441844,0.3145811264172439
2155.889626847225,21.721689397611915,0.3171070471716489
2158.4962295749383,21.759742243272512,0.3195886416894169
2161.107398644131,21.79809288027524,0.32202848342165336
2163.723169789764,21.83673629828584,0.32442419632986336
2166.3435781455582,21.875667201845424,0.3267731557362012
2168.9686582097797,21.91487998053377,0.3290753115737017
2171.598443807444,21.954369017922613,0.33133265243055005
2174.2329680895946,21.994128936214278,0.33354147346775725
2176.87226356194,22.03415391303041,0.3357080821666996
2179.516362031504,22.074438882890412,0.3378210311743145
2182.1652946974505,22.11497740663133,0.33989489830956643
2184.8190919862463,22.155764794428478,0.3419057718612957
2187.477783761578,22.196793487051835,0.34388086971324827
2190.141398980024,22.238059191417424,0.34580816031143985
2192.809966082994,22.279556170654796,0.3476835763747962
2195.4835128234727,22.321278199819773,0.3495116890023269
2198.162066207451,22.363219602500052,0.351284216464075
2200.845652559751,22.405373708475743,0.35300907248755103
2203.5342974047685,22.44773479717425,0.35468342557671695
2206.2280255804294,22.490296808243453,0.3563025809159792
2208.9268611974185,22.533053117953372,0.3578606994020872
2211.630827571573,22.57599640188162,0.35937468767865977
2214.339947139799,22.61912136440306,0.3608359439283793
2217.054241703527,22.662421677674466,0.3622419453468603
2219.773732304848,22.70589071111609,0.3636095086850738
2222.498439190182,22.7495238521583,0.364923813351815
2225.2283820524412,22.79331470976052,0.36618629101929007
2227.9635798176123,22.837257064682834,0.36739736745032026
2230.7040506653743,22.881344748776872,0.36856017551317427
2233.4498120352278,22.925571969838455,0.3696704363265016
2236.2008806716085,22.969932422197633,0.37072840774664906
2238.957272562272,23.01441983112723,0.37173889117986175
2241.719002942007,23.059028498068816,0.37270374471412593
2244.4860863617755,23.10375294743451,0.37361808692075904
2247.2585367154675,23.148587117865002,0.37449069225864184
2250.0363671696114,23.19352600093604,0.375314566050081
2252.8195902897237,23.23856374886205,0.37608804764909465
2255.608217939587,23.28369431457994,0.37681803167824623
2258.4022612573367,23.32891247838133,0.3775042676219481
2261.2017307547426,23.374212990495963,0.37815265071169446
2264.006636313602,23.419591308581367,0.3787605353675569
2266.8169872706317,23.465042572825475,0.3793235658933863
2269.6327923793706,23.51056140073268,0.37984510900005153
2272.4540597474584,23.556142813812688,0.38032452157800084
2275.2807968851157,23.601781756402048,0.38076449378386
2278.113010695884,23.64747349565611,0.38116194143939286
2280.950707515363,23.69321292862884,0.38152102350333317
2283.7938930667983,23.738995451449238,0.3818392806353175
2286.6425725209724,23.784816165125477,0.38211252815614416
2289.4967504607876,23.830669668504214,0.38235355162607987
2292.356430821008,23.876552094699342,0.38256041049759315
2295.221617072372,23.92245934395905,0.3827258117992214
2298.092312193647,23.968386441374957,0.38285341499585274
2300.968518566612,24.014328851174458,0.3829391640305206
2303.850238028753,24.06028155085812,0.38298484338261823
2306.7374718148562,24.106239732064036,0.3829979918350409
2309.6302205827037,24.152199491084243,0.38297417733064143
2312.528484521634,24.19815639236392,0.3829070121167721
2315.4322632887174,24.244105233817933,0.3828054077812607
2318.3415559167756,24.290041882751684,0.3826635217095913
2321.2563609427057,24.335961505356835,0.382486120471175
2324.1766763233486,24.381859839813377,0.38227764389836333
2327.102499504126,24.42773315708118,0.38202847484568103
2330.033827482976,24.473576574062662,0.38174317357843374
2332.9706566718637,24.519385754892074,0.3814214925332756
2335.9129829624508,24.565156333996068,0.38105936848703525
2338.86080172253,24.610883458214513,0.3806667917823083
2341.8141077375158,24.65656347322839,0.38023678840312036
2344.7728953543033,24.70219188783676,0.3797770941458517
2347.7371583808435,24.747765139134263,0.3792787528494091
2350.7068901975395,24.79327858947619,0.37874404379430854
2353.682083628277,24.838727874731507,0.3781820222217495
2356.6627309732444,24.88410971739812,0.37758313385650394
2359.648824139332,24.9294196934609,0.3769571599994473
2362.6403545025473,24.974654552660834,0.37629653856854184
2365.6373130488664,25.01981013728906,0.37560876255951264
2368.639690265341,25.064883188796202,0.3748941414488276
2371.6474762479966,25.10987048577006,0.37415150203226827
2374.660660706289,25.154768666013933,0.3733722263325627
2377.6792329462105,25.19957333317384,0.3725658561381167
2380.703181746191,25.244281235910414,0.37172448640911304
2383.7324954945,25.288888174279506,0.3708568657331591
2386.7671620754136,25.333390998167484,0.36996322075150473
2389.8071689951935,25.377786584657663,0.3690336718871715
2392.8525033853525,25.422070625284125,0.3680774375552346
2395.9031518603865,25.46623991779075,0.36707882101370637
2398.9591006505216,25.510289376312397,0.3660638952868092
2402.020335375679,25.554217043746814,0.36503633386464257
2405.086841420929,25.59802140381057,0.36397890138432376
2408.1586039893864,25.64169887197669,0.3628857575748469
2411.235607854024,25.68524516288567,0.3617671635172708
2414.31783727357,25.728657222507742,0.360622635745584
2417.405276140271,25.771931938797213,0.3594364909619833
2420.4979079729264,25.81506431771265,0.35824204651386504
2423.5957156910517,25.858053363294314,0.3570142503456053
2426.698682094647,25.900895073335786,0.3557678606114588
2429.8067895034474,25.94358721660916,0.35449763838340353
2432.9200199694405,25.986126933215168,0.35319038263763486
2436.0383552014264,26.028509779131685,0.35185911889359767
2439.1617763749223,26.070732873398917,0.35050270562294206
2442.2902643197303,26.11279319807367,0.3491194439768668
2445.423799503499,26.154687531350895,0.3477044690798066
2448.562362007261,26.196412067640473,0.3462743441660888
2451.705931455378,26.237964988940405,0.3448134113064481
2454.854487254051,26.27934259829718,0.3433179583609124
2458.0080083658468,26.32054075330049,0.3418024128961909
2461.1664732562426,26.361557042848034,0.34027425421973057
2464.3298601013844,26.4023899533544,0.3387218936183041
2467.4981468957867,26.443036580588597,0.337147488563775
2470.6713112854573,26.48349427921625,0.3355415439995194
2473.849330598963,26.523759264496192,0.33392166224814857
2477.032181710703,26.56382986396597,0.3322665096987148
2480.219841294379,26.603701845129816,0.3305801188513364
2483.4122855157943,26.643371459391975,0.3288945359936347
2486.6094900909216,26.68283880371121,0.32719167574093333
2489.811430747367,26.722101804800122,0.32545693521572927
2493.018082963943,26.76115663702601,0.32370336151195006
2496.2294217603862,26.80000104040744,0.32193367984422383
2499.445421885235,26.838633081988746,0.3201447346721519
2502.6660578550736,26.877050450149405,0.31832836509957657
2505.8913039090917,26.915249853961352,0.3164874648852528
2509.121133891567,26.953228349747583,0.3146299599725896
2512.3555212935366,26.990983944944293,0.31277131090025634
2515.59443936693,27.028516502252323,0.3108867443355448
2518.8378613472005,27.06582291157259,0.308987794616871
2522.085760096589,27.102901446926612,0.30706635953552086
2525.3381082702203,27.139749410070873,0.30512798705243405
2528.594878199429,27.176364768517164,0.30316945791508854
2531.856041971651,27.212745103466975,0.3011827737498087
2535.121571384067,27.24888703631695,0.2991870719547248
2538.391437828425,27.284789484951517,0.29717244981240815
2541.665612566619,27.320450178929008,0.29513552572662227
2544.9440665880907,27.355866442016204,0.2930960293058883
2548.2267705611325,27.39103796553291,0.2910444543138129
2551.5136951169966,27.42596330005057,0.2889774275006215
2554.8048107130026,27.460640591350643,0.28688495346182435
2558.1000875839645,27.495066785766063,0.2847925918821576
2561.3994955982566,27.529241896791923,0.2826876091499385
2564.7030046258715,27.563164409889914,0.28056854103362294
2568.010584355058,27.59683263481395,0.2784301175269352
2571.322204271236,27.630244248917183,0.27628312492209983
2574.637833581106,27.663398223907834,0.27411067736829275
2577.9574413679748,27.69629150519203,0.2719356511174718
2581.280996348598,27.728923783326124,0.26974634147402443
2584.6084672025972,27.761293344303006,0.26754196119380885
2587.9398224039137,27.793398379646263,0.265341624016276
2591.2750302094714,27.825239374528216,0.2631288252841721
2594.614058934415,27.856814833562318,0.2609011688595164
2597.9568767144424,27.88812297382546,0.25866912571320977
2601.3034514713013,27.919163268911046,0.2564262452001379
2604.653751063571,27.94993441833506,0.254176451633191
2608.007743193771,27.980435592531045,0.25191378418108235
2611.365395464875,28.010665246632776,0.24964190378074494
2614.7266752944706,28.040622275086466,0.24736898804986976
2618.091549967481,28.07030655365245,0.24508551731042605
2621.4599867539196,28.099716815729703,0.24279004955778916
2624.831952771807,28.128851621676638,0.24049428982225132
2628.2074149664086,28.15771093645531,0.23819798095436365
2631.586340278783,28.186294694169835,0.23587998536599603
2634.9686956420837,28.214600292413753,0.23356849569128252
2638.3544476771735,28.242628511896708,0.23126116535617958
2641.743563098601,28.27037985173945,0.22894670782094026
2645.13600868081,28.297853456677963,0.22661674346777055
2648.531751095611,28.325047465894095,0.2242970866499161
2651.9307567915184,28.351963116292083,0.22197639150653073
2655.3329923654733,28.378600283272867,0.21965248993636355
2658.738424399466,28.40495858206523,0.2173244211005794
2662.147019429314,28.4310375125973,0.2149960079551788
2665.5587439308256,28.45683703355192,0.21265819394015664
2668.973564374852,28.48235601682474,0.21032240263953475
2672.3914470968707,28.507594705141482,0.2079797557256236
2675.8123584614877,28.532552275828557,0.20564432078423836
2679.236264734587,28.557229594322667,0.2033072169335998
2682.6631322859057,28.5816264603547,0.2009680459806463
2686.092927461148,28.605742625872377,0.1986322288468494
2689.5256165762526,28.629578493333998,0.19629152810690978
2692.9611659954526,28.653133476706827,0.19395201500123047
2696.3995420126575,28.676407718506976,0.19160909239321958
2699.8407109388786,28.699400809594163,0.18926964204388064
2703.28463903603,28.722113166639428,0.18692383510105626
2706.7312926160266,28.744544026851553,0.1845878677930358
2710.1806378992487,28.76669457098672,0.18225006670713062
2713.632641247767,28.788564578991576,0.1799106359251797
2717.087268997246,28.810153855302598,0.17757656600064664
2720.5444874598825,28.831463043222676,0.17523786778024117
2724.004263025069,28.852491587356305,0.17290584102713802
2727.466562015552,28.87324028827956,0.17057394160994194
2730.9313508501455,28.893709161272753,0.16823756032343745
2734.398595949498,28.913897668511567,0.16590812777598193
2737.8682636697195,28.933806643844683,0.16357298387409533
2741.3403204669808,28.953435401909573,0.16124162540860854
2744.81473271521,28.972784396958605,0.15891581177391792
2748.2914668428452,28.991854294371475,0.15658974820205732
2751.77048935817,29.01064506415572,0.15426359395402287
2755.2517667658685,29.029156695430203,0.15193643730890805
2758.7352655693203,29.04738906790727,0.14961547364018013
2762.220952257469,29.065342924744094,0.1472935664838673
2765.7087934084384,29.083018152722158,0.14497322425039924
2769.198755586765,29.100414939632206,0.14265070068946378
2772.690805379521,29.11753302371494,0.1403335609977675
2776.1849093423666,29.13437305103467,0.13801865041169786
2779.6810341084906,29.150935289084074,0.13570409164083155
2783.1791463431805,29.167219780080973,0.1333878158235313
2786.67921271679,29.1832263179798,0.13107512369737584
2790.1811998749477,29.198955332823484,0.12876237144256322
2793.6850745148863,29.214406817396593,0.12645307659176416
2797.1908033329737,29.229581186587605,0.12414737067021914
2800.698353075364,29.244478871068033,0.12184384254909485
2804.207690539892,29.259100132173923,0.11953916556073886
2807.718782555753,29.27344483204121,0.11724225033527556
2811.231595935598,29.287513902081443,0.11494619173277354
2814.746097603848,29.301307445089375,0.11265061462250987
2818.2622544972587,29.314825518844074,0.1103601176508454
2821.78003355952,29.328068732962176,0.10806912790410315
2825.299401807475,29.34103702831067,0.10578516311316202
2828.8203262508723,29.353731247884248,0.10350236145007455
2832.3427740006186,29.366151531258257,0.10122213294997794
2835.8667121843696,29.378298187212255,0.0989439810292622
2839.3921079668353,29.39017146493577,0.09667013855824111
2842.918928542628,29.40177188156276,0.09439983923542458
2846.4471411684153,29.41309986227101,0.09213492781435625
2849.976713151888,29.424156053608733,0.0898743292114158
2853.507611878321,29.434940973114102,0.08761692597537965
2857.0398047950944,29.44545500423115,0.08536449190280702
2860.5732593956022,29.455698743259486,0.08311662750296753
2864.107943244793,29.465672738559842,0.08087445266736695
2867.6438239734202,29.475377672879926,0.07863768795225066
2871.180869294166,29.484814195434197,0.07640553539604239
2874.719046997618,29.493982859681722,0.07416889949067149
2878.25832494078,29.502883127620603,0.07191904000488254
2881.798670916094,29.511513412421188,0.0696603158183431
2885.3400525255847,29.51987265031939,0.06739685467755417
2888.882437243623,29.527960272880694,0.06512966695806259
2892.4257924763688,29.53577583291566,0.0628622657206979
2895.9700855763185,29.543319304802147,0.060594921652879066
2899.515283892895,29.55059069540049,0.05833221609477638
2903.061354776343,29.557590561331864,0.05607269491420288
2906.6082656437025,29.564319284721567,0.05382071715339275
2910.155983957869,29.570777770779973,0.05157685895916067
2913.704477290363,29.576966993855073,0.04934267367761348
2917.2537133296255,29.582888114696388,0.04712015244297826
2920.803659903389,29.588542532989546,0.04491077708509695
2924.3542850073477,29.593931826239757,0.04271445772508906
2927.9055568264966,29.599057561166767,0.04053293077013772
2931.4574437338365,29.603921512859184,0.038364966589973445
2935.00991431538,29.60852530884998,0.036211703046628796
2938.5629373524416,29.612870713215575,0.0340744574900956
2942.1164818380275,29.616959648114385,0.03195269142581622
2945.6705169958013,29.620793971085483,0.029846129679730157
2949.2250122723317,29.624375506647052,0.027758079181085044
2952.7799373331295,29.62770647614878,0.025688890409372733
2956.335262110267,29.630789142997905,0.023636481492863383
2959.890956807427,29.63362552077705,0.021606530170796428
2963.44699186992,29.636218304397545,0.01959508359325097
2967.0033380664477,29.638569714428733,0.01760427859309749
2970.559966432179,29.640682227859905,0.0156348872450746
2974.116848299522,29.642558414329315,0.013686569089289074
2977.6739553092416,29.64420080262003,0.01175933324056476
2981.231259405556,29.645611922608897,0.009853738608294218
2984.788732836269,29.646794371241892,0.007970011358849838
2988.346348160818,29.647750772604955,0.00610947363808292
2991.9040782535303,29.648483909441524,0.004271936596672478
2995.4618963226635,29.648996541833124,0.0024569203755649346
2999.0197759076837,29.649291372278192,0.0006643791881367241
3002.577690872357,29.64937109778077,-0.00110603622149084
3006.1356154040905,29.64923837343419,-0.002854637619524787
3009.6935240089024,29.648895816919847,-0.004580888368541144
3013.2513915069326,29.64834611031562,-0.006281326396171929
3016.8091930401706,29.64759235114808,-0.007958437445131436
3020.3669041223084,29.646637338654664,-0.009616011588139784
3023.924500602947,29.645483417264085,-0.011251484359658202
3027.4819586130184,29.644133239140928,-0.012866608079873375
3031.039254601715,29.642589246171344,-0.014460391294772064
3034.596365311256,29.64085399921597,-0.01603316429941343
3038.153267791162,29.63893001950004,-0.017584162949959528
3041.709939393502,29.636819919946046,-0.019117943648932444
3045.2663577838953,29.634525766708173,-0.020633032190814686
3048.8225008759005,29.632049802845273,-0.022129265550917192
3052.378346852242,29.629394290979164,-0.023611768120841897
3055.9338741671595,29.626560878804664,-0.025077301258583207
3059.489061472616,29.623551602653635,-0.02652393198946847
3063.0438876649346,29.6203687308149,-0.02795356533197603
3066.598331912632,29.61701430297506,-0.029365264891151016
3070.152373628989,29.613490471188122,-0.03075828028988928
3073.7059924855316,29.609799477553334,-0.03213140778263671
3077.2591684228382,29.605943708619417,-0.033490653409248596
3080.8118816678725,29.601924830210308,-0.03483095449746012
3084.3641126474977,29.597745115670612,-0.036154651266738856
3087.915842061378,29.593406557518605,-0.037461182880924045
3091.4670508482805,29.588911215572896,-0.03875234385608143
3095.017720194149,29.584260934310166,-0.04002713036352915
3098.5678315062664,29.579457678666543,-0.04128511811547869
3102.117366427706,29.574503464492686,-0.04252719567912197
3105.6663068434455,29.56940020101119,-0.04375407614958153
3109.214634867567,29.56414971187324,-0.04496058072947393
3112.762332832992,29.558754442185705,-0.046155575786532226
3116.309383366054,29.55321577309132,-0.04733495495448935
3119.855769258825,29.54753557849678,-0.04849326881252793
3123.401473528245,29.541716386239276,-0.04964665750273351
3126.9464794945934,29.53575878733895,-0.050779423925166
3130.490770549074,29.52966525646793,-0.05190001453003414
3134.0343303798504,29.523437254724325,-0.053007189981780785
3137.577142850417,29.517076391926512,-0.054098308612875255
3141.1191920174483,29.51058459489297,-0.05517181553474157
3144.6604621688357,29.5039639770288,-0.0562300014178837
3148.2009378460793,29.497216376858653,-0.05727151986869504
3151.740603811302,29.49034379447441,-0.05829437997296077
3155.2794450666393,29.483348468877654,-0.05929977481919496
3158.8174468829047,29.47623249589935,-0.0602865129606781
3162.3545947824127,29.468998114344068,-0.061247574747964266
3165.890874556134,29.461648405374312,-0.06217459234033183
3169.426272364779,29.45418745429347,-0.0630561971942742
3172.9607748592944,29.446620710630157,-0.06387211267640085
3176.49436934457,29.43895605710899,-0.0646271182663793
3180.027044071423,29.431200802917022,-0.06532242185919584
3183.558788167773,29.42336211229392,-0.06597023718076324
3187.089591621248,29.41544568383223,-0.06657572219812513
3190.619445103308,29.407456597168455,-0.06714424651921909
3194.148339894968,29.39939928758615,-0.06768323629981317
3197.6762678094783,29.391277299230172,-0.06820432350689383
3201.203221085386,29.383092780409346,-0.06871024067641084
3204.7291922190348,29.374847551528177,-0.0692026013309589
3208.2541739252183,29.36654323936846,-0.06968008661983634
3211.7781591139424,29.35818162897408,-0.0701387376663597
3215.3011409094192,29.34976498045412,-0.0705780589542951
3218.823112707074,29.341295613379604,-0.07099642868556465
3222.3440681806796,29.332776041937336,-0.07138578071942538
3225.864001305712,29.324209748251004,-0.07174311885578716
3229.3829064755023,29.31560057398831,-0.07205815202090216
3232.900778544381,29.3069535957458,-0.07233279366056902
3236.4176129758703,29.29827366050653,-0.07256592774449534
3239.933405815131,29.289565749177193,-0.07276835757895052
3243.4481537050324,29.28083354626772,-0.07295333058312584
3246.9618537305846,29.272079146597743,-0.07313173022055189
3250.474503228176,29.263303338971276,-0.07331773237860227
3253.9860996288526,29.254505211085846,-0.07353266988005976
3257.4966402541827,29.24568129070024,-0.07379219304475529
3261.0061220090665,29.23682622753487,-0.07409776206267919
3264.514541156371,29.227934496087347,-0.07445824547055203
3268.0218932959015,29.21899950663088,-0.07486408677140467
3271.528173236697,29.210015816218313,-0.07530044934120367
3275.0333751346434,29.20097976229737,-0.0757635302660683
3278.537492706119,29.19188813866544,-0.07624409053475441
3282.040519282759,29.18273884780127,-0.07673418222274565
3285.542447944495,29.173530745934542,-0.07722654420984111
3289.0432716340074,29.16426356062936,-0.07771466377165366
3292.542983261283,29.154937800976764,-0.07819057361860611
3296.0415757974,29.14555493214253,-0.0786503703176795
3299.5390423892572,29.13611688770441,-0.07908865519908434
3303.0353764157817,29.12662624908052,-0.07947229801818538
3306.5305715656714,29.11708957331834,-0.07978181078545078
3310.0246223144695,29.107515756024085,-0.08002045546921789
3313.5175242051923,29.09791330136778,-0.08017976526912222
3317.0092738013564,29.088291729535484,-0.08028429620375006
3320.499868808901,29.078657613991034,-0.08033276284161765
3323.9893077225797,29.06901768245004,-0.08032599310712095
3327.4775898444736,29.059378563277185,-0.080259212603443
3330.9647152720668,29.049747457764774,-0.08016093072554734
3334.4506849669983,29.04012814607771,-0.08002243377594108
3337.9355003445276,29.030525454024595,-0.07984382805928893
3341.4191633990104,29.02094419465748,-0.07962853973360073
3344.901676702369,29.01138876988945,-0.07937498865211184
3348.383043354756,29.001863771251198,-0.07908966881118437
3351.863267007306,28.992373010993855,-0.07876338748451471
3355.3423517686256,28.982921404495713,-0.07840851544251706
3358.8203023371652,28.97351238264261,-0.07802141394593022
3362.2971238230825,28.964149812969097,-0.07760119196301685
3365.7728218006387,28.954837669933536,-0.07714931949494043
3369.2474023210307,28.945579751594142,-0.07666629283726466
3372.720871891222,28.93637979645367,-0.07614083183518959
3376.1932374667963,28.927242896633448,-0.07559197346728476
3379.6645066143924,28.918171859817374,-0.07501902393086386
3383.1346872375707,28.90916957694567,-0.07443455611527403
3386.603787586804,28.900237430211835,-0.0738327842501384
3390.0718160784295,28.891377496101818,-0.07322174049726833
3393.5387813779616,28.882590887242145,-0.07259647184083544
3397.004692284431,28.873879310621245,-0.07196101554522291
3400.4695578017054,28.865243988755818,-0.07131010176951134
3403.933387080356,28.856686776543476,-0.0706401076117264
3407.3961894935414,28.84820996363007,-0.06995680383017051
3410.857974689177,28.839815147170448,-0.06926308058625584
3414.3187525068374,28.831503577500097,-0.06855492276067258
3417.7785329361373,28.823276986768818,-0.06784318894547176
3421.2373261745497,28.815135804095362,-0.06713602669668492
3424.695142471041,28.807079480891762,-0.06643405936052733
3428.151992008748,28.799107393768498,-0.06574220182487023
3431.607884896,28.791218329549512,-0.0650649672650268
3435.0628310955462,28.78341053347771,-0.06439828731864558
3438.5168403595635,28.77568273899947,-0.06374305948447856
3441.9699222882437,28.768033571861334,-0.06310380519229858
3445.422086316867,28.760461115238257,-0.06247260136583569
3448.8733416506957,28.75296440307436,-0.061858746621031524
3452.3236973790645,28.745541353479833,-0.06125279536431334
3455.773162341482,28.738191018036115,-0.06066362270602351
3459.2217452636464,28.730911383311394,-0.0600903404409618
3462.669454629644,28.723700542458477,-0.059524319987554385
3466.116298694739,28.71655762405997,-0.05896782213787919
3469.562285609626,28.709481485403423,-0.05842513436911734
3473.0074233878745,28.702470469279127,-0.05789469261047788
3476.451719844188,28.69552310616587,-0.0573645024640683
3479.895182616928,28.68863936587018,-0.05685617329398825
3483.3378193408325,28.6818166250749,-0.05637771398631431
3486.7796373358415,28.675051299396543,-0.05593474086143796
3490.220643491769,28.66833913049317,-0.05552141188164609
3493.660844187428,28.661676561067374,-0.055153862612133855
3497.1002453747565,28.65505809755392,-0.0548274007388346
3500.538852346463,28.64847880946526,-0.05455140892461964
3503.9766698035987,28.641932640394305,-0.054321494312523054
3507.413701720446,28.6354140610768,-0.05414782851455683
3510.8499514077753,28.628916321655055,-0.05404005583225306
3514.285421366374,28.622431514955185,-0.05399608020290545
3517.720113148169,28.615951985330835,-0.054013348155778976
3521.1540273864084,28.609470383552143,-0.05409676631389065
3524.5871638324347,28.602978771594476,-0.05424459830348539
3528.0195212850263,28.59646941979806,-0.0544646263668076
3531.451097615402,28.589933664634042,-0.054751430574441255
3534.881889655158,28.58336349296511,-0.05510661079602283
3538.3118932743137,28.576750699669585,-0.055539370798500715
3541.741103358274,28.570085975173765,-0.056043749706826074
3545.1695136752946,28.563360725208945,-0.05663100207204574
3548.59711696232,28.556565004960298,-0.05729295782918843
3552.023904762915,28.549689850020794,-0.05804947749113126
3555.4498675449177,28.542723912721858,-0.05889005562094661
3558.8749944144442,28.535657106047346,-0.059823753544707564
3562.29927326717,28.52847825562198,-0.06084006763307876
3565.722690657845,28.521177447506012,-0.06196209327165041
3569.1452319515456,28.513741996313414,-0.06318670981512428
3572.566880991103,28.5061595911356,-0.06450958903278818
3575.9876201420393,28.498418440451665,-0.06593977263990415
3579.4074303548937,28.490505667734876,-0.06748719095404997
3582.8262910350218,28.48240720482039,-0.06914859038997073
3586.2441798996,28.474109373973594,-0.07093211423477438
3589.661073024477,28.465597520265423,-0.07284633760420574
3593.076944726909,28.456855959752918,-0.07489588982704291
3596.4917674420794,28.447868452973673,-0.0770877319872473
3599.9055116564364,28.4386179251352,-0.07942369666779274
3603.3181458074528,28.429087081535066,-0.08191365612355508
3606.729636257237,28.41925744280024,-0.08456509130669401
3610.139947150373,28.40910963184344,-0.08738039236971633
3613.549040306194,28.398623984759073,-0.09035984806019999
3616.956875184365,28.38778080299185,-0.09351051352396421
3620.363408880724,28.376559541368973,-0.09684394968522153
3623.768596025688,28.364938267406746,-0.10035952768678169
3627.172388617777,28.35289512408433,-0.10406197918454595
3630.5747360326673,28.340407686582186,-0.10796236088297385
3633.975584955057,28.327452203276227,-0.11206192052240481
3637.37487921945,28.31400477281354,-0.11636842654801198
3640.7725597921876,28.300040561627778,-0.12088755921687358
3644.168564659583,28.285534054521754,-0.12562357951296688
3647.5628287461254,28.270459224980197,-0.13058607647649265
3650.955283853123,28.254788895803017,-0.13577974206270385
3654.3458585206195,28.238495326755494,-0.1412158683667523
3657.73447795983,28.221549422551483,-0.14690037382333218
3661.1210638905363,28.203921377692684,-0.15283494301101144
3664.5055344558596,28.18558118453136,-0.15902939754983023
3667.8878041980033,28.16649765682538,-0.16548916598104763
3671.2677839168223,28.146638956907655,-0.17221992033853334
3674.6453805916512,28.12597256646703,-0.1792288929901724
3678.020497299627,28.10446509930821,-0.1865187418014135
3681.393033111544,28.082082850292043,-0.19410194634085098
3684.762883053579,28.05879061673114,-0.20197355763708083
3688.129937927587,28.03455378981469,-0.21015299310263807
3691.4940843823647,28.009335430642373,-0.21863514648067833
3694.855204634042,27.98309921306469,-0.22742700012305253
3698.21317653961,27.955807973049925,-0.23653230299322742
3701.567873496376,27.92742409669074,-0.24594850107977875
3704.9191643879785,27.897910276561166,-0.2556832139714936
3708.2669136211657,27.867228290884587,-0.2657454376700669
3711.610981016072,27.83533883836418,-0.2761256767871348
3714.9512216766757,27.802203757149723,-0.2868349831561839
3718.2874861275336,27.76778355917098,-0.29786801059855034
3721.619620154634,27.732039397899154,-0.3092182844971863
3724.947464882382,27.69493320375949,-0.3208911490150639
3728.270856866833,27.656426265877684,-0.33288027947283977
3731.5896280187385,27.61648063234094,-0.34518900583922657
3734.9036056946193,27.575057951640236,-0.357811431940732
3738.212612648816,27.532120579807348,-0.37074083919699813
3741.516467118393,27.487631679103707,-0.3839724238117704
3744.8149829198856,27.441554988246295,-0.3975096064971625
3748.1079695184753,27.393853835466636,-0.41132727040026185
3751.3952319787313,27.344494563018603,-0.42543668907381776
3754.6765713262935,27.293442160329747,-0.4398250305273019
3757.951784385533,27.24066315666647,-0.4544750449735832
3761.2206639643327,27.18612615126964,-0.4693787524686009
3764.482999102485,27.12980070097341,-0.4845339525900392
3767.738575186602,27.071656626662605,-0.4999229050229001
3770.9871739818013,27.01166587805986,-0.5155384372067
3774.2285738871683,26.949801265595056,-0.5313656441071423
3777.46255003904,26.8860373883022,-0.5473873441109419
3780.688874525636,26.820350907008887,-0.5635854369853549
3783.907316634477,26.752720654570645,-0.5799683122885013
3787.117643113025,26.683124457096024,-0.5965066034093723
3790.3196180478767,26.6115436646869,-0.613193493583843
3793.513003287639,26.537960445456836,-0.6300141712630747
3796.6975585410937,26.462358744905266,-0.6469479564828617
3799.8730415904824,26.384724990127324,-0.6639797846447976
3803.0392085892977,26.30504741596995,-0.6811037173864131
3806.195814279214,26.223314969883578,-0.6982901288129003
3809.3426120756003,26.13952015442603,-0.7155402210873107
3812.4793544941313,26.05365532789555,-0.7328405049475869
3815.6057931334785,25.96571446730184,-0.7501729004265704
3818.7216788695546,25.875693719250652,-0.7675111229364646
3821.8267621158648,25.783592384498277,-0.7848542695302194
3824.9207932020045,25.689409872154652,-0.8021763731554425
3828.003522386663,25.593148707376,-0.8194591674719026
3831.074700231548,25.494813607279372,-0.8366863057472637
3834.1340778644217,25.3944112505897,-0.8538431570277487
3837.1814072144925,25.29195007174637,-0.8709172416600354
3840.2164412231023,25.187440002747167,-0.8878791339811639
3843.2389340234317,25.080894506669427,-0.9047119117305829
3846.248641364232,24.972329077261758,-0.9214035605665353
3849.2453208535035,24.861760649993773,-0.9379263274612463
3852.2287321315025,24.749209490698423,-0.9542656563064235
3855.1986372703864,24.63469761194165,-0.9703975603235346
3858.1548009838193,24.518249904702827,-0.9863028407241041
3861.0969909723835,24.399893563815933,-1.0019585781131313
3864.0249782000415,24.27965853444236,-1.017344125422045
3866.9385372241745,24.157577239391713,-1.0324429001444089
3869.8374464929016,24.033684091374383,-1.0472342245796558
3872.7214885838666,23.908015984424825,-1.0616860209788646
3875.5904505019976,23.78061366190736,-1.0757747462841514
3878.4441241414265,23.651520692353262,-1.0894877597952166
3881.2823066245087,23.520782161177838,-1.1028035097038091
3884.10480048385,23.38844574001338,-1.1156931706837478
3886.9114139726516,23.25456255953133,-1.128131295815657
3889.7019614797955,23.11918680403345,-1.1400976859000345
3892.4762638962793,22.982375081725447,-1.1515734176612036
3895.2341489060864,22.8441862716061,-1.1625323824465947
3897.975451258679,22.70468238571251,-1.172952405770327
3900.7000131449645,22.56392809702007,-1.1828077687666425
3903.407684516607,22.421991164768073,-1.192077380986647
3906.098323456379,22.278941879049675,-1.2007299777251919
3908.7717964818653,22.134854281722653,-1.208744892331747
3911.427978995672,21.989804894642845,-1.2161094406481783
3914.066755583029,21.84387176176506,-1.2227937749081221
3916.688020194441,21.697136508776087,-1.2287706451325862
3919.291676575494,21.549684031360176,-1.234025557845156
3921.877638659257,21.40160096441876,-1.238530929950343
3924.4458307749874,21.252977252824717,-1.2422727890409189
3926.9961880453266,21.103904518139807,-1.2452339761728346
3929.5286565875035,20.954476440999066,-1.2473940398323617
3932.0431937604235,20.804789156219183,-1.2487372209279903
3934.53976845917,20.654940689707825,-1.2492511736683887
3937.018361341935,20.50503054886762,-1.248920849303418
3939.478965007799,20.35516004695121,-1.2477318108315738
3941.921584213433,20.20543222965142,-1.2456802634720028
3944.3462360809913,20.05595059803478,-1.2427519840859957
3946.7529501527556,19.90682035994446,-1.238943913125224
3949.141768595949,19.758147090369434,-1.2342508225705906
3951.5127462467935,19.610036991660962,-1.228665917260859
3953.865950685793,19.46259708158966,-1.222186036596453
3956.2014623355835,19.315934757198086,-1.214809012977137
3958.519374506447,19.17015767564083,-1.2065362474044834
3960.819793427524,19.02537332595229,-1.197368539983938
3963.102838226638,18.88168910115422,-1.187306186028299
3965.3686409187767,18.739212358830823,-1.176350716534346
3967.6173464018366,18.598050272846702,-1.1645054424481223
3969.8491124345783,18.458309619752928,-1.151771794101892
3972.0641095889487,18.320097004460703,-1.1381589753672312
3974.262521229484,18.183517927416634,-1.123667965333637
3976.4445433807737,18.0486777715766,-1.1083039343998136
3978.6103847133627,17.91568129944862,-1.0920703700475867
3980.7602664692963,17.78463285504291,-1.0749778123222313
3982.8944224119014,17.655635517564242,-1.0570298083493324
3985.013098674009,17.52879194056232,-1.0382317938924273
3987.1165537068764,17.40420412529523,-1.0185988411418054
3989.205058201912,17.281972264358213,-0.9981308391193499
3991.2788948736347,17.16219656366389,-0.9768453271297668
3993.3383584612743,17.044975124408317,-0.9547569707494583
3995.3837554762035,16.930404287918382,-0.9318767354197471
3997.415403990754,16.818579079668012,-0.9082116585367443
3999.4336334803143,16.709593680643604,-0.8837795075589929
4001.4387847219914,16.603540139736523,-0.8585996754739034
4003.43120953876,16.500508178679656,-0.8326867378197895
4005.4112705202015,16.40058577014128,-0.8060667144368742
4007.3793408126185,16.303857764408857,-0.7787662493773897
4009.3358037443477,16.210405814483572,-0.7508054321744337
4011.2810524420856,16.12030916262264,-0.7222041349805184
4013.2154895416,16.033644666424976,-0.6929852943860078
4015.139526901571,15.950486431098655,-0.6631920010919
4017.053585273303,15.870903390967626,-0.6328518137285778
4018.958093680219,15.794961173320198,-0.6019956928953516
4020.8534890210176,15.722721690172756,-0.5706594196805491
4022.740215623838,15.65424255981109,-0.5388808011947364
4024.6187247310154,15.589576863667721,-0.5067098551026783
4026.4894739546553,15.5287716810554,-0.47417640570769953
4028.352926556382,15.471870512370476,-0.4413222192673818
4030.2095510178665,15.41891184605839,-0.4081950125483138
4032.0598204393937,15.369928444552592,-0.3748301168966893
4033.90421185274,15.324948830524988,-0.34129105151027656
4035.743205712403,15.283993904343756,-0.3076170738199266
4037.577284980924,15.247079855485365,-0.2738473891476541
4039.406934563582,15.214218168787648,-0.24005101583007388
4041.232640743837,15.18541204688804,-0.20625735516047936
4043.0548901894635,15.160661164268783,-0.17253851925267913
4044.874169529176,15.139956541958462,-0.13893848870700876
4046.690964314211,15.12328392331362,-0.10550059523817397
4048.505758385009,15.11062385188504,-0.07228389177201809
4050.319033247235,15.101949784872398,-0.039334914731291644
4052.13126722142,15.097229595104643,-0.006712187839710152
4053.9429347728324,15.096424132563879,0.025527098952907716
4055.75450566874,15.099487384438227,0.05735447150027739
4057.5664441548724,15.10636992101826,0.08870096986092915
4059.3792085453947,15.117014037401571,0.11952540977399834
4061.193250229883,15.13135708657445,0.1497898733720294
4063.009013080272,15.149331871379093,0.17944284754314915
4064.8269329048376,15.17086501308427,0.20843883618114517
4066.647436706408,15.195877673426008,0.23674368912297927
4068.470942027219,15.224286916120764,0.26431410786530085
4070.297856457153,15.2560046090646,0.2911222591249713
4072.128577010241,15.290939280159597,0.31711659457526625
4073.96348972386,15.32899327150863,0.34227557562820027
4075.8029689164414,15.370066340584014,0.3665684289077605
4077.6473768773117,15.414054552052946,0.38996607308603276
4079.497063423558,15.46085048082327,0.41245391148982535
4081.3523654812566,15.510344950202049,0.4339953444945622
4083.2136068752807,15.562424391541397,0.4545810253219695
4085.0810978022655,15.616974114580033,0.4741841230536939
4086.955134696015,15.673876209346476,0.4927981914069722
4088.835999841137,15.733011992315312,0.5104141728695591
4090.723961280215,15.794261693059658,0.5270091990691881
4092.619272683382,15.85750279694796,0.5425752835721032
4094.5221730190156,15.922611830976612,0.5571212983208725
4096.432886438733,15.989466386775117,0.5706239348114789
4098.3516224051455,16.057941258952493,0.5830916630070927
4100.278575356219,16.127912258513344,0.5945290050479457
4102.213924827241,16.1992557391191,0.6049293652783303
4104.1578355159345,16.271847262952498,0.6142973611059048
4106.1104571874885,16.345562946285206,0.6226356357912658
4108.0719247410425,16.42027922258016,0.6299510429827575
4110.042358247752,16.49587334773809,0.6362568170565516
4112.021863049481,16.572224165784878,0.6415589739754778
4114.010529949375,16.649211242661934,0.6458687843926291
4116.008435298495,16.72671549678905,0.6491794225374081
4118.015641158109,16.80461702749354,0.6515463041743997
4120.032195201408,16.882802583994465,0.6529598780071518
4122.058131511488,16.961157769355324,0.6534309303061284
4124.0934704438105,17.03956948099206,0.6529739407574422
4126.13821878153,17.117926353882954,0.6516129282814862
4128.192369943996,17.19611990527673,0.6493659071744036
4130.255904332629,17.27404381413766,0.6462586188896172
4132.328789590326,17.351594848404414,0.642301844643345
4134.410980972134,17.428671069761617,0.6375232819660431
4136.502421500505,17.50517386359754,0.631944038226035
4138.603042364137,17.581007148184664,0.6255902503453724
4140.712763221919,17.656077978226108,0.6184837257042779
4142.8314925793065,17.730296025310622,0.6106511438820167
4144.959128102344,17.803574162576464,0.6021177105811001
4147.095557001853,17.875828287846197,0.5929116948477975
4149.240656396395,17.946977691227932,0.5830656911812114
4151.394293719342,18.01694557416968,0.5726106811825007
4153.556327188243,18.08565885591158,0.5615665399183706
4155.7266062509525,18.153046840701784,0.5499783436419526
4157.904971871837,18.219044241938818,0.5378798230555911
4160.091257180869,18.28358982070549,0.5253007523670854
4162.285287959354,18.34662591098954,0.5122734706943725
4164.486883068673,18.408098727472865,0.49883842682231927
4166.69585491597,18.467959338691543,0.48503386460700326
4168.912010036613,18.526163402444382,0.4708912669461535
4171.135149644906,18.58267035447792,0.45644337106136024
4173.365070087443,18.637443559005284,0.4417405875071443
4175.601563314523,18.69045242950614,0.42682484177222146
4177.844417606064,18.74167141051881,0.41172258477923684
4180.093418175326,18.791078120692315,0.39648257102611445
4182.34834754981,18.83865602921545,0.3811387771840261
4184.608986273315,18.884392682477532,0.36572856450113084
4186.875113395213,18.928280110217667,0.35029308003378573
4189.146507008439,18.970315279821722,0.33486717957519907
4191.422944842017,19.010499341370746,0.31948674184304193
4193.704204762982,19.04883775039191,0.30418276666271576
4195.990065293029,19.085339682391435,0.2890008286429072
4198.280306054916,19.120019781828585,0.2739648180493037
4200.574708428735,19.1528955599945,0.259125571092429
4202.873055895934,19.183990628525592,0.24449751440344006
4205.175134771357,19.213330330254006,0.2301262012631445
4207.480734410988,19.240945474405585,0.21603109994167377
4209.789647867917,19.266869206398585,0.20223634458078266
4212.101672172685,19.29113756774828,0.18877950017104606
4214.4166086808145,19.313791107768804,0.1756757921260377
4216.734263613746,19.334872202823927,0.16294738262317424
4219.054448278085,19.354425888738707,0.15061898216405437
4221.376979384734,19.372500166598392,0.13871732523122624
4223.701679404726,19.38914624562614,0.1272520204844831
4226.028376954201,19.404416488084276,0.1162455413522375
4228.356906932771,19.418365953046546,0.10571375575452178
4230.687110847137,19.43105160373709,0.09567285121855114
4233.018837039585,19.442532345883315,0.0861237074931838
4235.351940921091,19.4528671907825,0.07709163281002614
4237.686284983985,19.462118186719703,0.0685724840443342
4240.021739166392,19.47034688480502,0.06058613104014812
4242.358180792568,19.47761722052984,0.05313313559050661
4244.695494859032,19.4839931968007,0.04621520211672197
4247.033574042648,19.489539021054707,0.03983883301259139
4249.372318725174,19.49431968101622,0.03400667109785316
4251.711637086896,19.49840048154796,0.02871027254554855
4254.051445144682,19.501845714253427,0.023952131410498068
4256.391666630392,19.504719970022688,0.01972568214042652
4258.732233026795,19.507087051879537,0.016024356450121166
4261.073083473021,19.50900997465355,0.012839317342128639
4263.41416466998,19.510550692734608,0.010170181506974298
4265.755430753108,19.511771114515444,0.008002293476027876
4268.09684328685,19.51273138973257,0.006326951629952766
4270.4383710536185,19.513490623928163,0.005132916950474842
4272.77998992849,19.51410657396222,0.004407132322314879
4275.121682717366,19.514635429840897,0.004132738304741209
4277.463438968946,19.515131358437465,0.00428839146453179
4279.8052547319585,19.51564596541321,0.0048692309236818
4282.147132247808,19.51623027312405,0.005861070585719374
4284.489079880583,19.51693360159434,0.007238800899710967
4286.831111912774,19.517802257702304,0.00899404709303784
4289.173248183698,19.51888154335347,0.011104131797672522
4291.5155139689,19.52021403916919,0.013548205820068703
4293.857939653601,19.521839823867598,0.01631840074319469
4296.200560432465,19.523798031956783,0.01938961403414587
4298.543416196299,19.52612478564088,0.02274667530562855
4300.886551170576,19.52885438667756,0.02636123148058254
4303.230013696978,19.532017734455227,0.030221906544772564
4305.573855825112,19.5356443632406,0.03430478138276685
4307.918133148702,19.53976093700653,0.038590697837755816
4310.262904461142,19.544391820747062,0.043060485496545245
4312.608231479632,19.54955907900665,0.04769633034178564
4314.954178569113,19.555282638647665,0.05248048772609062
4317.300812485751,19.561580297174796,0.05738680314656572
4319.6482021214115,19.568466713552382,0.062402133626386094
4321.996418127038,19.57595496958755,0.06749902939229453
4324.345532723389,19.584054853114626,0.07266389240125963
4326.695619305762,19.592774520202777,0.07787467598064238
4329.046752248187,19.602119481320454,0.0831154141778711
4331.399006585945,19.6120933310218,0.0883721407945772
4333.7524577856675,19.62269798791715,0.0936172671845819
4336.107181544217,19.633932059979298,0.09884321352843028
4338.463253391415,19.64579324560271,0.10403673801988139
4340.820748580887,19.658277654165097,0.10917223232576226
4343.1797418993865,19.671378322044188,0.11424859787247466
4345.540307298032,19.685088153788886,0.11923822653341604
4347.902517876486,19.699396740972897,0.12413322861864033
4350.266445485403,19.714292728407134,0.1289251544291341
4352.632160612812,19.72976374693863,0.13359516794803983
4354.999732262445,19.745795167092396,0.13813525092634413
4357.369227682496,19.76237139720356,0.14252931737266525
4359.74071225016,19.77947491528828,0.14676679729248585
4362.114249239995,19.797086930963378,0.15084004000517637
4364.48989967171,19.815187735764,0.1547337499199605
4366.8677222000015,19.833755785754395,0.15843889805133876
4369.247772894292,19.852768453520557,0.16194124355983805
4371.630105108715,19.872201402747738,0.16523215811896108
4374.014769277044,19.892029261722012,0.1682997693663007
4376.401812788451,19.91222523404597,0.17113851773350588
4378.791279816536,19.93276185617399,0.17373576793341894
4381.183211239277,19.953610148326,0.17608786488793135
4383.577644457076,19.97474069211255,0.17819071252620944
4385.9746133401295,19.996123577615695,0.18003070864216564
4388.374148169443,20.017727262652755,0.18160158028072063
4390.776275440961,20.03951945228644,0.18289842632128767
4393.181017775236,20.061467263444996,0.1839159776091936
4395.58839384685,20.0835371807581,0.18464648799465394
4397.998418308541,20.10569475931746,0.18509130994915207
4400.411101679659,20.127905716511357,0.18524655873010892
4402.82645036564,20.15013530355897,0.1851111020149611
4405.244466602067,20.172348635800763,0.18468415658092366
4407.665148438364,20.194510734590473,0.18396702180984129
4410.088489726515,20.216586777207652,0.18295807971016312
4412.51448013978,20.23854174677287,0.18165480001821221
4414.943105149393,20.260340322775058,0.180063502815238
4417.374345988126,20.281947943112886,0.1781823063749434
4419.8081797413,20.30332981987788,0.17601316160948488
4422.244579319685,20.32445139927102,0.1735698180654214
4424.683513487597,20.34527977743887,0.1708461895389007
4427.12494706089,20.365781320183537,0.1678531153901172
4429.568840819312,20.38592369403035,0.16459036414189882
4432.015151662596,20.40567453772738,0.16106671257038666
4434.463832607123,20.425002543235824,0.15728986405701753
4436.914832912311,20.443877326922667,0.15325932872268544
4439.368098191541,20.46226844636939,0.14898487552506065
4441.823570405106,20.480146631432397,0.1444715656753511
4444.281188000878,20.49748321931344,0.13972490842998533
4446.740885987195,20.514250208325038,0.13475233960014635
4449.202596012194,20.530420489077056,0.1295635346151296
4451.666246470883,20.54596811323087,0.12417201158935581
4454.131762644471,20.560868754621595,0.11858682572969556
4456.599066895025,20.57509917370916,0.11281259400647878
4459.068078795871,20.588636684989936,0.1068663980862698
4461.538715198069,20.601460652760288,0.10076109970752323
4464.010890476401,20.61355198472519,0.09450840892054144
4466.484516714568,20.624892993795655,0.08812102316372628
4468.959503873823,20.6354675165753,0.08161296320258923
4471.435759975812,20.64526107215961,0.07499546308359373
4473.913191304471,20.65426052772964,0.06828248171429159
4476.391702567798,20.662454425535355,0.06148140762090228
4478.8711970988625,20.669832194449864,0.05460972678939221
4481.351576962196,20.67638536166459,0.047683697720184444
4483.832743205596,20.68210740539101,0.04071342521278178
4486.314596094243,20.686993016416544,0.033709301185767475
4488.797035256213,20.691038132558838,0.026687974308182174
4491.279959832121,20.69424068947582,0.019664242286594545
4493.763268714858,20.69660039855021,0.012650415500571888
4496.246860762684,20.698118448410277,0.005659936787977342
4498.730634976493,20.698797640824836,-0.0012932837384216614
4501.214490693392,20.698642446776226,-0.008197824525494404
4503.698327787005,20.697658707833167,-0.015040590258669344
4506.182046831945,20.695853837002126,-0.021813166576677027
4508.665549292385,20.693236257012924,-0.02850006658480778
4511.148737643226,20.689816249022748,-0.03509231523628692
4513.631515593109,20.685605171194393,-0.041574591873907225
4516.113788213652,20.680616220169522,-0.047934724886314124
4518.595462160072,20.674864053183164,-0.05416260519083852
4521.076445846455,20.668364540560262,-0.060244321824779935
4523.556649591322,20.661135221941286,-0.0661733556486137
4526.0359858179545,20.653194419263453,-0.07193784713094209
4528.514369148266,20.64456187760774,-0.07752763924038952
4530.99171657358,20.635258560898894,-0.08293615641833632
4533.467947600888,20.625306222128692,-0.08815247095731087
4535.942984347544,20.614727925613813,-0.09317070594538684
4538.416751698617,20.603547440900368,-0.09798122321074021
4540.889177391526,20.59178969411508,-0.1025778087899478
4543.36019215482,20.579480357060284,-0.10695473576543839
4545.829729797667,20.56664578876843,-0.11110637071465485
4548.297727292319,20.55331302428267,-0.11502768794395954
4550.764124855233,20.539509701729393,-0.1187135206650784
4553.22886601944,20.525264079249585,-0.12215867317606346
4555.69189770895,20.51060503846846,-0.125361306097355
4558.153170313566,20.495561681736778,-0.12831727267498605
4560.612637715374,20.48016360901578,-0.13102388122655984
4563.070257348456,20.464440743268593,-0.13348390765675444
4565.525990237648,20.448422674349782,-0.13569540484566384
4567.97980095857,20.432139225768303,-0.1376515324288118
4570.431657665662,20.415621041876847,-0.13935202772036087
4572.881532190687,20.398898798550402,-0.14079931752977118
4575.329400046513,20.38200288044683,-0.14199545313553114
4577.775240392167,20.364963426070567,-0.142936528768736
4580.2190360032955,20.347811042618318,-0.14362090275856726
4582.66077332841,20.33057653428729,-0.14405157970869367
4585.100442512525,20.313290344722244,-0.14423091328741705
4587.538037353891,20.295982635127753,-0.14416524588375831
4589.973555270107,20.278682805621703,-0.14385488448192005
4592.406997206781,20.26142021948387,-0.14330270214899252
4594.838367633119,20.244223895225993,-0.14251700443063545
4597.267674500546,20.227121854694317,-0.14149863881194588
4599.6949291231085,20.210142018036883,-0.14025656546192436
4602.120146165273,20.193311230181454,-0.13879635452537553
4604.543343512894,20.17665566763841,-0.13711894927044155
4606.964542193011,20.16020139372596,-0.13523371822795913
4609.383766360258,20.143973347538605,-0.13314877031914382
4611.801043161962,20.127995495100308,-0.1308663292742764
4614.216402621374,20.112291535587396,-0.12839528779413614
4616.629877605645,20.0968841010521,-0.12574507548619762
4619.041503697771,20.081794691993757,-0.12291736077091839
4621.45131906081,20.067044608701245,-0.11992014194140323
4623.859364413855,20.052654191668278,-0.11676272053115577
4626.2656829168545,20.038642665204538,-0.11345703714158749
4628.670320036679,20.025027820747546,-0.11001352882598675
4631.073323375169,20.01182619728843,-0.10643928594371056
4633.474742518843,19.99905348297518,-0.10274316678678536
4635.8746289368,19.986724302960766,-0.09893329804724377
4638.273035853155,19.974852307195096,-0.09502958927363092
4640.670018130018,19.96344875648226,-0.09108387379483171
4643.065631980797,19.95251869162688,-0.08708206806323462
4645.459934223792,19.942068843459293,-0.08302462528285215
4647.852982485007,19.93210588842535,-0.07891663618680257
4650.244835191617,19.922635892082933,-0.07476435255212291
4652.635551498667,19.913664169776677,-0.07057405244342019
4655.02519119904,19.905195283483465,-0.06635003850561061
4657.413814633058,19.897233278862792,-0.0620979543183597
4659.801482626522,19.88978152434459,-0.05783110179183232
4662.188256409443,19.882841792129568,-0.053543381550831305
4664.574197424498,19.876416586343467,-0.049248321386602165
4666.95936741486,19.870506787777074,-0.04494636114803796
4669.343828229394,19.86511322443931,-0.04065169256694561
4671.7276418163265,19.860235021331274,-0.03637088172935358
4674.110870018886,19.85587051552375,-0.03210707183272121
4676.493574480749,19.852017666903823,-0.02787125352601721
4678.875816600777,19.8486731164807,-0.023672405364300018
4681.257657374755,19.845832427836985,-0.01951101603986284
4683.639157266095,19.8434911059122,-0.015405397750174745
4686.020376198804,19.84164245818218,-0.011357910388485454
4688.401373293786,19.84027950893556,-0.007379199557262469
4690.782206834858,19.839394004988687,-0.003467802861215677
4693.162934115457,19.83897786864534,0.0003648218935977773
4695.543611459694,19.83902164727257,0.00410990239712629
4697.924294057367,19.839514835560227,0.0077584799405391305
4700.305035837634,19.840445853153092,0.011311332555109944
4702.685889340012,19.841803213059706,0.014764613748417883
4705.066905725579,19.843574966709514,0.01810925952978701
4707.448134721584,19.845748077853088,0.0213389947244784
4709.829624490927,19.848308757220025,0.024446245939223416
4712.211421541793,19.851242306732733,0.027429445688232128
4714.593570618601,19.85453384021532,0.03027832634723776
4716.976114679427,19.85816723937699,0.03299118386526084
4719.3590947481525,19.86212618144082,0.03555994738533537
4721.742549889926,19.86639337512706,0.0379937422695176
4724.126517094941,19.870952624199404,0.04027512260278135
4726.511031409845,19.875785638911736,0.042402565368499345
4728.896125686514,19.880873946755955,0.044374125530334305
4731.281830560125,19.886198841819596,0.04619185976839372
4733.668174421144,19.891741864991804,0.047854097966977115
4736.0551834449425,19.897484356747842,0.04935055076812147
4738.442881567752,19.903406422840018,0.05067962919090174
4740.831290338493,19.909487978342927,0.051839576548831576
4743.220428895895,19.915708727528788,0.05281809984164818
4745.610313943198,19.922046899509784,0.053624235743393485
4748.000959571139,19.928481807798992,0.05426003497657297
4750.392377388075,19.93499301199618,0.054719537178308957
4752.784576549515,19.941559356457578,0.05499881753355545
4755.17756367229,19.948159214561606,0.05509625923174379
4757.5713427780365,19.954770765669416,0.05501405266303486
4759.965915269917,19.96137245198898,0.05475347092355146
4762.361279964156,19.967942868499804,0.05431914980703307
4764.757433108376,19.974461166476647,0.053716045558483624
4767.154368448353,19.980907091943667,0.05294656417580773
4769.552077299386,19.987260679644763,0.052015029397214654
4771.950548580943,19.993502483172428,0.05092535099144663
4774.349768878924,19.9996135252914,0.04968081285088741
4776.749722501959,20.005575222833507,0.04828901731910531
4779.1503915286985,20.0113699049118,0.0467511067754241
4781.551755917288,20.01698003772485,0.045072444662403885
4783.953793521815,20.022388731084337,0.04325883687489629
4786.356480169545,20.027579791509325,0.04131493159625618
4788.759789744526,20.032537583300876,0.03924567371967485
4791.163694254522,20.037247064147238,0.03705694878806981
4793.56816390222,20.041693898001807,0.034753136964759755
4795.97316716998,20.045864274437577,0.03233958592598899
4798.378670882913,20.049745024748695,0.02982385770179828
4800.784640285883,20.05332388767291,0.027209207191592578
4803.191039152404,20.0565889925359,0.024504881547841
4805.5978298315085,20.05952957832164,0.021715925133235125
4808.004973380907,20.062135489337628,0.018845871044962503
4810.412429639628,20.064396993863024,0.015908879441985758
4812.820157278891,20.066306059396062,0.012910361203069714
4815.228114006019,20.06785530274043,0.009853688943380923
4817.636256642348,20.069037745413635,0.00674901767252774
4820.044541171797,20.069847627534337,0.0036016545593910198
4822.4529228871015,20.070279826081464,0.00041762084911285376
4824.861356466231,20.070329940583356,-0.0027950325968785893
4827.269796059101,20.069994536671732,-0.0060314875563392345
4829.678195403502,20.069270758164972,-0.009282706811295737
4832.086507894482,20.068156833347615,-0.012542567911817274
4834.494686714484,20.0666517251982,-0.015803921956779713
4836.902684921507,20.064755254563384,-0.019059974239368692
4839.310455552055,20.06246805765466,-0.02230645760136335
4841.717951718973,20.059791282742495,-0.025536803210078365
4844.125126672902,20.056726866357284,-0.028743562480564
4846.531933896865,20.053277638859615,-0.031921382415442026
4848.938327213528,20.049447072969762,-0.035062985647147646
4851.3442608622845,20.045239514692106,-0.038164371117977526
4853.7496896040475,20.04065979015795,-0.04122040187714715
4856.154568778867,20.03571334193269,-0.044226553349519485
4858.558854379899,20.03040615553075,-0.047177467072862904
4860.962503118562,20.024744859482006,-0.050068076581945044
4863.3654725017,20.018736690292172,-0.05289365455080467
4865.767720904535,20.012389451746074,-0.055649922891641654
4868.169207638744,20.005711460999077,-0.05832821285367442
4870.569893014064,19.998712075456638,-0.06092896549078302
4872.969738463119,19.991400599597743,-0.06344481679001973
4875.3687065350705,19.98378722158294,-0.06587092097284136
4877.766761001661,19.9758827110662,-0.06820799462096334
4880.163866926989,19.967697751711682,-0.07044898387013696
4882.559990657194,19.959243873647267,-0.0725935620837829
4884.955099922032,19.950532646197214,-0.07464015993356309
4887.349163839575,19.941575827005185,-0.07658469503004908
4889.742152938816,19.93238566360158,-0.07842199999986377
4892.1340392184475,19.922975023601595,-0.08015277695714551
4894.52479622128,19.913356690366737,-0.08177512708373091
4896.914399024124,19.90354367511669,-0.08328837652967493
4899.302824265138,19.89354906993313,-0.08468758138531715
4901.69005015353,19.88338656016689,-0.08597351756434658
4904.07605654075,19.87306973805917,-0.08714791811740139
4906.460824909317,19.86261198788508,-0.0882055041277748
4908.844338347863,19.85202732738975,-0.08914787094904403
4911.22658162715,19.841329582875865,-0.08997736696914241
4913.607541177095,19.830532298839568,-0.09068938150126592
4915.987205052956,19.819649573059415,-0.09128687704927232
4918.365563001723,19.808695147813502,-0.09176894414637225
4920.742606419461,19.79768287451594,-0.09213485854030375
4923.118328364402,19.7866266914911,-0.09238949207572367
4925.492723567381,19.775539952442013,-0.09253469143554649
4927.865788361674,19.764435789469747,-0.09257139116128102
4930.23752065641,19.753327222530395,0.0
