position,velocity,acceleration
-46.65004131112986,19.444444444444443,1.1317613513028847e-16
-44.316707977796526,19.444444444444443,0.0004780469512653125
-41.98337464446319,19.444501810078595,0.0009378084647756013
-39.65003442725376,19.44461434709437,0.0013796750699463216
-37.31668070560244,19.444779908102763,0.001804033711552412
-34.98330711663011,19.44499639214815,0.002211267654100911
-32.64990754957233,19.44526174426664,0.0026017563923330794
-30.316476140260335,19.445573955033723,0.0029758755676236814
-27.983007265656287,19.445931060101838,0.003333996890062722
-25.649495538444068,19.446331139728645,0.003676488065984127
-23.31593580167663,19.446772318296563,0.004003712730751684
-20.98232312348104,19.447252763824252,0.0043160303865938795
-18.64865279182213,19.447770687470644,0.004613796345297614
-16.314920309325654,19.44832434303208,0.004897361675569645
-13.981121388161805,19.44891202643315,0.005167073154892137
-11.647251944989828,19.449532075211735,0.005423273225698484
-9.31330809596442,19.45018286799882,0.005666299955702473
-6.979286151804562,19.450862823993504,0.005896487002226412
-4.645182612925342,19.45157040243377,0.006114163580362529
-2.310994164633289,19.452304102063415,0.0063196544348342164
0.023282327614320586,19.453062460595596,0.006513279815407618
2.3576498228857923,19.453844054173445,0.006695355455712626
4.692111109386605,19.45464749682813,0.006866192555349519
7.026668809005981,19.455471439934772,0.007026097765149126
9.361325381798153,19.45631457166659,0.007175373175467465
11.696083130398144,19.457175616447646,0.007314316307388344
14.030944204371862,19.458053334404532,0.007443220106738717
16.365910604500407,19.458946520817342,0.0075623729407819015
18.700984186998486,19.459854005570236,0.0076720585975094385
21.036166667666915,19.460774652601938,0.007772556287406524
23.37145962597915,19.461707359356428,0.007864140647617235
25.70686450910192,19.46265105623414,0.00794708174838798
28.042382635850018,19.463604706043945,0.008021645101721181
30.37801520057529,19.464567303456153,0.008088091672139558
32.71376327699003,19.46553787445681,0.008146677889482515
35.049627821924844,19.466515475803547,0.008197655663644263
37.38560967902127,19.467499194483185,0.008241272401175408
39.72170958235925,19.468488147171325,0.008277771023692747
42.05792816001981,19.469481479694167,0.008307389987984894
44.394265937583114,19.470478366492724,0.008330363307780123
46.73072334156224,19.47147801008966,0.008346920577080464
49.067300702773,19.47247964055891,0.008357286995014042
51.40399825964006,19.47348251499831,0.008361683392126918
53.74081616143986,19.474485917005364,0.008360326258058723
56.0777544714805,19.475489156156332,0.008353427770541
58.41481317021926,19.476491567488797,0.008341195825661722
60.75199215831792,19.477492510987876,0.008323834069329876
63.08929125963646,19.478491371076196,0.008301541929895847
65.4267102241656,19.479487556107784,0.008274514651867406
67.76424873089854,19.480480497866008,0.008242943330672199
70.10190639064247,19.481469651065687,0.6088766464662632
72.43968274877035,19.554534848641637,1.0272350528052754
74.78622693060734,19.67780305497827,0.9661294211383702
77.14756329720473,19.793738585514873,0.8741943777086331
79.5228119274665,19.89864191083991,0.7835595340888566
81.91064895676729,19.992669054930573,0.7162584081010396
84.30976924335896,20.078620063902697,0.6490939050632253
86.71920365102729,20.156511332510284,0.5917004098051348
89.13798501092852,20.2275153816869,0.5566440900713354
91.56528685673095,20.294312672495458,0.5356910782431048
94.0006043774304,20.35859560188463,0.4876001627113228
96.44363584965656,20.41710762140999,0.4279115997785372
98.89368876422576,20.468457013383414,0.34510851002775944
101.34990360583177,20.509870034586747,0.2990847173160399
103.81108800998219,20.54576020066467,0.30218371927592613
106.27657923406194,20.582022246977782,0.2812160227532552
108.74642190369927,20.615768169708172,0.2294330651104335
111.22031408406426,20.643300137521425,0.17861520102350703
113.69751010056683,20.664733961644245,0.1444457150627937
116.17727817596413,20.68206744745178,0.14695983403450497
118.65912626965834,20.69970262753592,0.11712349616620743
121.14309058496265,20.713757447075864,0.10912261335370743
123.62874147861176,20.72685216067831,0.11057599618662961
126.11596373789315,20.740121280220706,0.09541523443840827
128.60477829151964,20.751571108353314,0.05001266652337466
131.09496682452203,20.75757262833612,0.0217015683031343
133.58587553992237,20.760176816532496,0.004506210658705712
136.07709675790628,20.76071756181154,-0.05469632193698626
138.56838286532366,20.7541540031791,-0.07564710200010794
141.05888134570515,20.745076350939087,-0.028477299810083734
143.54829050781782,20.741659074961877,-0.011427443205830112
146.03728959681325,20.740287781777177,0.009885960290799467
148.5261241306265,20.741474097012073,0.03727026119759502
151.01510102226794,20.745946528355784,0.02423773895982273
153.50461460567064,20.748855057030962,0.0206924158036752
155.99447721251437,20.751338146927402,0.07671595749162896
158.48463779014565,20.760544061826398,0.03151740621419408
160.97590307756482,20.7643261505721,-0.0007644314125592189
163.46762221563347,20.76423441880259,-0.0267990054788525
165.95933034588978,20.76101853814513,-0.02708465896487877
168.45065257046718,20.757768379069343,-0.010584129036180112
170.9415847759555,20.756498283585003,-0.015870156932528356
173.4323645699857,20.7545938647531,-0.03447162917837354
175.9229158337561,20.750457269251697,-0.04007811621214774
178.4129707060663,20.745647895306238,-0.05054590507069101
180.90244845350304,20.739582386697755,-0.09751601769144058
183.39119833990677,20.72788046457478,-0.12754914708242904
185.87854399565575,20.71257456692489,-0.13128075612672174
188.36405294368674,20.696820876189683,-0.1251461446889952
190.84767144882952,20.681803338827002,-0.14695832351832894
193.32948784948874,20.664168340004803,-0.16420251937646646
195.80918805028932,20.644464037679626,-0.16926726929717284
198.28652373481088,20.624151965363964,-0.16356953370997473
200.76142197065457,20.604523621318766,-0.15273852057575166
203.23396480521282,20.586194998849674,-0.13590742210892004
205.7043082050748,20.569886108196602,-0.13864009471506278
208.17269453805838,20.553249296830796,-0.1359931299543944
210.63908445367807,20.536930121236267,-0.13330036133378642
213.1035160682264,20.520934077876213,-0.13396203112185168
215.56602815757157,20.50485863414159,-0.1428815532375982
218.02661119366854,20.48771284775308,-0.12829462713614181
220.48513673539892,20.472317492496742,-0.11415052890217137
222.94181483449853,20.45861942902848,-0.11319509484810952
225.39684916598193,20.445036017646707,-0.10406767282792417
227.85025348809953,20.432547896907355,-0.09651933740371743
230.3021592357284,20.420965576418908,-0.09643380012891667
232.75267510489866,20.409393520403437,-0.09140276069714148
235.20180232734708,20.39842518911978,-0.09390254690270328
237.64961335004145,20.387156883491457,-0.0960504051055402
240.09607217606043,20.37563083487879,-0.08725174104193756
242.54114787624587,20.36516062595376,-0.08032004987496211
244.98496715136034,20.355522219968766,-0.08583215887813744
247.42762981775658,20.34522236090339,-0.08024840474402684
249.869056501065,20.335592552334106,-0.0789884462847601
252.30932760734507,20.326113938779933,-0.07721685442371795
254.74846127999865,20.31684791624909,-0.0765467152383601
257.18648302994853,20.307662310420486,-0.10361791430072653
259.623402507199,20.2952281607044,-0.1320536987268479
262.0588298864835,20.27938171685718,-0.1612954111581506
264.4923556925064,20.260026267518203,-0.187965940301561
266.9235588446086,20.237470354682017,-0.2207512969793397
269.3520552871704,20.210980199044496,-0.24512865941584772
271.77737291105575,20.181564759914593,-0.26184969356005694
274.1991606822455,20.150142796687387,-0.2812097226650181
276.617177817848,20.116397629967583,-0.30676301374421344
279.03114553344415,20.079586068318278,-0.32773316033696687
281.4406958616423,20.04025808907784,-0.3451395837333928
283.84552683233164,19.998841339029834,-0.36419482374955026
286.2453877930152,19.955137960179886,-0.38178968429193616
288.6400043482368,19.909323198064854,-0.3978360648814314
291.0291231320046,19.861582870279083,-0.41681149264514783
293.4125130764381,19.811565491161666,-0.43169270813671057
295.7899009353775,19.75976236618526,-0.44693878253706876
298.16107241931974,19.706129712280813,-0.46180175608651863
300.52580798479346,19.65071350155043,-0.4744772229613412
302.8838936049795,19.59377623479507,-0.4842991788849358
305.23514675315494,19.535660333328877,-0.49897588965923445
307.5794259931544,19.47578322656977,-0.5149301417849999
309.9165199803428,19.41399160955557,-0.528669027352517
312.24619897348947,19.35055132627327,-0.5438660856524062
314.56826513264224,19.28528739599498,-0.5557989996297654
316.88249962016164,19.21859151603941,-0.5682493658901286
319.18873060208637,19.150401592132596,-0.5835265648191055
321.48677879314226,19.080378404354303,-0.594741288754876
323.7764242016648,19.00900944970372,-0.6033922704490999
326.05750533562923,18.936602377249827,-0.6156900037708737
328.3298976208992,18.86271957679732,-0.6281900181586075
330.5934239701149,18.78733677461829,-0.6381119409226237
332.8479043830691,18.710763341707576,-0.6499260984328998
335.093195984074,18.632772209895627,-0.661644530653422
337.32912864926146,18.553374866217215,-0.6718728811902799
339.5555336332075,18.47275012047438,-0.684729269804808
341.77226364766443,18.3905826080978,-0.6952154826372541
343.97913356063617,18.30715675018133,-0.7057646968214424
346.1759923706579,18.22246498656276,-0.7138028713113322
348.36268816904544,18.1368086420054,-0.7241392090087235
350.5391052060861,18.049911936924353,-0.732015828472768
352.70509463851704,17.962070037507623,-0.7392933025169912
354.86054304301797,17.873354841205582,-0.7480139979444003
357.0053456239626,17.783593161452256,-0.756711251246722
359.1393768033369,17.69278781130265,-0.763656646970218
361.2625113406932,17.601149013666223,-0.7694050593796486
363.3746492223332,17.508820406540664,-0.7746153852368245
365.4757076711181,17.415866560312246,-0.7791869288402631
367.5656116583555,17.322364128851415,-0.783354961687829
369.6442953538177,17.228361533448876,-0.7870219820355437
371.71169873783157,17.133918895604612,-0.7890794485731951
373.7677690053041,17.039229361775828,-0.792021761511384
375.8124765287172,16.94418675039446,-0.7941223542011357
377.8457789387645,16.848892067890326,-0.7951734958995922
379.8676459869113,16.753471248382375,-0.7967071472014016
381.8780625367172,16.65786639071821,-0.7991997029278741
383.8770065036034,16.561962426366865,-0.8003927167040701
385.86444199476745,16.465915300362376,-0.8011866557358172
387.84035183081096,16.36977290167408,-0.802327152570705
389.80472457901186,16.273493643365594,-0.8020129302307974
391.75754381621573,16.1772520917379,-0.8026173980512756
393.6988140672243,16.080938003971745,-0.8029532517350952
395.6285266277009,15.984583613763533,-0.8028351453499476
397.54667666135254,15.88824339632154,-0.8026389336730608
399.4532658689111,15.791926724280772,-0.8032336874382628
401.3482970758248,15.69553868178818,-0.8032620796679282
403.23176171763936,15.59914723222803,-0.7930739485518763
405.1036593855067,15.503978358401804,-0.7671564516313563
406.9641367885149,15.411919584206041,-0.7387021909759397
408.81356713861965,15.323275321288929,-0.7053513824221274
410.65236017717433,15.238633155398274,-0.6624745046497733
412.48099615582214,15.1591362148403,-0.6376949907806595
414.300092501603,15.082612815946622,-0.6049324428850349
416.1100060395166,15.010020922800418,-0.5843237554695779
417.91120855025264,14.939902072144069,-0.5621165913513932
419.70399679890994,14.8724480811819,-0.5345289592903291
421.48869056865175,14.808304606067061,-0.5102262578754382
423.2656871213798,14.747077455122009,-0.4792051526535488
425.03533641599444,14.689572836803583,-0.4514986091312341
426.7980851564109,14.635393003707835,-0.4345211726605027
428.55433231685583,14.583250462988575,-0.40367882266920785
430.30432237241445,14.53480900426827,-0.38772003463452176
432.04849945292665,14.488282600112127,-0.3566803275636925
433.7870933649401,14.445480960804485,-0.3368108717125655
435.52055108023666,14.405063656198976,-0.3229395541977331
437.24915871898054,14.366310909695247,-0.3010621315491755
438.973116028144,14.330183453909346,-0.2795296028562475
440.6927380426131,14.296639901566596,-0.25736963379170485
442.4083348308011,14.265755545511592,-0.24073941379362807
444.1202254962625,14.236866815856356,-0.21752532675897163
445.82864951416525,14.21076377664528,-0.2067723446762657
447.5339411673627,14.185951095284128,-0.1906972503829687
449.2362552987968,14.163067425238172,-0.18298278791925693
450.9358233898254,14.14110949068786,-0.17121612494962424
452.63275652870794,14.120563555693906,-0.14820866141750488
454.3272241553912,14.102778516323806,-0.1402573701880303
456.01955757735004,14.085947631901242,-0.13468115373980272
457.7098712931782,14.069785893452465,-0.1315460295862474
459.3982456003925,14.054000369902116,-0.11919903904142437
461.08472564478075,14.039696485217146,-0.10858480857083119
462.7694892230068,14.026666308188647,-0.10222567190256959
464.4526891799895,14.014399227560338,-0.09061913398327337
466.1344170872967,14.003524931482344,-0.07103168069485943
467.8148400790746,13.995001129798961,-0.06366004376325685
469.49424021465046,13.98736192454737,-0.06138751836652201
471.17272364559614,13.979995422343388,-0.057812817295319174
472.85032309627735,13.973057884267948,-0.05264415231991926
474.5270900423895,13.966740585989559,-0.04199751760410009
476.20309891270824,13.961700883877066,-0.035718932242099655
477.8785030187735,13.957414612008014,-0.028905158961910926
479.5533927722144,13.953945992932585,-0.022702007067713748
481.2278662913663,13.951221752084459,-0.017460733180513888
482.90201290161644,13.949126464102797,-0.013330238330343525
484.5759080773088,13.947526835503156,-0.010448927798466734
486.2496112975692,13.94627296416734,-0.008933845785357386
487.92316405326926,13.945200902673097,-0.004603772094266212
489.59658816159003,13.944648450021784,-0.002890132426290437
491.26994597559263,13.94430163413063,0.000636426747295582
492.94326217168833,13.944378005340306,-0.0013070039587184112
494.61658753232916,13.94422116486526,-0.0008553648567879435
496.289894072113,13.944118521082446,0.00018327526765049562
497.96318829464286,13.944140514114563,0.00023651941648750174
499.6364851563366,13.944168896444541,0.00017156406220752984
501.30978542390994,13.944189484132005,0.0007228736238658051
502.9830881620058,13.944276228966869,0.001310025658515901
504.65640130948185,13.94443343204589,-0.0011566458120257916
506.32973332132735,13.944294634548447,-0.0025494323549009046
508.00304867747315,13.943988702665859,-0.0047463524391657685
509.67632732179305,13.943419140373159,-0.005488285846192209
511.34953761863784,13.942760546071616,-0.0063600693294176835
513.0226688841665,13.941997337752086,-0.008134647881943735
514.6957085646967,13.941021180006253,-0.009307577812159629
516.3686311062975,13.939904270668794,-0.011348508407312607
518.0414196187777,13.938542449659916,-0.011322762309384338
519.7140447127368,13.93718371818279,-0.01343125246574095
521.3865067589188,13.935571967886903,-0.015844715169366363
523.0587753950653,13.933670602066579,-0.016904925820278027
524.7308158673133,13.931642010968146,-0.01822720195676597
526.4026129086294,13.929454746733335,-0.020136786131671247
528.0741474782374,13.927038332397533,-0.022602478128627812
529.7453920781251,13.924326035022098,-0.023842714528986786
531.4163112023277,13.921464909278619,-0.024387575759632796
533.0868869914411,13.918538400187463,-0.025208821217939104
534.7571115994637,13.915513341641311,-0.027585388650108733
536.4269732004606,13.9122030950033,-0.029533703260923527
538.096437571861,13.90865905061199,-0.03106826510287375
539.7654766579344,13.904930858799645,-0.032734191337105756
541.4340683609904,13.901002755839192,-0.03513465597724785
543.1021886916911,13.896786597121922,-0.037238393981482876
544.7698030833458,13.892317989844145,-0.03901981949309663
546.4368812421271,13.887635611504972,-0.04122762570361571
548.1033975155077,13.882688296420538,-0.04382868617400337
549.7693201110782,13.877428854079657,-0.04595831215121393
551.4346115735677,13.87191385662151,-0.04869404507939601
553.0992412363623,13.866070571211983,-0.050144622650757587
554.7631697049078,13.860053216493892,-0.05224376298668432
556.4263760908871,13.85378396493549,-0.05448467371901389
558.0888301666794,13.847245804089209,-0.05689653644052495
559.7504996631701,13.840418219716346,-0.05891496064756252
561.411349849536,13.833348424438638,-0.06076049474672551
563.0713516604686,13.826057165069031,-0.06304435563259236
564.730478520277,13.81849184239312,-0.06467443583512811
566.3886975413641,13.810730910092905,-0.06605717634984831
568.0459852505752,13.802804048930923,-0.06712610037822575
569.702321736447,13.794748916885537,-0.06841252375914131
571.3576916064732,13.78653941403444,-0.06967208046413065
573.0120763361573,13.778178764378744,-0.07074386429420176
574.6654577878827,13.76968950066344,-0.07158530189898471
576.3178205279623,13.761099264435561,-0.07208700842154236
577.9691524396947,13.752448823424976,-0.0728900386734308
579.6194462985056,13.743702018784164,-0.0731357602807563
581.2686905407597,13.734925727550474,-0.07317517602755386
582.9168816280658,13.726144706427167,-0.07327340806804372
584.5640189928371,13.717351897459002,-0.07323115196458119
586.2101012205321,13.708564159223252,-0.07323593668208339
587.8551289196389,13.699775846821403,-0.07273168140053388
589.4991020212575,13.69104804505334,-0.07228856588389743
591.1420277866639,13.682373417147272,-0.07169273262415565
592.7839125967216,13.673770289232372,-0.07130145169867719
594.4247650314295,13.665214115028531,-0.07052577240988223
596.064590725233,13.656751022339346,-0.06947975952206953
597.7034008479137,13.648413451196697,-0.06848356020423951
599.3412104620573,13.64019542397219,-0.06748274258178988
600.978033912934,13.632097494862375,-0.06614758777909557
602.6138856123175,13.624159784328883,-0.06471760556490258
604.248784786437,13.616393671661095,-0.06336178921527091
605.8827520270363,13.608790256955263,-0.06198516373068452
607.515806857871,13.601352037307581,-0.060482188632357214
609.1479691023479,13.594094174671698,-0.05893920478504411
610.7792604033085,13.587021470097492,-0.05723574434682366
612.4097029797202,13.580153180775874,-0.055714631237123946
614.0393213614134,13.573467425027419,-0.05399738038573254
615.6681374524167,13.56698773938113,-0.05221578643508451
617.2961759811424,13.560721845008919,-0.05024443059983108
618.9234626025434,13.554692513336938,-0.048305756373435926
620.5500257041439,13.548895822572126,-0.046409219764999676
622.1758932028525,13.543326716200326,-0.04430081917050854
623.8010924087965,13.538010617899864,-0.042240681391960244
625.4256536829445,13.532941736132829,-0.040111977340019145
627.0496066912804,13.528128298852026,-0.038060511946923725
628.6729820871426,13.523561037418396,-0.03593513874809329
630.2958094116328,13.519248820768626,-0.03373496766001338
631.9181192701251,13.515200624649424,-0.031493190749738886
633.539943345083,13.511421441759456,-0.02931209277970126
635.1613139180942,13.507903990625891,-0.027169542938522362
636.7822623969693,13.50464364547327,-0.0248794548941218
638.402819634426,13.501658110885975,-0.022665760269035662
640.0230186077323,13.498938219653692,-0.02050231057706542
641.6428911940908,13.496477942384443,-0.018349661321764188
643.2624685471769,13.494275983025831,-0.016182756942776155
644.88178166514,13.492334052192698,-0.014009353969176797
646.5008617514031,13.490652929716397,-0.011936560565099619
648.1197401029691,13.489220542448585,-0.009866901548295282
649.738446568063,13.48803651426279,-0.007892986013682712
651.3570109497745,13.487089355941148,-0.00584993304503989
652.9754616724874,13.486387363975743,-0.003876816284274387
654.5938281561645,13.485922146021629,-0.0020051737447510654
656.212138813687,13.485681525172259,-0.0001672385034341417
657.8304205967077,13.485661456551847,0.001656343286007278
659.4486999714939,13.485860217746168,0.003408150163159096
661.0670031976234,13.486269195765747,0.005079768367946436
662.6853555011153,13.4868787679699,0.006704332622910147
664.3037809532717,13.48768328788465,0.0083175665698203
665.9223029478179,13.488681395873028,0.009872878852376754
667.5409447153227,13.489866141335314,0.011373085212918355
669.1597286522829,13.491230911560864,0.012761136506733273
670.7786763616701,13.492762247941672,0.01415517886989548
672.3978078314232,13.494460869406058,0.015487605636088198
674.0171431357519,13.496319382082389,0.016796061510973903
675.6367014616018,13.498334909463706,0.017998422773364275
677.2565016507374,13.50049472019651,0.019178712543159726
678.876561017161,13.502796165701689,0.020326979787295585
680.4968965570451,13.505235403276163,0.02138237525799669
682.1175248054383,13.507801288307123,0.022417857885202785
683.7384609600351,13.510491431253348,0.023390371350464623
685.3597199317855,13.513298275815403,0.02434447986521837
686.9813157248834,13.51621961339923,0.025242624593763807
688.6032620784913,13.519248728350481,0.02607898544712528
690.2255719258934,13.522378206604136,0.026803106005224286
691.8482573106859,13.525594579324764,0.027461090172678393
693.4713286602049,13.528889910145486,0.028063808605605978
695.0947954494223,13.532257567178158,0.02856569876283732
696.7186663574837,13.535685451029698,0.0289919565209642
698.3429486116073,13.539164485812213,0.029370831399349484
699.9676483499047,13.542688985580135,0.029694558473775334
701.5927710281743,13.546252332596987,0.02995700471965046
703.2183213080859,13.549847173163345,0.030145388264990913
704.8443029688656,13.553464619755143,0.030299364596055867
706.4707187232362,13.55710054350667,0.030395482999300505
708.097570788457,13.560748001466585,0.03047225181554536
709.724860548633,13.56440467168445,0.03047963199972248
711.3525891092352,13.568062227524416,0.030449559536898985
712.980756576538,13.571716174668845,0.030395451243964366
714.6093625174983,13.57536362881812,0.030309642769499767
716.2384061529565,13.579000785950461,0.030186808958350575
717.8678862472706,13.582623203025463,0.030032640684539036
719.4978010316337,13.586227119907608,0.029865108730508627
721.1281482860226,13.589810932955269,0.029675591152815706
722.7589255979772,13.593372003893606,0.029465697832824045
724.3901302384444,13.596907887633545,0.02904893886960913
726.0217591849604,13.600393760297898,0.02861828030349356
727.6538064361962,13.603827953934317,0.028226037332265808
729.2862657906683,13.607215078414189,0.027842440932807744
730.919131600078,13.610556171326126,0.027464387595577566
732.5523983406372,13.613851897837595,0.027084980769402467
734.1860605683777,13.617102095529923,0.02674167660776572
735.8201128198413,13.620311096722855,0.026402955276038753
737.454550151448,13.62347945135598,0.026069097008702746
739.0893676856107,13.626607742997024,0.025758707530080915
740.7245606147703,13.629698787900633,0.025468202773968773
742.3601244693184,13.63275497223351,0.025196699276258006
743.9960550659864,13.635778576146661,0.024945618922039836
745.632348495124,13.638772050417305,0.024706609338459362
747.269001141174,13.64173684353792,0.024463259031711093
748.9060095623986,13.644672434621725,0.02423261773943297
750.5433702545532,13.647580348750457,0.024025079526787785
752.1810798964033,13.650463358293672,0.023827649857012245
753.8191354993985,13.653322676276513,0.0236394753455329
755.4575342205517,13.656159413317978,0.02345570244063344
757.0962733501499,13.658974097610853,0.0232814952254099
758.7353502418632,13.661767877037903,0.023107469186227636
760.3747623871078,13.664540773340251,0.0229341926479818
762.0145072799087,13.667292876458008,0.0227840527106693
763.6545824250836,13.670026962783288,0.022605198963082218
765.2949856606176,13.672739586658858,0.02258020669931904
766.9357144110166,13.675449211462777,0.02264491658888179
768.5767683163922,13.678166601453443,0.022793271769237622
770.2181483085666,13.68090179406575,0.02298240085316161
771.8598565238544,13.68365968216813,0.023180593545244488
773.5018956857147,13.68644135339356,0.02339357441232992
775.1442686481219,13.689248582323039,0.023605945724589183
776.7869784780006,13.69208129580999,0.023829847114367864
778.4300282334978,13.694940877463713,0.02405487602325862
780.0734211387934,13.697827462586504,0.024272205780662137
781.7171604343038,13.700740127280184,0.024461588533769785
783.3612492495774,13.703675517904237,0.024623325373287264
785.005690311726,13.706630316949031,0.024782592924919467
786.6504859497599,13.709604228100021,0.024943085001787102
788.2956384571319,13.712597398300236,0.025074819355269673
789.9411501449279,13.715606376622869,0.025172948286948937
791.5870229101226,13.718627130417303,0.02526603816243078
793.2332581657727,13.721659054996795,0.025337438635380627
794.8798572523723,13.72469954763304,0.025391696579271983
796.5268211980882,13.727746551222554,0.025421041312082338
798.1741507842349,13.730797076180004,0.025416166050255207
799.8218464333765,13.733847016106035,0.02542452237959436
801.4699080753093,13.736897958791586,0.025416192019378503
803.1183358303642,13.739947901833911,0.025404122796970574
804.7671295785843,13.742996396569549,0.02540796878341678
806.4162891461726,13.74604535282356,0.025473432329065737
808.0658145885114,13.749102164703046,0.025559886226222295
809.7157068482758,13.752169351050194,0.025704635368799966
811.3659671704017,13.755253907294449,0.025908226437424853
813.016597639277,13.75836289446694,0.026118825589545924
814.6676011866131,13.761497153537686,0.0262504265606045
816.3189808450376,13.764647204724959,0.026314407091657666
817.9707385096045,13.767804933575958,0.026356792158717113
819.6228751016337,13.770967748635004,0.026379182619913788
821.2753912314698,13.774133250549394,0.02636758512383164
822.9282872215357,13.777297360764253,0.026290302702553392
824.5815629048274,13.78045219708856,0.026110814646154612
826.235217168478,13.783585494846097,0.02590620288983092
827.8892474278596,13.786694239192876,0.025717252305159644
829.5436507365628,13.789780309469496,0.025541063169734812
831.1984243736991,13.792845237049864,0.02535770647060498
832.8535658021451,13.795888161826337,0.02512295559609523
834.5090723815642,13.798902916497868,0.024892979011899907
836.164940731544,13.801890073979296,0.024691092537483028
837.8211675404215,13.804853005083794,0.024524048232406503
839.4777499010315,13.807795890871683,0.024350444501710866
841.1346854079361,13.810717944211888,0.02416485121056855
842.7919715612416,13.813617726357156,0.023948770983143852
844.4496056884044,13.816491578875134,0.02378515173069884
846.1075846778695,13.819345797082818,0.023662207566240934
847.7659061735194,13.822185261990766,0.023544715292783902
849.4245684049583,13.8250106278259,0.023421505285393218
851.0835696802974,13.827821208460147,0.023260365897049606
852.7429082253126,13.830612452367793,0.023077732037305676
854.4025817195967,13.83338178021227,0.0228933974926655
856.0625875332222,13.836128987911389,0.022627702631718538
857.7229230117715,13.838844312227195,0.022356907846579066
859.3835843292388,13.841527141168784,0.02201363582800342
861.044567586179,13.844168777468145,0.021670144899383237
862.7058678394752,13.846769194856071,0.021356077736535584
864.367480142858,13.849331924184455,0.021062676806122616
866.0293999737601,13.851859445401189,0.02075326714062453
867.6916231072082,13.854349837458065,0.020442468686097115
869.3541450877032,13.856802933700397,0.02015792999843269
871.0169614397472,13.85922188530021,0.01985425934110019
872.6800680659833,13.861604396421141,0.019626895870587635
874.3434605935538,13.863959623925611,0.01942794409433346
876.0071357484248,13.86629097721693,0.01927076257307281
877.6710906656908,13.8686034687257,0.01911367630687333
879.3353230819379,13.870897109882526,0.018982872177726318
880.9998307351237,13.873175054543852,0.018912716391960238
882.664611741669,13.875444580510887,0.018822245515606628
884.3296650913303,13.87770324997276,0.018752826150975954
885.994989481327,13.879953589110876,0.018623287608277028
887.6605839120203,13.88218838362387,0.01844140868142219
889.3264465180553,13.884401352665641,0.018273623528406224
890.9925746803751,13.88659418748905,0.018065417576113685
892.6589659828738,13.888762037598184,0.01786386744114954
894.3256174273856,13.890905701691121,0.01764327633973295
895.9925261115885,13.893022894851889,0.017369483765032223
897.6596888589708,13.895107232903692,0.017077093512645636
899.3271017269192,13.89715648412521,0.016807735696601656
900.9947605050143,13.899173412408802,0.01651639179433273
902.6626613145033,13.901155379424122,0.016194662950332006
904.3307999600343,13.903098738978162,0.01586823627098144
905.9991718087116,13.90500292733068,0.015534344373126396
907.6677721599913,13.906867048655455,0.015215465403928485
909.3365962058299,13.908692904503926,0.01489643637062743
911.0056393543704,13.910480476868402,0.014570379314988946
912.6748970115946,13.9122289223862,0.014260159908521253
914.3443644822809,13.913940141575223,0.013906684232603439
916.01403729927,13.915608943683136,0.013609786561218584
917.683910372512,13.917242118070481,0.013279827523827503
919.3539794266804,13.918835697373341,0.01296662286081074
921.0242397103652,13.920391692116638,0.012667172818283667
922.6946867134193,13.921911752854832,0.012390855276876112
924.3653161237619,13.923398655488057,0.012094759643458186
926.0361239624204,13.924850026645272,0.011842217457258108
927.7071059656179,13.926271092740143,0.011610434864070651
929.3782584967466,13.927664344923832,0.011358395139814625
931.0495782181375,13.92902735234061,0.011169403772195885
932.7210615004184,13.930367680793273,0.010961300236724592
934.3927056221136,13.93168303682168,0.01082981235230962
936.0645075865322,13.932982614303956,0.010703835696546538
937.7364655002486,13.934267074587542,0.010612353089760385
939.4085775491991,13.935540556958314,0.010556486955862532
941.0808424160341,13.936807335393016,0.010471051611517623
942.7532592962813,13.938063861586398,0.010419364491127903
944.4258269596717,13.939314185325333,0.010379152193335184
946.0985446619108,13.940559683588534,0.010337989692098759
947.7714118239413,13.941800242351585,0.010323968359048585
949.4444278530235,13.94303911855467,0.010295822644437402
951.1175925472501,13.944274617272002,0.010293399162160322
952.7909055013228,13.945509825171461,0.0102721429853454
954.4643666803433,13.946742482329702,0.010263581976238445
956.1379757782229,13.94797411216685,0.010264602576011583
957.8117326716829,13.94920586447597,0.026109287311042007
959.48563737542,13.952338978953296,0.04186150589278892
961.1599180528943,13.957362359660431,0.057732222362112395
962.8348015360536,13.964290226343884,0.0731021892010617
964.510516363215,13.973062489048012,0.0879841720273895
966.1872838619007,13.983620589691299,0.10269858992479985
967.8653183326637,13.995944420482274,0.11672656052255115
969.5448316631216,14.00995160774498,0.130307534866547
971.226025856051,14.025588511928966,0.14358384805705526
972.9090964774825,14.042818573695813,0.1574183680630714
974.594234706326,14.061708777863382,0.170705873897822
976.2816397596696,14.082193482731121,0.1841400145217864
977.9715029775973,14.104290284473736,0.19589056507208458
979.6640178117342,14.127797152282387,0.20743552300924573
981.359353470008,14.152689415043497,0.21935367017351215
983.0576761998133,14.179011855464319,0.23116682058699367
984.759157622469,14.206751873934758,0.2423081268458096
986.4639678473412,14.235828849156254,0.2528692838803883
988.1722673092399,14.2661731632219,0.2626597469593146
989.8842080888265,14.297692332857018,0.27320206049491125
991.5999311687693,14.330476580116407,0.2824279984958462
993.3195883583833,14.364367939935908,0.29196081377894023
995.0433125111756,14.39940323758938,0.3012793883229601
996.7712408996863,14.435556764188135,0.31069544639486213
998.5035077113889,14.472840217755518,0.318827381159029
1000.2402485375196,14.511099503494602,0.3272314655747648
1001.981580477939,14.550367279363574,0.33567524346705113
1003.7276245514627,14.59064830857962,0.3425955266989964
1005.4785023484923,14.6317597717835,0.34891077695068407
1007.2343135211063,14.673629065017582,0.3558653413127857
1008.9951490089084,14.716332905975117,0.3620827815666192
1010.7611089576254,14.75978283976311,0.368584859942499
1012.5322828983969,14.80401302295621,0.37531019112711683
1014.3087644611517,14.849050245891464,0.3811914415033324
1016.0906504906586,14.894793218871863,0.3862726739550708
1017.8780256769232,14.941145939746471,0.3933067044440939
1019.6709631896928,14.988342744279763,0.3986864500774898
1021.4695643190064,15.036185118289062,0.4042801693367908
1023.2739065332011,15.084698738609477,0.4087041991651439
1025.0840703818342,15.133743242509293,0.41352814461524434
1026.9001195709352,15.183366619863122,0.41838472627960765
1028.7221235653187,15.233572787016675,0.4225962396183929
1030.5501522997608,15.284284335770883,0.4268063774220572
1032.3842664200533,15.33550110106153,0.43065213417942916
1034.2245265521808,15.387179357163062,0.434610208140608
1036.0709880750403,15.439332582139935,0.43770571472882347
1037.9237079848972,15.491857267907394,0.44027166370203297
1039.782730857046,15.544689867551638,0.4427385353080455
1041.6480936411524,15.597818491788603,0.4450630968809919
1043.519831860167,15.651226063414322,0.4469345667540803
1045.3979789877767,15.704858211424812,0.4484331895238458
1047.2825619731477,15.758670194167673,0.44970052794018933
1049.173602396448,15.812634257520495,0.45065676867220694
1051.0711185073503,15.86671306976116,0.45156468363861113
1052.9751240757216,15.920900831797793,0.45271331679567983
1054.8856321755375,15.975226429813274,0.4533093532207446
1056.802659347115,16.029623552199762,0.4540826560153519
1058.726214173379,16.084113470921604,0.4546384937772199
1060.6563077898898,16.13867009017487,0.4552303020905364
1062.5929482007107,16.193297726425733,0.45519481987028665
1064.5361439278818,16.247921104810167,0.455520081281223
1066.485894460459,16.302583514563914,0.4558792666728513
1068.4422044822065,16.357289026564654,0.45595033397872586
1070.4050791653942,16.4120030666421,0.456122556746942
1072.3745195333913,16.466737773451733,0.45627743629799933
1074.3505280662055,16.521491065807492,0.4563344840667398
1076.3331069941023,16.576251203895502,0.4564546189276031
1078.3222571385697,16.631025758166814,0.45645279096258107
1080.3179802295497,16.685800093082324,0.4563382205148465
1082.3202762407195,16.740560679544107,0.4563693671851208
1084.3291435222648,16.795325003606322,0.4565394734433268
1086.3445825226975,16.850109740419523,0.4564584650152881
1088.366595691548,16.904884756221357,0.45669998463135797
1090.3951818622945,16.95968875437712,0.4568153396008312
1092.4303445128198,17.01450659512922,0.45710660002269843
1094.4720853042354,17.069359387131943,0.45744027062843373
1096.5204084306913,17.124252219607357,0.4576990824051175
1098.5753186970442,17.17917610949597,0.4580790466687008
1100.6368198301836,17.234145595096212,0.45839786568367313
1102.7049173015953,17.289153338978252,0.45886130175152995
1104.7796157022726,17.344216695188436,0.4590711990746481
1106.8609217056953,17.399305239077393,0.4593222451201664
1108.9488383343846,17.454423908491812,0.4596983759103286
1111.0433692034037,17.50958771360105,0.4599855534752566
1113.144519729036,17.56478598001808,0.4602006769285787
1115.252294046638,17.62001006124951,0.4604443270652405
1117.366695253988,17.675263380497338,0.46068653330133946
1119.4877268596476,17.7305457644935,0.4609192545963374
1121.6153923513868,17.78585607504506,0.4609689049516148
1123.7496950803923,17.841172343639254,0.46111922103093095
1125.890635761629,17.896506650162966,0.46111634525201284
1128.0382165596486,17.95184061159321,0.46103809378199867
1130.19243743304,18.00716518284705,0.4609979149413064
1132.3532972549815,18.062484932640007,0.46095798291778145
1134.5207954468983,18.117799890590142,0.46081245214583944
1136.6949314337692,18.173097384847644,0.4609491095721392
1138.875703119951,18.2284112779963,0.46081949264874167
1141.0631124733104,18.28370961711415,0.46079125697037804
1143.2571576273642,18.339004567950596,0.4607649393880431
1145.4578381755182,18.39429636067716,0.46081097895929135
1147.6651537387995,18.449593678152276,0.4608829752742678
1149.8791049801778,18.504899635185186,0.4609167687827864
1152.0996929364,18.56020964743912,0.4608746171417646
1154.3269180940927,18.61551460149613,0.4610056124277242
1156.5607798462722,18.670835274987457,0.46096475975940376
1158.8012800792708,18.726151046158584,0.4610496414341496
1161.0484182048099,18.781477003130682,0.4612427077207699
1163.3021954451856,18.836826128057176,0.4612978831850132
1165.5626145805525,18.892181874039377,0.4507615751842209
1167.829676405437,18.94627326306148,0.43495706314885174
1170.1032291970046,18.998468110639344,0.4192449580045552
1172.3830453702813,19.04877750559989,0.40362904458610505
1174.6688986709532,19.097212990950222,0.38866616714117996
1176.9605642298673,19.143852931007164,0.3739606956170498
1179.257826581588,19.18872821448121,0.35980944639385126
1181.5604739673258,19.23190534804847,0.34607535589780336
1183.8683026090916,19.273434390756208,0.3327580328268178
1186.1811147359824,19.313365354695424,0.3191310665607472
1188.4987185785458,19.351661082682714,0.30587547571427764
1190.8209179084677,19.388366139768426,0.2924535341951122
1193.14752184524,19.42346056387184,0.2802846132774168
1195.4783371129045,19.45709471746513,0.2686156339003116
1197.8131884790002,19.489328593533166,0.25689837960303197
1200.1519079102243,19.52015639908553,0.24508575564715684
1202.4943266781145,19.54956668976319,0.23375310128914562
1204.840274680886,19.577617061917888,0.22293915141721388
1207.1895887283163,19.604369760087952,0.21300582068466012
1209.542113099527,19.62993045857011,0.2025447410216903
1211.8977047545552,19.654235827492716,0.19284170139139922
1214.2562130538543,19.677376831659682,0.18329511811230215
1216.6174982736534,19.699372245833157,0.1738758798535025
1218.9814229431533,19.720237351415577,0.16418756289723513
1221.3478514253231,19.739939858963243,0.15541138096843787
1223.7166442083987,19.758589224679454,0.14674870127306283
1226.0876749153604,19.776199068832224,0.137897965509596
1228.4608188036202,19.792746824693374,0.12994979341962432
1230.8359484225834,19.80834079990373,0.12257485577985494
1233.2129493185719,19.823049782597312,0.11511530034193229
1235.5917152924835,19.836863618638343,0.10782941179136052
1237.9721389267202,19.849803148053308,0.10053794726563425
1240.3541153044866,19.861867701725185,0.09288512176634778
1242.7375394286937,19.873013916337147,0.08568763919732025
1245.1223010986541,19.883296433040826,0.07937294011441698
1247.508296670619,19.892821185854554,0.0717903382887628
1249.8954352129217,19.901436026449208,0.06457441292010602
1252.2836075360956,19.90918495599962,0.05794515717706594
1254.6727097308155,19.916138374860868,0.0519404582060774
1257.062646335799,19.9223712298456,0.04605718839280648
1259.4533308833804,19.927898092452736,0.039948437562728145
1261.8446786544748,19.932691904960265,0.03423270972612813
1264.2366016830701,19.936799830127402,0.028639999663835347
1266.6290176626853,19.940236630087064,0.023718496046158943
1269.0218460582958,19.943082849612605,0.018569799068541393
1271.4150160002494,19.94531122550083,0.01396200246070034
1273.8084533473095,19.946986665796114,0.010103726913299527
1276.202091747205,19.94819911302571,0.006320883894865625
1278.595875640768,19.948957619093093,0.0028127911947282147
1280.9897505550593,19.94929515403646,-0.000303926661528342
1283.3836659735437,19.949258682837076,-0.003170587979500983
1285.7775770154842,19.948878212279535,-0.005144185959106151
1288.1714424009579,19.948260909964443,-0.007370298348967408
1290.5652337101535,19.947376474162567,-0.009012140225928666
1292.958918887053,19.946295017335455,-0.01080381698046029
1295.3524742891332,19.9449985592978,-0.012242818887981288
1297.7458741162488,19.943529421031243,-0.013728625202734213
1300.1390976467726,19.941881986006916,-0.014893823676781714
1302.5321234850935,19.9400947271657,-0.01600977127352765
1304.9249348523533,19.938173554612877,-0.016601095946855438
1307.3175156789068,19.936181423099256,-0.017390579861234157
1309.7098574496788,19.93409455351591,-0.01790643558008531
1312.1019487961007,19.9319457812463,-0.018289988989862782
1314.4937822898503,19.929750982567516,-0.018684443162704678
1316.8853524077583,19.92750884938799,-0.01897740582358931
1319.2766534696848,19.92523156068916,-0.019339898277275336
1321.6676812569674,19.922910772895886,-0.01949704708372091
1324.058430549715,19.92057112724584,-0.01955318135013584
1326.4488990849845,19.918224745483823,-0.01939808435042789
1328.8390860544425,19.915896975361772,-0.019347976429723635
1331.228993691486,19.913575218190203,-0.019248918349173527
1333.6186227176688,19.9112653479883,-0.018978640440470373
1336.0079745594273,19.908987911135444,-0.018581270796776406
1338.3970531087637,19.906758158639832,-0.0183512024821626
1340.7858640878005,19.90455601434197,-0.017903275105250693
1343.1744108095215,19.902407621329342,-0.01746171454629386
1345.562699724081,19.900312215583785,-0.01703701125342727
1347.950737189951,19.898267774233375,-0.01659959757065632
1350.3385293228591,19.896275822524895,-0.016185746169981696
1352.726082421562,19.894333532984497,-0.015442059157949495
1355.1134024455203,19.892480485885542,-0.014709128705739705
1357.5005001038264,19.890715390440853,-0.014067191901342868
1359.8873859506793,19.88902732741269,-0.01306991069900032
1362.274069229969,19.887458938128812,-0.012448732640604976
1364.6605643025443,19.88596509021194,-0.011522274552138723
1367.0468801133698,19.884582417265683,-0.010781299315816728
1369.4330300034417,19.883288661347784,-0.010140889345372828
1371.8190246428035,19.882071754626338,-0.009146918768317969
1374.2048732533585,19.88097412437414,-0.008485524310726689
1376.5905901482834,19.879955861456853,-0.007607137534790143
1378.9761848516582,19.879043004952678,-0.007615163940796754
1381.3616700122525,19.878129185279782,-0.006729688859258731
1383.747045514486,19.87732162261667,-0.006205228409936536
1386.1323241092,19.876576995207476,-0.005199200737999621
1388.5175133486248,19.875953091118916,-0.004411892239232884
1390.902627719559,19.875423664050206,-0.004300135164508112
1393.287678559245,19.874907647830465,-0.003531173252661668
1395.6726674769848,19.874483907040144,-0.0030034286045966807
1398.0576055458296,19.87412349560759,-0.0024237634514095996
1400.4425003653025,19.87383264399342,-0.002357002631901861
1402.8273602825818,19.87354980367759,-0.0019232488800470793
1405.2121862590232,19.873319013811987,-0.0015739599779213687
1407.5969845406805,19.873130138614638,-0.0013479014855767302
1409.9817601573143,19.87296839043637,-0.0012210171829277194
1412.3665163641667,19.87282186837442,-0.0012360464971040708
1414.7512549883716,19.872673542794768,-0.0010942651590661878
1417.135975813507,19.87254223097568,-0.0011002115044941863
1419.520680881224,19.872410205595138,-0.0011945852467920015
1421.9053701058954,19.872266855365524,-0.0011603651497195666
1424.2900421285392,19.87212761154756,-0.0013422840496154498
1426.674697441925,19.871966537461603,-0.00131625018603998
1429.0593334264204,19.87180858743928,-0.0015837634047477511
1431.4439504569132,19.87161853583071,-0.0017190870122458235
1433.8285446812129,19.87141224538924,-0.0019287723595874384
1436.2131141506595,19.87118079270609,-0.0020747939877373556
1438.5976558457842,19.870931817427564,-0.0022209710874550037
1440.9821676638755,19.87066530089707,-0.002489156028735229
1443.3666474999832,19.870366602173622,-0.002729737421456546
1445.751091492244,19.870039033683046,-0.003027938887379289
1448.135496176286,19.86967568101656,-0.003220911725558051
1450.5198572580082,19.86928917160949,-0.003609381104379472
1452.9041719586014,19.868856045876967,-0.0039074893792996335
1455.2884346841067,19.868387147151452,-0.00413514890552491
1457.6726411417649,19.86789092928279,-0.004423614127157416
1460.0567880532788,19.867360095587532,-0.004731816503729003
1462.4408712647491,19.866792277607086,-0.0050966354842105765
1464.824886338062,19.86618068134898,-0.005272974232700456
1467.2088280198238,19.865547924441056,-0.005595937878514645
1469.5926937707568,19.864876411895633,-0.005805074590077619
1471.9764789401843,19.864179802944825,-0.006076589440725089
1474.3601805165376,19.86345061221194,-0.006386666862747026
1476.743794590003,19.86268421218841,-0.0065328555841386304
1479.1273166954657,19.861900269518312,-0.006772645379777176
1481.5107447278078,19.86108755207274,-0.006909461118965732
1483.8940752340566,19.860258416738464,-0.007120035854449869
1486.2773062440651,19.85940401243593,-0.0072310552133001416
1488.6604347255575,19.858536285810334,-0.007353133281093105
1491.0434590798548,19.8576539098166,-0.007477280849806589
1493.4263775490328,19.856756636114625,-0.0075685052223776195
1495.8091883453667,19.85584841548794,-0.00765214955603899
1498.1918901552253,19.854930157541215,-0.007653306964816808
1500.5744817741304,19.854011760705436,-0.007692002466442416
1502.9569631854151,19.853088720409463,-0.0077344578465988745
1505.3393338318642,19.85216058546787,-0.007756620153914318
1507.7215931021203,19.851229791049402,-0.007780564798766987
1510.1037406770463,19.85029612327355,-0.007746227382217974
1512.485776211839,19.849366575987684,-0.007805331976979746
1514.8677002009576,19.848429936150445,-0.007729664176897799
1517.2495117932956,19.847502376449217,-0.007717568299139721
1519.6312120784694,19.84657626825332,-0.0077328731297748865
1522.0128012306598,19.845648323477747,-0.007739429695293287
1524.394279029477,19.844719591914313,-0.007714565499083448
1526.7756453805068,19.843793844054424,-0.007728272522424473
1529.1569006417933,19.842866451351732,-0.007728204768857383
1531.5380446159554,19.841939066779467,-0.007749396149952625
1533.919077303969,19.84100913924147,-0.0077945139868570434
1536.299998400678,19.840073797563047,-0.007810688153418899
1538.6808072563856,19.839136514984638,-0.007847541444861661
1541.0615036381837,19.838194810011256,-0.007916846177394299
1543.4420870153851,19.83724478846997,-0.008003812420880552
1545.8225563900016,19.836284330979463,-0.008100278698570329
1548.2029105097192,19.835312297535634,-0.008179410152430289
1550.5831479854235,19.834330768317344,-0.008302295984064512
1552.9632676776216,19.833334492799256,-0.00842692544460999
1555.3432678167576,19.832323261745902,-0.008575396603323404
1557.723146608167,19.831294214153502,-0.008726026344655025
1560.1029019138655,19.830247090992142,-0.008864625067495968
1562.4825315647845,19.82918333598404,-0.009056156610004917
1564.8620335651026,19.82809659719084,-0.009220055133833283
1567.2414051567655,19.82699019057478,-0.00941347378349311
1569.6206439796345,19.82586057372076,-0.009588441138984494
1571.9997472484808,19.824709960784084,-0.009806190136294468
1574.378712443775,19.82353321796773,-0.010015081379805446
1576.757536429931,19.822331408202153,-0.01023217461288728
1579.1362161989152,19.821103547248608,-0.010462752481738113
1581.514748624585,19.8198480169508,-0.010688260777250047
1583.893130386619,19.818565425657532,-0.010927948049338165
1586.271358237698,19.81725407189161,-0.01118011476064018
1588.649428726325,19.815912458120334,-0.011468064537265676
1591.0273382212993,19.814536290375862,-0.01171766918108863
1593.4050825761444,19.813130170074132,-0.0119787046669515
1595.7826581965533,19.8116927255141,-0.012262778903338045
1598.1600613236149,19.8102211920457,-0.012519383140053297
1600.5372878666603,19.808718866068894,-0.012811950543610395
1602.9143341305887,19.80718143200366,-0.013100029705402805
1605.291195902429,19.805609428439013,-0.013415743861569296
1607.6678690338417,19.803999539175624,-0.013705010639944892
1610.0443489785428,19.80235493789883,-0.01399992963001162
1612.4206315710906,19.80067494634323,-0.0143011056008705
1614.7967125646517,19.798958813671124,-0.014603912585975487
1617.1725876222922,19.797206344160806,-0.0149105050477909
1619.5482523835915,19.79541708355507,-0.015211226324555072
1621.923702433618,19.793591736396124,-0.015521725011212961
1624.2989334419856,19.791729129394778,-0.015832731280271073
1626.673940937513,19.789829201641144,-0.016140343932462775
1629.04872044171,19.78789236036925,-0.01644441689132181
1631.4232675249543,19.78591903034229,-0.016747215336535004
1633.7975778085954,19.783909364501906,-0.017054082004598237
1636.1716469323355,19.781862874661353,-0.01734925089436623
1638.5454704772949,19.77978096455403,-0.017649044183281393
1640.9190441930414,19.777663079252033,-0.017937081266036436
1643.2923637625515,19.775510629500108,-0.018220206441865505
1645.6654250380916,19.773324204727086,-0.01850739889494879
1648.0382239426588,19.77110331685969,-0.018775796032567404
1650.410756340682,19.768850221335782,-0.019044589415261326
1652.7830183672422,19.76656487060595,-0.019300797342750586
1655.155006151715,19.76424877492482,-0.019564638300491377
1657.526716004706,19.76190101832876,-0.01981227765671789
1659.8981441269054,19.759523545009955,-0.020054197991234868
1662.2692869523066,19.757117041251007,-0.020286401345426808
1664.6401409972568,19.754682673089555,-0.02051254640197131
1667.0107029180276,19.752221167521316,-0.020730604250487894
1669.3809694581303,19.74973349501126,-0.020942280458931206
1671.7509374775316,19.74722042135619,-0.02115293545718777
1674.1206039280944,19.744682069101327,-0.02134869825494634
1676.4899657763865,19.74212022531073,-0.021541126156969792
1678.8590202034238,19.739535290171894,-0.021727987676645855
1681.2277644382445,19.736927931650698,-0.02189820034004064
1683.5961957900427,19.734300147609893,-0.022069224863014325
1685.9643118077558,19.73165184062633,-0.022232626329261707
1688.332110028631,19.72898392546682,-0.022386607377309686
1690.699588099687,19.726297532581544,-0.02253789520259941
1693.0667438035966,19.723592985157232,-0.022669861174312578
1695.4335749618156,19.720872601816314,-0.022803187486157506
1697.8000796740334,19.718136219317977,-0.022934673474938827
1700.1662560203515,19.715384058500984,-0.02305496605763402
1702.5321021073717,19.712617462574066,-0.023177289830236036
1704.8976162028805,19.709836187794437,-0.02328263188696611
1707.2627965454158,19.707042271968,-0.023377275333731573
1709.627641618052,19.704236998927954,-0.023494512853379
1711.9921500579233,19.701417657385548,-0.023570899887587093
1714.3563201768095,19.698589149399037,-0.02363641080616452
1716.7201508747373,19.695752780102296,-0.02371169930802408
1719.0836412083495,19.69290737618533,-0.02377788228712352
1721.4467900934917,19.690054030310876,-0.023859935433772073
1723.809596577129,19.68719083805882,-0.023909456251586247
1726.1720594776962,19.68432170330863,-0.023948555673865668
1728.5341780820931,19.681447876627765,-0.024006033314431074
1730.8959518272884,19.678567152630034,-0.024053776539962102
1733.257379885604,19.675680699445238,-0.02406712517428955
1735.6184615695374,19.672792644424323,-0.024094428305552973
1737.9791966868684,19.66990131302766,-0.024116781709034973
1740.3395848444318,19.667007299222576,-0.024134270802484536
1742.6996257203384,19.664111186726277,-0.024167550561207785
1745.0593190627455,19.661211080658934,-0.024164474603032837
1747.4186643924247,19.65831134370657,-0.024204210896747735
1749.7776617536695,19.65540683839896,-0.024156810693424013
1752.1363105742773,19.65250802111575,-0.024161412307947217
1754.4946115368111,19.649608651638797,-0.02415831692446957
1756.8525645750078,19.64670965360786,-0.024144569799404825
1759.2101697334408,19.643812305231933,-0.024126009491331812
1761.5674272100687,19.640917184092974,-0.024126454232269445
1763.9243372721598,19.6380220095851,-0.024093801318017305
1766.2808999133101,19.63513075342694,-0.024109783013789854
1768.6371156037214,19.632237579465283,-0.024033545749108653
1770.9929841132573,19.62935355397539,-0.02400594718652682
1773.3485065397344,19.626472840313006,-0.023976070219925094
1775.703683280572,19.623595711886615,-0.023938593111163975
1778.0585147659983,19.620723080713276,-0.02390199915770186
1780.4130015356839,19.617854840814353,-0.02385093361591839
1782.7671441165817,19.614992728780443,-0.023795410595832345
1785.1209432440353,19.612137279508943,-0.023733991674953825
1787.4743997175763,19.60928920050795,-0.02366964210509792
1789.8275144216373,19.606448843455336,-0.023628767037217835
1792.180288282852,19.60361339141087,-0.023559134576098262
1794.5327218898212,19.600786295261738,-0.023501571856106462
1796.8848162452528,19.597966106639007,-0.023426085419493314
1799.2365721780495,19.595154976388667,-0.023330947690568538
1801.5879907752162,19.592355262665798,-0.0232650419212731
1803.939073406736,19.589563457635244,-0.023165976739633498
1806.2898210216522,19.586783540426488,-0.023095682070104706
1808.6402350465034,19.584012058578075,-0.022985781919566017
1810.9903164935329,19.58125376474773,-0.02288107423035657
1813.3400669453026,19.578508035840084,-0.02279713895361335
1815.6894879096035,19.57577237916565,-0.022685367470694384
1818.0385805951034,19.573050135069167,-0.02255797337112697
1820.3873466113118,19.570343178264633,-0.022440828694158865
1822.7357877927036,19.567650278821333,-0.022317557509883512
1825.0839058261622,19.564972171920147,-0.022193541151568907
1827.4317024867926,19.562308946981958,-0.022035278261286373
1829.7791795604305,19.559664713590603,-0.021908628494808235
1832.1263393260615,19.557035678171225,-0.02174868833895649
1834.473183607442,19.55442583557055,-0.02163415806042812
1836.8197147077105,19.5518297366033,-0.021466794537955414
1839.165934276103,19.549253721258744,-0.021315243417789564
1841.511844722654,19.546695892048607,-0.021119967327033806
1843.8574482296997,19.544161495969362,-0.020965007141155234
1846.202747609216,19.541645695112425,-0.020782985290949907
1848.5477450926294,19.53915173687751,-0.020602020558329937
1850.8924433010548,19.53667949441051,-0.02041564259542228
1853.236844840384,19.534229617299058,-0.02024080395643768
1855.58095239446,19.531800720824286,-0.020073014769044217
1857.9247684809588,19.529391959052,-0.019867441789391704
1860.268295516045,19.527007866037273,-0.01966389121932932
1862.6115364599696,19.524648199090954,-0.019429991720564366
1864.9544942438604,19.522316600084487,-0.019243466674592646
1867.2971722358704,19.520007384083534,-0.019024339668506807
1869.6395731219604,19.517724463323315,-0.018813490906705366
1871.9817000575592,19.51546684441451,-0.01857110325754796
1874.323556078889,19.513238312023606,-0.018375858564400605
1876.6651446763317,19.51103320899588,-0.018109470712637354
1879.0064686614112,19.508860072510362,-0.017888366038410486
1881.3475318701123,19.506713468585755,-0.01763986409656193
1883.6883374863426,19.504596684894167,-0.01740419078186739
1886.02888908853,19.502508182000344,-0.01717506502818278
1888.36919007037,19.500447174196964,-0.01692701866499602
1890.7092437312735,19.498415931957165,-0.016670030015495385
1893.0490536431084,19.496415528355307,-0.016434163720340567
1895.388623506511,19.494443428708866,-0.016169216872187087
1897.7279567179562,19.492503122684205,-0.01591395928654815
1900.0670570926784,19.490593447569818,-0.01563494016050293
1902.4059283063868,19.488717254750558,-0.015366998769588913
1904.744574376957,19.486873214898207,-0.015115431999146445
1907.0829991627447,19.48505936305831,-0.01483495694324799
1909.4212062863116,19.483279168225117,-0.014564131499515076
1911.7591997864986,19.481531472445177,-0.01426976482961062
1914.096983563192,19.479819100665622,-0.013988422352026464
1916.4345618552718,19.478140489983378,-0.013726783634219863
1918.7719387140698,19.47649327594727,-0.013435736508684015
1921.1091179071834,19.474880987566227,-0.013196194630627267
1923.4461036256914,19.47329744421055,-0.01289711844739827
1925.7828993189967,19.471749789996863,-0.012613100085089979
1928.1195092937962,19.470236217986653,-0.01233999485297299
1930.4559376399545,19.468755418604296,-0.012078981828705704
1932.7921882901871,19.46730594078485,-0.011798849319013649
1935.1282650030814,19.46589007886657,-0.011495301373298128
1937.4641718125454,19.46451064270177,-0.011245330342946502
1939.7999130896696,19.46316120306062,-0.010968875302198255
1942.135492434037,19.461844938024356,-0.010673096873875187
1944.4709138265998,19.46056416639949,-0.010381629126016034
1946.8061815265678,19.459318370904366,-0.010124917711117232
1949.1412997310763,19.458103380779033,-0.009864775121078195
1951.4762721367697,19.456919607764505,-0.009594456583605582
1953.8111024897014,19.45576827297447,-0.0052108386053787425
1956.1457946824582,19.455142972341825,0.0074099562185138135
1958.4804118391392,19.456032167088047,0.020003571257160124
1960.8151356991898,19.458432595638907,0.032510597019112186
1963.1501476106664,19.4623338672812,0.04462714547571833
1965.48562767474,19.467689124738285,0.05647631663216657
1967.8217503697088,19.474466282734145,0.06805229694513948
1970.1586863236369,19.482632558367563,0.0791581400989736
1972.496602230641,19.49213153517944,0.08999192062327233
1974.8356580148625,19.502930565654232,0.100810806948046
1977.1760096827409,19.515027862487997,0.11177958694459278
1979.5178130262395,19.52844141292135,0.12248953006961816
1981.8612259957902,19.543140156529702,0.13290352674323247
1984.2064028145737,19.55908857973889,0.14239616473164485
1986.5534934441423,19.576176119506687,0.15193568668565316
1988.902634578483,19.594408401908964,0.16164880558192052
1991.2539635867122,19.613806258578794,0.17114399217333864
1993.6076203377415,19.634343537639595,0.18013568598324625
1995.9637415622583,19.655959819957584,0.1886634646977463
1998.3224567406533,19.678599435721313,0.19694166826309512
2000.6838886729397,19.702232435912883,0.20538840949433146
2003.0481565652492,19.726879045052204,0.2131692657928037
2005.4153820506554,19.75245935694734,0.22113325388450422
2007.785677173489,19.77899534741348,0.2290167048628058
2010.1591566151785,19.806477351997017,0.23661715908227388
2012.535933897418,19.83487141108689,0.24361518933303272
2014.9161184667485,19.864105233806853,0.25084311182732155
2017.2998110948054,19.894206407226132,0.25763214729805006
2019.6871158636725,19.925122264901898,0.2635181804365393
2022.0781305354608,19.956744446554282,0.26925338949897537
2024.4729398690472,19.98905485329416,0.2751823868756932
2026.8716264514426,20.022076739719243,0.2807290877012436
2029.2742756602088,20.05576423024339,0.2865230041847584
2031.680967367838,20.090146990745563,0.2922178846594353
2034.0917850067276,20.125213136904694,0.2971729335516976
2036.5068105831563,20.160873888930897,0.30229092049245954
2038.9261154498279,20.197148799389993,0.30797287956955743
2041.3497733057548,20.23410554493834,0.31286252658645897
2043.7778659711473,20.271649048128715,0.3175361295899912
2046.2104638569228,20.309753383679514,0.3217283202323441
2048.6476342629644,20.348360782107395,0.3262239438588663
2051.0894375568173,20.38750765537046,0.33047047594211443
2053.5359384754615,20.427164112483513,0.33438187479024095
2055.9871981689594,20.467289937458343,0.3382142472533153
2058.4432729614546,20.507875647128742,0.3418757743715348
2060.90421803911,20.548900740053327,0.34538145153804
2063.3700861279167,20.59034651423789,0.3482929740654911
2065.8409277096252,20.632141671125748,0.35089519621905807
2068.3167847101604,20.674249094672035,0.3532645115871015
2070.797694601521,20.71664083606249,0.35541217647106804
2073.2836915018484,20.759290297239016,0.35716945826197066
2075.774806337517,20.80215063223045,0.3586665686840368
2078.2710644133845,20.845190620472536,0.35993088708694254
2080.772487287841,20.88838232692297,0.360898045484051
2083.279093167072,20.931690092381054,0.36185985049868963
2085.7908959781576,20.975113274440897,0.3628098884507821
2088.3079095710905,21.018650461054992,0.3633632499230114
2090.830147626417,21.062254051045755,0.36394136378577346
2093.3576181125422,21.105927014700047,0.36430980384206113
2095.8903293543062,21.149644191161094,0.36453547340449577
2098.4282866572457,21.193388447969635,0.3645453980416534
2100.971493271002,21.237133895734633,0.3646497767736525
2103.5199493384903,21.28089186894747,0.3645117590061231
2106.073656362764,21.324633280028205,0.36428978315819127
2108.632612356367,21.36834805400719,0.36400386481257885
2111.196814122848,21.412028517784698,0.36375676467417906
2113.766257544982,21.4556793295456,0.3634906597020593
2116.3409390645274,21.499298208709845,0.3629690918497702
2118.9208548495726,21.542854499731817,0.3625667520371617
2121.5059973895404,21.586362509976276,0.3618555555283557
2124.0963608907377,21.62978517663968,0.36110789532481435
2126.6919351119345,21.673118124078655,0.3607537051792119
2129.292709286824,21.71640856870016,0.3600432858898621
2131.898678315068,21.759613763006943,0.3594642980244076
2134.509831966629,21.802749478769872,0.3587520687803545
2137.1261619040815,21.845799727023515,0.35815988398757026
2139.7476578713245,21.888778913102023,0.35757963822613326
2142.374311340897,21.93168846968916,0.35690068046334045
2145.0061139572595,21.97451655134476,0.3562508344489522
2147.6430559434207,22.017266651478632,0.35551590370609054
2150.285127941598,22.059928559923364,0.35517474329270127
2152.9323193687887,22.102549529118487,0.35422338043633217
2155.584625312283,22.145056334770846,0.3539006213586383
2158.2420320724555,22.187524409333882,0.35325545125616187
2160.9045350015754,22.229915063484622,0.3528609661607558
2163.5721248091936,22.272258379423914,0.3524307271371846
2166.2447958147245,22.314550066680376,0.3520570510737747
2168.922541822726,22.35679691280923,0.35155516887863514
2171.605357452263,22.398983533074666,0.35120627706671936
2174.293235476232,22.441128286322673,0.35112208887191565
2176.9861708705907,22.483262936987302,0.35086255034443914
2179.684162423029,22.525366443028634,0.3507680771758833
2182.3872063961926,22.56745861228974,0.3506939717343782
2185.0953014296674,22.609541888897866,0.3508262147837833
2187.8084464563353,22.65164103467192,0.3507828316554704
2190.526643380496,22.693734974470576,0.35089568456380715
2193.249891577432,22.735842456618233,0.35126074627553505
2195.978192672226,22.777993746171298,0.35158752608291366
2198.711551921767,22.820184249301246,0.351872089449937
2201.449974031683,22.862408900035238,0.35216089337322143
2204.193463099687,22.904668207240025,0.3525957650864322
2206.942023284556,22.9469796990504,0.3532085857777788
2209.695660848442,22.98936472934373,0.3537487035284915
2212.454384615963,23.03181457376715,0.35411432986753766
2215.218202364815,23.074308293351255,0.3547388213811312
2217.9871193600175,23.11687695191699,0.35539861273414175
2220.7611445942475,23.159524785445086,0.35617124843797077
2223.540287568501,23.202265335257643,0.3566721071238146
2226.3245594087316,23.2450659881125,0.3573339325032212
2229.113967327305,23.28794606001289,0.35808387793613294
2231.9085208545066,23.330916125365224,0.358832171746727
2234.7082307895503,23.37397598597483,0.35951970881592066
2237.5131079078674,23.41711835103274,0.36009156065983816
2240.3231621099912,23.460329338311922,0.3608109112052048
2243.1384016305888,23.503626647656546,0.3613313756138198
2245.9588368283075,23.546986412730206,0.36220862003922094
2248.784475197835,23.590451447134914,0.36267018032621257
2251.615329371491,23.633971868774058,0.3634281486769636
2254.451405995744,23.677583246615292,0.3638529763105526
2257.292715985338,23.72124560377256,0.3643000732200029
2260.1392654577908,23.76496161255896,0.36483115683593415
2262.991060851298,23.808741351379272,0.36572182192712666
2265.8481098134635,23.852627970010527,0.3661526818020634
2268.7104251698647,23.896566291826776,0.3667451387934728
2271.578013124884,23.940575708481994,0.3671056018123616
2274.450882209902,23.984628380699476,0.3675744888763056
2277.329037615586,24.028737319364634,0.3680425560496162
2280.21248609391,24.07290242609059,0.3684468676171512
2283.1012343850407,24.117116050204647,0.3690194565531789
2285.9952883110655,24.161398384991028,0.36933255073991866
2288.8946561172643,24.20571829107982,0.36985943296902535
2291.799342312194,24.250101423036103,0.370321852792457
2294.709354482958,24.294540045371196,0.37069722665916605
2297.6246992884026,24.339023712570295,0.37078094530689054
2300.545382133911,24.38351742600712,0.3715535622134767
2303.471404225032,24.428103853472738,0.37182659888085423
2306.4027766874487,24.47272304533844,0.37231049207973377
2309.3395034528894,24.51740030438801,0.37265551404192576
2312.281591489416,24.56211896607304,0.3727629199756496
2315.229045765345,24.606850516470118,0.3730809398112802
2318.181867827321,24.65162022924747,0.3733669534364884
2321.140062254831,24.69642426365985,0.37358170944926306
2324.10363316647,24.74125406879376,0.3739764477847689
2327.0725836547253,24.786131242527933,0.3741383528953447
2330.0469194038287,24.831027844875376,0.3740320040374724
2333.026642745214,24.875911685359874,0.37410794883817255
2336.011752147457,24.920804639220457,0.3741344039873977
2339.002248704164,24.965700767698944,0.3745915746535661
2341.998132796288,25.01065175665737,0.3743287012040766
2344.9994110070866,25.05557120080186,0.3745225685850567
2348.0060795511827,25.100513909032067,0.3744652146903201
2351.0181412202664,25.145449734794905,0.3745488657027847
2354.0355951884417,25.19039559867924,0.37442470205555123
2357.058442660283,25.235326562925906,0.3742421223475957
2360.0866818478344,25.280235617607616,0.374020330721327
2363.120310121947,25.325118057294176,0.3740953166979366
2366.1593242888225,25.37000949529793,0.373943996041186
2369.203725428258,25.41488277482287,0.373191814821057
2372.253511361237,25.4596657926014,0.3734366520980462
2375.308671256349,25.504478190853163,0.3731442312958205
2378.3692086392516,25.549255498608662,0.37321108911776
2381.435119299085,25.594040829302795,0.37264524286888
2384.506404198601,25.638758258447062,0.37262282009876035
2387.5830551896147,25.683472996858914,0.3725799563838347
2390.6650719492377,25.728182591624975,0.372260210808817
2393.752453860233,25.772853816922034,0.37197777679223476
2396.8451963182633,25.8174911501371,0.37162168952016017
2399.9432952562797,25.86208575287952,0.3715282574388983
2403.046745546625,25.906669143772188,0.37123765471699677
2406.155545843878,25.951217662338227,0.371216721211579
2409.2696919633586,25.995763668883615,0.3705249034744241
2412.3891836036246,26.040226657300547,0.37022522211494024
2415.5140108025007,26.08465368395434,0.3701399604080716
2418.644169244575,26.129070479203307,0.3697902823383461
2421.7796577020795,26.17344531308391,0.36943464329153963
2424.9204711396496,26.217777470278893,0.369551173379532
2428.0666044360833,26.262123611084437,0.3697130173907027
2431.2180592694135,26.30648917317132,0.36959357264320414
2434.374837970194,26.350840401888505,0.36883518081808075
2437.536938818421,26.395100623586675,0.36859706761646427
2440.704350893251,26.43933227170065,0.36789025099660366
2443.877070765855,26.483479101820244,0.36756760350724715
2447.0550882580733,26.527587214241112,0.36767862015857267
2450.238398723782,26.57170864866014,0.3677547379888786
2453.4270037616216,26.615839217218806,0.3670850396719636
2456.620904467688,26.659889421979443,0.36710025759505904
2459.8200911983254,26.70394145289085,0.36688200301560725
2463.0245641726724,26.74796729325272,0.36686049756027317
2466.234320247863,26.791990552959955,0.3668770431600874
2469.449359114218,26.836015798139165,0.36548427548373685
2472.6696810099947,26.879873911197212,0.36563557358436993
2475.8952658793382,26.923750180027337,0.36563256966866686
2479.1261159009414,26.967626088387576,0.363676562150806
2482.3622310315477,27.01126727584567,0.36300444802044773
2485.6035831046493,27.054827809608124,0.3626058029682091
2488.8501624418022,27.09834050596431,0.3578797167382024
2492.101963302518,27.141286071972893,0.35836650586240437
2495.358917631155,27.18429005267638,0.3580959167766573
2498.621032437476,27.22726156268958,0.35815373475063716
2501.8883038249987,27.270240010859656,0.35775453987701633
2505.160732626302,27.3131705556449,0.35685147400216577
2508.4383130929796,27.35599273252516,0.357140053041201
2511.7210322208825,27.398849538890104,0.3576055307792829
2515.0088941655495,27.441762202583618,0.3562206622376072
2518.3019056298594,27.48450868205213,0.35685023998829224
2521.6000466717055,27.527330710850727,0.35741683694357596
2524.9033263570077,27.570220731283957,0.35590701444246564
2528.2117528447616,27.612929573017052,0.3550363299443675
2531.5253043935236,27.655533932610375,0.35478918691652717
2534.843968465437,27.69810863504036,0.3381493986919122
2538.1677415016416,27.738686562883387,0.3262509448208677
2541.4963838891877,27.77783667626189,0.3148304322722646
2544.829724290339,27.815616328134563,0.30188846711438333
2548.1675982497154,27.851842944188288,0.29076910859085436
2551.509819403018,27.88673523721919,0.2795567057535797
2554.856227631484,27.920282041909623,0.2670673661536336
2558.2066614765135,27.952330125848057,0.25333265203238
2561.5609410916154,27.982730044091944,0.24384827230661754
2564.9188686969064,28.01199183676874,0.2309911659423971
2568.2803077173185,28.039710776681826,0.22096826626160526
2571.6450730105203,28.06622696863322,0.203054238669361
2575.0130202467562,28.090593477273543,0.19559542929510476
2578.383891464029,28.114064928788956,0.18830954866971905
2581.757579255484,28.13666207462932,0.18029526860073575
2585.1339787044394,28.15829750686141,0.17194800135966815
2588.512974405263,28.17893126702457,0.16413622846374132
2591.894446157306,28.19862761444022,0.15460319626087893
2595.278281471039,28.217179997991526,0.14776944152566562
2598.664343070798,28.234912330974606,0.13997238628409936
2602.052532550515,28.251709017328697,0.1315520147241096
2605.4427376325943,28.26749525909559,0.12482876020684097
2608.834837063686,28.28247471032041,0.11367778164847264
2612.2287340289245,28.29611604411823,0.10471611758563426
2615.624267954219,28.308681978228506,0.09709538692190545
2619.021309791606,28.320333424659136,0.09086031035023756
2622.419749802565,28.331236661901166,0.0851459100376537
2625.819498201993,28.341454171105685,0.07108172028617865
2629.220472702526,28.349983977540028,0.06456355747830334
2632.6224707798306,28.357731604437426,0.05936575103477659
2636.025398572363,28.3648554945616,0.05576455017257742
2639.4291812317106,28.37154724058231,0.05051357315282645
2642.8337669005805,28.37760886936065,0.04379262305457232
2646.239079964904,28.382863984127198,0.03752626071603182
2649.645023642999,28.387367135413122,0.03229804017865745
2653.0515076992488,28.39124290023456,0.02010580363568326
2656.458456847277,28.39365559667084,0.013280848480893837
2659.8656955188776,28.395249298488547,0.007688605015124583
2663.2731254346963,28.39617193109036,-0.0008064474392408538
2666.680666066427,28.396075157397654,-0.0036418985041852814
2670.0881950853145,28.39563812957715,-0.010153692941137216
2673.495671660864,28.394419686424214,-0.016285050598953132
2676.903002023235,28.39246548035234,-0.022112262039462927
2680.310097880877,28.389812008907604,-0.026738292141518016
2683.7168753219457,28.386603413850622,-0.031500294358514536
2687.123267731608,28.3828233785276,-0.03544594155392766
2690.5292065370313,28.37856986554113,-0.03984018201814199
2693.9346349208963,28.373789043698952,-0.04178023908833084
2697.33948960614,28.368775415008354,-0.04508131809766214
2700.743742655941,28.363365656836635,-0.047232271952756255
2704.1473465347613,28.357697784202305,-0.04870709114332983
2707.5502702688655,28.351852933265103,-0.04985821184320893
2710.9524926208574,28.34586994784392,-0.05147073030718796
2714.3539970145985,28.339693460207055,-0.0522453543020045
2717.754760229823,28.333424017690813,-0.05294870497054349
2721.154771111946,28.32707017309435,-0.05302554964033468
2724.5540195327176,28.32070710713751,-0.05389056101395484
2727.9525043855742,28.314240239815835,-0.05470791246198514
2731.350213214352,28.307675290320397,-0.05476302630729579
2734.747134249191,28.30110372716352,-0.054044585522244004
2738.1432666964506,28.294618376900853,-0.05334375010881143
2741.5386209016788,28.288217126887798,-0.05303804994181771
2744.9332069569055,28.28185256089478,-0.05287921479918101
2748.327029264213,28.27550705511888,-0.05211438396980905
2751.720090110827,28.269253329042503,-0.051972722020037
2755.1124005103125,28.263016602400096,-0.050387418375505755
2758.5039625026006,28.256970112195035,-0.05029071182807199
2761.8947989160642,28.250935226775667,-0.049733285388119386
2765.2849111432774,28.244967232529092,-0.048235144209664904
2768.674307211181,28.239179015223932,-0.04741399679379166
2772.0630086930078,28.233489335608677,-0.04682206238916886
2775.451027413281,28.22787068812198,-0.045508089029822285
2778.8383718958553,28.2224097174384,-0.04443864015211174
2782.225061061948,28.217077080620147,-0.04369143588911495
2785.6111103116223,28.211834108313454,-0.04279503390931483
2788.99653040462,28.206698704244335,-0.04238974040319854
2792.3813342491294,28.201611935395952,-0.04113869443595841
2795.765527681377,28.196675292063638,-0.04038493841853641
2799.149128716425,28.191829099453415,-0.03919519981495356
2802.532148208359,28.18712567547562,-0.03839731257714796
2805.9146032894164,28.18251799796636,-0.03733061062537901
2809.2965054491724,28.178038324691315,-0.036408983652654436
2812.6778700481354,28.173669246652995,-0.03528956946542694
2816.0587103577336,28.169434498317145,-0.034372905137422194
2819.439042497532,28.165309749700654,-0.033071549385808696
2822.818879667496,28.161341163774356,-0.03213787238203203
2826.198240607149,28.157484619088514,-0.030953385533914135
2829.5771387614395,28.153770212824444,-0.03014057343033527
2832.9555911869784,28.150153344012804,-0.02933124946462362
2836.33360958826,28.14663359407705,-0.028562745961364655
2839.711205619549,28.143206064561685,-0.027529441799474696
2843.088390347297,28.139902531545747,-0.026824930632254107
2846.465178651082,28.13668353986988,-0.026305086366614105
2849.8415806758667,28.133526929505884,-0.025418526433191646
2853.2176039074075,28.1304767063339,-0.024702637594430366
2856.5932611121675,28.12751238982257,-0.02439058564238583
2859.9685625989464,28.124585519545484,-0.023822465844906437
2863.343512861292,28.121726823644096,-0.02329453820368288
2866.718120080129,28.118931479059654,-0.022999589638589946
2870.0923918576163,28.116171528303024,-0.022609536838379185
2873.4663324410126,28.113458383882417,-0.022141970543168243
2876.8399474470784,28.110801347417237,-0.02209214349524169
2880.2132436087686,28.10815029019781,-0.02159944794849089
2883.586221643592,28.10555835644399,-0.021367192771243104
2886.9588886463653,28.10299429331144,-0.0212821808386201
2890.3312479615624,28.100440431610807,-0.021126825864142162
2893.703300813356,28.097905212507108,-0.02098440984158012
2897.0750494388567,28.09538708332612,-0.02076471680445069
2900.4464958888557,28.092895317309587,-0.02076079690097221
2903.8176433269327,28.090404021681472,-0.020707633014354743
2907.1884918095343,28.08791910571975,-0.02071288721582265
2910.5590421022207,28.08543355925385,-0.020574655853682344
2913.929294129331,28.08296460055141,-0.02057705377414809
2917.2992498813974,28.080495354098513,-0.02047805647068479
2920.6689093238892,28.07803798732203,-0.020595348945104508
2924.038273882368,28.075566545448616,-0.020412871828849433
2927.4073418678217,28.073117000829154,-0.020502787865747996
2930.7761159079214,28.070656666285263,-0.020468394327157968
2934.1445947078755,28.068200458966004,-0.020468498307705696
2937.5127787629513,28.065744239169078,-0.02040363663634359
2940.8806680716516,28.063295802772718,-0.020466077283429307
2944.2482635679844,28.060839873498708,-0.02045514043431873
2947.615564352804,28.058385256646588,-0.02047717736378174
2950.9825705836015,28.055927995362936,-0.02049786600168102
2954.349281943045,28.053468251442734,-0.020531720707847034
2957.7156981332178,28.05100444495779,-0.020545137813287928
2961.081818666613,28.048539028420198,-0.020605051319375844
2964.447643350023,28.046066422261873,-0.020699813905219244
2967.8131713206944,28.04358244459325,-0.020698511491072047
2971.1784012140456,28.04109862321432,-0.020739020408906406
2974.5433330488313,28.03860994076525,-0.020843480036261575
2977.907966241723,28.0361087231609,-0.020870900249481794
2981.2722992885024,28.033604215130964,-0.020932548647345506
2984.6363317943183,28.03109230929328,-0.02101492824969231
2988.0000628714333,28.02857051790332,-0.021091464122934944
2991.363491333582,28.026039542208565,-0.02116907343728336
2994.7266160786467,28.023499253396093,-0.02124879200801022
2998.089435989054,28.020949398355132,-0.021252213080675375
3001.4519499168564,28.01839913278545,-0.02133545453204877
3004.8141578127907,28.015838878241606,-0.02139290089423307
3008.1760584781796,28.0132717301343,-0.021433348756651593
3011.537651085796,28.0106997282835,-0.021480362409544318
3014.89893505319,28.008122084794355,-0.021519242735132504
3018.2599097033653,28.00553977566614,-0.02158170816356697
3021.620574476445,28.00294997068651,-0.021553911610329157
3024.9809284729276,28.000363501293272,-0.021603379942253476
3028.3409720930827,27.9977710957002,-0.021592732485520294
3031.7007046245667,27.99517996780194,-0.021614215187769625
3035.060126220703,27.992586261979405,-0.021621633770676052
3038.4192365721406,27.989991665926922,-0.02163664960430034
3041.778035572052,27.987395267974406,-0.02159659489695409
3045.136523004209,27.984803676586772,-0.02161811427160809
3048.4946994453994,27.982209502874177,-0.021590981384055352
3051.8525645857444,27.979618585108092,-0.02161175442201624
3055.2101188159572,27.97702517457745,-0.021530714226449588
3058.5673618369065,27.974441488870276,-0.021526422691744873
3061.924294815571,27.971858318147266,-0.02149331799822196
3065.2809178137486,27.96927911998748,-0.021463255885865173
3068.637231308147,27.966703529281176,-0.021456640317859987
3071.9932357316607,27.964128732443033,-0.021418515793551807
3075.348931179554,27.961558510547807,-0.021370475148295487
3078.7043182008197,27.958994053530013,-0.021342259532229013
3082.059397487243,27.956432982386147,-0.021330140930619468
3085.4141694451296,27.95387336547447,-0.021271378062539315
3088.7686342489865,27.951320800106966,-0.021271721838856728
3092.1227927449995,27.948768193486302,-0.02121629064851116
3095.476644928218,27.94622223860848,-0.02115613141496908
3098.830191596851,27.943683502838685,-0.0211329747411364
3102.1834336171914,27.941147545869747,-0.021071524148837506
3105.5363713226957,27.938618962971887,-0.021037153891703797
3108.8890055982524,27.936094504504883,-0.02100469015284734
3112.241336938793,27.933573941686543,-0.020929646084525633
3115.5933658117956,27.9310623841564,-0.020875388044095278
3118.9450932978943,27.92855733759111,-0.020792096602695098
3122.2965201784054,27.926062285998785,-0.02073752447469923
3125.6476476527255,27.923573783061823,-0.02066682225463823
3128.998476506693,27.921093764391266,-0.020563363786133326
3132.3490077584197,27.91862616073693,-0.020492199157085444
3135.6992428977082,27.91616709683808,-0.020380090293777187
3139.049182949329,27.913721486002828,-0.020278546803669473
3142.3988295276495,27.911288060386386,-0.020159661692689568
3145.748184094896,27.908868900983265,-0.020023917144156966
3149.097248363014,27.906466030925966,-0.019886031819872363
3152.446024286725,27.90407970710758,-0.01978476829809539
3155.794513851578,27.90170553491181,-0.019634127273351343
3159.1427185157672,27.899349439639007,-0.019513381988909728
3162.490640448524,27.897007833800338,-0.019359437055114892
3165.83828138858,27.894684701353725,-0.019193597413681873
3169.1856435527425,27.892381469664084,-0.01906503345342858
3172.532729329102,27.890093665649673,-0.018880318742136692
3175.87954056898,27.887828027400616,-0.0187817934866068
3179.226079932268,27.885574212182224,-0.01855442442309685
3182.57234883773,27.883347681251454,-0.01833772253649224
3185.91835055948,27.881147154547076,-0.018146372539965094
3189.264088218026,27.87896958984228,-0.017983530788465263
3192.609564568807,27.876811566147666,-0.0177841719926084
3195.9547819567447,27.87467746550855,-0.017583894061612648
3199.299743252606,27.872567398221157,-0.01744029992083851
3202.644451340392,27.870474562230658,-0.01716474020641301
3205.98890828786,27.86841479340589,-0.016986351801318467
3209.3331180630685,27.86637643118973,-0.01672448706315466
3212.677083234811,27.864369492742153,-0.01650103202552966
3216.02080757394,27.862389368899088,-0.016308101409759024
3219.364294298208,27.860432396729916,-0.016081946895579957
3222.7075461858153,27.858502563102448,-0.01585581780224876
3226.0505664933876,27.856599864966178,-0.015613898691418493
3229.3933584771835,27.854726197123206,-0.015399001644223587
3232.7359256208383,27.8528783169259,-0.015124595558109633
3236.0782710188696,27.851063365458927,-0.014903471469946084
3239.420398622725,27.849274948882535,-0.014682064936966555
3242.762311616591,27.847513101090097,-0.014425014002546366
3246.1040131887216,27.845782099409792,-0.014141827076763036
3249.4455070406507,27.844085080160582,-0.013875764704666338
3252.78679725027,27.84241998839602,-0.013607692999174414
3256.1278876488773,27.84078706523612,-0.013365278304596995
3259.4687820967056,27.83918323183957,-0.013077988174214017
3262.8094840845265,27.837613873258665,-0.012863758540707426
3266.1499977493177,27.83607022223378,-0.012610941859366065
3269.4903261759855,27.834556909210654,-0.012298671370688297
3272.830473005091,27.833081068646173,-0.012023770759417296
3276.1704427333284,27.831638216155042,-0.011772301623413473
3279.510239319267,27.83022553996023,-0.011490596469348802
3282.8498663840624,27.82884666838391,-0.01122312560693084
3286.1893279842684,27.827499893311078,-0.010955075520249213
3289.5286279714655,27.82618528424865,-0.01070082822957108
3292.867770205575,27.8249011848611,-0.010465615871550149
3296.2067583477588,27.823645310956515,-0.010175579853056949
3299.5455957850736,27.822424241374147,-0.00989728654615929
3302.8842866940386,27.82123656698861,-0.009647061344893793
3306.2228350820774,27.82007891962722,-0.009383609209740573
3309.5612445524325,27.81895288652205,-0.009139254977394096
3312.899518898815,27.817856175924764,-0.008881190266062156
3316.237661639926,27.816790433092837,-0.00863386253016607
3319.5756764918974,27.815754369589218,-0.008403127719368353
3322.913567016248,27.814745994262893,-0.008159451551791985
3326.25133653556,27.81376686007668,-0.007917155573303525
3329.588988558769,27.812816801407884,-0.007700046726553111
3332.9265265749377,27.8118927958007,-0.007444451732732116
3336.2639537104337,27.810999461592772,-0.007218432396649099
3339.6012736458247,27.810133249705174,-0.006994838709435847
3342.938489635789,27.809293869060042,-0.006777621826338898
3346.2756049000764,27.80848055444088,-0.0065527835295555725
3349.6126225666094,27.807694220417332,-0.0063327824442751535
3352.9495458730594,27.80693428652402,-0.006122604083433458
3356.2863779874424,27.806199574034007,-0.005925492208444627
3359.6231219363267,27.805488514968992,-0.005727231171337888
3362.959780558123,27.804801247228433,-0.00554730887265098
3366.2963567077904,27.804135570163716,-0.005348449804852606
3369.63285297621,27.803493756187134,-0.0051681840054751405
3372.9692722269524,27.802873574106478,-0.004993887944596764
3376.3056170558452,27.802274307553127,-0.004793596200316941
3379.6418899727514,27.80169907600909,-0.004626890434304087
3382.9780938618724,27.801143849156972,-0.004451195290323895
3386.314231123771,27.800609705722135,-0.004291005923246161
3389.650304288458,27.800094785011346,-0.004141298570602636
3392.9863156626593,27.799597829182876,-0.003989861403821404
3396.3222674021613,27.799119045814418,-0.003849073700113781
3399.6581616876592,27.798657156970403,-0.003708821124790429
3402.9940005464955,27.798212098435428,-0.003563863860280403
3406.3297859983077,27.797784434772193,-0.0034433412796301965
3409.66552013048,27.797371233818637,-0.003322241495192113
3413.0012046785387,27.796972564839216,-0.003193536270215791
3416.3368413863195,27.79658934048679,-0.0030759421126758113
3419.672432107178,27.79622022743327,-0.0029907682408398806
3423.0079785344697,27.79586133524437,-0.002868925016890067
3426.343481894699,27.795517064242343,-0.0027659160445381303
3429.678943942408,27.795185154317,-0.0026645570347985092
3433.014366160926,27.794865407472823,-0.0026022165541976783
3436.3497500098224,27.79455314148632,-0.002500746712069901
3439.685096386801,27.79425305188087,-0.002419710689930188
3443.0204067530267,27.79396268659808,-0.0023441047337242615
3446.3556822754185,27.79368139403003,-0.0022744513461625537
3449.690924042702,27.79340845986849,-0.0022050950556247173
3453.0261330578865,27.793143848461817,-0.002152391962283673
3456.3613103197017,27.792885561426342,-0.002093978663031848
3459.696456587073,27.79263428398678,-0.002054296419406132
3463.0315727011516,27.79238776841645,-0.0019956835947603224
3466.3666592333616,27.79214828638508,-0.0019568998946812854
3469.7017170277277,27.791913458397715,-0.0019151228190543712
3473.0367466427356,27.79168364365943,-0.0018737335060752258
3476.3717486799746,27.7914587956387,-0.0018501793132221778
3479.7067237354513,27.791236774121113,-0.0018183930014461502
3483.0416721483457,27.79101856696094,-0.001797936866998917
3486.376594376381,27.7908028145369,-0.0017722238291222325
3489.7114907141254,27.790590147677406,-0.0017696290807065473
3493.0463615318467,27.790377792187723,-0.0017411280454409095
3496.3812068669095,27.79016885682227,-0.001738579131636886
3499.716027129728,27.789960227326475,-0.0017287367905267637
3503.0508223570073,27.789752778911613,-0.0017258545387135449
3506.3855926904766,27.789545676366966,-0.001724820557901019
3509.720338171641,27.789338697900018,-0.0017194498888328802
3513.0550588153887,27.789132363913357,-0.001730679391254597
3516.3897546990584,27.788924682386405,-0.0017420354412283068
3519.7244256609447,27.788715638133457,-0.0017385255915849385
3523.0590715375206,27.788507015062468,-0.0017661299594777802
3526.393692379328,27.788295079467332,-0.0017749130538278202
3529.7282877888642,27.788082089900872,-0.001782154841039496
3533.0628576396525,27.787868231319948,-0.0017990812270980427
3536.3974018274107,27.787652341572695,-0.0018294670972411886
3539.731920108399,27.787432805521025,-0.0018468232883099844
3543.066412045062,27.787211186726427,-0.0018585604684617785
3546.4008773874693,27.786988159470212,-0.0018887255999615604
3549.735315966606,27.78676151239822,-0.0019183524195520718
3553.0697273480937,27.786531310107872,-0.001945511191224547
3556.4041111053066,27.786297848764924,-0.001965256772625157
3559.738466847158,27.786062017952208,-0.0019960733425463673
3563.0727942893122,27.7858224891511,-0.002025096848724317
3566.4070929880104,27.785579477529254,-0.0020579624532883756
3569.741362525314,27.78533252203486,-0.0020918169302248657
3573.075602427958,27.785081504003234,-0.0021241580747273225
3576.4098122084383,27.784826605034265,-0.0021443595978007934
3579.7439914010424,27.78456928188253,-0.0021766270054204284
3583.0781397148685,27.78430808664188,-0.0022113138746582273
3586.4122566852657,27.78404272897692,-0.0022458611630646885
3589.7463418127427,27.783773225637354,-0.0022655506136124437
3593.080394599819,27.783501359563722,-0.002298364418961807
3596.4144147629668,27.783225555833447,-0.002333939048794864
3599.748401829667,27.782945483147593,-0.0023656026939837815
3603.0823552876445,27.782661610824317,-0.0023962314223942016
3606.4162746809434,27.78237406305363,-0.0024121550997913133
3609.75015956851,27.782084604441657,-0.0024439701448191187
3613.084009721043,27.78179132802428,-0.0024736805342762125
3616.417824680406,27.781494486360167,-0.0025027746400145823
3619.751604018769,27.781194153403366,-0.0025323452375980438
3623.0853473171774,27.780890271974854,-0.0025442051121560283
3626.419054149814,27.780584967361396,-0.0025677934564494187
3629.7527243458976,27.780276832146622,-0.0025984626005395306
3633.0863575657554,27.77996501663456,-0.0026060681216133474
3636.4199533677515,27.779652288459964,-0.002642272976474125
3639.753511642367,27.779335215702787,-0.002650662056703723
3643.0870318682514,27.779017136255984,-0.0026552789008000843
3646.4205139246023,27.778698502787886,-0.002696627949356767
3649.753957744937,27.778374907433964,-0.002694786604789279
3653.087362733829,27.77805153304139,-0.023294431625865197
3656.4207289177943,27.775256201246286,-0.05407257893360118
3659.753759661944,27.768767491774256,-0.08492540382847702
3663.086011760957,27.758576443314837,-0.11522386993520461
3666.4170409341546,27.74474957892261,-0.14458404005014547
3669.7464108836252,27.727399494116593,-0.17339538937258014
3673.073698822919,27.706592047391883,-0.2012717422783199
3676.3984898686062,27.682439438318486,-0.22817423364077039
3679.7203826012046,27.655058530281593,-0.25444409367908616
3683.0389896248385,27.624525239040103,-0.28126938130058443
3686.3539326535233,27.590772913284034,-0.3077786260276447
3689.6648254031174,27.553839478160718,-0.33420509720512337
3692.971286140497,27.513734866496105,-0.3586052257723247
3696.2729343244764,27.470702239403426,-0.38172332214132476
3699.569418593205,27.424895440746468,-0.40528411620220073
3702.8604060460943,27.376261346802202,-0.4290075964553819
3706.1455574077104,27.324780435227556,-0.4518240530561539
3709.4245310599376,27.27056154886082,-0.4734430978057609
3712.696998445801,27.213748377124126,-0.49368339190393673
3715.9626482510557,27.154506370095653,-0.5143937991496741
3719.221189015467,27.092779114197693,-0.5338785526377263
3722.472322509171,27.028713687881165,-0.5528847736218707
3725.715768151717,26.96236751504654,-0.5718513793084727
3728.9512522535224,26.893745349529524,-0.5908039969258403
3732.178501695466,26.822848869898422,-0.6080331408860382
3735.397243559854,26.749884892992096,-0.6247920693289113
3738.6072297470128,26.674909844672626,-0.6417385782793144
3741.8082189283737,26.59790121527911,-0.6566240457428321
3744.9999670742072,26.51910632978997,-0.6695972457372452
3748.182259833782,26.438754660301502,-0.6829133445538877
3751.354910393018,26.356805058955036,-0.6956209872429873
3754.5177270000927,26.273330540485876,-0.7081083673094355
3757.670526664951,26.188357536408745,-0.7209350816427476
3760.81312956932,26.101845326611617,-0.7327901097797271
3763.9453510085136,26.01391051343805,-0.7429676175526678
3767.0670202701262,25.92475439933173,-0.7550527499607034
3770.1779907980463,25.834148069336443,-0.7662160599116938
3773.2780885663665,25.74220214214704,-0.7765328705128116
3776.367152823424,25.649018197685503,-0.7854189170542871
3779.445035007146,25.554767927638988,-0.7939986858044787
3782.511607158463,25.45948808534245,-0.8029164731498262
3785.566745728704,25.36313810856447,-0.8111185175770621
3788.6103223017317,25.265803886455224,-0.8187839942298059
3791.6422187681064,25.167549807147648,-0.8260455067255923
3794.6623247449643,25.068424346340578,-0.833089108833093
3797.670535666525,24.968453653280605,-0.8391888843330118
3800.6667501049187,24.867750987160644,-0.8438599712482735
3803.650880223378,24.76648779061085,-0.8482141502208851
3806.6228587582514,24.664702092584342,-0.8520746721464039
3809.5826230093617,24.562453131926773,-0.8551062399325016
3812.530117385193,24.459840383134875,-0.8574977531846018
3815.465298231169,24.356940652752723,-0.859132206805727
3818.388131109499,24.253844787936035,-0.8602011824001332
3821.2985924840514,24.15062064604802,-0.8610248638952802
3824.196666961577,24.047297662380586,-0.8620821578955087
3827.082342681063,23.943847803433126,-0.8626203843231259
3829.955604417475,23.84033335731435,-0.8629595071063094
3832.816444420353,23.73677821646159,-0.8634294017645878
3835.664857806328,23.63316668824984,-0.8636756978992473
3838.5008378089183,23.52952560450193,-0.8632560832815201
3841.3243808814586,23.425934874508147,-0.8629668292196402
3844.1354930663997,23.32237885500179,-0.8630859581691386
3846.934178529,23.218808540021495,-0.8628840876668977
3849.7204355538024,23.11526244950147,-0.8626477060482074
3852.4942670477426,23.011744724775685,-0.8627497472831169
3855.2556764147157,22.90821475510171,-0.862757461429831
3858.004662185328,22.80468385973013,-0.8627556535059573
3860.7412242484957,22.701153181309415,-0.86319792200242
3863.465362630253,22.597569430669125,-0.8633716446281814
3866.177070961933,22.493964833313743,-0.8634268978809136
3868.876346741931,22.390353605568034,-0.8647770640020029
3871.563189174599,22.286580357887793,-0.8651933493228254
3874.2375788175455,22.182757155969053,-0.8663846984367796
3876.899509676262,22.07879099215664,-0.8675724515515246
3879.5489645953207,21.974682297970457,-0.8689393359615045
3882.185926471077,21.870409577655078,-0.8704270811255652
3884.8103756203955,21.76595832792001,-0.8721860598062436
3887.422290619746,21.66129600074326,-0.8768446661650244
3890.0216461398354,21.556074640803455,-0.8924086278774006
3892.608375096732,21.448985605458166,-0.9256219033871027
3895.1822533693867,21.337910977051713,-0.9819766625546353
3897.742802686633,21.220073777545156,-1.0663654403823317
3900.289211539938,21.092109924699276,-1.1825905740869924
3902.820264730902,20.950199055808838,-1.300751092323826
3905.334288617599,20.79410892472998,-1.386913822631623
3907.829581688567,20.627679266014184,-1.4438363139186423
3910.3049032004888,20.454418908343946,-1.4727822962400348
3912.75943346949,20.27768503279514,-1.4637783500617354
3915.1927556734254,20.10203163078773,-1.425558351110727
3917.60499946912,19.930964628654444,-1.3591660394834335
3919.996715224558,19.76786470391643,-1.2689381428958837
3922.368858989028,19.615592126768924,-1.160784481064636
3924.7227300442405,19.476297989041168,-1.036405043933351
3927.0598858029252,19.351929383769164,-0.8953539220119207
3929.3821173289775,19.244486913127734,-0.7413159389245181
3931.691455758553,19.15552900045679,-0.5744322150074617
3933.990119238608,19.086597134655896,-0.40605588251169267
3936.2805108947664,19.037870428754495,-0.2774384083679218
3938.565055346217,19.004577819750345,-0.2005915405901928
3940.8456046845868,18.980506834879524,-0.14266737729834023
3943.1232655047725,18.963386749603725,-0.09421305565414406
3945.398871914725,18.952081182925227,-0.05095131556144805
3947.673121656676,18.945967025057854,-0.01730042691721345
3949.946637699683,18.943890973827788,0.016165213059939676
3952.2199046165424,18.94583079939498,0.03754272103042511
3954.49340431247,18.95033592591863,0.059071813592297406
3956.76744462358,18.957424543549706,0.0758010172894481
3959.0423355688063,18.96652066562444,0.08380854762846313
3961.3183180486812,18.976577691339855,0.09030444608171129
3963.595507371642,18.98741422486966,0.09814890716686175
3965.873997078626,18.999192093729683,0.10201141787332202
3968.1539001298734,19.011433463874482,0.09410852391437086
3970.4352721455384,19.022726486744208,0.07864766059411332
3972.717999323948,19.0321642060155,0.057649596399902636
3975.0018590286695,19.03908215758349,0.03495911086146464
3977.2865488875796,19.043277250886867,0.011839971737886534
3979.571742157686,19.044698047495412,-0.011996699225650165
3981.8571059233855,19.043258443588336,-0.037850142870370806
3984.1422969366163,19.03871642644389,-0.060985982337578015
3986.4269429077895,19.03139810856338,-0.08144333722475583
3988.710710680817,19.02162490809641,-0.10193134392524184
3990.9933056697887,19.00939314682538,-0.11595385187683993
3993.2744328474078,18.99547868460016,-0.126874410784527
3995.5538902895596,18.98025375530602,-0.13522565021896737
3997.8315207401965,18.964026677279744,-0.13505721630012535
4000.1072039414703,18.94781981132373,-0.12811600903580206
4002.380942318829,18.932445890239432,-0.11723085365212815
4004.652835825658,18.918378187801178,-0.10394588169089211
4006.923041208194,18.905904681998273,-0.08826210184567831
4009.1917497700338,18.89531322977679,-0.07422097135146377
4011.459187357607,18.886406713214615,-0.05918053155464889
4013.725556163193,18.87930504942806,-0.043440402515342647
4015.991072769124,18.874092201126217,-0.032795326192205765
4018.255963833259,18.870156761983154,-0.02694628599170934
4020.5203826446973,18.866923207664147,-0.021532611806196367
4022.784413429617,18.864339294247404,-0.018797763792073208
4025.0481341449267,18.862083562592357,-0.020560296754265517
4027.311584172438,18.859616326981843,-0.026517963156596158
4029.574738131676,18.856434171403052,-0.03483661753659639
4031.8375102322443,18.85225377729866,-0.04647775014080824
4034.0997806855203,18.846676447281762,-0.05797597018286815
4036.361381859194,18.83971933085982,-0.07067533977248397
4038.622148178897,18.83123829008712,-0.08308022708465557
4040.8818967737075,18.821268662836964,-0.09385140306401896
4043.1404490132477,18.81000649446928,-0.10339759906700596
4045.397649792584,18.79759878258124,-0.1122734897459059
4047.653361646494,18.784125963811732,-0.11918016375801033
4049.9074567621515,18.76982434416077,-0.12222821835786002
4052.1598356834506,18.755156957957826,-0.123375107512399
4054.4104545184055,18.74035194505634,-0.12270326083807825
4056.6592967518122,18.72562755375577,-0.1211553087335131
4058.906372058263,18.711088916707748,-0.12011087649232577
4061.151702728268,18.69667561152867,-0.11866175161623538
4063.3953038016516,18.68243620133472,-0.11597443197372415
4065.6371961458117,18.668519269497875,-0.11297942139784745
4067.8774184581516,18.654961738930133,-0.10900471955103086
4070.1160138668233,18.64188117258401,-0.10277839508009012
4072.3530396075334,18.6295477651744,-0.09608166137244445
4074.5885853393543,18.618017965809706,-0.08946160054013463
4076.8227474952514,18.60728257374489,-0.0815367483496291
4079.0556214041007,18.597498163942934,-0.07289359713194332
4081.287321183774,18.588750932287102,-0.06385474382796197
4083.5179712956487,18.581088363027746,-0.05468252188632039
4085.747701899212,18.574526460401387,-0.04522277848424838
4087.9766450744605,18.56909972698328,-0.036697493798767966
4090.2049370416985,18.564696027727425,-0.028100502556974494
4092.4327005650257,18.561323967420588,-0.020182864351286467
4094.660059441116,18.558902023698433,-0.01397777122166799
4096.88712768396,18.557224691151834,-0.008653179141282386
4099.113994646898,18.55618630965488,-0.004047501062247716
4101.340737004057,18.55570060952741,-0.0008567169475929282
4103.5674210772,18.555597803493697,0.0008905582843007354
4105.7940928136195,18.555704670487813,0.0018540141400783527
4108.020777374078,18.555927152184623,0.0019417174079106037
4110.24748863234,18.55616015827357,0.0011374270568449418
4112.474227851332,18.55629664952039,0.00011374636360050872
4114.700983449275,18.55631029908402,-0.001233124399943053
4116.927740685164,18.556162324156027,-0.002398750214693157
4119.154480164063,18.555874474130263,-0.002986490830629074
4121.381185100959,18.555516095230587,-0.003555759712513984
4123.607847032386,18.555089404065086,-0.004035686254585724
4125.834457760874,18.554605121714534,-0.0036754176613602585
4128.06101037548,18.55416407159517,-0.0027175322286367987
4130.287510064071,18.553837967727734,-0.0017371359182329904
4132.513970620199,18.553629511417547,-0.00021431939551486145
4134.740406161569,18.553603793090087,0.0016637823737820634
4136.96683861674,18.55380344697494,0.003839479529485823
4139.193295030376,18.554264184518477,0.006463718777961369
4141.419806732519,18.555039830771832,0.009427228575592195
4143.646411512212,18.556171098200902,0.012443290809009078
4145.873152043996,18.557664293097982,0.015613487901059986
4148.100071759168,18.55953791164611,0.019069023933664053
4150.327216308566,18.56182619451815,0.02217185322640547
4152.554635451908,18.56448681690532,0.025195739021648067
4154.782373869937,18.567510305587916,0.02843376938688824
4157.010475106607,18.57092235791434,0.03160577598283587
4159.238985789557,18.574715051032282,0.034611482221782564
4161.4679515956805,18.578868428898897,0.037536070904476304
4163.697415807148,18.583372757407435,0.04032597742378785
4165.927420538037,18.58821187469829,0.04289201481584404
4168.1580059630005,18.59335891647619,0.04552333293228683
4170.389209032977,18.598821716428066,0.0478937098907366
4172.621067638948,18.604568961614955,0.049993034385901414
4174.853615914342,18.610568125741263,0.052022603339495044
4177.086884089431,18.616810838142,0.05380748459110851
4179.320901390008,18.623267736292934,0.05523322038662304
4181.555693518363,18.62989572273933,0.05647803501733395
4183.791281005092,18.63667308694141,0.0577012734757576
4186.027681775525,18.643597239758503,0.058729974908053206
4188.264913444295,18.650644836747468,0.059682590756136245
4190.502990824705,18.657806747638205,0.06068625879662615
4192.741927634422,18.665089098693798,0.06157896815717767
4194.981738326265,18.67247857487266,0.06261229345226837
4197.2224357552495,18.67999205008693,0.06369638437424463
4199.46403480126,18.68763561621184,0.06478433020092966
4201.706551075205,18.695409735835952,0.06596900980783649
4203.950000243506,18.70332601701289,0.06740467400188543
4206.194399365548,18.711414577893116,0.06892916146912409
4208.439769114895,18.71968607726941,0.07047639211078827
4210.686131444168,18.728143244322705,0.07220428187527861
4212.933508633486,18.736807758147737,0.07398498573904555
4215.181925564463,18.74568595643642,0.0757934544925547
4217.431407879236,18.754781170975527,0.07763773534867258
4219.681981619753,18.764097699217366,0.07941185715293075
4221.933673343659,18.77362712207572,0.0811002898075539
4224.186508598308,18.783359156852626,0.08277778848997208
4226.44051169713,18.793292491471423,0.08431601896566776
4228.695706796107,18.803410413747304,0.08565972030488744
4230.952116045756,18.81368958018389,0.08689803499737003
4233.209758795379,18.824117344383573,0.08807951250232415
4235.468652876704,18.83468688588385,0.08904373124215814
4237.72881530301,18.84537213363291,0.08983034205761964
4239.990259959046,18.856151774679823,0.09051873826875201
4242.252998172007,18.867014023272073,0.09096711368870958
4244.5170398548,18.87793007691472,0.09129847317320405
4246.782391464029,18.888885893695505,0.09151279814056079
4249.049057771273,18.899867429472373,0.09152014223697247
4251.31704186281,18.91084984654081,0.09144477403447904
4253.586343844395,18.921823219424947,0.09127288797987454
4255.856962630726,18.932775965982533,0.09086720181414787
4258.128895746644,18.94368003020023,0.09045755131873179
4260.402137350268,18.954534936358478,0.08990951684531279
4262.676681542632,18.965324078379915,0.08934572068827773
4264.952520432037,18.97604556486251,0.0887243757477374
4267.229645899821,18.986692489952237,0.08802845619408073
4269.508048998615,18.997255904695525,0.08732821202135632
4271.787719707178,19.007735290138086,0.08654089339832449
4274.068647941995,19.018120197345887,0.08579325281059869
4276.350822365676,19.028415387683157,0.08505112881090482
4278.634232212198,19.038621523140467,0.08431246175739848
4280.918866794975,19.048739018551355,0.08354599642816729
4283.204715477201,19.058764538122734,0.0829705638328535
4285.491767221775,19.068721005782677,0.08222873228999994
4287.780013742469,19.078588453657478,0.08157732946330731
4290.069444356908,19.088377733193074,0.08102218051049359
4292.360049684891,19.098100394854335,0.0804452590139284
4294.651821732274,19.107753825936005,0.07986385085729975
4296.944752191386,19.11733748803888,0.07933017738639614
4299.238832689951,19.12685710932525,0.07876197706535248
4301.53405554307,19.136308546573094,0.07822229564916294
4303.830412568659,19.145695222050993,0.07770766660060535
4306.127895995305,19.155020142043064,0.0771872660052737
4308.42649841235,19.164282613963696,0.07654453963140151
4310.726212326026,19.173467958719463,0.07598050483301222
4313.027028481072,19.182585619299424,0.07535591817173093
4315.328938755388,19.191628329480032,0.07470717396416071
4317.631934154925,19.200593190355733,0.07406036735423527
4319.936005337768,19.20948043443824,0.07340021670386565
4322.2411429899,19.218288460442704,0.07268223975464938
4324.547337605153,19.22701032921326,0.0720182179365727
4326.854578844659,19.23565251536565,0.07124144298216661
4329.162857146503,19.24420148852351,0.07045521850704928
4331.472161325125,19.252656114744358,0.06965513789806765
4333.782480058894,19.261014731292125,0.06891109882823976
4336.093801826649,19.269284063151513,0.06807957418736876
4338.406115914227,19.277453612053996,0.06727012782282804
4340.719410347673,19.285526027392734,0.06649566643173577
4343.03367347096,19.293505507364543,0.06569717014185317
4345.348894131844,19.301389167781565,0.06486614042751437
4347.665060831978,19.309173104632865,0.06403765556007857
4349.982161604534,19.316857623300073,0.06325106918689949
4352.300184519329,19.324447751602502,0.062425081468246546
4354.619118249521,19.33193876137869,0.061646411931571166
4356.938950900887,19.33933633081048,0.06083799772824916
4359.259671260585,19.34663689053787,0.06003288178871724
4361.581267687449,19.353840836352514,0.05923259119916535
4363.903728587811,19.360948747296415,0.058453761981776875
4366.2270424374865,19.36796319873423,0.05763701437742208
4368.551198021335,19.374879640459522,0.05685829455281333
4370.87618357819,19.38170263580586,0.056043615159341975
4373.201987894487,19.38842786962498,0.05523368742353707
4375.528599238842,19.395055912115804,0.05441480115934949
4377.856005948295,19.401585688254926,0.053611003928976775
4380.184196230885,19.408019008726402,0.05275148850961875
4382.5131585119325,19.414349187347558,0.0518873503740358
4384.842880414414,19.42057566939244,0.05102792031709402
4387.173349494741,19.426699019830494,0.050158783467381785
4389.504553377121,19.43271807384658,0.04925571186159372
4391.836479545982,19.43862875926997,0.048359366276899074
4394.169114997095,19.4444318832232,0.04743674626937544
4396.502446823081,19.450124292775524,0.04649909942568131
4398.836461738214,19.455704184706605,0.045547877255903035
4401.171146240379,19.461169929977313,0.044605897996721655
4403.506486631976,19.46652263773692,0.04366876017408394
4405.842469348505,19.47176288895781,0.042724739526778244
4408.17908089518,19.47688985770102,0.04176504052295238
4410.516307678105,19.481901662563775,0.04082301575200287
4412.854135877612,19.486800424454014,0.039901910352766023
4415.192551928546,19.491588653696347,0.03900776139481188
4417.53154256699,19.496269585063725,0.03811500844733873
4419.871094917197,19.500843386077406,0.037226702083489105
4422.211196123527,19.505310590327426,0.036388661925479404
4424.551833394366,19.509677229758484,0.035562985896328225
4426.892994661937,19.513944788066045,0.03475770005669698
4429.234668036505,19.51811571207285,0.03399536161205141
4431.576841921954,19.522195155466296,0.03325214858190684
4433.91950534061,19.526185413296126,0.03254304361964655
4436.262647590206,19.530090578530483,0.031861015456195574
4438.60625845963,19.533913900385226,0.03122164343488132
4440.950328127677,19.53766049759741,0.030592295112720436
4443.2948473873885,19.541331573010936,0.03000110614528495
4445.63980717615,19.544931705748372,0.029436045388909093
4447.985198980839,19.548464031195042,0.02886803339858579
4450.331014664583,19.551928195202873,0.02835484254966092
4452.677246048007,19.555330776308832,0.02785364388906464
4455.023885741164,19.55867321357552,0.027373492278652822
4457.3709265267935,19.56195803264896,0.026907118669916574
4459.718361490712,19.56518688688935,0.026463181626841248
4462.066183917138,19.568362468684573,0.026020724153163588
4464.41438741338,19.571484955582953,0.025574280667226112
4466.76296560805,19.57455386926302,0.025155298954179006
4469.1119120723615,19.57757250513752,0.024725674666545405
4471.461220772978,19.580539586097508,0.024307187896081217
4473.8108855233095,19.583456448645038,0.023877882744424817
4476.160900297147,19.586321794574367,0.02345754336508632
4478.5112589124965,19.589136699778177,0.023024671533188545
4480.86195531647,19.59189966036216,0.02258524521361016
4483.212983275714,19.594609889787794,0.022162434406685083
4485.564336462488,19.597269381916597,0.021710556625775812
4487.916008788318,19.59987464871169,0.021276242844103344
4490.2679937461635,19.602427797852982,0.02083709095214692
4492.620285081905,19.60492824876724,0.02039222517696615
4494.972876471757,19.607375315788477,0.019935455049158612
4497.325761509652,19.609767570394375,0.019480686716059736
4499.678933618099,19.6121052528003,0.019022793799610582
4502.032386248435,19.614387988056254,0.01855720409079975
4504.386112807001,19.61661485254715,0.018103022424790893
4506.740106589306,19.618787215238125,0.01764777546909979
4509.094361055135,19.620904948294417,0.017189896842878305
4511.44886964893,19.622967735915562,0.016723626639206568
4513.803625777239,19.62497457111227,0.016253643072263735
4516.158622725773,19.62692500828094,0.015791947089420777
4518.513853726767,19.628820041931668,0.015327465345705615
4520.869312131798,19.630659337773153,0.014862363223185682
4523.224991252331,19.632442821359934,0.014393407196162222
4525.580884390894,19.634170030223473,0.013928262150189052
4527.936984794521,19.635841421681494,0.01347633608499832
4530.293285765123,19.637458582011693,0.013005234625849571
4532.6497807949645,19.639019210166794,0.012539259362080557
4535.006463100184,19.640523921290242,0.012070471418126338
4537.363325970739,19.641972377860416,0.011591710959831136
4539.720362656083,19.643363383175597,0.011130275545292445
4542.0775662620645,19.64469901624103,0.010660746990549086
4544.434930144013,19.645978305879897,0.010172714820641637
4546.792447540719,19.647199031658374,0.009705933923233268
4549.150111424518,19.648363743729163,0.009220343097463779
4551.507915073766,19.64947018490086,0.008752217880445556
4553.865851495953,19.650520451046514,0.008273277220541164
4556.223913950079,19.65151324431298,0.00778754034585738
4558.5820955393965,19.652447749154483,0.0073120248229976426
4560.940389269295,19.65332519213324,0.006831135795491328
4563.298788292352,19.6541449284287,0.0063555593126767285
4565.657285683763,19.65490759554622,0.00589447588306502
4568.0158745952285,19.65561493265219,0.005405422520628811
4570.374548387147,19.656263583354665,0.004949396896248182
4572.733300017149,19.656857510982213,0.00448891577723165
4575.092122918467,19.65739618087548,0.004022548496541933
4577.451010460172,19.657878886695066,0.0035698786299374063
4579.809955926576,19.65830727213066,0.0031302422613066483
4582.168952799231,19.658682901202017,0.002686973636235379
4584.5279947473755,19.659005338038366,0.002256309627662212
4586.88707538794,19.659276095193686,0.0018247367804424819
4589.246188519363,19.659495063607338,0.0014167279106462871
4591.605327926996,19.659665070956617,0.001010294907478393
4593.964487735511,19.659786306345513,0.0006128501916173867
4596.323662092273,19.65985984836851,0.00022749630964646883
4598.6828452740765,19.659887147925666,-0.00016141697789873177
4601.042031731828,19.65986777788832,-0.0005236208446546264
4603.401215865174,19.65980494338696,-0.0008911509064919443
4605.76039245838,19.65969800527818,-0.0012344327423989832
4608.119556219013,19.659549873349093,-0.0015850818498837072
4610.478702203815,19.659359663527106,-0.0019258756847508884
4612.837825363438,19.659128558444934,-0.0022428455265353087
4615.196920790451,19.65885941698175,-0.0025493627622572568
4617.555983920489,19.658553493450277,-0.002872948980726431
4619.915010339703,19.65820873957259,-0.0031477749574917446
4622.273995388452,19.65783100657769,-0.0034411205538464884
4624.632935109242,19.65741807211123,-0.0037297782713068273
4626.991825277895,19.656970498718675,-0.003996920643576818
4629.350661737742,19.656490868241445,-0.004260771840827182
4631.709440641931,19.655979575620545,-0.004502949901383335
4634.068158191006,19.655439221632378,-0.004741030825959225
4636.426810897602,19.65487029793326,-0.004988279025655018
4638.785395333354,19.65427170445018,-0.005207586623366733
4641.143907937888,19.653646794055376,-0.005431761045035177
4643.502345553175,19.65299498272997,-0.005599490252599093
4645.860704951102,19.65232304389966,-0.005846802159253706
4648.21898371637,19.65162142764055,-0.006041493687130917
4650.577178287686,19.650896448398093,-0.006214655699931626
4652.935285861494,19.650150689714103,-0.0063706771848326404
4655.29330394426,19.649386208451922,-0.0065375715240731935
4657.651230289274,19.648601699869033,-0.006691670997079235
4660.009062493258,19.647798699349384,-0.006847536403740584
4662.36679833718,19.646976994980935,-0.0069727763096762985
4664.724435576577,19.646140261823774,-0.0071005380151478725
4667.081972407996,19.645288197261955,-0.007226108865986625
4669.439406991667,19.64442106419804,-0.007336168754263461
4671.796737519371,19.643540723947527,-0.007434546890650484
4674.153962406245,19.64264857832065,-0.007518170410598657
4676.511080235644,19.641746397871376,-0.007601911500012548
4678.868089803388,19.640834168491374,-0.007676958346287677
4681.224989903607,19.639912933489818,-0.007743980718240895
4683.581779455626,19.638983655803628,-0.007800475204281732
4685.938457494322,19.638047598779114,-0.007835689178289584
4688.295023206176,19.637107316077717,-0.007878143125127135
4690.6514760841055,19.636161938902703,-0.007934883782791946
4693.007815516774,19.635209752848766,-0.007949372977847702
4695.364040687115,19.634255828091426,-0.007969541072033959
4697.720151386487,19.633299483162784,-0.00798524988888083
4700.076147324467,19.63234125317612,-0.008005120062323456
4702.432028274848,19.63138063876864,-0.007992270525595035
4704.7877939515,19.630421566305568,-0.007972161358004382
4707.143444539457,19.62946490694261,-0.007969067172061362
4709.498980328291,19.628508618881963,-0.007970564183651163
4711.854401362556,19.627552151179923,-0.007928153305884589
4714.209707620697,19.626600772783217,-0.007918505252918706
4716.564899713431,19.625650552152866,-0.007888815265848503
4718.919977779689,19.624703894320962,-0.007844942989856385
4721.274942247008,19.62376250116218,-0.007809130812161058
4723.629793747147,19.62282540546472,-0.007759733770714039
4725.984532795803,19.621894237412235,-0.007695318968568898
4728.339160104292,19.620970799136007,-0.007638444967423386
4730.693676600188,19.620054185739917,-0.007577845549093798
4733.048083102477,19.619144844274025,-0.007503506057475295
4735.40238048379,19.61824442354713,-0.007453010872387367
4737.756569814615,19.61735006224244,-0.007382068990794188
4740.110651822085,19.616464213963546,-0.0073334312150987735
4742.464627527761,19.615584202217736,-0.007262574480384476
4744.818497632027,19.61471269328009,-0.007188127152372825
4747.172263155221,19.613850118021805,-0.007132882853744693
4749.525925169383,19.612994172079354,-0.007074879106819143
4751.879484470033,19.612145186586535,-0.00701610978116296
4754.232941892424,19.611303253412796,-0.006958507865723718
4756.586298282833,19.61046823246891,-0.006928622265646389
4758.9395544707295,19.609636797797034,-0.0068967861627440286
4761.292710886465,19.608809183457506,-0.006878037440109619
4763.64576798848,19.607983818964694,-0.006866473383178473
4765.998726046755,19.607159842158712,-0.006877732443320461
4768.351585227814,19.606334514265512,-0.006890066573023823
4770.704345369526,19.60550770627675,-0.006925074020637911
4773.057006294279,19.604676697394275,-0.006960366517956285
4775.409567497966,19.60384145341212,-0.007013710063482392
4777.762028472375,19.6029998082045,-0.007079669182038284
4780.1143884493595,19.602150247902657,-0.007156190655734029
4782.466646479108,19.60129150502397,-0.007251150532419537
4784.818801459711,19.600421366960077,-0.0073447945925528835
4787.170852023746,19.59953999160897,-0.007455425032451668
4789.522796822739,19.598645340605078,-0.007575580342830346
4791.874634263611,19.59773627096394,-0.0076967993756378306
4794.226362616127,19.59681265503886,-0.007818848673016632
4796.577980134732,19.5958743931981,-0.007952801081866134
4798.929485061915,19.594920057068276,-0.008085042243757279
4801.280875468764,19.593949851999025,-0.008224712320879402
4803.632149451004,19.592962886520517,-0.008357630550122508
4805.983304997387,19.591959970854504,-0.008496302646068266
4808.334340193889,19.590940414536977,-0.008634551964444626
4810.685253043634,19.589904268301243,-0.00876868416083676
4813.03604155583,19.58885202620194,-0.008902162337030894
4815.386703798974,19.587783766721497,-0.009030871549551733
4817.737237850981,19.586700062135552,-0.009158044830154033
4820.087641858437,19.585601096755934,-0.009278136032825124
4822.4379139900475,19.584487720431994,-0.009393223663249906
4824.788052516499,19.583360533592405,-0.009502249559955267
4827.1380557805305,19.582220263645212,-0.009607606093330556
4829.487922212168,19.58106735091401,-0.00970290022435405
4831.837650294277,19.57990300288709,-0.009796602686972022
4834.187238654624,19.578727410564653,-0.009879761543846843
4836.536685943892,19.577541839179393,-0.009961216796873451
4838.8859909645935,19.57634649316377,-0.01003547336772126
4841.235152543773,19.575142236359643,-0.010104292941452986
4843.584169612137,19.573929721206667,-0.01016489310047941
4845.933041178681,19.57270993403461,-0.0102187689019404
4848.281766370766,19.571483681766377,-0.010267855790528913
4850.630344412578,19.570251539071513,-0.010311053138403192
4852.978774597266,19.569014212694906,-0.01034712459281284
4855.32705630279,19.56777255774377,-0.010375412882505763
4857.675189009719,19.56652750819787,-0.01040848685228335
4860.023172310704,19.565278489775594,-0.010430578870456841
4862.371005729477,19.56402682031114,-0.010447979473420244
4864.7186889479135,19.562773062774326,-0.010459765137279309
4867.066221715447,19.56151789095785,-0.010460497812117442
4869.413603862362,19.560262631220397,-0.010467987031653081
4871.760835378109,19.5590064727766,-0.010463415098631579
4874.107916154842,19.557750862964763,-0.010443866724226147
4876.454846258398,19.556497598957858,-0.010429420766543185
4878.801625970273,19.555246068465873,-0.010395885985448494
4881.148255498489,19.55399856214762,-0.01036645028686145
4883.494735325947,19.552754588113196,-0.010325274181500976
4885.841065876521,19.551515555211417,-0.010271633949937353
4888.187247743146,19.550282959137423,-0.010218967378534227
4890.533281698243,19.549056683051997,-0.010152345585773492
4892.879168500209,19.547838401581703,-0.010083663309325974
4895.224909108399,19.546628361984585,-0.010005305743831627
4897.570504511837,19.545427725295326,-0.009913977156584153
4899.915955838872,19.544238048036537,-0.009823748888229566
4902.261264404637,19.54305919816995,-0.009724342141646414
4904.606431508417,19.54189227711295,-0.009623617011983665
4906.9514585816705,19.540737443071514,-0.009516965400581334
4909.296347074839,19.539595407223445,-0.009410150154644192
4911.641098523706,19.538466189204886,-0.00929675356150872
4913.985714466411,19.537350578777506,-0.009185602981788943
4916.330196535864,19.53624830641969,-0.009063464362321305
4918.674546332634,19.535160690696213,-0.008934079606677248
4921.018765615518,19.534088601143413,-0.00880965203316686
4923.362856247655,19.533031442899432,-0.008688675696756132
4925.706820020803,19.53198880181582,-0.00856379116160122
4928.050658677021,19.53096114687643,-0.00844045529023063
4930.394374014646,19.529948292241603,-0.008321777039359102
4932.737967809715,19.52894967899688,-0.008198241834776354
4935.0814417711945,19.52796588997671,-0.00807728876147662
4937.424797677992,19.52699661532533,-0.007952146158789919
4939.7680372718305,19.526042357786277,-0.00783131830150774
4942.111162354765,19.525102599590095,-0.007705729846850584
4944.4541746667155,19.524177912008472,-0.0075838949859239335
4946.797076016156,19.52326784461016,-0.007468906589668478
4949.139868157509,19.5223715758194,-0.0073466831776736186
4951.482552746607,19.52148997383808,-0.007229451572973833
4953.825131543468,19.520622439649323,-0.007121973854756991
4956.167606236226,19.519767802786752,-0.006989282078162962
4958.50997837256,19.518929088937373,-0.0068761205019818306
4960.852249863233,19.518103954477134,-0.006758959557147559
4963.19442233777,19.517292879330277,-0.006645194585671366
4965.53649748329,19.516495455979996,-0.006524100914398812
4967.878476938007,19.515712563870267,-0.006409311688409858
4970.2203624456715,19.514943446467658,-0.006299362097808903
4972.562155659248,19.51418752301592,-0.0061935935698311795
4974.90385816201,19.51344429178754,-0.006096652725758656
4977.245471477025,19.512712693460447,-0.005998799328406079
4979.5869970002395,19.511992837541037,-0.0059260797308469115
4981.928436140744,19.511281707973335,-0.0058384477813024915
4984.269789945702,19.51058109423958,-0.005757070495653327
4986.61105967701,19.509890245780102,-0.005673970867489775
4988.952246506504,19.509209369276004,-0.005612250225335291
4991.293351630817,19.508535899248965,-0.005538763301709437
4993.634375938726,19.50787124765276,-0.0054688687274584424
4995.975320488445,19.507214983405465,-0.005400842713366494
4998.316186286454,19.50656688227986,-0.005335812198075107
5000.656974312327,19.50592658481609,-0.005273774249840546
5002.997685502505,19.50529373190611,-0.005215684111975261
5005.338320750334,19.504667849812673,-0.005159734903104063
5007.678880892311,19.5040486816243,-0.005116590356920803
5010.019366734106,19.50343469078147,-0.005062410420046515
5012.359778897,19.502827201531066,-0.005015233809047004
5014.700118161184,19.50222537347398,-0.004963551618607731
5017.040385206001,19.501629747279747,-0.004924727182562538
5019.380580775674,19.50103878001784,-0.004878062545851769
5021.720705429277,19.50045341251234,-0.004831408772515644
5024.060759838778,19.499873643459637,-0.004784062189337579
5026.400744675993,19.499299555996917,-0.004736544871946524
5028.740660622713,19.498731170612285,-0.0046917042254461805
5031.080508363187,19.49816816610523,-0.004645355997320522
5033.42028854312,19.497610723385552,-0.004601701317243467
5035.760001829925,19.497058519227483,-0.004568344301122629
5038.099648852232,19.496510317911348,-0.004521975734020245
5040.439230090382,19.495967680823266,-0.004490001337586591
5042.7787462120805,19.495428880662757,-0.0044413012275676955
5045.11819767776,19.49489592451545,-0.004390179100173253
5047.457585188702,19.49436910302343,-0.004340629008791286
5049.796909481065,19.493848227542376,-0.004293945433770485
5052.13617126837,19.493332954090324,-0.004246012011122957
5054.475371222861,19.49282343264899,-0.004199101170359487
5056.814510034779,19.492319540508547,-0.004150835056021762
5059.1535883796405,19.491821440301823,-0.0041034994617401566
5061.492606952476,19.491329020366415,-0.0040581034124045345
5063.83156643492,19.490842047956924,-0.004006825761227795
5066.170467480675,19.490361228865577,-0.003962978742058532
5068.509310828139,19.48988567141653,-0.003912987675509072
5070.848097108709,19.48941611289547,-0.0038664098787934975
5073.1868270422565,19.488952143710016,-0.003819619988492118
5075.525501299501,19.488493789311395,-0.0037731169720007784
5077.864120554219,19.488041015274757,-0.0037238529784606733
5080.202685476052,19.487594152917342,-0.0036776338843269585
5082.541196774401,19.487152836851223,-0.0036300113630489683
5084.879655114823,19.486717235487657,-0.003584233050715202
5087.218061183082,19.48628712752157,-0.0035334532204887026
5089.556415638384,19.485863113135114,-0.003502728252386067
5091.89471921196,19.485442785744826,-0.0034683182466248574
5094.23297234625,19.485026587555232,-0.003417892619141938
5096.5711755367565,19.484616440440934,-0.0033641848878809277
5098.909329509609,19.48421273825439,-0.003328824360662619
5101.2474350382,19.48381327933111,-0.0032909545507102678
5103.58549263172,19.483418364785024,-0.0032402635163024662
5105.923502835494,19.483029533163066,-0.003189490246253701
5108.261466379474,19.482646794333515,-0.0031388297363572626
5110.599383994794,19.48227013476515,-0.003089620369144619
5112.937256410966,19.481899380320854,-0.0030521619393608646
5115.275084336605,19.48153312088813,-0.0030026908256153284
5117.612868311111,19.481172797989057,-0.0029513919682950807
5119.950609046869,19.48081863095286,-0.002912605680265745
5122.288307282583,19.48046911827123,-0.00286578208165178
5124.625963576776,19.480125224421432,-0.002830168736360772
5126.963578603706,19.479785604173067,-0.0027921071011567378
5129.301152876207,19.479450551320927,-0.0027395912503198616
5131.638686942366,19.479121800370887,-0.0027071848854092195
5133.976181558411,19.478796938184637,-0.00267074559411018
5136.313637190993,19.478476448713344,-0.002621286889522789
5138.651054364839,19.4781618942866,-0.0025842624340404186
5140.988433792154,19.477851782794517,-0.002549578596179103
5143.32577600609,19.477545833362974,-0.0025027083675475126
5145.6630815060935,19.47724550835887,-0.0024510262017134465
5148.000350967097,19.476951385214665,-0.002404298912217495
5150.337585133323,19.476662869345198,-0.0023724006892544836
5152.674784677644,19.476378181262486,-0.0023407509161108564
5155.0119500593955,19.476097291152552,-0.0023077310072903146
5157.349081734334,19.475820363431676,-0.0022782392808813334
5159.686180177945,19.47554697471797,-0.0022464929587981963
5162.023245814911,19.475277395562916,-0.0022426763029534946
5164.360279102379,19.475008274406562,-0.002348932556861527
5166.697280095307,19.47472640249974,-0.002406630414141908
5169.0342472636075,19.474437606850042,-0.002456590372331924
5171.37117977643,19.47414281600536,-0.002498374411956217
5173.70807691435,19.473843011075928,-0.0025318262135107794
5176.044938075679,19.473539191930307,-0.0025556776469177755
5178.38176277871,19.473232510612675,-0.0025724489562577446
5180.718550679984,19.472923816737925,-0.0025917847276852868
5183.055301537993,19.472612802570602,-0.0026235452571414797
5185.3920150743015,19.472297977139746,-0.0026240064197149415
5187.728690831558,19.47198309636938,-0.002628244257841139
5190.065328803123,19.47166770705844,-0.002615598511847228
5192.4019289279695,19.471353835237018,-0.0026074276174425925
5194.738491388198,19.471040943922926,-0.002606075565975363
5197.075016301469,19.470728214855008,-0.0025876672048741334
5199.411503687252,19.470417694790424,-0.0025674803883313224
5201.747953810626,19.470109597143825,-0.0025439782644509634
5204.084366962284,19.46980431975209,-0.0024993071925880628
5206.420743480654,19.46950440288898,-0.0024745249721531692
5208.757084009,19.46920745989232,-0.0024364633696816185
5211.093388904187,19.468915084287957,-0.00240138272963053
5213.429658714302,19.4686269183604,-0.002354080939751313
5215.765893944505,19.46834442864763,-0.00231426213619379
5218.102095275943,19.468066717191284,-0.002271287006353262
5220.438263282005,19.467794162750522,-0.0022217259352887986
5222.774398581535,19.467527555638288,-0.0021673569797537873
5225.110501888212,19.467267472800717,-0.002094341848817294
5227.4465739849475,19.46701615177886,-0.0020183144608472148
5229.782615923161,19.46677395404356,-0.0019507487311720695
5232.118628797646,19.46653986419582,-0.001895079192175686
5234.45461358135,19.46631245469276,-0.0018230418576132834
5236.790571075913,19.466093689669844,-0.0017731246265459966
5239.126502318673,19.46588091471466,-0.0017118119836965207
5241.462408028439,19.465675497276617,-0.0016620779053533319
5243.798289088112,19.465476047927975,-0.0015845621455410352
5246.1341462138635,19.46528590047051,-0.001536966424611208
5248.46998052192,19.465101464499554,-0.0014745319893378905
5250.80579269766,19.464924520660833,-0.0014188595107138546
5253.141583640139,19.464754257519548,-0.0013518875021074628
5255.477354151041,19.464592031019293,-0.0012914412261482155
5257.813105194764,19.464437058072157,-0.0012311756033787091
5260.148837641733,19.46428931699975,-0.0011795317362315316
5262.484552359772,19.464147773191403,-0.001130154233047076
5264.820250092555,19.464012154683438,-0.0010892043381787175
5267.155931551118,19.463881450162855,-0.001037528700270851
5269.491597325137,19.463756946718824,-0.0009759202147732182
5271.827248158744,19.46363983629305,-0.0009256575255456312
5274.162884939099,19.463528757389987,-0.0008821803633209946
5276.498508389986,19.46342289574639,-0.0008363587747957091
5278.834119137475,19.463322532693415,-0.0007894310625169432
5281.169717841398,19.463227800965914,-0.0007460111992996232
5283.505305177514,19.463138279621997,-0.0007053615390337775
5285.840881771069,19.463053636237312,-0.0006673840853754776
5288.176448207418,19.462973550147066,-0.0006319443948905601
5290.512005033435,19.46289771681968,-0.0006016679242253353
5292.847552759454,19.462825516668772,-0.0005704698433204314
5295.183091821454,19.462757060287572,-0.0005383800352496415
5297.518622668688,19.462692454683342,-0.0005116139484906412
5299.85414576325,19.462631061009525,-0.00048516510638974
5302.189661490571,19.462572841196756,-0.0004587743705055658
5304.5251702315145,19.462517788272297,-0.00043773473666375295
5306.860672366107,19.462465260103897,-0.0004129779435029235
5309.196168197319,19.462415702750675,-0.0003964292473197517
5311.531658081649,19.462368131240996,-0.00037520305027571865
5313.867142257398,19.462323106874962,-0.0003627520194395828
5316.202621030223,19.46227957663263,-0.0003467284022811157
5318.538094579419,19.462237969224354,-0.00033431737805322825
5320.873563135726,19.46219785113899,-0.00031989507450402854
5323.209026877863,19.462159463730046,-0.0003073346443343006
5325.54448601351,19.462122583572725,-0.0002916460027431178
5327.879940723539,19.462087586052395,-0.0002905568544928627
5330.215391233865,19.462052719229856,-0.0002727487542628637
5332.550837560173,19.462019989379346,-0.0002686337443562614
5334.886279958899,19.461987753330025,-0.00025884978247958657
5337.221718489298,19.46195669135613,-0.0002505480813486116
5339.55715329226,19.461926625586365,-0.00024226143428229818
5341.892584487331,19.46189755421425,-0.00023666079241690952
5344.228012193837,19.46186915491916,-0.00022758223809615785
5346.563436492427,19.46184184505059,-0.00022210296256197637
5348.898857513833,19.46181519269508,-0.00021071918028781056
5351.234275336957,19.461789906393445,-0.00020350571709881748
5353.569690125724,19.461765485707392,-0.00019421581305545388
5355.905101984009,19.461742179809825,-0.00018675653706878848
5358.240511045587,19.461719769025375,-0.0001813998077717649
5360.575917417869,19.461698001048443,-0.00017042221082430586
5362.911321177995,19.461677550383143,-0.0001615726302333087
5365.246722484041,19.461658161667515,-0.0001555276962119656
5367.582121463442,19.46163949834397,-0.00014474835793931717
5369.917518203243,19.461622128541016,-0.00013555138757137541
5372.252912858668,19.46160586237451,-0.0001283677196068922
5374.588305562153,19.461590458248157,-0.00011977680618091568
5376.923696417143,19.461576085031414,-0.00010959186633474616
5379.259085547347,19.461562934007453,-0.00010061424975971178
5381.594473099428,19.461550860297482,-8.944948476052872e-05
5383.9298592026635,19.46154012635931,-8.07740849073646e-05
5386.265244017826,19.46153043346912,-6.435174138452737e-05
5388.600627669843,19.461522711260155,-5.570990397663067e-05
5390.936010395194,19.461516026071678,-4.001921597218683e-05
5393.271392318323,19.46151122376576,-2.5565859377074673e-05
5395.606773665175,19.461508155862635,-1.7122813915193547e-05
5397.942154643878,19.461506101124964,5.493867005768038e-07
5400.277535376013,19.46150616705137,7.660232443917891e-06
5402.612916116059,19.461507086279262,1.8481946871151678e-05
5404.948296966412,19.461509304112887,2.6817005561063922e-05
5407.283678082906,19.461512522153555,4.087981392109086e-05
5409.619059585564,19.461517427731227,5.0906653937143886e-05
5411.954441676892,19.4615235365297,6.260829563720094e-05
5414.289824501276,19.461531049525178,7.14764305072002e-05
5416.6252082272185,19.461539626696837,8.445329046313788e-05
5418.960592982422,19.461549761091693,9.380078783038925e-05
5421.295978953753,19.46156101718623,0.00010240153841589716
5423.631366275815,19.46157330537084,0.00011847178424551075
5425.966755072459,19.46158752198495,0.00012635637884361728
5428.302145575097,19.46160268475041,0.0001361005184579156
5430.637537897267,19.461619016812627,0.00014902795030469207
5432.972932179285,19.461636900166663,0.00015791589843061615
5435.308328607305,19.461655850074475,0.000170091978673792
5437.643727309314,19.461676261111915,0.00018020630326587295
5439.979128460648,19.461697885868308,0.00018875136636831158
5442.314532206952,19.46172053603227,0.00019700729221261426
5444.649938671276,19.461744176907334,0.0002021251680659475
5446.985347972504,19.461768431927503,0.0002111398872592929
5449.320760184336,19.461793768713974,0.0
