position,velocity,acceleration
-443.0750789213415,19.444444444444443,-5.270894831710393e-16
-440.7417455880082,19.444444444444443,0.001107669562968608
-438.4084122546749,19.444577364792,0.002167525383120547
-436.07506297089986,19.444837467837974,0.0031802742670954997
-433.74168247475933,19.445219100750027,0.004146820569620341
-431.40825618266933,19.44571671921838,0.005068237568641048
-429.07477017636313,19.44632490772662,0.005945741110221561
-426.74121118743597,19.447038396659845,0.00678066540483982
-424.4075665798368,19.447852076508426,0.0075744408603106396
-422.0738243306558,19.448761009411662,0.00832857384017386
-419.7399730095264,19.449760438272484,0.009044628239938205
-417.40600175693373,19.450845793661276,0.009724208777317118
-415.0719002616944,19.452012698714555,0.010368945896139537
-412.7376587378487,19.453256972222093,0.010980482187292214
-410.403267901182,19.45457463008457,0.011560460233559226
-408.06871894557185,19.455961885312597,0.012110511788848045
-405.73400351933435,19.457415146727257,0.012632248205682668
-403.39911370172706,19.45893101651194,0.013127252028337182
-401.06404197974564,19.46050628675534,0.013597069672472865
-398.728781225335,19.462137935116036,0.014043205115176842
-396.39332467312107,19.463823119729856,0.01446711452295672
-394.0576658987535,19.46555917347261,0.014870201748173674
-391.7217987979368,19.46734359768239,0.015253814627572098
-389.3857175662149,19.469174055437698,0.015619242019828507
-387.0494166795624,19.471048364480076,0.015967711521830148
-384.71289087582477,19.472964489862697,0.016300387806442964
-382.3761351370413,19.47492053639947,0.016618371527494007
-380.03914467267333,19.476914740982767,0.016922698740219667
-377.7019149037554,19.478945464831593,0.01721434078855499
-375.3644414479756,19.48101118572622,0.017494204612959977
-373.02672010568847,19.483110490279778,0.017763133435214778
-370.6887468468549,19.485242066292003,0.01802190777915377
-368.35051779889983,19.4874046952255,0.01827124678871001
-366.01202923547277,19.489597244840144,0.018511809806951968
-363.67327756609194,19.49181866201698,0.018744198182161463
-361.3342593266499,19.494067965798838,0.0189689572691969
-358.994971170754,19.496344240671142,0.019186578596401337
-356.65540986187347,19.498646630102712,0.019397502170600947
-354.31557226626114,19.500974330363185,0.019602118894453558
-351.97545534661754,19.503326584630518,0.019800773072437137
-349.63505615646187,19.50570267739921,0.01999376498363441
-347.294371835174,19.508101929197245,0.02018135350103712
-344.95339960367033,19.51052369161737,0.020363758738972858
-342.61213676067626,19.512967342666045,0.02054116471160054
-340.27058067955636,19.515432282431437,0.020713721987215484
-337.9287288056646,19.517917929069903,0.020881550324197307
-335.5865786541762,19.520423715108805,0.02104474127619476
-333.24412780836315,19.52294908406195,0.021203360755010052
-330.90137391827574,19.52549348735255,0.021357451541282865
-328.5583146997934,19.528056381537503,0.021507035733799293
-326.21494793400893,19.530637225825558,0.07533894066728163
-323.8712714669099,19.53967789870563,0.04282102660700584
-321.5265101190652,19.54481642189847,0.02634557865147631
-319.1811321484374,19.547977891336647,0.012047414047650152
-316.83537480147703,19.549423581022364,0.00646223723604977
-314.4894439717543,19.55019904949069,0.0017666916117955519
-312.1434200858154,19.550411052484105,-0.0003357821893308216
-309.7973707595173,19.550370758621384,0.0028194751031208583
-307.4513262684828,19.550709095633756,0.003987786891158119
-305.10524117700675,19.551187630060696,0.005665781695921335
-302.75909866139943,19.551867523864207,0.006166862493849678
-300.41287455853575,19.55260754736347,0.007074001311414416
-298.06656165285216,19.55345642752084,0.007860360452649255
-295.7201468815497,19.554399670775158,0.008750440661284867
-293.3736189210567,19.55544972365451,0.008439934007163375
-291.02696495421816,19.556462515735372,0.00790298973955605
-288.6801894523299,19.557410874504118,0.007155047306996895
-286.3333001473894,19.558269480180957,0.005344315650078649
-283.9863078097677,19.558910798058967,0.008479004194562394
-281.6392385140006,19.559928278562314,0.01172486752630306
-279.29204712057316,19.56133526266547,0.016955667623408378
-276.9446868890533,19.563369942780277,0.020867769524606828
-274.59708249591966,19.56587407512323,0.023258036851308915
-272.2491776069049,19.568665039545387,0.02644165088113962
-269.90093780215943,19.571838037651123,0.030279315871133063
-267.5523172376413,19.57547155555566,0.03370205169619809
-265.20326065097464,19.579515801759204,0.03702835789767415
-262.8537187547635,19.583959204706925,0.04172160638137023
-260.5036436501987,19.58896579747269,0.04518408611346843
-258.15296775450196,19.594387887806306,0.04830744742813765
-255.8016412079652,19.60018478149768,0.05126427748556814
-253.44961903418547,19.60633649479595,0.055839379298903834
-251.09685865480995,19.61303722031182,0.0618265053658283
-248.74329418837254,19.62045640095572,0.06750329660576186
-246.38883942025785,19.628556796548413,0.06962097923717188
-244.03341260467204,19.636911314056874,0.07188499203267569
-241.6769832469852,19.645537513100795,0.07561143375035898
-239.31951874541312,19.654610885150838,0.08024606930416153
-236.960965439195,19.664240413467336,0.08468336097778219
-234.60125658957892,19.67440241678467,0.09010319319121562
-232.24032829956477,19.685214799967614,0.09456041178861997
-229.87810252356866,19.696562049382248,0.09487651863750524
-227.51451507764278,19.70794723161875,0.09162040710777059
-225.14956140984853,19.718941680471683,0.09018834011662628
-222.78328840819194,19.72976428128568,0.08353916763435565
-220.41571669443766,19.7397889814018,0.07610277983858817
-218.04694201666945,19.748921314982432,0.07029236187818833
-215.67707145887155,19.757356398407815,0.06596942927429861
-213.3061886910626,19.76527272992073,0.06688595174508723
-210.93435596347211,19.77329904413014,0.06708668921857613
-208.56156007817648,19.78134944683637,0.06680575444187127
-206.18779814455613,19.789366137369395,0.06768203403190037
-203.8130742080718,19.797487981453223,0.06877789168441892
-201.4373756502974,19.805741328455355,0.07014050962278545
-199.06068669088276,19.81415818961009,0.06876556158569166
-196.68298770812956,19.822410057000372,0.06582842283696984
-194.3042985012895,19.830309467740808,0.06206750288519219
-191.9246613651606,19.83775756808703,0.05807392160252819
-189.54413045699016,19.844726438679334,0.05427657125431493
-187.16276328434864,19.85123962722985,0.051436302149164656
-184.78061452908105,19.85741198348775,0.04848608919477717
-182.3977250910625,19.863230314191124,0.046154905928216965
-180.01413745335958,19.86876890290251,0.0429818077394389
-177.6298851850113,19.873926719831243,0.03950896451576791
-175.24501397863153,19.878667795573136,0.037031981710631434
-172.85957384316276,19.883111633378412,0.03320692416521625
-170.47360044715737,19.887096464278237,0.028818787580606273
-168.087148871444,19.89055471878791,0.02292785940318067
-165.70028230518943,19.89330606191629,0.016216713917837633
-163.31308557775947,19.895252067586433,0.010302932643079533
-160.9256553296491,19.8964884195036,0.005443707212163324
-158.53807671930866,19.897141664369062,0.001565104875674364
-156.15041971958436,19.897329476954145,-0.001325887161817543
-153.76274018234986,19.897170370494727,-0.0034721557535122
-151.3750797378905,19.896753711804305,-0.006027246977951029
-148.98746929247397,19.89603044216695,-0.008570329602586517
-146.59994563941393,19.89500200261464,-0.009737168995207029
-144.21254539910018,19.893833542335216,-0.010913767511233645
-141.82528537401996,19.892523890233868,-0.012513753963525468
-139.4381825071919,19.891022239758243,-0.013706326454127197
-137.05125983842092,19.889377480583747,-0.013948212932931933
-134.66453454075088,19.887703695031796,-0.013770590203078885
-132.27801009734705,19.886051224207428,-0.01388803135742878
-129.89168395044217,19.884384660444535,-0.014655890160003052
-127.50555779118882,19.882625953625336,-0.016220892997379454
-125.11964267675378,19.88067944646565,-0.01852865735802661
-122.73396114317791,19.878456007582685,-0.020275156488082566
-120.34854642226799,19.876022988804113,-0.02233736031663955
-117.9634236636115,19.873342505566118,-0.024244947508083967
-115.57862256294356,19.870433111865147,-0.02498794225544377
-113.19417058951974,19.867434558794493,-0.02546832530799743
-110.8100784424644,19.864378359757534,-0.024013599854601147
-108.4263530392935,19.86149672777498,-0.020865284898140837
-106.0429734319605,19.858992893587203,-0.01741439447849996
-103.65989428473004,19.856903166249783,-0.013947408080262803
-101.27706590478007,19.85522947728015,-0.011739020048127725
-98.89443836750645,19.853820794874377,-0.009811280831533336
-96.51197987212153,19.852643441174592,-0.007831201127742589
-94.12966265918058,19.851703697039262,-0.006185905108143773
-91.74745821553587,19.850961388426285,-0.004795814102040166
-89.36534284892471,19.85038589073404,-0.003707132530944678
-86.98329654203663,19.849941034830326,-0.0023426769957525526
-84.60130361785698,19.849659913590838,-0.0003668570467080259
-82.21934442822608,19.849615890745234,0.0019664690326811523
-79.83739052133666,19.849851867029155,0.0048539996417177374
-77.45540829729316,19.850434346986162,0.007768014754624107
-75.07335617565482,19.85136650875672,0.009974505384798544
-72.69119219460401,19.852563449402894,0.011860690720842374
-70.30888458067567,19.853986732289396,0.012941506657598818
-67.92640617280094,19.85553971308831,0.013692485269683086
-65.54374140723034,19.85718281132067,0.014304024637092594
-63.160879469871865,19.85889929427712,0.014302246205407902
-60.77781155455861,19.860615563821767,0.01443918647206929
-58.3945376869,19.862348266198417,0.015083893665117485
-56.01105589495619,19.86415833343823,0.016165943971855234
-53.6273568949436,19.866098246714852,0.017501687791607254
-51.24342510533782,19.868198449249846,0.018985483053925355
-48.859241291427836,19.870476707216316,0.020417348777931308
-46.474784086561876,19.872926789069666,0.02156081969705598
-44.09003287187352,19.875514087433313,0.02285652331951081
-41.704971181381524,19.878256870231656,0.024297697869773007
-39.31958035695372,19.88117259397603,0.02566408573717613
-36.9338396456766,19.88425228426449,0.026939757380738956
-34.54772937156486,19.88748505515018,0.0280633929939477
-32.16123116494684,19.890852662309452,0.029201389248352843
-29.774328845469707,19.894356829019255,0.030607709221194417
-27.387006025987397,19.898029754125798,0.03206138151242451
-24.9992424554923,19.90187711990729,0.03312153184627219
-22.611017201103426,19.905851703728842,0.03364204201674484
-20.222314996655964,19.90988874877085,0.034271286846518915
-17.833128346803463,19.914001303192432,0.03528392858459761
-15.443448190420371,19.918235374622583,0.03669349133712236
-13.053259945465662,19.922638593583038,0.038704968454340405
-10.662543314235698,19.92728318979756,0.04092824472424307
-8.27126933145999,19.93219457916447,0.04344773506015087
-5.879405981960254,19.937408307371687,0.04639078696791455
-3.4869169850756516,19.942975201807837,0.04941658691491898
-1.0937599608587112,19.94890519223763,0.05267643169515599
1.3001086622098041,19.955226364041046,0.055702604180095365
3.6947358258947296,19.961910676542658,0.05821530926096468
6.090165107079848,19.968896513653974,0.060523674969710485
8.486432688718324,19.97615935465034,0.06275947049322571
10.883571811276365,19.983690491109524,0.06521518887709675
13.281614670209507,19.991516313774774,0.06785881299883027
15.68059662786248,19.999659371334634,0.07062892062718863
18.080555752422637,20.008134841809895,0.07363975427267934
20.481531933439825,20.016971612322617,0.07679628951950232
22.883568526918538,20.026187167064958,0.08006351315552998
25.286710986966334,20.03579478864362,0.08321281569901581
27.69100636160357,20.045780326527503,0.08589132642136052
30.09650000078687,20.056087285698066,0.08816902350246181
32.50323047507064,20.066667568518362,0.08992193094547611
34.91123058329284,20.07745820023182,0.09124682591633283
37.32052556732066,20.088407819341782,0.0925214877076031
39.73113450564167,20.099510397866695,0.09360323217858275
42.14307575338567,20.110742785728124,0.09450869221654049
44.55636488767305,20.12208382879411,0.09534022374595069
46.97101494712834,20.133524655643626,0.09611787953586583
49.38703790580557,20.14505880118793,0.09693254094310964
51.80444496194812,20.156690706101102,0.0976607516129282
54.22324784668025,20.168409996294653,0.09809197197773808
56.64345704623561,20.18018103293198,0.0980268201268901
59.06507877018745,20.191944251347206,0.09755145533067724
61.48811208034911,20.203650425986886,0.09681111809783288
63.91255013146754,20.215267760158625,0.09582387693500376
66.33838226268658,20.226766625390827,0.09465322187250366
68.76559425773348,20.238125012015526,0.09323902588188002
71.19416925917534,20.24931369512135,0.09147177016464783
73.62408690258991,20.26029030754111,0.08944703644493712
76.05532173949484,20.2710239519145,0.08729412424068825
78.48784461372458,20.281499246823383,0.08504576034229601
80.92162452334338,20.29170473806446,0.08262461691222614
83.35662909191112,20.301619692093926,0.0800016228343952
85.79282345496239,20.311219886834053,0.07726600270085968
88.23016984138248,20.320491807158156,0.07455575870706423
90.66862885824146,20.329438498203004,0.07203583783083367
93.10816147802582,20.338082798742704,0.06961540186860034
95.54873141387495,20.346436646966936,0.06718578580719783
97.99030381151098,20.3544989412638,0.06476653694604115
100.43284368446264,20.362270925697324,0.06224403920510938
102.87631619554632,20.369740210401936,0.05967910775300763
105.32068502079456,20.376901703332297,0.05707999686497097
107.76591322519444,20.383751302956092,0.05432768321046124
110.21196338154917,20.390270624941348,0.05150113808632683
112.65879585654213,20.39645076151171,0.04866281061401483
115.10636994792353,20.402290298785392,0.045948938270542306
117.55464478377777,20.407804171377858,0.04350401783300582
120.00358128434311,20.41302465351782,0.04127190922334988
122.45314424276525,20.417977282624623,0.03779547210772039
124.9033015166802,20.42251273927755,0.03253167925179343
127.35400304539351,20.426416540787766,0.02601950515837154
129.80517303028805,20.42953888140677,0.019506847844490603
132.25671769605685,20.43187970314811,0.013889257476930587
134.70854326043462,20.433546414045342,0.008751691912711038
137.16056883012007,20.434596617074867,0.004053311315593387
139.61272042416905,20.43508301443274,-0.00033034042971374884
142.064930385901,20.435043373581173,-0.004361766857042077
144.51713559073073,20.43451996155833,-0.008255895885230027
146.96927798611773,20.433529254052104,-0.012164864663087076
149.42130149660397,20.432069470292532,-0.016008944563676433
151.87314983303907,20.43014839694489,-0.019889278768860808
154.32476764067246,20.427761683492626,-0.02390420339004895
156.77609904269158,20.42489317908582,-0.028163637396565983
159.22708622418187,20.421513542598234,-0.03277752894987465
161.67766784929367,20.41758023912425,-0.037891703078474226
164.1277774779886,20.41303323475483,-0.043349923408501544
166.57734146615917,20.40783124394581,-0.04890627550250571
169.02628121543268,20.40196249088551,-0.05435039906411578
171.47451671433893,20.395440442997817,-0.05968184889517045
173.92196956749868,20.388278621130397,-0.06518212994475926
176.36856300203434,20.380456765537026,-0.07103485165614414
178.81421781389878,20.37193258333829,-0.07725271107836833
181.25884972389937,20.362662258008886,-0.08371862291281315
183.70236919486044,20.352616023259348,-0.09033653594285661
186.14468311765157,20.341775638946206,-0.09700599724037438
188.58569619432512,20.330134919277363,-0.1037404834314517
191.0253123846384,20.31768606126559,-0.11069614104786109
193.46343471199026,20.304402524339846,-0.11799211910226426
195.89996301491104,20.290243470047574,-0.12550584219611624
198.33479223131675,20.275182768984042,-0.132975856252902
200.76781416359484,20.259225666233693,-0.14030912780233099
203.19892124354288,20.242388570897415,-0.14775084907627115
205.62800787205057,20.22465846900826,-0.15559744421898447
208.05496688833156,20.205986775701984,-0.16383123345520698
210.4796853014158,20.18632702768736,-0.17216965858049377
212.9020445447383,20.1656666686577,-0.18045946041550845
215.3219245449772,20.144011533407838,-0.18870152915697994
217.73920592898614,20.121367349909,-0.1970006459389075
220.15377001097522,20.09772727239633,-0.20557615060975257
222.56549728366278,20.07305813432316,-0.21459115176511195
224.97426425978156,20.047307196111344,-0.22399936293900008
227.37994112331492,20.020427272558663,-0.2337863658654678
229.78239239602195,19.992372908654808,-0.24406991618208143
232.1814771450605,19.963084518712957,-0.25486472760527895
234.57704728730607,19.932500751400323,-0.2659317102547747
236.9689473774741,19.900588946169748,-0.27682930315176985
239.35701805101448,19.867369429791534,-0.28737109989048093
241.74110238258947,19.832884897804675,-0.2976899178622677
244.12104857032602,19.797162107661205,-0.30786967377141994
246.49670802324536,19.760217746808635,-0.3179472785995533
248.8679341528624,19.72206407337669,-0.32755859871657267
251.23458184166762,19.6827570415307,-0.33666993070455625
253.5965126866513,19.642356649846153,-0.3455091573857998
255.95359548463284,19.60089555095986,-0.3543617437248528
258.305702950748,19.558372141712876,-0.36361542940344077
260.65270760775354,19.514738290184464,-0.37310662307545067
262.9944762025757,19.469965495415412,-0.38274240963832584
265.33087206202555,19.424036406258814,-0.3924475875032588
267.6617564307766,19.376942695758423,-0.4022037984569905
269.9869895542676,19.328678239943585,-0.4120341664553298
272.30643094306083,19.279234139968946,-0.4219059769182737
274.6199390398571,19.228605422738752,-0.4317278818464411
276.92737169058574,19.17679807691718,-0.44143632737707617
279.2285874598158,19.12382571763193,-0.45106444005863394
281.5234465459316,19.069697984824895,-0.4606909695132089
283.8118103041106,19.01441506848331,-0.470383802514759
286.09354011232864,18.95796901218154,-0.4800877820589253
288.36849639379045,18.900358478334468,-0.4897486390633352
290.6365394111906,18.84158864164687,-0.49928629289258336
292.89753004818823,18.781674286499758,-0.5086686704432509
295.1513309625682,18.720634046046566,-0.5179445053452987
297.3978070480938,18.65848070540513,-0.5271665008697255
299.6368247327424,18.595220725300763,-0.5363913984439791
301.86825121977853,18.530853757487485,-0.5455522439972196
304.091953670677,18.465387488207817,-0.5545630407117131
306.30780016926195,18.398839923322413,-0.5634438246086095
308.51566096006064,18.331226664369378,-0.5722625346143966
310.71540815978494,18.26255516021565,-0.5809834484647646
312.90691477901083,18.192837146399878,-0.5894433969705521
315.0900552365788,18.122103938763413,-0.5976718050548452
317.2647077092304,18.050383322156833,-0.6057150349829636
319.4307537078892,17.977697517958877,-0.6137124681375191
321.58807741004426,17.904052021782373,-0.621759354516625
323.73656365265816,17.829440899240378,-0.6297863876967842
325.876096560567,17.753866532716764,-0.6376728672593017
328.006560544493,17.677345788645646,-0.6453534572529172
330.1278420391305,17.599903373775295,-0.6528624166761902
332.2398304439835,17.521559883774152,-0.6602463556756574
334.34241763003644,17.442330321093074,-0.6674256037024632
336.4354972685676,17.362239248648777,-0.6742279386205002
338.51896597840545,17.28133189601432,-0.6805211245299883
340.59272580592716,17.19966936107072,-0.6862873018031306
342.65668612925566,17.11731488485434,-0.6916707283752196
344.7107639154382,17.034314397449315,-0.6967610315420624
346.7548816431321,16.95070307366427,-0.7015703359376432
348.7889660119718,16.866514633351752,-0.7061056097240752
350.81294776797404,16.781781960184862,-0.7103371308782412
352.82676160319625,16.696541504479473,-0.7143553176882635
354.8303465837338,16.610818866356883,-0.718190974105991
356.8236448476966,16.524635949464166,-0.7217759036460217
358.8066011616323,16.438022841026644,-0.7250159915156752
360.77916390255547,16.351020922044764,-0.7277800030662428
362.74128641320084,16.263687321676816,-0.7300306479444183
364.69292889180207,16.176083643923487,-0.7318645474167503
366.63405892907286,16.088259898233478,-0.733373232927278
368.5646501168609,16.000255110282204,-0.7345278192491707
370.48468073009474,15.912111771972304,-0.7352988233614414
372.3941341427314,15.823875913168932,-0.7356907228895111
374.2929992523117,15.73559302642219,-0.73575218347514
376.18127041548235,15.647302764405174,-0.7354972792579565
378.05894674721094,15.55904309089422,-0.734897942545206
379.92603191811827,15.470855337788795,-0.7338933077007984
381.7825345586529,15.3827881408647,-0.7324289550321196
383.62846913555666,15.294896666260845,-0.730517594856424
385.46385673550793,15.207234554878074,-0.7281883099800516
387.2887248820933,15.119851957680467,-0.7254788703318836
389.10310711701493,15.03279449324064,-0.7223983514695922
390.9070424562038,14.946106691064289,-0.7188946146960729
392.7005752591315,14.85983933730076,-0.7149345079881854
394.48375597960757,14.774047196342178,-0.710547031984992
396.2566416431686,14.688781552503979,-0.7057946295345402
398.0192954294691,14.604086196959834,-0.7006952362212254
399.7717857731043,14.520002768613287,-0.6952459465218961
401.5141861053379,14.436573255030659,-0.6894193258749587
403.2465748959416,14.353842935925664,-0.6832198504007515
404.9690360482527,14.271856553877575,-0.6767191578212658
406.681658834718,14.190650254939023,-0.6699563167489306
408.3845368653107,14.11025549692915,-0.6629001300716296
410.0777675249422,14.030707481320555,-0.6555009064039804
411.76145242270064,13.952047372552077,-0.6476911355331444
413.4356981074069,13.874324436288099,-0.6394610113530876
415.10061703976146,13.797589114925728,-0.630839085871091
416.75632773355255,13.721888424621197,-0.6218435706624719
418.4029543445071,13.6472671961417,-0.6124564399994178
420.04062640804415,13.573772423341769,-0.6026477340626272
421.66947909884516,13.501454695254253,-0.5924406148994427
423.28965366227567,13.43036182146632,-0.5819152425210725
424.90129708085163,13.360531992363791,-0.5711541151895065
426.5045609199353,13.29199349854105,-0.5601981383255107
428.0996001397602,13.224769721941989,-0.5490380197238375
429.68657250639325,13.158885159575128,-0.5376355269132662
431.26563872554226,13.094368896345536,-0.5260116849328126
432.8369629931037,13.031247494153599,-0.5141780655872162
434.4007126924022,12.969546126283133,-0.5021522960940598
435.95705822755616,12.909287850751845,-0.4899276588225537
437.50617276964635,12.850496531693139,-0.4774897865277519
439.0482323534495,12.793197757309809,-0.46487099350493516
440.5834160843267,12.737413238089216,-0.45213683963532664
442.1119056728974,12.683156817332977,-0.43934152768827206
443.6338844909774,12.630435834010385,-0.4265153575010449
445.1495367910586,12.57925399111026,-0.41365950400905793
446.65904726999185,12.529614850629173,-0.4007657367435406
448.1626010520674,12.481522962219948,-0.38785105889743965
449.6603838075338,12.434980835152256,-0.37494424920870545
451.1525815077521,12.38998752524721,-0.3619999663804943
452.63938001078174,12.346547529281551,-0.3489693052548969
454.1209657142955,12.304671212650964,-0.33588432004057694
455.5975262598136,12.264365094246095,-0.32278341214718576
457.0692500711231,12.225631084788432,-0.309713664606926
458.5363258012977,12.1884654450356,-0.2967304110828932
459.998941654702,12.152857795705653,-0.2838711178834999
461.45728459018665,12.118793261559633,-0.27114108982575447
462.9115397815738,12.086256330780543,-0.2585220577254717
464.3618905412675,12.055233683853487,-0.24602330862195923
465.8085185833299,12.025710886818851,-0.23366755368328568
467.25160388974814,11.997670780376858,-0.22149020095897606
468.69132438339335,11.97109195626178,-0.20950309966582176
470.12785541814475,11.945951584301882,-0.19768525432544473
471.561369608261,11.922229353782829,-0.18586122671979236
472.9920371307149,11.899926006576454,-0.17403339480576696
474.42002825150405,11.879041999199762,-0.1622567439564206
475.845513291408,11.859571189924992,-0.15058610598451921
477.268661834199,11.84150085720685,-0.13902752567304552
478.6896419370638,11.824817554126083,-0.12757135907370698
480.1086200435589,11.809508991037239,-0.11624244955209334
481.5257611224834,11.795559897090987,-0.10504096213581415
482.9412283101343,11.78295498163469,-0.09390580974756935
484.35518290793044,11.771686284464982,-0.08271053474987058
485.76778526206624,11.761761020294998,-0.07152381646193089
487.17919658450165,11.753178162319566,-0.06038706576063484
488.58957796398,11.74593171442829,-0.04935254170289317
489.99908976971136,11.740009409423942,-0.03844790473872024
491.40789089884225,11.735395660855296,-0.027699684548521057
492.8161383781449,11.732071698709474,-0.017114270750968365
494.22398698199004,11.730017986219357,-0.006665345292701883
495.63158914033636,11.729218144784232,0.0036258457962466115
497.03909531771046,11.729653246279781,0.01373503882141623
498.44665370726403,11.731301450938352,0.02363060742493174
499.8544098813766,11.734137123829344,0.03331235538540309
501.26250633623613,11.738134606475592,0.04297693849609703
502.6710824890132,11.743291839095123,0.05282916440969746
504.0802775097046,11.749631338824287,0.06271641173483268
505.49023327036355,11.757157308232467,0.0725512879885632
506.90109214735145,11.765863462791094,0.08227582200613993
508.3129957628864,11.775736561431831,0.09184907335166202
509.7260841502582,11.78675845023403,0.10124089588537916
511.1404951642863,11.798907357740276,0.11042566866287139
512.5563640472151,11.812158437979821,0.11942769062976104
513.9738230597727,11.826489760855393,0.1282464301567743
515.3930018310754,11.841879332474207,0.1370689863547105
516.8140273509723,11.858327610836772,0.1458781421972074
518.2370266642728,11.875832987900438,0.1546115669634675
519.6621266228208,11.894386375936055,0.16317990143988528
521.0894529879331,11.91396796410884,0.17152462054132786
522.5191291436262,11.9345509185738,0.17961097555037997
523.951275253855,11.956104235639845,0.18742537464665066
525.3860077621317,11.978595280597442,0.19496671388836978
526.8234391958034,12.001991286264047,0.20221625992217004
528.2636781501551,12.026257237454708,0.20917922061910046
529.7068290186496,12.051358743928999,0.21587556203779684
531.1529920679211,12.077263811373534,0.2223420425850049
532.602263725286,12.103944856483734,0.2286023739058922
534.054737108064,12.131377141352441,0.2347171518242795
535.5105023650264,12.159543199571354,0.2409480174786366
536.9696475489749,12.188456961668791,0.24717409199960394
538.4322623843751,12.218117852708744,0.25331078120451656
539.8984365267002,12.248515146453286,0.25925473700828355
541.3682583442745,12.27962571489428,0.2650227025753485
542.8418134300618,12.311428439203322,0.2706207792680678
544.3191848427663,12.34390293271549,0.27614597664475976
545.8004531946922,12.377040449912862,0.2816773471083642
547.2856980486818,12.410841731565865,0.2871080725830625
548.7749990564697,12.445294700275833,0.2948114388061903
550.2684344205028,12.480672072932576,0.3010997081616394
551.7661150692547,12.516804037911973,0.3066575701020798
553.2681315538042,12.553602946324222,0.3133599453916972
554.7745639073631,12.591206139771225,0.3185941435775875
556.2855086441357,12.629437437000536,0.3229998094616224
557.8010411365758,12.668197414135932,0.32630824106887085
559.3212248262721,12.707354403064196,0.32938341826964174
560.8461073546398,12.746880413256553,0.3321382666709118
562.3757330042306,12.786737005257063,0.33426697708712605
563.9101414448614,12.826849042507519,0.3363431873821325
565.4493633299624,12.867210224993375,0.3381705911282066
566.9934285569616,12.90779069592876,0.3398383309270872
568.5423634404731,12.948571295640011,0.3413999736842088
570.0961919959499,12.989539292482117,0.3426701866547789
571.6549367110478,13.030659714880692,0.3438107254230546
573.2186158768334,13.071917001931459,0.34478495319421426
574.7872459170652,13.113291196314764,0.34510060262104525
576.360840860623,13.154703268629289,0.3453200525958053
577.9394052528585,13.196141674940785,0.34535488887800897
579.5229422538514,13.237584261606147,0.3450128280787046
581.1114523652442,13.27898580097559,0.34464691609999565
582.7049306613612,13.32034343090759,0.34400689944070284
584.3033718730701,13.361624258840473,0.34316611939242
585.9067667841309,13.402804193167563,0.3422168311077788
587.515103287311,13.443870212900498,0.34100242492155985
589.1283677128591,13.484790503891086,0.3393115646386867
590.7465425733261,13.525507891647727,0.337476895533595
592.3696035203238,13.56600511911176,0.3355946688073647
593.9975241346173,13.606276479368644,0.33357673856252773
595.6302773121415,13.646305687996147,0.3315440580412126
597.267833994701,13.686090974961093,0.3294814032761702
598.9101649116964,13.725628743354234,0.3274933972490024
600.5572403608988,13.764927951024115,0.32559822395722143
602.2090317150218,13.803999737898982,0.3235263509366438
603.8655116835696,13.84282290001138,0.32132845047368586
605.5266504315709,13.88138231406822,0.3189288587658986
607.1924163092591,13.919653777120129,0.3163854390072863
608.8627747625135,13.957620029801003,0.31362440066618913
610.5376891660896,13.995254957880945,0.310479047946982
612.2171197610354,14.032512443634584,0.307365476709831
613.9010212542715,14.069396300839763,0.3042353840744777
615.5893488103723,14.1059045469287,0.300624006545128
617.2820573560037,14.141979427714116,0.29672849135961193
618.9790948873294,14.177586846677269,0.2913606779887307
620.6804053089307,14.212550128035916,0.28474653135732725
622.3859113242951,14.246719711798796,0.27798170038864545
624.095517689711,14.280077515845434,0.2719590508423932
625.8091269916124,14.312712601946522,0.2665114733298688
627.526652503846,14.344693978746106,0.2614223029438154
629.2480157812955,14.376064655099364,0.256350422680917
630.9731435399075,14.406826705821075,0.2516312363224228
632.701962744606,14.437022454179766,0.24693619588878912
634.4344054391076,14.466654797686422,0.24227514493822372
636.1704040148301,14.49572781507901,0.23644311296231532
637.9098913526395,14.524100988634487,0.23087162326927213
639.6527834712757,14.5518055834268,0.2254894778294786
641.3990001412869,14.578864320766337,0.22010842551942042
643.1484638597789,14.605277331828669,0.21459802381379453
644.9010971395983,14.631029094686324,0.20901090007384543
646.6568206309606,14.656110402695186,0.20328154651854963
648.4155538792841,14.680504188277412,0.1975209917877914
650.1772143818773,14.704206707291947,0.1919590197610946
651.9417191867524,14.727241789663278,0.18647896335249015
653.7089882015119,14.749619265265578,0.18103279652933504
655.4789425133438,14.771343200849097,0.17562240870684498
657.2515036974456,14.792417889893919,0.1700541246083766
659.0265938442329,14.812824384846925,0.16452003479060687
660.8041327704145,14.832566789021797,0.15907364220268486
662.5840407850972,14.851655626086119,0.1536815314601868
664.3662394602275,14.87009740986134,0.14834111611428036
666.1506511494108,14.887898343795055,0.1432095832134083
667.9371989506662,14.905083493780664,0.13797054945959641
669.72580896992,14.921639959715815,0.13264492026198185
671.5164057650859,14.937557350147253,0.12724544179794534
673.3089126471035,14.952826803163006,0.1217378924201241
675.103251863483,14.967435350253421,0.11621591276012351
676.8993441055135,14.981381259784635,0.11049833549994469
678.6971098566877,14.994641060044628,0.10452162993332044
680.4964667838931,15.007183655636627,0.09836361545576527
682.2973288225695,15.018987289491319,0.09237157160702729
684.0996072973085,15.030071878084163,0.08657313190964352
685.9032159226786,15.040460653913321,0.08075086156810117
687.7080712011482,15.050150757301493,0.07488901702327598
689.5140892920243,15.059137439344287,0.0690196222553706
691.3211857847457,15.067419794014931,0.06297642730277478
693.1292761600275,15.074976965291265,0.05699287026658733
694.9382733958624,15.081816109723256,0.0508687230976694
696.7480913290292,15.087920356494976,0.04459348525647909
698.5586417718085,15.093271574725753,0.03830229292088468
700.3698343607756,15.097867849876259,0.032096828836909196
702.1815785027608,15.101719469336688,0.026077072573516314
703.9937848390812,15.10484871804551,0.020335995953267145
705.8063666852466,15.107289037559902,0.014664828755182605
707.6192413697538,15.109048817010523,0.008944262279306328
709.4323272277951,15.11012212848404,0.0030918340987771404
711.2455418832131,15.110493148575893,-0.0025764593753575234
713.0588010610422,15.11018397345085,-0.00826711801219326
714.8720231378563,15.109191919289387,-0.0139203016783038
716.6851261681711,15.107521483087991,-0.01948178684397111
718.4980287461417,15.105183668666715,-0.024989260337867452
720.3106507863818,15.102184957426172,-0.03023138764763686
722.1229129812729,15.098557190908455,-0.03521172592517434
723.9347398441819,15.094331783797434,-0.040044530117596545
725.7460596582375,15.089526440183322,-0.04476351015777535
727.5568028310595,15.08415481896439,-0.049399571511545885
729.3669014093352,15.078226870383004,-0.053947902359104176
731.1762886337812,15.071753122099912,-0.05844724304539397
732.9848990084331,15.064739452934464,-0.06280217782300405
734.7926677427853,15.057203191595704,-0.06708846738458006
736.5995321257768,15.049152575509554,-0.07132006673902949
738.405430434838,15.04059416750087,-0.07545534216180962
740.2103017349381,15.031539526441453,-0.07949092283879007
742.014086478111,15.022000615700797,-0.08339678837248549
743.8167265519951,15.0119930010961,-0.08708931440364799
745.6181657121266,15.001542283367662,-0.09067246651621735
747.4183507861308,14.990661587385716,-0.09419558357565476
749.217230176617,14.979358117356638,-0.09764536449826458
751.0147531506998,14.967640673616845,-0.10110977933431073
752.8108700315338,14.955507500096727,-0.10451423438624828
754.6055309315454,14.942965791970378,-0.10781759619599654
756.3986868265819,14.930027680426859,-0.11099207332019724
758.1902901482331,14.916708631628435,-0.11408105642165349
759.9802951840285,14.903018904857836,-0.1170773625895184
761.7686574526114,14.888969621347094,-0.1199041288809455
763.555333807173,14.874581125881381,-0.12258199557308651
765.3402835422788,14.859871286412611,-0.12512427281722546
767.1234680966484,14.844856373674544,-0.12758604799195875
768.9048508614893,14.829546047915509,-0.13008549892107907
770.6843963872392,14.81393578804498,-0.1324946892014117
772.4620686818046,14.79803642534081,-0.1347779949470774
774.2378330528454,14.78186306594716,-0.13694051984387154
776.011656620759,14.765430203565895,-0.13894889643285246
777.7835082451869,14.748756335993953,-0.1408272186825252
779.5533590055062,14.73185706975205,-0.14255982716927915
781.3211818538764,14.714749890491735,-0.14407882292283705
783.0869518407354,14.697460431740994,-0.14539156557696434
784.8506470925444,14.68001344387176,-0.14652058427807485
786.612248705809,14.66243097375839,-0.14756686816701195
788.37174042266,14.644722949578348,-0.14849666911602638
790.1291071766094,14.626903349284426,-0.14930239041385482
791.8843355785235,14.608987062434764,-0.14994074892408496
793.6374140260157,14.590994172563875,-0.15032876048701738
795.3883333267233,14.572954721305432,-0.15049836038709624
797.13708789328,14.55489491805898,-0.1504717751807037
798.883675283447,14.536838305037296,-0.15022912259025176
800.6280958800515,14.518810810326466,-0.14980364777404503
802.3703531772907,14.50083437259358,-0.14917633073434686
804.1104533020019,14.482933212905458,-0.14839091235776566
805.8484052875506,14.465126303422526,-0.1474764121470472
807.5842204439613,14.44742913396488,-0.14649493306552316
809.3179119400371,14.429849741997018,-0.14546659648848037
811.0494939090768,14.4123937504184,-0.1443156446716265
812.7789811591269,14.395075873057804,-0.14301565146282524
814.5063902638939,14.377913994882265,-0.14152752967342558
816.2317399432798,14.360930691321453,-0.13987839956520814
817.9550516262383,14.344145283373628,-0.1381016382564956
819.6763490602431,14.327573086782849,-0.13615706658088855
821.395657830657,14.311234238793142,-0.1340573313083966
823.1130059393122,14.295147359036134,-0.13181976908458198
824.8284236223965,14.279328986745984,-0.12945258807632182
826.541943100806,14.263794676176826,-0.12701149808287587
828.2535984619471,14.24855329640688,-0.12448555399051477
829.963424857516,14.23361502992802,-0.12184797422478137
831.6714586611073,14.218993273021045,-0.1190714430786888
833.3777378538698,14.204704699851602,-0.1161496699940294
835.082302417852,14.190766739452318,-0.11311786735195514
836.7851944265863,14.177192595370084,-0.10997231146533824
838.4864575380307,14.163995917994242,-0.10671947853018486
840.18613704819,14.15118958057062,-0.10335070465342738
841.8842797978584,14.138787496012208,-0.09984431131534569
843.5809342973799,14.126806178654366,-0.09625765329418275
845.2761510388185,14.115255260259064,-0.09258526761338379
846.9699816700496,14.104145028145458,-0.0888200153462574
848.6624790734271,14.093486626303907,-0.08495409115490234
850.3536974685836,14.083292135365319,-0.0809491502549617
852.0436925248274,14.073578237334724,-0.0768152213547733
853.7325219133076,14.064360410772151,-0.07258553542284703
855.4202451626002,14.05565014652141,-0.06828273619307701
857.1069231801828,14.04745621817824,-0.06392368015962854
858.7926179263642,14.039785376559085,-0.05948740210956798
860.4773921715513,14.032646888305937,-0.05498479845098693
862.161309798148,14.026048712491818,-0.05042491252655753
863.844435643647,14.01999772298863,-0.045820833352368494
865.5268353704056,14.014499222986347,-0.04119670880435029
867.208575277164,14.009555617929825,-0.03651769787329408
868.8897219513156,14.00517349418503,-0.03176460743537063
870.5703427706178,14.001361741292785,-0.02693907478338433
872.2505061795729,13.99812905231878,-0.022044830288605446
873.9302816658511,13.995483672684147,-0.01712120443142778
875.6097397065732,13.993429128152375,-0.012175147859408715
877.2889512019515,13.991968110409246,-0.007209684536324718
878.9679873752006,13.991102948264887,-0.00222250156034915
880.6469197289923,13.990836248077645,0.0027839239962070225
882.3258200787616,13.99117031895719,0.007787618525570374
884.0047605170364,13.992104833180258,0.012799663172284545
885.6838130970181,13.993640792760933,0.01782395155270761
887.3630499921494,13.995779666947259,0.022877017012592347
889.042543552183,13.99852490898877,0.02794005916576168
890.7223665412616,14.001877716088662,0.03296189453055114
892.4025918671923,14.005833143432328,0.03797118788222739
894.0832918444042,14.010389685978195,0.04297343080030325
895.7645386067217,14.015546497674231,0.04797660442471883
897.4464041864426,14.021303690205198,0.05299965051647865
899.1289606292672,14.027663648267175,0.058034879364985394
900.8122802670592,14.034627833790974,0.06308426318289898
902.4964356071141,14.042197945372923,0.06814315350901486
904.1814993605589,14.050375123794005,0.0732222119733962
905.8675443754141,14.059161789230812,0.07834329620924908
907.5546437901219,14.068562984775921,0.08350418227398104
909.242871348295,14.0785834866488,0.08870096186000961
910.9323013666929,14.089227602072,0.09391200316891817
912.6230086789415,14.10049704245227,0.10173215116126247
914.3150683240357,14.112704900591622,0.11266057100433703
916.0085929121067,14.126224169112142,0.12079878861739055
917.7037398124002,14.140720023746228,0.1275731868915468
919.4006262152498,14.156028806173214,0.1333902698780095
921.0993496719906,14.172035638558576,0.14236651139491152
922.7999939486176,14.189119619925965,0.148956700010962
924.5026883030088,14.20699442392728,0.15419458800247837
926.2075276338801,14.225497774487579,0.15894212835043278
927.9145873668186,14.24457082988963,0.1634623782019241
929.6239358664054,14.26418631527386,0.1679705120573199
931.3356382242383,14.28434277672074,0.17194048419116953
933.0497593574448,14.30497563482368,0.17597497907109744
934.7663564336236,14.326092632312212,0.1799783933916845
936.485487549501,14.347690039519215,0.18398005612109816
938.2072103542433,14.369767646253747,0.18821644047306918
939.9315824717938,14.392353619110516,0.19266045174849117
941.6586649060871,14.415472873320335,0.19703992960654093
943.3885216508855,14.43911766487312,0.20084854964775958
945.1212157706703,14.46321949083085,0.20466584742436864
946.85680210957,14.487779392521775,0.20859226271932083
948.5953356366726,14.512810464048094,0.21306689462569411
950.3368728923584,14.538378491403178,0.21730530562950864
952.0814783113268,14.564455128078718,0.221444530625685
953.8292129266963,14.5910284717538,0.22532115988856766
955.5801363433068,14.618067010940429,0.22929183473515272
957.3343043846196,14.645582031108647,0.23322191763317734
959.0917742283526,14.673568661224628,0.23688693588245516
960.8526024676996,14.701995093530522,0.2407744113279449
962.6168418789233,14.730888022889875,0.24505558913737102
964.3845484416701,14.76029469358636,0.24950356030952434
966.1557838049005,14.790235120823503,0.2536551891706475
967.9306120193993,14.820673743523981,0.25790260308086044
969.7090928686222,14.851622055893685,0.26276586640346755
971.4912875153294,14.883153959862101,0.2682980765305915
973.2772659905129,14.915349729045772,0.2738494059227284
975.0671079579984,14.948211657756499,0.2790043411135752
976.8608933569292,14.981692178690128,0.2839053277542483
978.658696418372,15.015760818020638,0.28916142279046414
980.4605877165344,15.050460188755494,0.2944141589833961
982.2666429391851,15.085789887833501,0.29968288226810635
984.0769377257251,15.121751833705673,0.3050778561038594
985.8915479457697,15.158361176438136,0.31036649064292654
987.7105512869423,15.195605155315288,0.3153677664573328
989.5340239055802,15.233449287290169,0.320860403997226
991.362037820055,15.271952535769836,0.3264656329793147
993.1946721243473,15.311128411727355,0.33218078107075144
995.0320075337546,15.350990105455844,0.337114880321022
996.8741263464093,15.391443891094367,0.3419507971330229
998.7210996133406,15.43247798675033,0.34691900060334113
1000.5729969717506,15.47410826682273,0.3519175311632198
1002.4298899637694,15.516338370562316,0.3570931361616019
1004.2918505682369,15.559189546901708,0.3617798311119885
1006.1589533138651,15.602603126635147,0.3664078789428582
1008.0312656890613,15.64657207210829,0.37121921387029144
1009.9088543377144,15.691118377772725,0.3760519379543755
1011.7917885430471,15.73624461032725,0.38096603456606337
1013.6801378962864,15.781960534475177,0.3855657403161705
1015.5739731604234,15.828228423313117,0.39002618639377734
1017.473360571221,15.87503156568037,0.3943421612726486
1019.3783643591026,15.922352625033088,0.39863558218566975
1021.2890466741067,15.970188894895369,0.4028973951169593
1023.2054693414941,16.018536582309405,0.40720834082300217
1025.1276937313712,16.067401583208166,0.4114068575719405
1027.0557819213561,16.1167704061168,0.4155527967211246
1028.98979437009,16.166636741723334,0.4197400288121667
1030.929790779097,16.217005545180793,0.4240926626840116
1032.8758314445186,16.267896664702874,0.4285281363719931
1034.827979044283,16.319320041067513,0.4328316618669547
1036.7862974492111,16.371259840491547,0.4370886629807974
1038.75084863007,16.42371048004924,0.4411956732181917
1040.721693887676,16.476653960835424,0.44523979406167247
1042.6988923629763,16.530082736122825,0.44928002839699566
1044.682502291311,16.583996339530465,0.4533854087157569
1046.6725818520547,16.638402588576355,0.4575429312694747
1048.669190162684,16.69330774032869,0.4616062422167918
1050.6723870915234,16.748700489394707,0.4655070511844674
1052.6822311502508,16.804561335536842,0.4693359283003303
1054.6987785105152,16.86088164693288,0.47325849914128815
1056.7220843081473,16.917672666829837,0.4772150688497641
1058.7522050281668,16.974938475091808,0.4809171769793392
1060.7891976451779,17.03264853632933,0.4844382836130395
1062.8331154695375,17.090781130362895,0.48782939907777123
1064.884009205181,17.14932065825223,0.49120460753281114
1066.9419276841713,17.208265211156167,0.49462818717864526
1069.00691950951,17.267620593617604,0.4979756418189215
1071.079033980744,17.327377670635876,0.5011059741156674
1073.1583193012204,17.387510387529755,0.5041083762897941
1075.244820547724,17.44800339268453,0.5069637711657863
1077.338580954846,17.508839045224423,0.5098182588232042
1079.439641640273,17.570017236283206,0.5125123134885796
1081.5480437086271,17.631518713901837,0.5149594129531293
1083.6638259542954,17.693313843456213,0.5171878918627181
1085.7870236155102,17.75537639047974,0.5191723163220198
1087.9176687823679,17.817677068438382,0.5211877856780868
1090.0557900305805,17.88021960271975,0.5231437378194387
1092.201416382907,17.942996851258084,0.5249103751226292
1094.3545760050579,18.0059860962728,0.526522041459321
1096.5152943366106,18.069168741247918,0.5278769214687324
1098.6835945855603,18.132513971824167,0.5291882711156464
1100.8594962621792,18.196016564358043,0.5304013714850073
1103.0430182499022,18.259664728936244,0.5314392202605075
1105.2341780173745,18.323437435367506,0.5322991252784772
1107.4329905096185,18.38731333040092,0.5329413981189608
1109.6394681092665,18.451266298175195,0.5334269982729996
1111.8536200650476,18.515277537967954,0.533819535390842
1114.0754533696038,18.579335882214856,0.5341323923260635
1116.3049736754697,18.643431769293983,0.5343518170055658
1118.542185487785,18.707553987334652,0.5344102248962129
1120.787091966265,18.7716832143222,0.5342824409617202
1123.0396939519837,18.835797107237607,0.5340228182104557
1125.2999896048523,18.899879845422863,0.5336256440315894
1127.567975186303,18.963914922706653,0.5331262444612659
1129.843644977028,19.027890072042005,0.5324666929525519
1132.126991785673,19.09178607519631,0.5316086657557899
1134.4180061146965,19.155579115087004,0.5306003348898239
1136.7166756085069,19.219251155273785,0.529461244239652
1139.0229857471397,19.282786504582543,0.5282379407816636
1141.3369201276896,19.34617505747634,0.5269173213629065
1143.6584611345868,19.40940513603989,0.5254455268196446
1145.9875897509116,19.472458599258246,0.5237690750044395
1148.3242847828226,19.535310888258778,0.5218923680429298
1150.6685220894137,19.597937972423928,0.5198975453087941
1153.0202746461046,19.660325677860982,0.51776211513315
1155.3795137274478,19.72245713167696,0.5154789938973076
1157.746208583249,19.784314610944637,0.512982911710511
1160.1203263365624,19.8458725603499,0.5102556497408066
1162.5018310438043,19.907103238318797,0.5073905035162724
1164.8906834324025,19.96799009874075,0.5044190720298309
1167.2868422442514,20.02852038738433,0.5013079870190228
1169.6902646907374,20.08867734582661,0.49801722896272654
1172.1009059722367,20.14843941330214,0.4944825045162546
1174.518718701833,20.20777731384409,0.4907639876357489
1176.9436519794942,20.26666899236038,0.4868960495990261
1179.3756522585775,20.325096518312264,0.48288073481741434
1181.814663840775,20.383042206490355,0.4787247911687619
1184.2606289055539,20.440489181430607,0.4743459532266941
1186.7134876073255,20.49741069581781,0.46978863393476145
1189.1731768908237,20.55378533188998,0.4650999674300689
1191.6396311306505,20.60959732798159,0.4602802700640052
1194.1127828100084,20.66483096038927,0.4553791224700204
1196.592562525255,20.719476455085672,0.45029384011910767
1199.0788996998654,20.773511715899964,0.4450241858274962
1201.5717211057733,20.826914618199265,0.4396042892147217
1204.0709508599573,20.87966713290503,0.4340336921555094
1206.5765109159058,20.93175117596369,0.4283657653199998
1209.0883210570214,20.98315506780209,0.4225617011890336
1211.6062996651576,21.033862471944776,0.4166022012695608
1214.130363161791,21.083854736097123,0.41050532948537605
1216.6604257301226,21.13311537563537,0.40427712976455205
1219.196399575199,21.181628631207115,0.3979586175371622
1221.7381950109439,21.229383665311573,0.391545271991359
1224.2857210507811,21.276369097950536,0.38500539986066384
1226.8388853425351,21.322569745933816,0.3783292516421761
1229.3975937120472,21.367969256130877,0.37149601540471455
1231.9617500227828,21.412548777979442,0.364543169169922
1234.5312558761402,21.456293958279833,0.3575026620364079
1237.1060111511338,21.4991942777242,0.3503568505676732
1239.6859144644607,21.541237099792323,0.3431003658604703
1242.2708629164358,21.58240914369558,0.33571189801105966
1244.8607520136793,21.622694571456904,0.32820540877866583
1247.4554753622542,21.662079220510343,0.32061358734485573
1250.0549248687155,21.700552850991727,0.31293927655022474
1252.6589912108345,21.738105564177754,0.3051687484656277
1255.2675638785358,21.77472581399363,0.29726494545808263
1257.8805309762151,21.8103976074486,0.28923448234454535
1260.497778689109,21.845105745329946,0.28109099401450854
1263.1191913785487,21.878836664611686,0.27286806510317835
1265.744651778302,21.911580832424068,0.2645796077345977
1268.374041478193,21.94333038535222,0.256187906271689
1271.0072411244353,21.97407293410482,0.24768834476862103
1273.6441298765278,22.003795535477057,0.23908971205525528
1276.284585340785,22.032486300923686,0.23041551582966796
1278.928483696896,22.060136162823248,0.22169422904706257
1281.5757000364347,22.086739470308896,0.21289397500804327
1284.2261087728718,22.11228674730986,0.20399943119780478
1286.879583182549,22.136766679053597,0.19500998383743434
1289.5359951840353,22.160167877114088,0.18594106558728477
1292.1952153292889,22.18248080498456,0.17683993197892425
1294.857113025887,22.203701596822032,0.16769728586548424
1297.5215572175057,22.22382527112589,0.158503427773421
1300.1884162500407,22.2428456824587,0.14925754797710442
1302.8575577319357,22.26075658821595,0.13994565991083127
1305.5288485225217,22.27755006740525,0.13061680101795486
1308.2021545306104,22.293224083527406,0.12127316114078662
1310.8773414206337,22.3077768628643,0.11190194263428084
1313.5542746441774,22.321205095980414,0.1025064833823101
1316.2328192556952,22.33350587398629,0.09306167890875298
1318.9128399605736,22.34467327545534,0.08360153312705956
1321.5942007536282,22.354705459430587,0.07415011982109036
1324.27676540876,22.363603473809118,0.06470787717404891
1326.960397825617,22.371368419070002,0.05528200856261916
1329.6449620359056,22.378002260097517,0.04585021201351326
1332.3303223071173,22.38350428553914,0.03642131342844514
1335.016342821382,22.387874843150552,0.027014828026406534
1337.70288780256,22.39111662251372,0.017636682817463577
1340.3898217972617,22.393233024451817,0.008298102819338519
1343.077009760196,22.394228796790138,-0.0010194851033656959
1345.764317215811,22.394106458577735,-0.010322367261894373
1348.4516099908403,22.392867774506307,-0.019592272367898688
1351.1387541237812,22.390516701822158,-0.02881620372162582
1353.8256161279999,22.387058757375563,-0.03797330727325538
1356.512063178885,22.382501960502772,-0.047067680549769585
1359.1979634141453,22.376853838836798,-0.05611538513492526
1361.8831858748058,22.370119992620605,-0.06511367737683674
1364.5676002739203,22.362306351335384,-0.07405248173433214
1367.2510770360807,22.353420053527266,-0.08291113455655966
1369.933487442504,22.34347071738048,-0.0916876260424838
1372.6147039285897,22.33246820225538,-0.10038832643324436
1375.2946001128603,22.320421603083393,-0.10902127066340023
1377.9730507052302,22.307339050603783,-0.11758088465020614
1380.6499313913027,22.29322934444576,-0.1260395492792057
1383.3251189126363,22.278104598532256,-0.1343877978593869
1385.9984914644601,22.26197806278913,-0.1426225607984196
1388.6699288319949,22.24486335549332,-0.15075281430701737
1391.3393124346542,22.226773017776477,-0.15878840645415024
1394.0065251967874,22.20771840900198,-0.16670881957156072
1396.6714514058676,22.187713350653393,-0.17450228676073584
1399.333977007946,22.166773076242105,-0.18215991926284564
1401.993989777095,22.144913885930563,-0.1896836522891706
1404.6513794434068,22.122151847655864,-0.19708788747522132
1407.3060376651254,22.098501301158837,-0.2043571033983963
1409.9578578212645,22.07397844875103,-0.2114776784466519
1412.6067352351147,22.048601127337434,-0.21843728077626662
1415.2525673703951,22.02238865364428,-0.22522577931385743
1417.8952540088324,21.995361560126618,-0.23186319635383984
1420.5346973960475,21.967537976564156,-0.23834534306126426
1423.1708019532352,21.938936535396802,-0.24456262183342137
1425.8034743374828,21.909589020776792,-0.25062344606380843
1428.432625019976,21.879514207249134,-0.2564959470568385
1431.058166724846,21.848734693602314,-0.2622003726478339
1433.6800148880782,21.817270648884573,-0.26773472405007015
1436.2980873659444,21.785142481998566,-0.27309184939315134
1438.9123044637843,21.752371460071387,-0.27829511194230794
1441.522589038993,21.71897604663831,-0.2833088092365807
1444.1288661645895,21.68497898952992,-0.2881377595520596
1446.731063643333,21.650402458383674,-0.2927902671432429
1449.329111938339,21.615267626326485,-0.2972510931360087
1451.9229440534982,21.579597495150164,-0.30154041390656955
1454.5124957529163,21.543412645481375,-0.30563907147972635
1457.097705270374,21.506735956903807,-0.30954196652070787
1459.6785135852024,21.469590920921323,-0.31325007323226983
1462.254864495713,21.43200091213345,-0.31675589906798685
1464.826704605169,21.39399020424529,-0.3200590968320558
1467.3939834296784,21.355583112625446,-0.32317028922708935
1469.9566534031935,21.316802677918194,-0.32606644009225166
1472.5146697245436,21.277674705107124,-0.3287467002495123
1475.0679906891564,21.238225101077184,-0.3312094642843082
1477.6165777012857,21.198479965363067,-0.3334615120685882
1480.1603952971293,21.158464583914835,-0.3355009799070076
1482.6994110471992,21.118204466325995,-0.3373232642313671
1485.2335955831584,21.077725674618232,-0.3389185559013994
1487.7629226641125,21.037055447910063,-0.3401551436088072
1490.2873693178617,20.996236830677006,-0.3407967121553091
1492.806917737543,20.95534122521837,-0.3410639990383661
1495.3215586845693,20.914413545333765,-0.3410651565318437
1497.8312883100093,20.873485726549944,-0.3408647960477987
1500.3361065971953,20.83258195102421,-0.3404681255298088
1502.8360164313183,20.791725775960632,-0.3399006496379116
1505.3310235244335,20.750937698004083,-0.3391439524091781
1507.821136048194,20.710240423714982,-0.33814288260323194
1510.3063648990396,20.669663277802595,-0.3369477529119088
1512.786724492376,20.629229547453168,-0.3355740023512918
1515.2622320380704,20.588960667171012,-0.3340336987228022
1517.7329073181309,20.548876623324276,-0.33233071790617996
1520.1987725129297,20.508996937175535,-0.33048601020517604
1522.6598521453907,20.469338615950914,-0.3285063219806282
1525.1161727793049,20.42991785731324,-0.32636620028599406
1527.5677629221825,20.39075391327892,-0.3240507812161839
1530.014653391776,20.35186781953298,-0.32156689592587206
1532.45687753012,20.313279792021877,-0.31894495715069976
1534.8944711051627,20.275006397163793,-0.31621115640301917
1537.3274718728223,20.23706105839543,-0.3133491487699351
1539.7559191998298,20.199459160543036,-0.31033365697005816
1542.179854299095,20.162219121706627,-0.3071564494277147
1544.5993205936998,20.125360347775302,-0.30381821646798307
1547.0143638354327,20.088902161799144,-0.30035593232872887
1549.4250320948486,20.052859449919698,-0.2967715817534856
1551.8313752288389,20.017246860109278,-0.2930854970847709
1554.233444852052,19.982076600459106,-0.2893201104039824
1556.6312940441069,19.94735818721063,-0.2854315753556214
1559.024977026572,19.913106398167955,-0.28140407621745417
1561.4145497943523,19.87933790902186,-0.27722795674051337
1563.800070343435,19.846070554213,-0.2729168270939837
1566.1815988099406,19.813320534961722,-0.26848452518320964
1568.559197274136,19.781102391939736,-0.2639106932262812
1570.9329295611687,19.749433108752584,-0.2591672045565455
1573.3028615342191,19.7183330442058,-0.2542605728839199
1575.6690614995239,19.687821775459728,-0.24921048282810043
1578.031600112579,19.657916517520356,-0.24405233726706935
1580.3905500946814,19.628630237048306,-0.23879596119766164
1582.7459857231272,19.599974721704587,-0.23338038608430853
1585.0979826897317,19.57196907537447,-0.2272190963893949
1587.4466189787765,19.54470278380774,-0.22060544108011468
1589.7919833128335,19.518230130878127,-0.213690445905501
1592.1341709285389,19.492587277369466,-0.20661795506875175
1594.4732814018232,19.467793122761215,-0.19940615494900807
1596.8094165765547,19.443864384167334,-0.19210621059243685
1599.1426803026548,19.420811638896243,-0.1848579508353294
1601.4731776993224,19.398628684796005,-0.17766117477951793
1603.8010131414978,19.377309343822464,-0.17055534608350126
1606.1262902627566,19.356842702292443,-0.16353873059917573
1608.4491113870317,19.337218054620543,-0.15659483268670216
1610.7695775535863,19.318426674698138,-0.14974509454653917
1613.08778875455,19.300457263352552,-0.14299657792949
1615.4038436261524,19.283297674001012,-0.13635947313732166
1617.7178393470324,19.266934537224532,-0.12979922978140407
1620.0298714914993,19.251358629650763,-0.12329843824130574
1622.3400345270575,19.236562817061806,-0.11683837208112138
1624.6484220651048,19.222542212412073,-0.11053323675096115
1626.9551271305943,19.209278224001956,-0.10440805316629792
1629.2602405174746,19.196749257622,-0.09848150967101947
1631.5638504283893,19.184931476461475,-0.09272177290874521
1633.8660422055646,19.173804863712427,-0.08708406473914786
1636.16689878921,19.163354775943727,-0.08156581329065388
1638.4665013623232,19.153566878348848,-0.07618444222730436
1640.764929387725,19.144424745281572,-0.07095562994506004
1643.0622603571587,19.135910069688165,-0.0658981236515875
1645.3585695655213,19.128002294849974,-0.061044410945900164
1647.6539298409034,19.120676965536465,-0.056361621908385624
1649.9484110767678,19.113913570907457,-0.05181063601037196
1652.2420807052767,19.107696294586212,-0.04738650714744387
1654.5350042606271,19.10200991372852,-0.04311339568508105
1656.8272454502746,19.09683630624631,-0.03900246663568002
1659.1188658070241,19.09215601025003,-0.0350127182844429
1661.4099245282541,19.087954484055896,-0.03105938670356019
1663.700479066341,19.084227357651468,-0.02712158920095815
1665.990586349259,19.080972766947355,-0.023217116109268784
1668.2803030812927,19.078186713014244,-0.019392376421302593
1670.5696854868545,19.075859627843688,-0.01565187321405201
1672.8587886421958,19.073981403058003,-0.012003277846239255
1675.1476664105628,19.072541009716453,-0.008434131320283944
1677.4363713317289,19.07152891395802,-0.0049186203831178684
1679.7249548014038,19.070938679512047,-0.001428732493373379
1682.0134674429453,19.07076723161284,0.001989398126222307
1684.301959510739,19.07100595938799,0.005426844306383279
1686.5904802258656,19.071657180704754,0.008902503434443381
1688.87907908755,19.072725481116887,0.012384760877680378
1691.167806145284,19.074211652422207,0.01584854586057091
1693.4567115435746,19.076113477925475,0.01921376021756425
1695.7458451609257,19.078419129151584,0.02249039799748709
1698.0352554564238,19.081117976911283,0.02569056185199011
1700.324989613653,19.084200844333523,0.028799886081125846
1702.615093714973,19.08765683066326,0.031808237905310774
1704.9056125346526,19.0914738192119,0.03467947563912119
1707.196589392958,19.095635356288593,0.03744789125980507
1709.4880656357127,19.10012910323977,0.04013337760118258
1711.7800811281015,19.104945108551913,0.042751637801733786
1714.0726745411278,19.11007530508812,0.04529737256188145
1716.3658835777383,19.115510989795546,0.0477447342830859
1718.6597448965138,19.121240357909517,0.050067693901207924
1720.9542937394629,19.127248481177663,0.0522718264017608
1723.2495635572043,19.133521100345874,0.05435098292836032
1725.5455860892457,19.140043218297276,0.05631157006722048
1727.8423912754413,19.14680060670534,0.05815390223928333
1730.140007348246,19.153779074974054,0.05986248851047313
1732.438460837243,19.16096257359531,0.06147075601465258
1734.7377763460743,19.168339064317067,0.06298646765951264
1737.0379770337922,19.17589744043621,0.06441917016805267
1739.3390847266446,19.183627740856377,0.06577497239348488
1741.6411200555474,19.191520737543595,0.06705079845397649
1743.9441025440526,19.199566833358073,0.0683009629881259
1746.2480505640556,19.20776294891665,0.06958785912747563
1748.5529821179255,19.216113492011946,0.07085259832749316
1750.858915736967,19.224615803811243,0.07207504693080745
1753.1658696334243,19.23326480944294,0.07325360728866555
1755.4738614105574,19.24205524231758,0.07439023421748657
1757.7829080396355,19.250982070423678,0.07546069161600234
1760.0930258880862,19.260037353417598,0.07646810336660877
1762.4042303704964,19.26921352582159,0.07744350872013896
1764.716535993595,19.278506746868008,0.0784020562089969
1767.0299568032192,19.287914993613086,0.07932929124819933
1769.3445066024528,19.29743450856287,0.08020723867441862
1771.6601987434804,19.3070593772038,0.08102354506547958
1773.9770458687449,19.316782202611655,0.08178803606749303
1776.2950597330582,19.326596766939755,0.08252611707471351
1778.614251345091,19.33649990098872,0.0832644626355968
1780.9346313332096,19.346491636504993,0.08400913613112983
1783.2562103295902,19.35657273284073,0.08474096774478052
1785.578999057531,19.366741648970102,0.08545105388573898
1787.9030080554076,19.37699577543639,0.08614223226677652
1790.2282475484599,19.387332843308403,0.08682862789947607
1792.554727489657,19.39775227865634,0.08749725164255406
1794.8824577630958,19.408251948853447,0.08812834176825203
1797.2114479969582,19.418827349865637,0.08872197470388223
1799.541707278942,19.429473986830104,0.08928590267012512
1801.8732441573618,19.44018829515052,0.08983565462497158
1804.2060667527799,19.450968573705516,0.09035884268464474
1806.5401829816244,19.461811634827672,0.09084138889069068
1808.8756003778037,19.472712601494553,0.09129633653323273
1811.212325889983,19.48366816187854,0.09173655675779605
1813.5503660694085,19.494676548689476,0.09216885954314881
1815.8897272552513,19.505736811834655,0.09258003408486033
1818.2304156726714,19.51684641592484,0.09295333391980001
1820.5724372425823,19.528000815995213,0.09328469404825533
1822.9157973405017,19.539194979281003,0.09357842091719909
1825.2605007380155,19.55042438979107,0.09383883308082375
1827.6065516647905,19.56168504976077,0.09407012358061716
1829.9539538707618,19.572973464590444,0.09426639322162712
1832.3027106865127,19.58428543177704,0.0944312922231473
1834.652824938326,19.595617186843818,0.09456404780850532
1837.004299000747,19.60696487258084,0.09467605677407231
1839.3571347854568,19.61832599939373,0.09478709639546676
1841.711333905384,19.629700450961185,0.09489991108806738
1844.0668979594993,19.641088440291753,0.09501223158585882
1846.4238285723343,19.652489908082057,0.09513226406564072
1848.7821273613042,19.663905779769934,0.09525539206604533
1851.1417960548765,19.67533642681786,0.09537448010180961
1853.5028364260947,19.68678136443008,0.09549010887244534
1855.8652501898264,19.69824017749477,0.09560632592060475
1858.2290390111257,19.709712936605243,0.0957319460241643
1860.5942045635184,19.721200770128142,0.09586779625528769
1862.9607486559337,19.732704905678776,0.09601105069614989
1865.3286732446152,19.744226231762315,0.09616347658062374
1867.6979803924266,19.75576584895199,0.09633203804221424
1870.068672294301,19.76732569351706,0.09652130074977491
1872.440751377523,19.77890824960703,0.09672800034612274
1874.8142203674759,19.790515609648565,0.09695168363389019
1877.1890822406338,19.802149811684632,0.09719779601399534
1879.565340218036,19.813813547206312,0.0974778369968626
1881.9429978437008,19.825510887645937,0.09779982004180772
1884.3220591502184,19.837246866050954,0.0981614274711353
1886.7025287741444,19.84902623734749,0.09856231538842428
1889.084411922626,19.860853715194104,0.09900264184603393
1891.4677143684494,19.87273403221563,0.09948861642446455
1893.8524424523152,19.884672666186564,0.10002377130498355
1896.2386031722576,19.896675518743162,0.10060381009002685
1898.6262042345068,19.908747975953965,0.10122318246520416
1901.0152539916212,19.92089475784979,0.10187342683619388
1903.4057613625632,19.933119569070133,0.10256026208505087
1905.7977357108516,19.945426800520337,0.10329433981902571
1908.191186926914,19.95782212129862,0.10413323497153314
1910.5861255814698,19.970318109495203,0.10512860840107983
1912.9825637546091,19.982933542503332,0.10627215627560666
1915.3805157797096,19.995686201256405,0.10754836820819168
1917.7799981238604,20.008592005441386,0.1089394849342251
1920.1810291645133,20.021664743633494,0.11042211040899805
1922.5836289337494,20.034915396882575,0.11196813938447268
1924.9878187813754,20.048351573608713,0.11355876649122354
1927.3936209702085,20.06197862558766,0.11518963071582448
1929.801058405279,20.075801381273557,0.1168628449337836
1932.2101545710318,20.08982492266561,0.11854211322066928
1934.6209335617516,20.10404997625209,0.1202080537063955
1937.0334195589019,20.118474942696857,0.1218561788568027
1939.4476365520254,20.133097684159672,0.12348755371028786
1941.8636082741245,20.147916190604906,0.12511211585446022
1944.2813582169972,20.162929644507443,0.12674129576060972
1946.700909774338,20.178138599998718,0.12839172576922006
1949.122286406338,20.193545607091025,0.13010211664704652
1951.5455118791888,20.20915786108867,0.13184267132244987
1953.9706108225193,20.224978981647364,0.13360170865948506
1956.397608300317,20.241011186686503,0.13537397536834975
1958.8265296427194,20.257256063730704,0.13716871818156998
1961.2574003703671,20.273716309912494,0.13899737035338197
1963.6902463275567,20.2903959943549,0.14085867538178
1966.1250938468793,20.307299035400714,0.1427485439633944
1968.5619697311274,20.32442886067632,0.14465985589756425
1971.0009011944085,20.341788043384028,0.1465798034414378
1973.4419157596146,20.359377619797,0.14851488826899223
1975.8850410739904,20.37719940638928,0.15047642301004813
1978.330305002757,20.395256577150487,0.15247915456770963
1980.7777357920152,20.413554075698613,0.15453006548562706
1983.227362281099,20.43209768355689,0.15663467149995783
1985.6792140031257,20.450893844136885,0.15879730561997854
1988.1333212644222,20.469949520811284,0.1610360994717527
1990.5897152069194,20.489273852747893,0.16335506591096088
1993.0484280692492,20.50887646065721,0.16576047439809832
1995.5094932445281,20.52876771758498,0.16825637267625168
1997.9729453706384,20.54895848230613,0.1708388097816259
2000.438820388515,20.569459139479925,0.1734971592757616
2002.9071554852526,20.590278798593015,0.17622070493381908
2005.3779889410837,20.611425283185074,0.17900590219735302
2007.8513599750659,20.632905991448755,0.18185959946367722
2010.3273086940396,20.654729143384397,0.1847856274072989
2012.8058761912457,20.676903418673273,0.1877826603586222
2015.2871046014866,20.699437337916308,0.19085902322544593
2017.7710370820366,20.72234042070336,0.19401305366882304
2020.257717932521,20.74562198714362,0.19723297063903192
2022.7471925709783,20.7692899436203,0.2004994681376105
2025.2395073642128,20.793349879796814,0.20380024456518775
2027.7347093497885,20.817805909144635,0.2071319841610656
2030.2328460588858,20.842661747243962,0.2104947698955368
2032.733965468555,20.867921119631426,0.21387981297030823
2035.2381160029108,20.893586697187864,0.21728158095131594
2037.7453464065734,20.91966048690202,0.22068598409525164
2040.2557056650016,20.94614280499345,0.2240901680846391
2042.769242801601,20.973033625163605,0.22749394460599648
2045.2860068366206,21.000332898516326,0.2308971226102784
2047.8060467844425,21.02804055322956,0.2343017355640738
2050.32941165083,21.05615676149725,0.23770030826344885
2052.85615046221,21.08468079848886,0.2410801994670795
2055.3863121580284,21.113610422424912,0.24444107766012887
2057.9199454087193,21.142943351744126,0.24777249138898763
2060.4570986109284,21.172676050710805,0.2510709580665396
2062.9978197370137,21.20280456567879,0.2543324248321532
2065.542156284895,21.233324456658647,0.25755386197266833
2068.090155219694,21.26423092009537,0.26073826058830474
2070.6418629301056,21.295519511365963,0.2638879917380813
2073.1973252714697,21.327186070374534,0.26700560317201416
2075.756587599915,21.359226742755176,0.2700931105962435
2078.3196948090454,21.391637916026724,0.2731487940873538
2080.8866913589686,21.424415771317207,0.2761754760871131
2083.4576212515267,21.45755682844766,0.279174573373856
2086.0325280709403,21.491057777252525,0.2821472777022952
2088.6114550042107,21.5249154505768,0.28510025323131905
2091.19444485828,21.55912748096456,0.28803532932692805
2093.7815401559956,21.59369172048379,0.2909540336069875
2096.3727831624537,21.62860620451663,0.2938608241101934
2098.9682159069957,21.663869503409853,0.296759965777564
2101.567880247405,21.69948069930316,0.29965665565361294
2104.171817931321,21.73543949798159,0.3025528027239637
2106.780070671079,21.77174583430847,0.3054457216189676
2109.392680171196,21.808399320902744,0.30833447529888763
2112.0096880897045,21.845399457938612,0.31121874674488337
2114.6311360246573,21.882745707547997,0.31410074140013794
2117.257065509563,21.920437796516012,0.3169825075811111
2119.8875180451446,21.958475697425744,0.31986634837965205
2122.522535128836,21.9968596592313,0.3227509753466247
2125.162158287944,22.035589776272897,0.3256354065886866
2127.8064290610964,22.07466602506354,0.32851863769289785
2130.455388984104,22.114088261586687,0.3313983206386278
2133.1090795754944,22.153856060063323,0.3342706566664598
2135.767542302702,22.1939685388633,0.3371297508274883
2138.430818527366,22.234424108962596,0.3399676086206377
2141.0989494204414,22.275220221997074,0.34278039981943903
2143.771975847081,22.31635386997541,0.3455649047897741
2146.449938311478,22.357821658550183,0.34831960269239154
2149.132876910504,22.39962001087327,0.3510402354913366
2151.820831311809,22.44174483913223,0.3537221285683078
2154.513840692505,22.484191494560427,0.3563625242434129
2157.211943671852,22.526954997469637,0.3589588046398888
2159.9151782715485,22.570030054026425,0.36150935559132585
2162.6235818780315,22.613411176697383,0.3640115997798875
2165.337191219235,22.65709256867097,0.3664594472168825
2168.0560423274756,22.701067702336996,0.36884884460232265
2170.780170451756,22.745329563689275,0.37117575850528034
2173.509609999399,22.789870654709908,0.3734377463558933
2176.2443944779643,22.834683184272617,0.3756351912211564
2178.984556460077,22.879759407219154,0.37776709223045357
2181.730127588943,22.925091458286808,0.3798325495419267
2184.4811385639377,22.97067136423184,0.38183223762622437
2187.2376191276458,23.016491232746986,0.3837670631319854
2189.9995980755752,23.062543280322824,0.3856382711236545
2192.767103269214,23.108819872857662,0.38744563193488607
2195.540161653957,23.155313348689848,0.38918819339118255
2198.3187992558,23.20201593189679,0.3908662152778361
2201.1030411676275,23.248919877730128,0.3924802451860367
2203.892911552955,23.296017507152452,0.3940328103638189
2206.6884336538133,23.34330144439611,0.3955285279118707
2209.489629827141,23.390764867745535,0.3969717052434528
2212.2965216112707,23.43840147237475,0.3983658480304558
2215.1091297879557,23.486205374138404,0.3997127743679416
2217.9274744328523,23.534170907062556,0.40101444587914015
2220.7515749417,23.582292640568053,0.402273468042339
2223.581450058568,23.630565456733134,0.40349041734788166
2226.417117913376,23.67898430681488,0.4046649394780783
2229.2585960301935,23.727544099552247,0.40579599755819135
2232.1059013221397,23.77623961925923,0.4068833348565421
2234.9590500764507,23.825065619442015,0.40792786011064636
2237.818057950784,23.874016962655293,0.40893129507521325
2240.6829399863027,23.923088718064317,0.40989416377073107
2243.5537106324705,23.972276017716805,0.41081609963175864
2246.4303837545963,24.021573949672614,0.41169643019362223
2249.312972628557,24.07097752129585,0.4125340988764206
2252.2014899311125,24.12048161316102,0.4133286157804124
2255.095947724692,24.17008104705467,0.4140790247040455
2257.9963574503386,24.219770530019154,0.414782637881617
2260.9027299139407,24.26954444656495,0.4154080773535226
2263.8150752475285,24.319393415847372,0.41599510602433104
2266.73340245743,24.36931282857029,0.41653607303308965
2269.6577199968588,24.41929715733426,0.41713305447295085
2272.588035655739,24.469353123871013,0.41776104899258487
2275.5243580306037,24.519484449750124,0.418385072062388
2278.466696164574,24.56969065839761,0.41898383497197855
2281.4150590435816,24.619968718594247,0.4195348204439518
2284.369455289813,24.67031289704752,0.42003202846899207
2287.3298928374584,24.7207167404638,0.4204537763928675
2290.296378846314,24.771171193630945,0.42079840356765424
2293.26891938955,24.821667002059062,0.4210686313132317
2296.2475194297967,24.87219523781665,0.4212597667369485
2299.232182858335,24.922746409825084,0.4213737066984445
2302.222912427514,24.973311254628896,0.421406109553483
2305.2197097780695,25.023879987775313,0.4214040357346431
2308.2225753766024,25.07444847206347,0.4213007861132109
2311.23150919325,25.125004566397056,0.42112033270220806
2314.246509741218,25.175539006321323,0.4208670790648819
2317.2675744219764,25.226043055809107,0.4205516251460538
2320.2946995886737,25.276509250826635,0.42016015594481476
2323.327880698773,25.32692846954001,0.4196802842658455
2326.3671121151174,25.377290103651912,0.41912360151886613
2329.4123869275554,25.427584935834176,0.4184938616292057
2332.4636971198556,25.47780419922968,0.4177987269548841
2335.5210336237633,25.527940046464266,0.41704494967677586
2338.584386429339,25.57798544042548,0.4162309435877286
2341.65374468219,25.627933153656006,0.4153554549094946
2344.729096660629,25.677775808245144,0.4144168018224083
2347.8104297576183,25.727505824463833,0.413410372414801
2350.8977304565537,25.77711506915361,0.4125244528109296
2353.990984264852,25.82661800349092,0.41203962617367484
2357.090178425271,25.87606275863176,0.4117127359472376
2360.195305956307,25.92546828694543,0.4114394512491329
2363.3063621507404,25.974841021095326,0.41114057314228236
2366.423343073272,26.0241778898724,0.41080100317883034
2369.5462444200566,26.07347401025386,0.4103971308589454
2372.675061301287,26.122721665956934,0.409874707822612
2375.8097879012016,26.17190663089565,0.40926207009280363
2378.950416696909,26.221018079306784,0.40855303322757663
2382.0969388664257,26.270044443294093,0.407744131631595
2385.249344199621,26.318973739089884,0.4068398652075367
2388.407621048312,26.36779452291479,0.40583798160418444
2391.571756391062,26.41649508070729,0.40474220299764774
2394.741735800747,26.465064145067007,0.4035670019887874
2397.917543498155,26.51349218530566,0.40231108722322034
2401.0991625603915,26.561769515772447,0.40100527775607075
2404.286574902284,26.609890149103176,0.3996562448153922
2407.479761720176,26.657848898481024,0.3982160033790975
2410.678703587994,26.705634818886516,0.39668492670315075
2413.88337976626,26.753237010090896,0.39504859925286406
2417.093768207471,26.80064284200124,0.39332954296929223
2420.309845348511,26.847842387157552,0.3915516335258091
2423.53158643497,26.89482858318065,0.38970114115394205
2426.7589658649517,26.941592720119125,0.3877685930864764
2429.991956991366,26.988124951289503,0.3860077615074616
2433.2305319855204,27.034445882670397,0.3844498059611907
2436.474665491441,27.08057985938574,0.3829143418820861
2439.7243350745675,27.12652958041159,0.3813554872475633
2442.979518624217,27.172292238881298,0.37975612473101034
2446.2401936928827,27.21786297384902,0.3781081474213435
2449.506337249745,27.26323595153958,0.37635690980995656
2452.7779255639293,27.308398780716775,0.37448659201083223
2456.0549334176153,27.353337171758074,0.3725493217168319
2459.337333878226,27.398043090364094,0.3705857581274784
2462.62509904907,27.442513381339392,0.36858949019546444
2465.9182006548303,27.486744120162847,0.3665266460406646
2469.2166099492497,27.530727317687727,0.36436614012963703
2472.5202972273723,27.574451254503284,0.36212104853111343
2475.829231377913,27.617905780327018,0.35979712991945106
2479.143380071552,27.661081435917353,0.35741013731691007
2482.4627098438623,27.703970652395384,0.35501457800534086
2485.78718632215,27.746572401756026,0.3525842045130565
2489.1167750103605,27.788882506297593,0.3500655456760044
2492.451440911116,27.830890371778715,0.34750283696291734
2495.7911477557295,27.872590712214265,0.34489752344899377
2499.1358586411952,27.913978415028144,0.34227115739093555
2502.4855360509987,27.955050953915055,0.33961752106230814
2505.8401421654685,27.99580505644253,0.33687809530263796
2509.1996387722415,28.03623042787885,0.3340584852557838
2512.563986423587,28.07631744610954,0.33116644208766693
2515.93314451712,28.11605741916006,0.32819667454591095
2519.3070714074192,28.15544102010557,0.3251571164200119
2522.685724329832,28.19445987407597,0.3220634892966692
2526.0690595147207,28.23310749279157,0.3189488753728539
2529.457032413856,28.271381357836315,0.31581305840372625
2532.849598176796,28.30927892484476,0.3126466016009323
2536.2467116477774,28.346796517036875,0.3094460372038543
2539.648327229822,28.383930041501337,0.30621849426852854
2543.054398834802,28.42067626081356,0.30297374787722586
2546.4648799860997,28.45703311055883,0.29970865181064654
2549.879723959367,28.492998148776106,0.2964006130882702
2553.29888373722,28.528566222346697,0.2930593820530609
2556.7223116839014,28.563733348193065,0.2896848331084578
2560.1499596856847,28.59849552816608,0.2862573601568844
2563.5817791490645,28.632846411384907,0.28279509798315544
2567.0177207184306,28.666781823142887,0.27933209575250106
2570.4577345372077,28.700301674633188,0.2758510137828724
2573.9017707381636,28.73340379628713,0.2723546071514016
2577.349779193718,28.7660863491453,0.2688596099069263
2580.801709555615,28.798349502334133,0.2653484211882456
2584.2575114958954,28.83019131287672,0.2618248755163265
2587.7171344534404,28.86161029793868,0.2582746337672698
2591.1805276891932,28.89260325399075,0.2546902201318375
2594.6476400796723,28.92316608040657,0.25109390937138415
2598.118420009321,28.953297349531137,0.2474882643787066
2601.592815691265,28.982995941256583,0.24387150928746895
2605.070775204216,29.01226052237108,0.2402378951379346
2608.5522464669,29.04108906978763,0.23659014461385516
2612.0371771552745,29.069479887141295,0.23293975156388702
2615.5255147417315,29.097432657328962,0.2292768065796362
2619.017206660611,29.12494587411852,0.22559376645676374
2622.5122001655054,29.15201712609333,0.22188415757212818
2626.010442220637,29.178643225001984,0.21813677818952765
2629.511879407637,29.204819638384727,0.21436770624566542
2633.016457764243,29.230543763134207,0.21058920531857306
2636.5241230158194,29.255814467772435,0.20679651945279548
2640.0348207519523,29.28063005010677,0.20300524327771685
2643.548496357965,29.304990679300094,0.19920305861867593
2647.0650952394813,29.328895046334335,0.19538145165415152
2650.5845626450414,29.352340820532834,0.1915553942188253
2654.1068435435054,29.375327467839092,0.18771806479637154
2657.631882839646,29.397853635614656,0.18386835350274475
2661.15962527592,29.419917838034984,0.1800081524438915
2664.690015416484,29.44151881632825,0.17613468647168062
2668.2229976744434,29.462654978704855,0.17225671729866557
2671.758516271888,29.483325784780696,0.16837357874971648
2675.2965153660616,29.503530614230662,0.16448619678437937
2678.8369390397693,29.523268957844788,0.16059734942828713
2682.3797313147106,29.54254063977618,0.1567121893388312
2685.924836191484,29.56134610249684,0.1530841559928125
2689.472197723783,29.57971620121598,0.15022306876390285
2693.021763667929,29.59774296946765,0.14745858856855626
2696.573492824265,29.615438000095875,0.1446754534777036
2700.1273453842764,29.6327990545132,0.14182341120700986
2703.683281270818,29.64981786385804,0.13889028412709536
2707.241259414481,29.66648469795329,0.1358335624676264
2710.8012375782355,29.682784725449405,0.13263158465721647
2714.3631717452895,29.69870051560827,0.12937432084649542
2717.9270158071627,29.71422543410985,0.12608385921876544
2721.492722859256,29.7293554972161,0.1227447947996065
2725.060245518922,29.744084872592055,0.11936222991379906
2728.629535703633,29.75840834018171,0.11591756162831524
2732.200544704455,29.772318447577106,0.11241202497723717
2735.7732229181643,29.785807890574375,0.10886918755274622
2739.347519865033,29.798872193080705,0.1053102408798489
2742.923384528203,29.811509421986287,0.10174133697672316
2746.5007656588414,29.823718382423493,0.09813140327892352
2750.079611864732,29.835494150816963,0.09445182370205817
2753.6598711628303,29.84682836966121,0.09074597990093981
2757.24149056719,29.857717887249322,0.08704242436077664
2760.82441671366,29.868162978172617,0.08335340870903132
2764.4085962710406,29.8781653872177,0.07964874404855268
2767.9939761175065,29.887723236503525,0.07588445932654046
2771.580502905887,29.89682937162271,0.07202702625631796
2775.1681224304816,29.90547261477347,0.06809828427958654
2778.7567791442543,29.91364440888702,0.06411829935250843
2782.346416473321,29.92133860480932,0.06010582799804193
2785.936977105898,29.928551304169087,0.056139169118537675
2789.5284032623986,29.935288004463313,0.05223308404922702
2793.120637822934,29.94155597454922,0.048373236714183795
2796.7136245398797,29.947360762954922,0.04457006255141072
2800.307307831434,29.95270917046109,0.040831852466718055
2803.9016329318897,29.9576089927571,0.03717240048669954
2807.4965460110207,29.962069680815503,0.033594677144637375
2811.0919943727185,29.96610104207286,0.030036736316837998
2814.6879264977674,29.969705450430883,0.026452730453920867
2818.284291151819,29.972879778085353,0.02284876916118244
2821.8810367251895,29.975621630384694,0.01924870999450736
2825.4781113208355,29.977931475584036,0.015681114626530178
2829.0754630979054,29.97981320933922,0.012163019010022896
2832.673040683026,29.98127277162042,0.008687386943066292
2836.2707934156206,29.98231525805359,0.005236343256064558
2839.868671246587,29.982943619244317,0.001763410864503347
2843.4666244808964,29.983155228548057,-0.0016939305962334983
2847.064603108322,29.98295195687651,-0.005170101173134548
2850.662557343147,29.982331544735732,-0.008644837400769491
2854.260437128515,29.98129416424764,-0.012291547287880346
2857.858192428225,29.979819178573095,-0.015744641871935222
2861.4557707296535,29.977929821548464,-0.019127302282659093
2865.0531223082394,29.975634545274545,-0.022465143966186443
2868.650198453672,29.972938727998603,-0.025769741200033038
2872.2469511010318,29.9698463590546,-0.02901652308387165
2875.8433326641184,29.966364376284535,-0.03222886683779638
2879.4392963892724,29.962496912263997,-0.03545475792239871
2883.034796018744,29.95824234131331,-0.03870038020154048
2886.6297850997016,29.953598295689122,-0.041969694736640493
2890.2242168951843,29.948561932320725,-0.04526959181503497
2893.818044327063,29.94312958130292,-0.04856880803385564
2897.4112198768194,29.937301324338858,-0.05183457701697112
2901.00369603574,29.93108117509682,-0.05505079097627541
2904.5954257767517,29.92447508017967,-0.058214707189425695
2908.186362786373,29.91748931531694,-0.06133019404552998
2911.776461504211,29.910129692031475,-0.06440514813338333
2915.3656770672546,29.90240107425547,-0.06743403063748234
2918.9539651961654,29.89430899057897,-0.07043024892448489
2922.541282275035,29.885857360708034,-0.0733780110865378
2926.12758515832,29.87705199937765,-0.07627495590284865
2929.7128313982453,29.867899004669308,-0.07911381479823361
2933.296979278806,29.85840534689352,-0.08189397746493828
2936.879987920433,29.84857806959773,-0.08461384903903477
2940.461817288785,29.838424407713045,-0.0872749088866163
2944.0424282177105,29.827951418646652,-0.08987581067717099
2947.6217823879483,29.81716632136539,-0.09241895510208459
2951.199842346512,29.80607604675314,-0.09493332565068172
2954.776571472122,29.79468404767506,-0.09741941457143038
2958.351933557843,29.782993717926487,-0.09986961188210178
2961.9258928039944,29.771009364500635,-0.10227806648028319
2965.4984139277344,29.758735996523,-0.1046335202029692
2969.069462247317,29.746179974098645,-0.10691899873343777
2972.6390038442087,29.73334969425063,-0.10913036778626935
2976.2070058075187,29.720254050116278,-0.11125566326280391
2979.7734362935325,29.706903370524742,-0.11330491288553217
2983.3382646979953,29.693306780978478,-0.11530016047608271
2986.9014615117126,29.679470761721348,-0.11725456662611643
2990.462998003119,29.665400213726212,-0.11916837735159666
2994.0228460287663,29.651100008444022,-0.12104959357118067
2997.5809780297795,29.63657405721548,-0.12282738881098376
3001.1373669166455,29.621834770558163,-0.12467942760958624
3004.6919870891124,29.60687323924501,-0.12643626250624043
3008.244811877822,29.591700887744263,-0.12809790183697697
3011.7958159843515,29.576329139523825,-0.12974278086851296
3015.3449754810945,29.560760005819603,-0.13134134561612787
3018.892266681793,29.54499904434567,-0.1327733074761678
3022.4376665671143,29.52906624744853,-0.13411657742744434
3025.981154516808,29.512972258157237,-0.1354263774325652
3029.522711187787,29.49672109286533,-0.13676106129711454
3033.062317718931,29.480309765509674,-0.13801531854483126
3036.599954890792,29.463747927284295,-0.13923081477012494
3040.135604642066,29.44704022951188,-0.14039877101658502
3043.6692494696076,29.43019237698989,-0.14151084944370687
3047.2008725548462,29.413211075056644,-0.1425659364153649
3050.730457883853,29.3961031626868,-0.14356876697947482
3054.257990263375,29.378874910649262,-0.1445331853673146
3057.7834552526533,29.361530928405184,-0.14554007297339222
3061.306838964062,29.344066119648378,-0.1463672340936389
3064.8281268984197,29.326502051557142,-0.14721291090752928
3068.3473071446065,29.308836502248237,-0.14808796685332334
3071.8643675248763,29.29106594622584,-0.14886970871747546
3075.3792954384235,29.27320158117974,-0.14952503839341108
3078.892079628165,29.255258576572533,-0.15022484386351495
3082.4027106573535,29.237231595308913,-0.15084995023020042
3085.9111784487905,29.21912960128129,-0.15139742910882367
3089.4174740009444,29.20096190978823,-0.15187207073808243
3092.9215894301187,29.18273726129966,-0.1523830494906715
3096.4235179014745,29.16445129536078,-0.15271279047049077
3099.9232520569176,29.146125760504322,-0.15305174872504412
3103.420787148178,29.127759550657316,-0.1534164843731792
3106.916118294257,29.109349572532533,-0.1536621759356252
3110.409240242961,29.090910111420257,-0.15390757965097293
3113.9001494563313,29.07244120186214,-0.1540448946870313
3117.388842400555,29.053955814499698,-0.15418217726415978
3120.875317098295,29.035453953228,-0.1542579817456466
3124.3595715726824,29.01694299541852,-0.1542733514363975
3127.8416047321325,28.998430193246154,-0.15424866832576228
3131.321416355322,28.979920353047063,-0.15417480783594592
3134.7990067976875,28.96141937610675,-0.15411812417286094
3138.27437712282,28.942925201206005,-0.1539744276935926
3141.7475281469647,28.924448269882774,-0.15378683380258484
3145.2184619393506,28.905993849826462,-0.15356478675761048
3148.6871812013296,28.88756607541555,-0.153277107701632
3152.1536891303795,28.869172822491354,-0.15294973098950118
3155.6179898690784,28.850818854772612,-0.15257268801914184
3159.0800881316513,28.832510132210317,-0.15213551564057706
3162.5399893475164,28.81425387033345,-0.15167405145723226
3165.9976998119564,28.79605298415858,-0.1511868781386639
3169.4532261700556,28.777910558781944,-0.15065371605783373
3172.9065754371095,28.759832112855005,-0.15009852113988786
3176.357755290652,28.74182029031822,-0.14950153458885473
3179.8067737254905,28.723880106167556,-0.14888216656873532
3183.2536393382306,28.706014246179308,-0.14822656018479022
3186.6983610477723,28.688227058957132,-0.14754585631268186
3190.140948294847,28.67052155619961,-0.1468239745715548
3193.581410881591,28.652902679251024,-0.14606177775075768
3197.0197592031013,28.635375265920935,-0.14527009132415297
3200.4560042350117,28.61794285496204,-0.14444057430765436
3203.890157377607,28.60060998604512,-0.1435735979815868
3207.3222305759323,28.58338115428733,-0.1426893638936931
3210.7522363144467,28.56625843062009,-0.14175384013754364
3214.180187326121,28.549247969803584,-0.14034936932601483
3217.6060970824974,28.532406045484464,-0.1382800071818375
3221.0299858079557,28.515812444622643,-0.13589654476977933
3224.4518833013103,28.49950485925027,-0.1333646512570709
3227.8718238844203,28.48350110109942,-0.13081810906818991
3231.2898440165523,28.46780292801124,-0.12827216161164182
3234.7059803679135,28.452410268617843,-0.12581219145949493
3238.120269600148,28.437312805642705,-0.12347746384487923
3241.532747136825,28.42249550998132,-0.1212509972713902
3244.943446598023,28.407945390308754,-0.11905438683753525
3248.35240004486,28.39365886388825,-0.1168909345958202
3251.7596391085267,28.37963195173675,-0.11479894595974127
3255.165194942735,28.365856078221583,-0.11275798235980672
3258.5690976721216,28.352325120338406,-0.11080261984979048
3261.971376686562,28.33902880595643,-0.10875296869948085
3265.372060143277,28.325978449712494,-0.10695364301233402
3268.7711775572425,28.313144012551014,-0.1049392433991701
3272.1687548387486,28.300551303343113,-0.10310438605957824
3275.5648209951496,28.288178777015965,-0.10120911023342749
3278.9594024483913,28.276033683787954,-0.09954149161314005
3282.352526490446,28.26408870479438,-0.09791356569537894
3285.7442171350212,28.252339076910932,-0.09627404232553109
3289.1344978242505,28.24078619183187,-0.0946575007216686
3292.5233921672702,28.22942729174527,-0.09308646326516128
3295.9109234422795,28.21825691615345,-0.09159468479149488
3299.297114272218,28.20726555397847,-0.09014953468870586
3302.6819861386957,28.196447609815824,-0.08879035126922674
3306.065559851874,28.185792767663518,-0.08751942730177578
3309.4478549839932,28.175290436387304,-0.08627376961689097
3312.82888983636,28.164937584033275,-0.08501845900563905
3316.2086823464438,28.154735368952597,-0.08372102156375937
3319.587250590718,28.144688846364946,-0.08243783625328491
3322.964613252282,28.134796306014554,-0.08111226370402384
3326.3407888090037,28.12506283437007,-0.07977040988863002
3329.715796349128,28.115490385183435,-0.07831846958484201
3333.08965519535,28.106092168833253,-0.07684769776778803
3336.46238625561,28.096870445101118,-0.07537070296462885
3339.834010709022,28.087825960745363,-0.07391970984806615
3343.2045498243115,28.078955595563595,-0.07248842384825087
3346.574024495779,28.070256984701807,-0.07109160315481071
3349.9424553339436,28.06172599232323,-0.0697197974234655
3353.3098624530226,28.053359616632413,-0.06829705805108353
3356.6762656070186,28.045163969666284,-0.06686516521733084
3360.0416852833787,28.037140149840205,-0.06542826469964877
3363.4061421013594,28.029288758076248,-0.06395837426578135
3366.7696567523285,28.021613753164356,-0.06245600098498641
3370.1322504027085,28.014119033046157,-0.06092224056147013
3373.493944686674,28.00680836417878,-0.059391437100383554
3376.854761690375,27.999681391726735,-0.05798272138897653
3380.214723457382,27.992723465160058,-0.05656613349313004
3383.5738502732015,27.985935529140882,-0.05517299952529467
3386.9321625366983,27.979314769197845,-0.053718619158684144
3390.289680309002,27.972868534898804,-0.05233256383712934
3393.64642453319,27.966588627238348,-0.05102893720549854
3397.0024151684584,27.96046515477369,-0.049731045357209264
3400.3576709870313,27.954497429330825,-0.04834150150714426
3403.712210678551,27.948696449149967,-0.047047831797380854
3407.066054252449,27.94305070933428,-0.04578789204566373
3410.4192203375687,27.9375561622888,-0.04471035316574163
3413.7717270770436,27.932190919908912,-0.043618273759012775
3417.1235899874328,27.92695672705783,-0.04258817334054833
3420.4748247946795,27.921846146256964,-0.041539466468020474
3423.8254463322305,27.916861410280802,-0.04051988464935207
3427.1754697014644,27.91199902412288,-0.03956402210507464
3430.524909584359,27.90725134147027,-0.03869856033026299
3433.8737797453355,27.90260751423064,-0.037776667130494296
3437.222092647043,27.89807431417498,-0.036910658110757
3440.5698615647443,27.89364503520169,-0.03606155186595789
3443.9170989689687,27.889317648977777,-0.03535955379612853
3447.263817086846,27.88507450252224,-0.034611575014343796
3450.6100260271487,27.880921113520518,-0.03389745076343717
3453.955736560771,27.876853419428905,-0.03320791962620333
3457.300958971103,27.87286846907376,-0.03257299573928152
3460.6457031873915,27.86895970958505,-0.03190491042655666
3463.9899783525416,27.865131120333864,-0.03127667717426458
3467.3337940869815,27.86137791907295,-0.03065790201574892
3470.6771594372703,27.85769897083106,-0.03008468808952375
3474.02008331377,27.854088808260315,-0.029547846884975172
3477.3625739707613,27.850543066634117,-0.029060550951523732
3480.7046391387576,27.847055800519936,-0.028618177394262364
3484.04628583482,27.843621619232625,-0.028213777214030154
3487.387520429128,27.84023596596694,-0.027862521952937175
3490.728348745044,27.83689246333259,-0.027563264970616945
3494.068775840644,27.833584871536114,-0.027310885502875117
3497.4088060252284,27.83030756527577,-0.02709108241611256
3500.7484429330616,27.827056635385837,-0.026909550758523575
3504.087689729308,27.823827489294814,-0.02680381859176369
3507.426549028023,27.8206110310638,-0.026761045091691336
3510.7650223517508,27.8173997056528,-0.026790372509349666
3514.103110316429,27.814184860951677,-0.026901866713527043
3517.4408124997435,27.810956636946052,-0.027089326563359002
3520.778127296177,27.80770591775845,-0.027401700820687835
3524.115052006308,27.80441771365997,-0.02789222506400356
3527.451582131947,27.80107064665229,-0.028452253608880592
3530.7877106095452,27.797656376219223,-0.028897069637087956
3534.1234293746916,27.79418872786277,-0.029714546832540874
3537.4587320220353,27.790622982242866,-0.030400107315441446
3540.7936067799046,27.786974969365012,-0.03151217806394796
3544.1280437762284,27.78319350799734,-0.03261771769490141
3547.4620269971883,27.779279381873952,-0.03387820303001581
3550.795540523013,27.77521399751035,-0.03523985304205309
3554.1285662027144,27.770985215145302,-0.03671288563285777
3557.4610844285316,27.76657966886936,-0.03835907680280192
3560.793073988796,27.761976579653023,-0.04010348507086679
3564.1245111783546,27.757164161444518,-0.04200234415269004
3567.455370877728,27.752123880146193,-0.044046739279012856
3570.7856257433455,27.74683827143271,-0.04621143929226609
3574.115246335917,27.74129289871764,-0.04855671107794156
3577.444201483763,27.735466093388286,-0.051047036237104854
3580.7724574149697,27.729340449039835,-0.053697521072009646
3584.0999782688546,27.722896746511193,-0.05648385818243899
3587.4267258784357,27.7161186835293,-0.05947928170785366
3590.752660120459,27.708981169724357,-0.06261112013330757
3594.077737860826,27.70146783530836,-0.06596069794002647
3597.401914001063,27.693552551555555,-0.06942884161271289
3600.7251403072496,27.68522109056203,-0.07307235870414748
3604.047366838117,27.676452407517534,-0.07687845908731708
3607.368541127019,27.667226992427057,-0.08087415856991306
3610.68860836611,27.65752209339867,-0.0850504457928381
3614.007511017318,27.64731603990353,-0.08941749205808017
3617.3251889421063,27.63658594085656,-0.09398908112331548
3620.641579255009,27.62530725112176,-0.09873025510025724
3623.9566161251437,27.61345962050973,-0.10368181292858858
3627.270231279605,27.6010178029583,-0.10882297803203418
3630.58235341596,27.587959045594456,-0.11416755003172296
3633.892908501431,27.57425893959065,-0.11973660909830279
3637.201819574182,27.559890546498853,-0.12551335019559334
3640.509006439762,27.54482894447538,-0.13148357888847187
3643.8143859130987,27.529050915008764,-0.13767711199979324
3647.1178720229,27.512529661568788,-0.14408529204412748
3650.419375582288,27.495239426523494,-0.15074755780363847
3653.7188043134706,27.477149719587057,-0.15762924314059257
3657.016062279821,27.458234210410186,-0.16480309378738783
3660.3110503850703,27.4384578391557,-0.17236397951870142
3663.603665325769,27.417774161613455,-0.18028891253809426
3666.8937982251623,27.396139492108883,-0.18855244606659535
3670.1813349642152,27.37351319858089,-0.19712895967757588
3673.466156548045,27.349857723419582,-0.20589317270681926
3676.7481394748556,27.325150542694765,-0.2149651031450046
3680.027157539979,27.299354730317365,-0.2241958755874331
3683.303080107617,27.272451225246872,-0.23369541751780534
3686.5757742546466,27.244407775144737,-0.2434918304657724
3689.845103187664,27.215188755488843,-0.2534924008790432
3693.1109258383226,27.184769667383357,-0.2636969929572021
3696.3730981984086,27.153126028228492,-0.27402141420961856
3699.631473321796,27.120243458523337,-0.28449790846310324
3702.885902536819,27.086103709507764,-0.29515130063350137
3706.1362349819597,27.050685553431745,-0.3059370994982769
3709.3823172483717,27.013973101491953,-0.31691837496265507
3712.6239940205505,26.975942896496434,-0.32805061386897455
3715.8611071681303,26.93657682283216,-0.33935782795515945
3719.0934963868704,26.89585388347754,-0.350821663460413
3722.3209988528874,26.853755283862288,-0.36244390057828973
3725.543449486951,26.810262015792894,-0.37422632965785285
3728.7606809288463,26.76535485623395,-0.38618333458249277
3731.9725235115943,26.719012856084053,-0.398268740196809
3735.1788050543246,26.671220607260437,-0.41050912358271835
3738.379351527196,26.62195951243051,-0.4228914221548604
3741.5739866686877,26.571212541771928,-0.435411591661345
3744.7625321737005,26.518963150772567,-0.4480849203744271
3747.944807751793,26.465192960327634,-0.46092196077018777
3751.1206309070326,26.409882325035213,-0.4739650076230914
3754.2898167860367,26.353006524120442,-0.4872082809151788
3757.4521775689313,26.29454153041062,-0.5006339182327115
3760.6075225525806,26.234465460222694,-0.5142129524097184
3763.7556584078075,26.17275990593353,-0.5279373771548772
3766.8963895965194,26.109407420674945,-0.541833986558895
3770.0295184870006,26.044387342287877,-0.5558945058512799
3773.154844968075,25.977680001585725,-0.570133499598189
3776.272166568265,25.90926398163394,-0.5845299537902104
3779.3812782460614,25.839120387179115,-0.599051003175861
3782.481972692523,25.767234266798013,-0.6137159628960401
3785.5740408045385,25.69358835125049,-0.628491024553122
3788.657271406689,25.618169428304114,-0.6433950111378925
3791.731451738085,25.540962026967566,-0.6583914893955846
3794.7963671813213,25.461955048240096,-0.6734442531465271
3797.85180178711,25.381141737862514,-0.6885381239383854
3800.897538795654,25.298517162989906,-0.7036047335110533
3803.933360855213,25.21408459496858,-0.7186059527854172
3806.959051006609,25.127851880634328,-0.733526792034131
3809.9743932322854,25.039828665590232,-0.7483251363595314
3812.979172672156,24.950029649227087,-0.7631835544832805
3815.973176230063,24.858447622689095,-0.7780060604632848
3818.956189944786,24.7650868954335,-0.7926715610951582
3821.928000372238,24.669966308102083,-0.8070975339897026
3824.88839632921,24.573114604023317,-0.8211601541655487
3827.837170081693,24.47457538552345,-0.8348260964088148
3830.7741191279556,24.374396253954394,-0.8480365917448913
3833.69904667843,24.27263186294501,-0.8607625447035743
3836.6117625019833,24.16934035758058,-0.8730434984676833
3839.512083344893,24.064575137764457,-0.8847843914273563
3842.399832361425,23.958401010793175,-0.895907773529674
3845.2748404827203,23.850892077969615,-0.9063610519203448
3848.1369475320766,23.742128751739173,-0.916132400543902
3850.9860029822853,23.632192863673904,-0.9252762556638734
3853.821866125926,23.52115971299424,-0.9338197953308068
3856.6444052914853,23.409101337554542,-0.9418104112451077
3859.453497451992,23.29608408820513,-0.949304381979312
3862.2490275425766,23.182167562367614,-0.9562747232000618
3865.030887650061,23.067414595583607,-0.9627535561257146
3867.798977401531,22.951884168848522,-0.9687668078854267
3870.5532035017927,22.83563215190227,-0.9743354534377171
3873.293479360021,22.718711897489744,-0.9795046238552567
3876.01972478772,22.60117134262711,-0.9842652583982975
3878.731865348835,22.483059511619317,-0.9886194536957756
3881.4298324902293,22.364425177175825,-0.9925671166209874
3884.11356351149,22.245317123181305,-0.9956158110841343
3886.783001566272,22.12584322585121,-0.9968834560778501
3889.438102753374,22.006217211121868,-0.9971723226135091
3892.0788488187086,21.886556532408246,-0.9968511035212994
3894.7052356025974,21.76693439998569,-0.9961707190167055
3897.3172677305956,21.647393913703684,-0.9951536919726275
3899.9149550002403,21.52797547066697,-0.9939048744711828
3902.4983120567204,21.408706885730428,-0.9925621570499866
3905.067356883008,21.28959942688443,-0.9910275866302093
3907.6221088142343,21.170676116488803,-0.9889584016447713
3910.162589948213,21.05200110829143,-0.9842140815842652
3912.688830081208,20.93389541850132,-0.9780162913809405
3915.200897531428,20.816533463535606,-0.9709054474026262
3917.698881547052,20.700024809847292,-0.9632402678050592
3920.182884524234,20.584435977710687,-0.955126292760199
3922.6530168415593,20.469820822579464,-0.9466205208604567
3925.1093953402687,20.35622636007621,-0.9380797861565255
3927.552142503478,20.24365678573743,-0.9293251525458375
3929.9813813177666,20.132137767431928,-0.9204742484894556
3932.3972378498584,20.021680857613195,-0.9114982096874159
3934.799839552772,19.912301072450706,-0.9023221854393633
3937.1893156814663,19.804022410197984,-0.8929690264206037
3939.56579837069,19.696866127027512,-0.8833300333922571
3941.9294223059333,19.59086652302044,-0.87337217733815
3944.2803262886955,19.486061861739863,-0.8630008421340735
3946.6186537121043,19.382501760683773,-0.8520977285354088
3948.9445539233866,19.280250033259524,-0.840630539743469
3951.2581839273776,19.179374368490308,-0.8290218396610379
3953.5597088515965,19.079891747730983,-0.8171739606338071
3955.849295861324,18.981830872454925,-0.8050290570609832
3958.127115566019,18.885227385607607,-0.792487336254696
3960.393342852292,18.790128905257042,-0.779503633429984
3962.648158320923,18.696588469245444,-0.7661446559213217
3964.8917489372325,18.604651110534885,-0.7524063327527268
3967.124307070497,18.514362350604557,-0.7382595779630041
3969.346030552569,18.425771201248995,-0.7238187563432068
3971.557123096719,18.33891295048781,-0.7093229721693577
3973.7577926507774,18.25379419382749,-0.6947283190669535
3975.9482479540366,18.170426795539456,-0.6798701444379445
3978.1286991695015,18.088842378206902,-0.6648101167871379
3980.2993602548863,18.009065164192446,-0.6495936575618302
3982.4604480745893,17.931113925285025,-0.6341656766381849
3984.6121817456233,17.855014044088442,-0.6184151201751471
3986.754783430914,17.780804229667424,-0.6021975999449201
3988.888479938474,17.708540517674034,-0.5854351278470759
3991.013504800595,17.638288302332384,-0.568295364938284
3993.130099396875,17.57009285853979,-0.5510182841063903
3995.2385105398994,17.503970664447024,-0.5337194938924501
3997.338987019633,17.43992432517993,-0.5165983270777914
3999.4317779386547,17.377932525930596,-0.499598244349879
4001.5171298417663,17.31798073660861,-0.48258935369626604
4003.595287530159,17.26007001416506,-0.46544653934451746
4005.666495931859,17.20421642944372,-0.44835699495201
4007.7310019033926,17.150413590049478,-0.4310561995816955
4009.7890515341983,17.098686846099675,-0.4134752740436367
4011.8408939557303,17.049069813214437,-0.395782990327987
4013.886782333316,17.00157585437508,-0.3780208343662385
4015.926971435841,16.95621335425113,-0.36046872513183464
4017.9617170383513,16.91295710723531,-0.343130182572078
4019.9912718912196,16.87178148532666,-0.3259721661825947
4022.015885669459,16.83266482538475,-0.309054904718409
4024.035805448505,16.795578236818542,-0.29235259928939655
4026.0512748369233,16.760495924903815,-0.2759173419538613
4028.062534347912,16.72738584386935,-0.2596367491255124
4030.069820649176,16.69622943397429,-0.24350755348917286
4032.073368181253,16.667008527555588,-0.22750332098187692
4034.0734092045595,16.639708129037764,-0.21090364685151253
4036.070174180044,16.61439969141558,-0.19406553120224754
4038.063902143014,16.591111827671313,-0.17724648358730863
4040.0548355623346,16.569842249640836,-0.16057143727663462
4042.0432166322917,16.55057367716764,-0.1441289019863213
4044.0292854735517,16.533278208929282,-0.1279487201157129
4046.0132788586234,16.517924362515398,-0.11217637445372038
4047.995429782125,16.50446319758095,-0.09683439951633863
4049.975965365835,16.49284306963899,-0.08180052521098181
4051.9551065341916,16.48302700661367,-0.06702482735654271
4053.933069774985,16.474984027330887,-0.05251133682439899
4055.910067858265,16.46868266691196,-0.03827717641164035
4057.886309778294,16.464089405742563,-0.024328733347926488
4059.8620005069833,16.46116995774081,-0.01070940156521126
4061.8373409019123,16.459884829552987,0.002542656528799771
4063.8125270814585,16.460189948336442,0.015486437038438756
4065.7877498752587,16.462048320781054,0.02820093713021554
4067.7631956737523,16.465432433236682,0.04065777747628961
4069.7390475657407,16.470311366533835,0.05289965058689525
4071.715484929725,16.476659324604263,0.06488763709058122
4073.692684048677,16.484445841055134,0.0766763014076113
4075.6708175496037,16.493646997224047,0.08834615404804898
4077.6500551892705,16.504248535709813,0.09987470361860779
4079.6305650135555,16.516233500144047,0.1111781765912572
4081.6125130335727,16.529574881334998,0.12221432896129746
4083.5960620193327,16.544240600810355,0.13293207629923645
4085.58137089143,16.560192449966262,0.14327987618509658
4087.568593985426,16.577386035108475,0.1533322447479658
4089.557880309639,16.59578590447823,0.16321742974141712
4091.5493746181764,16.6153719960472,0.1729415238267021
4093.5432192577023,16.636124978906405,0.18250591301015645
4095.539554255171,16.658025688467625,0.1919315414829652
4097.538517337787,16.68105747344558,0.20121544675236358
4099.5402442346,16.705203327055862,0.21048742541582333
4101.544868633847,16.730461818105763,0.2196586463998533
4103.552524052019,16.756820855673745,0.22860133208653777
4105.5633425547,16.78425301552413,0.23728006519994022
4107.577452916563,16.812726623348123,0.2456985302362153
4109.594980111365,16.84221044697647,0.2538731725062892
4111.616045365002,16.872675227677224,0.2617998981069532
4113.640766392323,16.90409121545006,0.26952785732236556
4115.669257338177,16.93643455832874,0.2771264762740026
4117.701629485176,16.969689735481623,0.2845549299534662
4119.737992253435,17.00383632707604,0.29193471213660427
4121.778452612683,17.038868492532433,0.299288703809635
4123.823116831787,17.07478313698959,0.3065626840354401
4125.872090808226,17.111570659073845,0.31377432098750535
4127.925479287314,17.149223577592345,0.3207864607121196
4129.983386116625,17.1877179528778,0.3275911925693328
4132.045912270971,17.22702889598612,0.3342245924157894
4134.113155738489,17.267135847076016,0.34065917816476116
4136.185212040138,17.30801494845579,0.3468976733725232
4138.262173833953,17.34964266926049,0.3529248138997292
4140.344130954264,17.39199364692846,0.3587674060817936
4142.431170191895,17.435045735658274,0.364444835339239
4144.5233756801745,17.478779115898984,0.36994133737021423
4146.620829174082,17.52317207638341,0.3752327050667332
4148.723609823248,17.568200000991418,0.3802867512070882
4150.831793823367,17.613834411136267,0.3850848366994237
4152.945453952703,17.6600445915402,0.3896383430184289
4155.064659303688,17.70680119270241,0.3939605650685387
4157.189475446812,17.754076460510635,0.39810704329244495
4159.319964622074,17.80184930570573,0.4020802776834166
4161.456186538759,17.85009893902774,0.40582639097422557
4163.598198411442,17.898798105944646,0.40935210507847863
4165.746054184156,17.947920358554065,0.4126474714207341
4167.899804627182,17.99743805512455,0.4157125135800392
4170.059497193797,18.047323556754154,0.41852762915270414
4172.225176020607,18.09754687225248,0.42106319720230156
4174.396881645278,18.148074455916756,0.42328905968946
4176.574650579988,18.19886914307949,0.4252125195433256
4178.758514877158,18.24989464542469,0.42686355923382086
4180.948502234609,18.301118272532747,0.42826353515273524
4183.144636427312,18.352509896751076,0.4294386830914719
4185.346937614922,18.404042538722052,0.4304129810946272
4187.555422719569,18.455692096453408,0.43115012689802684
4189.770105771143,18.50743011168117,0.4318623064851707
4191.990997384544,18.55925358845939,0.43298483630519063
4194.21810781516,18.611211768816013,0.4341966829239791
4196.451453227418,18.66331537076689,0.4353542830988608
4198.69105107191,18.715557884738754,0.4363376991566403
4200.936918018078,18.767918408637552,0.43710516448132136
4203.189068227115,18.82037102837531,0.43762704176171324
4205.44751275052,18.872886273386715,0.43782783681627707
4207.712259103327,18.92542561380467,0.43776134276954254
4209.983310176984,18.977956974937015,0.43742600960907096
4212.260665013976,19.030448096090105,0.436834335273839
4214.544318785507,19.082868216322964,0.43599906771703695
4216.834262971466,19.135188104449007,0.4348674285475904
4219.130485544,19.18737219587472,0.4334561790897269
4221.432970207506,19.239386937365484,0.431747709947753
4223.74169663999,19.291196662559216,0.4297331135652302
4226.056640239497,19.342764636187045,0.42746059633575695
4228.37777199584,19.394059907747337,0.4249350423968263
4230.705059184769,19.445052112834958,0.42215356393034065
4233.03846543831,19.4957105405066,0.4190862872722354
4235.37795070317,19.54600089497927,0.415702391320578
4237.723470810568,19.59588518193774,0.41202939864386967
4240.0749770324,19.645328709775004,0.4080871214184714
4242.4324164775735,19.69429916434522,0.40386218002931984
4244.795732377295,19.74276262594874,0.3993195349807095
4247.164863892409,19.790680970146425,0.3944432689855457
4249.539745608827,19.83801416242469,0.3892228245867066
4251.920307308318,19.884720901375097,0.3836365164910011
4254.306473816483,19.930757283354016,0.3777498984706495
4256.698164690485,19.976087271170492,0.3716309528708022
4259.095295163025,20.020682985514988,0.3652746003889599
4261.497777121287,20.064515937561662,0.3586795934539559
4263.905519033795,20.107557488776138,0.3518558385503236
4266.318425932448,20.149780189402176,0.3448444670941108
4268.736399555176,20.19116152545347,0.3377184805137379
4271.159338938231,20.231687743115117,0.3304521449772301
4273.587141467405,20.271342000512384,0.3230037907111948
4276.019702507466,20.310102455397725,0.3153394600329146
4278.456914802114,20.347943190601676,0.30987442705207213
4280.898667984986,20.385128121847924,0.30551043307003445
4283.344883359608,20.421789373816328,0.3016007123761279
4285.795498084465,20.457981459301465,0.2976821302436851
4288.250455859581,20.493703314930706,0.29367930555867805
4290.709700257373,20.528944831597748,0.28946779344985973
4293.173173637165,20.56368096681173,0.2846729611005108
4295.640815353182,20.59784172214379,0.27942680912008816
4298.112556359839,20.6313729392382,0.27385113235093766
4300.588321112547,20.664235075120313,0.2679955891341769
4303.068029321562,20.696394545816414,0.26185007253577675
4305.55159666706,20.727816554520707,0.2553682209519235
4308.038934653602,20.758460741034938,0.24855272716904694
4310.529949942526,20.788287068295222,0.241462551750894
4313.0245443907215,20.817262574505328,0.23415245378345315
4315.522615899662,20.845360868959343,0.2267047165364171
4318.024059203937,20.872565434943713,0.21932988993509714
4320.52876705613,20.898885021735925,0.21168199346083214
4323.036633258738,20.924286860951224,0.2037823476891262
4325.547547682052,20.94874074267392,0.1955728383385162
4328.061396571173,20.97220948327454,0.18714249536481953
4330.578061709166,20.994666582718317,0.17862200753391025
4333.097421699092,21.016101223622385,0.1699473688987346
4335.6193538459265,21.036494907890233,0.16101250261810884
4338.143733234873,21.055816408204407,0.15183744237922508
4340.670431203857,21.074036901289915,0.1424757029934248
4343.199315632012,21.091133985649126,0.13276328166022303
4345.73025171029,21.107065579448353,0.12281965606258138
4348.263099579824,21.121803938175862,0.11288084760533916
4350.797716052405,21.135349639888503,0.10304652874602285
4353.3339580091915,21.147715223338025,0.09330375496167577
4355.871683835992,21.158911673933428,0.08363064564310342
4358.410753236864,21.1689473514106,0.07403300697449985
4360.951026919033,21.17783131224754,0.06474811276192137
4363.492366676503,21.18560108577897,0.05576178728119052
4366.0346388067965,21.192292500252712,0.04694548496634464
4368.577713906827,21.197925958448675,0.03813992024591381
4371.121465021841,21.202502748878185,0.02937327242831326
4373.665765351706,21.206027541569583,0.020623268809342798
4376.210488656694,21.208502333826704,0.01184862761339601
4378.755508936753,21.20992416914031,0.0031807360050696834
4381.30069983705,21.21030585746092,-0.005137611772883728
4383.845936539946,21.209689344048172,-0.01349486505008776
4386.391099261232,21.208069960242163,-0.021613672528711613
4388.936067656461,21.205476319538718,-0.029473770298657793
4391.480724814805,21.20193946710288,-0.03715494423021227
4394.024957550858,21.197480873795254,-0.04455956807918822
4396.568655255714,21.19213372562575,-0.051978441858072134
4399.1117113027885,21.185896312602782,-0.0593797717380032
4401.654018860301,21.17877073999422,-0.0666913484341108
4404.1954713491,21.170767778182128,-0.07393105533633153
4406.7359634824825,21.161896051541767,-0.08101274276419493
4409.275391008668,21.152174522410064,-0.0880519690263481
4411.813651951356,21.141608286126903,-0.09496153245750154
4414.350644945692,21.130212902232003,-0.10173432330983405
4416.886270493959,21.118004783434824,-0.10841075661492693
4419.420431067972,21.10499549264103,-0.11501511960179386
4421.953030527088,21.091193678288814,-0.12161228801418253
4424.483973768483,21.07660020372711,-0.12825839551239807
4427.0131657929305,21.061209196265622,-0.13482355607027116
4429.540510896482,21.04503036953719,-0.1413286637411874
4432.065914540827,21.028070929888248,-0.14767114020849542
4434.5892830524135,21.010350393063227,-0.15378449825958043
4437.1105250995815,20.991896253272078,-0.15979606103068514
4439.629552649974,20.972720725948395,-0.16566344375165812
4442.146279137088,20.952841112698195,-0.17134743703276398
4444.660620070612,20.932279420254265,-0.1768257458430892
4447.172493601042,20.911060330753095,-0.18210622630716536
4449.681820840733,20.889207583596235,-0.18718045480147827
4452.188525750765,20.86674592902006,-0.19207575214334666
4454.6925352622475,20.843696838762856,-0.19681330091258145
4457.193778882899,20.820079242653346,-0.20135142155813224
4459.692188392018,20.79591707206637,-0.20568499143104335
4462.187698440665,20.771234873094645,-0.20975948515599702
4464.680246625437,20.746063734875925,-0.2135009229262568
4467.169774273621,20.720443624124773,-0.2169779808011291
4469.656227508516,20.694406266428636,-0.2202238844763639
4472.139556260488,20.667979400291472,-0.22323753216844777
4474.619713788523,20.641190896431258,-0.22599804090936298
4477.096656696094,20.614071131522135,-0.22846396888802917
4479.570345231877,20.58665545525557,-0.2303119071728178
4482.040743886508,20.55901802639483,-0.2317800668063003
4484.507826049675,20.531204418378074,-0.2329695383679027
4486.97157057988,20.503248073773925,-0.23397966639068707
4489.431960348733,20.475170513807043,-0.23472301545296562
4491.8889808103895,20.44700375195269,-0.23532267053151892
4494.342621260624,20.418765031488906,-0.2358320897867222
4496.792873064403,20.3904651807145,-0.23617776303339946
4499.239728886088,20.362123849150493,-0.23647298844599218
4501.683183747987,20.333747090536974,-0.2366089318760644
4504.123233398851,20.305354018711846,-0.23662789303249315
4506.559875881097,20.276958671547945,-0.23659610234095355
4508.993110921682,20.24856713926703,-0.23646347308118174
4511.422938978394,20.220191522497288,-0.2362676199111279
4513.849361961094,20.191839408107953,-0.23590647614308713
4516.2723826900665,20.163530630970783,-0.23536762767871983
4518.692006365783,20.135286515649337,-0.23466705021415363
4521.108240747661,20.10712646962364,-0.23386360821718533
4523.521095924016,20.07906283663758,-0.23298909808718965
4525.930583464412,20.051104144867118,-0.23201134095017814
4528.336715961796,20.023262783953097,-0.23089847022622237
4530.73950749587,19.99555496752595,-0.22967520253551382
4533.138974091973,19.96799394322169,-0.2283161787063133
4535.53513336516,19.94059600177693,-0.22686381873696912
4537.9280048853725,19.913372343528497,-0.22532613680141175
4540.317609566596,19.886333207112326,-0.22362983888700103
4542.7039695514495,19.859497626445886,-0.2218231370873606
4545.087109266623,19.832878849995403,-0.21987230965540328
4547.467054728622,19.806494172836754,-0.217750565790518
4549.843834029362,19.780364104941892,-0.21548149564458424
4552.217477721955,19.754506325464543,-0.21306071404001786
4554.588018481011,19.728939039779743,-0.21048650244048822
4556.955491165785,19.703680659486885,-0.2077431425073085
4559.319932844924,19.67875148238601,-0.20481214181495322
4561.68138302281,19.654174025368214,-0.2016968835610732
4564.039883905854,19.629970399340884,-0.1984186699932566
4566.395480353775,19.606160158941695,-0.19502493798520096
4568.748219572848,19.58275716638347,-0.19149028305633
4571.098150432814,19.55977833241671,-0.18783277364895956
4573.445323832704,19.537238399578833,-0.1840711777470081
4575.789792440653,19.515149858249192,-0.18019001807849944
4578.131610423643,19.49352705607977,-0.17618653133538334
4580.4708336703725,19.472384672319524,-0.17211387684374216
4582.807519831051,19.451731007098275,-0.16793125166785583
4585.1417275519025,19.431579256898132,-0.16364871173684742
4587.47351706273,19.41194141148971,-0.15928009330987375
4589.802950032109,19.392827800292526,-0.15484710319344208
4592.130089368145,19.374246147909314,-0.15036259160459697
4594.454998905893,19.356202636916763,-0.1458286536917862
4596.777743222323,19.33870319847375,-0.14126599571577406
4599.09838760614,19.321751278987854,-0.13665446285633204
4601.416997759618,19.305352743445095,-0.1320381284119707
4603.733640088832,19.28950816803566,-0.12742271054566315
4606.048381068996,19.27421744277018,-0.12277399056372794
4608.361287162128,19.259484563902532,-0.11812705068662364
4610.672425309796,19.245309317820137,-0.11345676418655097
4612.981862427935,19.23169450611775,-0.10879907648225765
4615.289665768669,19.21863861693988,-0.10417190178242655
4617.5959024027015,19.206137988725988,-0.09956106738779799
4619.900638961349,19.194190660639453,-0.09496546446115575
4622.203941840626,19.182794804904116,-0.0903703162471041
4624.505877217214,19.171950366954462,-0.08578536695905675
4626.8065112612485,19.161656122919375,-0.08122015055236648
4629.105909995998,19.15190970485309,-0.07667672963803081
4631.404139160581,19.142708497296525,-0.07216590997829488
4633.701264180256,19.13404858809913,-0.06766447149265618
4635.997350010828,19.125928851520012,-0.06316827019814872
4638.292461473011,19.118348659096235,-0.058703988666808926
4640.586663312102,19.111304180456216,-0.05425374902422781
4642.880019813757,19.10479373057331,-0.04983575120950295
4645.172595061425,19.09881344042817,-0.04545848308049555
4647.464452674277,19.09335842245851,-0.041106308916522054
4649.755655684972,19.088425665388527,-0.036797034148820774
4652.046266764819,19.08401002129067,-0.032523830392299086
4654.3363479673735,19.080107161643593,-0.02828447223679035
4656.625960826771,19.076713024975177,-0.02409107596917116
4658.915166389768,19.073822095858876,-0.019944754341130487
4661.204025041271,19.07142872533794,-0.015853850328845318
4663.492596488311,19.06952626329848,-0.011815014353185308
4665.780939639907,19.0681084615761,-0.007845451374244476
4668.0691126552965,19.06716700741119,-0.003947469311678436
4670.357172696185,19.06669331109379,-0.00011790322639840144
4672.645175893516,19.06667916270662,0.003630508993463152
4674.933177393041,19.067114823785836,0.007298796335381558
4677.221231171895,19.06799067934608,0.010889531751120946
4679.509390053417,19.069297423156215,0.014385516987350303
4681.797705744196,19.071023685194696,0.017792587521251166
4684.08622858642,19.073158795697246,0.02114072911066931
4686.375007641903,19.075695683190528,0.024374615310455726
4688.664091123886,19.078620637027782,0.027504802007633097
4690.953525600329,19.0819212132687,0.030526371742770866
4693.243356145921,19.085584377877833,0.03344407765460029
4695.533626271266,19.089597667196387,0.03631821520904845
4697.82437799133,19.093955853021473,0.03898743826265504
4700.115652693693,19.098634345612993,0.041651902189134185
4702.407488815166,19.10363257387569,0.04417736941611751
4704.699924724031,19.108933858205624,0.04660462947049677
4706.992996787016,19.114526413742084,0.048910730617283155
4709.286739956665,19.120395701416157,0.05110402474443676
4711.581187440835,19.12652818438549,0.05322201327904044
4713.876370822961,19.132914825978972,0.05522666117339876
4716.172320602078,19.13954202531978,0.05714132074498698
4718.469065645117,19.146398983809178,0.058963123680502556
4720.766633523173,19.15347455865084,0.06069001406793505
4723.065050470212,19.16075736033899,0.06232897486153459
4725.364341353452,19.168236837322375,0.06388099917175749
4727.664529773931,19.175902557222987,0.06535329538201765
4729.965638080797,19.183744952668828,0.06674569440707737
4732.267687475118,19.191754435997677,0.06805974429035012
4734.570698007437,19.199921605312518,0.06928809890844503
4736.8746886000745,19.208236177181533,0.07045004589001118
4739.179676941336,19.216690182688335,0.0715279321852678
4741.485679763258,19.225273534550567,0.07254243368200941
4743.792712587405,19.233978626592407,0.07347654818914247
4746.100790022596,19.242795812375103,0.07434505569292438
4748.409925520081,19.251717219058254,0.07515114711227368
4750.720131586368,19.260735356711727,0.07585894836679213
4753.0314198291735,19.269838430515744,0.07652355422588981
4755.343800440835,19.27902125702285,0.07715199589957457
4757.657282991678,19.2882794965308,0.07771735906783134
4759.971876531261,19.297605579618942,0.0782152104713342
4762.287589200815,19.306991404875504,0.07864715439376714
4764.6044281694,19.316429063402754,0.07902671418939768
4766.922399657009,19.325912269105483,0.07934114474072292
4769.241509129301,19.33543320647437,0.07965515661180092
4771.561761114079,19.344991825267787,0.07988407554978434
4773.883160133111,19.35457791433376,0.07997552896338012
4776.2057094828315,19.364174977809366,0.08009351292871252
4778.529410480169,19.37378619936081,0.08014551468354131
4780.854264824092,19.383403661122838,0.08013807397285791
4783.180273263427,19.393020229999582,0.08005773402397753
4785.507435691027,19.40262715808246,0.0799302032309347
4787.835750949997,19.412218782470173,0.07976991889304923
4790.165217203894,19.42179117273734,0.07956147348248671
4792.495832144622,19.43133854955524,0.07929952395671559
4794.827592770569,19.440854492430045,0.07901391245749224
4797.16049530966,19.450336161924945,0.07866910766781772
4799.494535649092,19.459776454845084,0.07829602818195205
4801.829708823673,19.469171978226917,0.07790003473344817
4804.166009461061,19.478519982394932,0.0774613669727327
4806.503431858948,19.48781534643166,0.07700303254763614
4808.841969700519,19.497055710337374,0.07648420849410013
4811.181616385759,19.506233815356666,0.07593376901848428
4813.522364443602,19.515345867638885,0.07536228060556492
4815.864205947719,19.524389341311554,0.07474186556677709
4818.207132668676,19.533358365179566,0.07410704314381757
4820.551135672498,19.542251210356824,0.0734343732077822
4822.896205817741,19.55106333514176,0.07273552019534942
4825.242333417958,19.5597915975652,0.07201624886856182
4827.589508409666,19.56843354742943,0.07127093662905981
4829.937720435358,19.576986059824915,0.07049817470261573
4832.286958762536,19.58544584078923,0.06970973982269396
4834.637212263431,19.593811009567954,0.06890893961937294
4836.988469584579,19.602080082322278,0.06808676392545039
4839.340719194458,19.61025049399333,0.06723693206701055
4841.693949253737,19.618318925841372,0.066370834328842
4844.048147524838,19.626283425960832,0.06548898881865153
4846.403301535954,19.63414210461907,0.06458717739491772
4848.759398588508,19.64189256590646,0.0636736181825117
4851.116425696417,19.649533400088362,0.06272984285574479
4853.474369704427,19.65706098123105,0.061769353279145296
4855.833217022175,19.66447330362455,0.06079758267881061
4858.19295381861,19.671769013546008,0.05980651031070284
4860.553566100235,19.678945794783292,0.05879653689424816
4862.915039595609,19.6860013792106,0.05776951983826471
4865.277359761115,19.692933721591192,0.056731735725012
4867.6405118077055,19.699741529878192,0.05566603461968492
4870.004480791291,19.706421454032554,0.05458730314870608
4872.369251365775,19.7129719304104,0.05351205509112997
4874.7348079974245,19.719393377021337,0.052401311357870586
4877.101135202667,19.725681534384282,0.05128396445825873
4879.468216986793,19.731835610119273,0.05014929942709717
4881.836037260007,19.737853526050525,0.048998305656013236
4884.2045796831335,19.74373332272925,0.047846354596815986
4886.573827681861,19.749474885280865,0.04667094126627919
4888.943764668094,19.75507539823282,0.04548194806082519
4891.3143737158825,19.760533232000117,0.044282663378800845
4893.685637703723,19.765847151605573,0.04306730724536058
4896.057539361916,19.771015228475015,0.04185212901254383
4898.430061189332,19.77603748395652,0.04062257642488017
4900.803185687407,19.780912193127506,0.03938336888251789
4903.176895150582,19.785638197393407,0.03813981065128131
4905.551171734269,19.79021497467156,0.03688279055435043
4907.92599753123,19.79464090953808,0.03562839997376654
4910.301354440375,19.798916317534932,0.03436800924612505
4912.677224398479,19.803040478644466,0.03309838808903525
4915.053589255916,19.80701228521515,0.031834576668172604
4917.430430730143,19.81083243441533,0.030557302172857938
4919.807730622272,19.814499310676073,0.029283515924449863
4922.1854705395535,19.818013332587007,0.028013948384267188
4924.563632139464,19.82137500639312,0.026400505444321855
4926.942197140232,19.824543067046438,0.025336494485542642
4929.321142308278,19.827583446384704,0.02380334061449799
4931.700452321844,19.830439847258443,0.022807450144820215
4934.080105103515,19.83317674127582,0.02128534805565497
4936.460086312468,19.8357309830425,0.020082833989255415
4938.840374030433,19.83814092312121,0.018893476331168526
4941.220950941208,19.84040814028095,0.017658406312955812
4943.601799918041,19.842527149038503,0.016475892634768875
4945.9829031759255,19.844504256154675,0.01522516970210007
4948.364243686664,19.846331276518928,0.014047285677485977
4950.745803439846,19.848016950800226,0.012862379935027994
4953.127565473942,19.84956043639243,0.01166578271123384
4955.509512726309,19.85096033031778,0.01049124091090369
4957.891627965948,19.852219279227086,0.00931114801005773
4960.273894279455,19.853336616988294,0.00814274337254041
4962.656294673494,19.854313746193,0.006976033958433875
4965.038812323037,19.855150870268012,0.0058779686414105374
4967.421430427469,19.855856226504983,0.004722562208727388
4969.80413317465,19.85642293397003,0.0036569520195509292
4972.186903926727,19.856861768212376,0.0024997184467601403
4974.569727338912,19.857161734425986,0.001442130143725641
4976.952586747044,19.857334790043232,0.0003740055120574334
4979.335466921849,19.85737967070468,-0.0006617760161429222
4981.718352482333,19.857300257582743,-0.001684921227681156
4984.101228513243,19.85709806703542,-0.002710667468680814
4986.484080281287,19.856772786939178,-0.003682931998347628
4988.866893015719,19.856330835099378,-0.004668632377061786
4991.249652715931,19.855770599214132,-0.005624895641314087
4993.632345187837,19.855095611737173,-0.006735717276759307
4996.014956661245,19.85428732566396,-0.007574032214879679
4998.397471140325,19.853378441798174,-0.008582364198906744
5000.779876553341,19.852348558094306,-0.009362759322769693
5003.162158380312,19.851225026975573,-0.010361008656126
5005.544305383549,19.849981705936838,-0.011076521321439884
5007.926303188261,19.848652523378266,-0.011973427163579187
5010.308141491067,19.847215712118636,-0.012789049870167678
5012.689807376521,19.845681026134216,-0.013427824978263156
5015.0712890996565,19.844069687136823,-0.014233349542542646
5017.452577462113,19.84236168519172,-0.014968498247925148
5019.833660864337,19.84056546540197,-0.015686600995339153
5022.214528720185,19.838683073282528,-0.016332900144338042
5024.595170688978,19.83672312526521,-0.01685681610218453
5026.97557746401,19.834700307332948,-0.01747457147920031
5029.35574150089,19.832603358755446,-0.017925497121333116
5031.735653903941,19.830452299100884,-0.018467836850033014
5034.115308179833,19.82823615867888,-0.01887965392806543
5036.494696518875,19.825970600207512,-0.019302538359568116
5038.8738129909,19.823654295604364,-0.01974271718478694
5041.252651506372,19.82128516954219,-0.020137179888598904
5043.631205726717,19.81886870795556,-0.020404815378466196
5046.009469971672,19.816420130110142,-0.020718735502706347
5048.387440387285,19.813933881849817,-0.0210019186275663
5050.765112453107,19.811413651614508,-0.02146087830070724
5053.142482091301,19.808838346218423,-0.02183464365856371
5055.519542692847,19.806218188979393,-0.02216220395770959
5057.896288875524,19.80355872450447,-0.02245613107351118
5060.272715922465,19.80086398877565,-0.022705891352650977
5062.648819601118,19.79813928181333,-0.022928580462673657
5065.0245963149355,19.79538785215781,-0.023117197168839036
5067.400042857194,19.792613788497547,-0.023288913956129583
5069.775156511814,19.789819118822813,-0.023467473017705427
5072.149934806073,19.787003022060688,-0.02360338719402512
5074.52437516872,19.784170615597404,-0.023740145062474582
5076.898475642592,19.781321798189907,-0.023850553770050704
5079.272234258375,19.778459731737502,-0.023904038878390932
5081.645649426183,19.775591247072096,-0.02397940985447027
5084.018720375831,19.77271371788956,-0.024017289588273726
5086.3914460219785,19.769831643138968,-0.02407623753739734
5088.7638258191555,19.76694249463448,-0.024119101298983616
5091.135858918512,19.7640482024786,-0.024116751338215947
5093.507544702809,19.761154192318017,-0.02406898148673404
5095.878883205887,19.75826591453961,-0.024047554942128947
5098.249875115632,19.755380207946555,-0.02399110636543792
5100.620520740586,19.752501275182702,-0.02393834954413602
5102.990820893608,19.749628673237407,-0.023820537706196524
5105.360776334396,19.746770208712665,-0.023717398430932932
5107.730388759442,19.743924120900953,-0.023561165606985277
5110.09965965395,19.741096781028116,-0.02338101430137456
5112.468591267673,19.73829105931195,-0.023217815193221587
5114.837186194791,19.735504921488765,-0.023135645565595882
5117.2054467853695,19.732728644020895,-0.022874276218583203
5119.573374222652,19.729983730874665,0.0
