position,velocity,acceleration
-372.52739197333904,19.444444444444443,3.20093951344802e-15
-370.1940586400057,19.444444444444443,8.358302254076067e-06
-367.8607253066724,19.444445447440714,8.184091348750155e-05
-365.5273918529795,19.444455268350332,0.0002148654323705097
-363.1940572207775,19.444481052202217,0.00040207674493637183
-360.8607194945132,19.44452930141161,0.0006383492157903029
-358.5273759783438,19.444605903317505,0.0009187876629126978
-356.1940232699457,19.444716157837053,0.0012387272371516542
-353.86065733100526,19.44486480510551,0.00159373231996238
-351.5272735543926,19.445056052983904,0.0019795945456657416
-349.1938668280345,19.445293604329386,0.0023923300469497607
-346.86043159551497,19.44558068393502,0.002828176015941315
-344.5269619134428,19.44592006505693,0.0032835866661052805
-342.19345150563595,19.446314095456863,0.0037552286740379515
-339.85989381418113,19.446764722897747,0.004239976174361076
-337.5262820474334,19.44727352003867,0.004734905374684645
-335.1926092250288,19.447841708683633,0.005237288852554631
-332.85886821998673,19.44847018334594,0.005744589590960792
-330.5250517979852,19.449159534096854,0.006254454803980431
-328.1911526538936,19.449910068673333,0.006764709599759358
-325.8571634456528,19.450721833825305,0.007273350523468305
-323.52307682559376,19.45159463588812,0.007778539019037409
-321.1888854692872,19.452528060570405,0.008278594844503972
-318.85458210201875,19.453521491951744,0.008771989472348658
-316.52015952298456,19.454574130688425,0.009257339502945302
-314.18561062730197,19.455685011428777,0.009733400116120467
-311.85092842593053,19.45685301944271,0.010199058583029158
-309.5161060635974,19.458076906472673,0.010653327857920652
-307.1811368348207,19.459355305815624,0.011095340266922018
-304.8460141981228,19.460686746647653,0.011524341308890178
-302.5107317885251,19.46206966760472,0.011939683580990481
-300.1752834284125,19.46350242963444,0.01234082084026848
-297.83966313685636,19.464983328135272,0.01272730221036148
-295.50386513748015,19.466510604400515,0.013098766541073295
-293.1678838649521,19.468082456385442,0.01345493692714988
-290.83171397018583,19.469697048816702,0.013795615391296862
-288.49535032432783,19.471352522663658,0.014120677735181738
-286.1587880216082,19.47304700399188,0.014430068561230112
-283.82202238112916,19.47477861221923,0.014723796467078446
-281.48504894766285,19.47654546779528,0.015001929413522037
-279.1478634915274,19.4783456993249,0.015264590266301293
-276.8104620076084,19.48017745015686,0.015511952511073153
-274.47284071358956,19.482038884458188,0.015744236140616298
-272.1349960474546,19.483928192795062,0.015961703712524825
-269.7969246643192,19.485843597240564,0.016164656575329353
-267.4586234326503,19.487783356029603,0.016353431260559985
-265.12008942992674,19.48974576778087,0.01652839603783566
-262.78131993779306,19.491729175305412,0.016689947629839795
-260.4423124367564,19.493731969020992,0.01683850808371092
-258.1030646004739,19.49575258999104,0.016974521795262355
-255.76357428967495,19.497789532606472,0.017465530616411394
-253.42383954576218,19.49988539628044,0.03858174056558766
-251.08385329820854,19.504515205148312,0.09657219355415336
-248.74331147359075,19.51610386837481,0.1420081713892809
-246.40137900938578,19.53314484894152,0.17493185478231785
-244.0574016275128,19.5541366715154,0.19973219939620768
-241.71090522693095,19.578104535442947,0.2187945690411839
-239.3615326826778,19.604359883727888,0.23264601065326326
-237.00900949663045,19.63227740500628,0.24172248077837316
-234.6531362080297,19.661284102699685,0.24608459661951498
-232.29378211570574,19.690814254294025,0.24415775680853732
-229.93088440519045,19.72011318511105,0.23538128316108836
-227.56447082297714,19.74835893909038,0.2223562455247522
-225.1946677502863,19.77504168855335,0.20556647440238984
-222.8216627476599,19.79970966548164,0.1871955382771992
-220.4456975878021,19.822173130074905,0.16932529508167016
-218.06703681219312,19.842492165484707,0.15199883294565827
-215.68593775233495,19.860732025438185,0.13502573645062332
-213.30264990928237,19.87693511381226,0.11754905118855451
-210.9174176956249,19.891040999954885,0.09930766834703045
-208.5304927756303,19.902957920156528,0.08233347475412346
-206.14213782521153,19.912837937127023,0.06655296288679113
-203.7525972727563,19.920824292673437,0.051010406755748874
-201.3620983576355,19.926945541484127,0.0350245948911945
-198.9708648926574,19.93114849287107,0.017847518625964818
-196.57912707351286,19.933290195106185,0.0018392451716999205
-194.18713225010012,19.933510904526788,-0.012604039097310159
-191.7951109415569,19.93199841983511,-0.028529111872036845
-189.4032711311767,19.928574926410466,-0.03927670320510799
-187.01184214000745,19.923861722025855,-0.04348937607003363
-184.62097873336435,19.91864299689745,-0.04443589870200161
-182.23074157373665,19.91331068905321,-0.04477945488931989
-179.84114429105026,19.90793715446649,-0.046685557522962155
-177.45219183251427,19.902334887563736,-0.046428273741192676
-175.06391164600663,19.896763494714794,-0.046812527171674896
-172.67630002664086,19.89114599145419,-0.0465678220228609
-170.28936250766637,19.88555785281145,-0.04497258805554595
-167.90309556532898,19.880161142244784,-0.042878117727146725
-165.5174762282596,19.875015768117528,-0.040384968905302604
-163.1324743360855,19.87016957184889,-0.036711509415203965
-160.74805398746363,19.865764190719066,-0.03380389081740205
-158.36416228457736,19.861707723820977,-0.030218638048441743
-155.98075735771886,19.858081487255163,-0.02747930505376418
-153.59778757924823,19.85478397064871,-0.02845776525112499
-151.21521350277038,19.851369038818575,-0.028146516796087883
-148.83304921811217,19.847991456803044,-0.027586393580516073
-146.4512902432958,19.84468108957338,-0.027996328706385566
-144.069928512547,19.841321530128614,-0.027977953661378875
-141.68896992893156,19.837964175689248,-0.02803627846938663
-139.30841422784886,19.83459982227292,-0.027888570884277736
-136.9282622491761,19.83125319376681,-0.027815498193773245
-134.54851186592407,19.827915333983555,-0.02790797821261585
-132.16916202584605,19.82456637659804,-0.025393056698839914
-129.79021406065428,19.82151920979418,-0.02301542471996566
-127.41163175547898,19.81875735882778,-0.020756607972003332
-125.03338087241964,19.816266565871143,-0.018225980844874975
-122.6554288845151,19.814079448169757,-0.015526807053568759
-120.27773935073473,19.81221623132333,-0.011891651747700356
-117.90027340297594,19.810789233113606,-0.008985634914212838
-115.52297869500231,19.8097109569239,-0.006563178676209842
-113.14581338017145,19.808923375482756,-0.0043355859780209735
-110.76874257511352,19.808403105165393,-0.0033318989171406766
-108.39173420249368,19.808003277295334,-0.0027906623018044306
-106.01477380921824,19.807668397819118,-0.0019027834962260998
-103.63785360147995,19.80744006379957,-0.0013036213632151535
-101.260960793824,19.807283629235986,-0.0002591071079675914
-98.88408675831568,19.80725253638303,0.0008720740243415816
-96.50721645394971,19.80735718526595,0.001789091036044361
-94.1303335917178,19.807571876190273,0.0035119631768079883
-91.75342496657497,19.80799331177149,0.004363462554520668
-89.3764657691624,19.80851692727803,0.004597790130613186
-86.99944373788902,19.809068662093704,0.004705229820532888
-84.62235549843778,19.809633289672167,0.004488505948417277
-82.24519950367713,19.81017191038598,0.0046986233672908105
-79.8679788744308,19.810735745190055,0.004373878995731035
-77.490690585008,19.811260610669542,0.004236284362320413
-75.11333931172766,19.81176896479302,0.004665912755115056
-72.7359270359525,19.812328874323637,0.004393298898016392
-70.35844757103366,19.812856070191398,0.004565706937640038
-67.9809048426107,19.813403955023915,0.005272490557535569
-65.60329636800783,19.81403665389082,0.0059715719125731145
-63.225611969540935,19.81475324252033,0.007345133163423764
-60.8478415804385,19.81563465849994,0.008441124497210524
-58.46996542141851,19.816647593439605,0.009949298613618799
-56.09196771020576,19.81784150927324,0.012171242074440897
-53.71382672909297,19.819302058322172,0.014202470041886524
-51.335510482094314,19.8210063547272,0.01647974198326474
-48.95698971952705,19.82298392376519,0.01906062508092655
-46.57823164867523,19.8252711987749,0.021380470425638638
-44.19919910482224,19.827836855225975,0.023954197294658468
-41.819858682195125,19.830711358901333,0.026467349595551293
-39.44017331912696,19.8338874408528,0.029092033517493426
-37.060106826224626,19.837378484874897,0.03226602313004774
-34.67962140803964,19.841250407650502,0.03490237847152428
-32.29867135912158,19.845438693067084,0.0377741769759341
-29.917218715953528,19.849971594304197,0.040684710063639044
-27.535222124637023,19.854853759511833,0.04327882200468135
-25.152639673495603,19.860047218152395,0.045952605317419855
-22.769434007317315,19.865561530790487,0.04814688977975714
-20.385566623622456,19.87133915756406,0.050396632945768564
-18.001005924714768,19.877386753517552,0.05266537488188059
-15.615719514292662,19.883706598503377,0.05452451565406148
-13.229674722472257,19.890249540381863,0.056739430246817456
-10.842844777626434,19.89705827201148,0.05887263052646938
-8.455197784985057,19.904122987674658,0.060814970948391604
-6.066703026464097,19.911420784188465,0.06288222123472804
-3.6773325323614814,19.918966650736632,0.06467284097519466
-1.2870565342730855,19.926727391653657,0.06654237201611635
1.1041507527253533,19.93471247629559,0.06838400531686566
3.4963162498808242,19.942918556933616,0.06987951221068883
5.889466476712858,19.9513040983989,0.07153177607475392
8.283622968520726,19.959887911527872,0.0730768936907792
10.678809517904071,19.968657138770766,0.07448342519040325
13.075048374556562,19.977595149793615,0.07597484961098322
15.472359792531796,19.986712131746934,0.07721186864347711
17.870765248341428,19.99597755598415,0.07850662573412003
20.270282555059527,20.005398351072245,0.07978003935947339
22.670930357188197,20.01497195579538,0.08074601854080926
25.07272699188364,20.024661478020278,0.08197694450473379
27.475686369246073,20.034498711360847,0.08303937434758511
29.879826214609373,20.044463436282555,0.0839514711590253
32.28516182696328,20.054537612821637,0.08496806118808845
34.69170634050188,20.064733780164207,0.08567962843257962
37.099474394121586,20.07501533557612,0.08648865181412095
39.50847623439072,20.085393973793813,0.08714808579776329
41.91872351124598,20.095851744089543,0.08753281568394813
44.330225720536724,20.106355681971618,0.08803463277619296
46.74298840237332,20.11691983790476,0.08829816618409544
49.157018782921895,20.12751561784685,0.08845696738615211
51.572320657063514,20.138130453933186,0.08868236797813216
53.9888963115355,20.148772338090563,0.08871119392724527
56.406748992106365,20.159417681361834,0.08879263743607874
58.82587911386979,20.170072797854164,0.08875801816155178
61.24628784961229,20.18072376003355,0.08853429855246807
63.667974700816316,20.191347875859847,0.08840030414241842
66.0909364459195,20.201955912356937,0.08806459423456113
68.51517115540233,20.212523663665085,0.08763138633723254
70.94067399504213,20.22303943002555,0.08720786856314659
73.3674387266452,20.23350437425313,0.08657033672228477
75.79545925155558,20.243892814659805,0.0859696256471202
78.22472638931477,20.25420916973746,0.08523368354708855
80.65523148968326,20.264437211763113,0.084329792504223
83.08696395509483,20.27455678686362,0.08349735583993306
85.51991076951846,20.284576469564414,0.08241599710938449
87.95405994586619,20.29446638921754,0.08129464785509735
90.3893959125723,20.304221746960152,0.08016178232394544
92.82590252220751,20.313841160839026,0.07881095210643291
95.2635634615082,20.323298475091796,0.07748567436221732
97.70235927851921,20.332596756015263,0.07596793980319282
100.14227088924105,20.341712908791646,0.0743104246573014
102.58327643829604,20.350630159750523,0.07264582993377988
105.02535205746611,20.359347659342575,0.07071819571013131
107.46847377658722,20.36783384282779,0.06871580464356475
109.91261383772655,20.376079739385016,0.06659479042835757
112.35774340645276,20.38407111423642,0.06424343505328994
114.80383194016113,20.391780326442813,0.061844122234568026
117.25084557933427,20.39920162111096,0.05923278677075013
119.69874977386758,20.40630955552345,0.05646925687267739
122.14750692053039,20.413085866348172,0.05365097438033831
124.59707722449217,20.419523983273812,0.05056188610967021
127.04742010248502,20.425591409606973,0.04681620695174798
129.49849107163786,20.431209354441183,0.04200277972984109
131.9502361941708,20.436249688008765,0.03643496348827468
134.40258615673184,20.440621883627358,0.030548861793486492
136.85546078276712,20.444287747042576,0.024861618970092772
139.30877531241222,20.44727114131899,0.019373633812914102
141.7624478493705,20.44959597737654,0.01407338840096261
144.21639936665568,20.451284783984654,0.008730436435478443
146.67055354073383,20.45233243635691,0.0032110719896385627
149.12483343309665,20.45271776499567,-0.0021513353321746865
151.57915956489614,20.45245960475581,-0.0073795631103716714
154.03345471746684,20.451574057182565,-0.012356044451214397
156.48764360432875,20.45009133184842,-0.017283555346240206
158.94165456415055,20.44801730520687,-0.022160406053898584
161.39541664077538,20.445358056480405,-0.02704393152234443
163.84885960755304,20.442112784697724,-0.0321260970232579
166.30191314171677,20.438257653054933,-0.0372736241480336
168.75450406008335,20.433784818157168,-0.04253764792309471
171.2065582382622,20.4286803004064,-0.047944455539443646
173.65799987431097,20.422926965741667,-0.05340826272991765
176.10875111019996,20.416517974214077,-0.0590869853107195
178.55873326710565,20.40942753597679,-0.06491808833983825
181.00786457142286,20.401637365376008,-0.07087333218134886
183.45606105526798,20.393132565514247,-0.07701418573490793
185.9032369631297,20.383890863226057,-0.08323317683427314
188.34930386671684,20.373902882005943,-0.08961691465786915
190.79417221255756,20.363148852246997,-0.09619070037581633
193.2377500748272,20.3516059682019,-0.10298111275827768
195.67994279101143,20.339248234670904,-0.1101512074330227
198.12065257917195,20.326030089778943,-0.11765933866675814
200.5597761899454,20.311910969138932,-0.12543215301189153
202.99720550624207,20.296859110777504,-0.1334495401405713
205.43282859953536,20.280845165960635,-0.14159923320327536
207.86653001945064,20.26385325797624,-0.14989528950933867
210.29819241040778,20.24586582323512,-0.15840588352998114
212.727696309196,20.226857117211523,-0.1670708970266729
215.15491916326138,20.206808609568323,-0.17598117417764048
217.57973619640958,20.185690868667006,-0.18504415468476357
220.00201910064962,20.163485570104836,-0.194252505355699
222.4216373690622,20.14017526946215,-0.20366149679123183
224.83845840139767,20.115735889847205,-0.2131629841824161
227.25234670817935,20.090156331745316,-0.22278556160623136
229.6631654679888,20.06342206435257,-0.23246041085410046
232.0707761157111,20.035526815050076,-0.24218059510636913
234.47503933351712,20.00646514363731,-0.25199584275711023
236.8758151507536,19.976225642506456,-0.2618870737049405
239.27296222785438,19.944799193661865,-0.2718776142254464
241.6663381310938,19.91217387995481,-0.2819729711903712
244.05579899668837,19.878337123411967,-0.29211838921758054
246.4411994514978,19.843282916705856,-0.30231609019533656
248.8223934015025,19.807004985882415,-0.3125717675566786
251.19923399980837,19.769496373775613,-0.3228949230159161
253.57157356466143,19.730748983013704,-0.3333085616210086
255.9392634426231,19.690751955619184,-0.3437642134922123
258.3021536772974,19.64950025000012,-0.3542504457793855
260.6600937072974,19.606990196506594,-0.3647779591711723
263.0129325308782,19.563216841406053,-0.37528885240758586
265.3605185518469,19.518182179117144,-0.3858145120610789
267.70270041334095,19.471884437669814,-0.39632689944818905
270.03932654586134,19.424325209736033,-0.40676493430985694
272.37024557102967,19.37551341761885,-0.4171619259390725
274.69530718114396,19.32545398650616,-0.42744453191575055
277.0143616595247,19.27416064267627,-0.4376419485239185
279.32726093664587,19.2216436088534,-0.4477708873719497
281.6338581697083,19.167911102368766,-0.4577812046435291
283.93400750199254,19.11297735781154,-0.4677352855583185
286.22756478492994,19.05684912354454,-0.4775852230262403
288.51438667975526,18.99953889678139,-0.4873202450550905
290.79433134736905,18.94106046737478,-0.496946412560917
293.06725860345404,18.88142689786747,-0.5063941964443993
295.33302983119813,18.820659594294142,-0.5156877378304314
297.5915089825134,18.75877706575449,-0.5248245810982806
299.8425622304039,18.695798116022697,-0.5337892461975411
302.0860580043267,18.631743406478993,-0.5426193583513946
304.32186721310416,18.566629083476826,-0.5512936652949688
306.5498627031214,18.50047384364143,-0.5601078490720445
308.76991956435836,18.433260901752785,-0.5686981964728783
310.9819108725687,18.36501711817604,-0.5770011026935429
313.18571292674983,18.295776985852815,-0.582191096311841
315.38120616505216,18.225914054295394,-0.5858531979732123
317.5683158515676,18.155611670538608,-0.5901277472974965
319.7469892520322,18.08479634086291,-0.5953040432732215
321.91716481293577,18.01335985567012,-0.6010073362796994
324.0787679956162,17.94123897531656,-0.6070455638951016
326.2317166726542,17.868393507649145,-0.6133477684605058
328.3759238935721,17.794791775433886,-0.6198393631221751
330.5112989066242,17.720411051859227,-0.6265392327617018
332.6377482328473,17.645226343927824,-0.6335845315076613
334.7551753941186,17.569196200146905,-0.6408437308995893
336.86347893813627,17.492294952438954,-0.6482232765344406
338.96255433242897,17.414508159254822,-0.6555493974846202
341.0522953115395,17.33584223155667,-0.6626001276440296
343.13259637932634,17.256330216239384,-0.6692296233249362
345.20335600527505,17.176022661440392,-0.675409638945471
347.2644787246479,17.094973504766937,-0.6811938403596861
349.31587554521997,17.013230243923775,-0.6866575643035694
351.3574631744908,16.930831336207348,-0.6917188775936354
353.3891629348357,16.84782507089611,-0.6962759193692065
355.4109019433433,16.764271960571804,-0.7003320874691764
357.4226145786119,16.680232110075504,-0.7039802324639143
359.42424243182097,16.595754482179835,-0.7072794532494051
361.41573296968255,16.510880947789907,-0.7102560122719724
363.39703868341735,16.42565022631727,-0.71268829829421
365.3681167105754,16.340127630521966,-0.7147785134298429
367.328932026238,16.254354208910385,-0.716383169016118
369.2794545313073,16.16838822862845,-0.7170933033269615
371.2196611187427,16.082337032229216,-0.7169832904573317
373.1495415626102,15.996299037374335,-0.7162146151447318
375.0690974470951,15.910353283556967,-0.7151927912490177
376.9783398411219,15.824530148607085,-0.7137670360108826
378.87728345895476,15.73887810428578,-0.7119699969305293
380.7659488314691,15.653441704654115,-0.7098433903010065
382.64436183602754,15.568260497817995,-0.7073315092353254
384.5125530957657,15.483380716709757,-0.7044087200607976
386.3705587817709,15.398851670302461,-0.7011434190048218
388.2184209822072,15.314714460021882,-0.6974660989686907
390.05618671740984,15.23101852814564,-0.6934252032761716
391.8839089407873,15.1478075037525,-0.6890877455769833
393.7016458412376,15.065116974283262,-0.6843770160844818
395.50945987815163,14.982991732353124,-0.6795716482410535
397.307418886034,14.901443134564198,-0.6746024530861481
399.0955920621817,14.82049084019386,-0.6692648146693082
400.87405096300495,14.740179062433544,-0.663683000888259
402.64287245049695,14.660537102326954,-0.6577943366446001
404.4021369027762,14.581601781929601,-0.6515758731086234
406.15192911660773,14.503412677156566,-0.6451023451738023
407.89233863786654,14.42600039573571,-0.6383401902972712
409.6234586853548,14.349399572900037,-0.6313916151509498
411.34538663410285,14.273632579081923,-0.6240833047366509
413.0582225435927,14.198742582513525,-0.616423131997073
414.76207165349433,14.124771806673875,-0.6085230311779645
416.45704427029517,14.051749042932519,-0.6003697996356292
418.1432541554471,13.979704666976243,-0.5919882683359933
419.8208187154842,13.908666074775924,-0.5833151836742329
421.48985864445734,13.838668252735017,-0.5744011327916212
423.15049883478554,13.769740116800023,-0.5653181123011883
424.80286764880157,13.70190194332388,-0.5560359644216316
426.44709588200044,13.635177627593285,-0.5466075351338409
428.08331719731166,13.569584723377224,-0.5370415590489771
429.7116673641169,13.505139736291346,-0.527329407434615
431.3322841324719,13.441860207399191,-0.5174602671650815
432.9453073573598,13.379764975339382,-0.5074105163033932
434.55087915440055,13.318875713382976,-0.49713990207803876
436.1491442400065,13.259218925133611,-0.48670917489117327
437.7402505110225,13.200813824146671,-0.4760775870195005
439.3243481699201,13.143684513704331,-0.46528216633166447
440.90159031156463,13.087850653744532,-0.45440302933467513
442.472132390014,13.03332229022437,-0.44340925818147964
444.0361310648409,12.980113179242593,-0.43231843929812225
445.59374464635,12.92823496652682,-0.4210966648258203
447.1451328423332,12.87770336674772,-0.40975661580657435
448.69045724634293,12.828532572850932,-0.39833445750092394
450.229881155085,12.780732437950821,-0.386774773358418
451.7635690476391,12.734319465147811,-0.3751397810511545
453.29168738345686,12.689302691421673,-0.36344762098347433
454.81440370642747,12.645688976903656,-0.3516469150918631
456.3318863836559,12.603491347092634,-0.3397799693472255
457.844305345307,12.562717750770966,-0.32783036327192966
459.35183147539954,12.523378107178335,-0.3158294780315742
460.85463684826095,12.485478569814546,-0.30380137317764927
462.3528942766387,12.449022405033228,-0.29170907262565077
463.8467769652427,12.41401731631815,-0.2795798498802266
465.3364590432009,12.380467734332523,-0.2674468846021373
466.8221151713208,12.348374108180266,-0.25529508280787844
468.3039200643024,12.317738698243321,-0.2431580758984827
469.7820487080916,12.288559729135503,-0.23104522168220223
471.25667587558786,12.26083430253364,-0.21895439522624985
472.7279759918919,12.23455977510649,-0.20691077672179267
474.1961231649047,12.209730481899875,-0.1948886543030128
475.66129082273267,12.186343843383513,-0.18291810242230772
477.1236520839387,12.164393671092837,-0.17101376016610298
478.58337932446983,12.143872019872905,-0.15915255975655224
480.0406439668546,12.124773712702119,-0.1473721458387723
481.49561681237884,12.107089055201467,-0.13566569482678217
482.948467499003,12.090809171822253,-0.1240534114171149
484.39936459962166,12.0759227624522,-0.11254630091483592
485.84847533111594,12.062417206342419,-0.1011231594466633
487.29596539587703,12.050282427208819,-0.08981680869482106
488.7419992871421,12.03950441016544,-0.07861261932379877
490.186739816362,12.030070895846585,-0.06750508021784327
491.6303483238636,12.021970286220444,-0.056520867747008825
493.07298475821005,12.015187782090804,-0.0456502024403972
494.51480729206094,12.009709757797957,-0.03555563039646586
495.95597246299667,12.00544308215038,-0.026255421500915258
497.3966256328547,12.00229243157027,-0.017408588760633635
498.8369007246431,12.000203400918993,-0.008827479928996426
500.2769251327534,11.999144103327513,-0.0004172246202725154
501.71682242515266,11.99909403637308,0.007877981134364533
503.1567137095174,12.000039394109203,0.016059154484109158
504.59671843681053,12.001966492647297,0.024099713241904054
506.0369544159282,12.004858458236326,0.03241315414605268
507.4775374309166,12.008748036733852,0.04078856681799344
508.9185871953246,12.01364266475201,0.049519325737290336
510.36022431509485,12.019584983840485,0.05854683080241521
511.8025745131557,12.026610603536774,0.06781101852528684
513.2457677855801,12.034747925759808,0.07723458018523886
514.6899375366713,12.044016075382036,0.08672591016889639
516.1352194657171,12.054423184602303,0.09624579360227663
517.5817502478694,12.065972679834577,0.10574085891033085
519.0296669694495,12.078661582903816,0.11517410393456375
520.479106359398,12.092482475375963,0.12452701829909202
521.9302042564431,12.107425717571854,0.1337043210996315
523.3830953425517,12.12347023610381,0.14268735847858788
524.8379117708841,12.14059271912124,0.151463034671569
526.2947828971787,12.158768283281828,0.1600286113804901
527.7538350911725,12.177971716647487,0.16840837125272967
529.2151916971702,12.198180721197815,0.17655439850328822
530.6789733837139,12.219367249018209,0.18448355605566422
532.1452974535961,12.241505275744888,0.19218768305169975
533.6142780866854,12.264567797711093,0.1995678095672775
535.0860262224107,12.288515934859166,0.20659073910951653
536.5606481345939,12.313306823552308,0.21325025297252218
538.0382449534202,12.338896853909011,0.2195872027298273
539.5189125758893,12.365247318236591,0.2256023650475261
541.0027422540777,12.392319602042294,0.2313154178700735
542.4898206063227,12.420077452186703,0.23669327273142468
543.9802299005851,12.448480644914474,0.2417747470455674
545.4740475779748,12.477493614559942,0.24654990030457924
546.971346811722,12.507079602596491,0.25104426497398463
548.4721963640336,12.537204914393369,0.25527888392077536
549.9766609537608,12.567838380463861,0.2592359766533116
551.4848015594164,12.598946697662258,0.2629813507577783
552.9966751631358,12.630504459753192,0.2664578480982617
554.5123356983062,12.662479401524983,0.26974227144091356
556.0318332264892,12.694848474097894,0.27284871735883515
557.5552150433809,12.727590320180955,0.27574576528453
559.0825258818027,12.760679812015098,0.2784583364559068
560.6138074592445,12.794094812389806,0.28099015990756465
562.1490988367314,12.827813631578714,0.28331798836973593
563.6884364725208,12.861811790183083,0.28546875886271844
565.2318538873428,12.89606804124661,0.2874415838363498
566.7793820522924,12.930561031306972,0.2892229298412874
568.3310493760492,12.965267782887926,0.2908194060155763
569.8868815099958,13.000166111609795,0.29219868811020416
571.4469014433889,13.03522995418302,0.2933648216003741
573.0111290378909,13.070433732775065,0.29434033518567165
574.5795810858239,13.105754572997345,0.2951140302188043
576.1522716345836,13.141168256623601,0.29568204397922204
577.7292118253785,13.176650101901108,0.295987841809458
579.3104098376066,13.212168642918243,0.29604347001366993
580.8958700747568,13.247693859319883,0.29589503211061885
582.4855933378751,13.283201263173156,0.29553991727359186
584.0795774894559,13.318666053245988,0.295013446377947
585.6778174158454,13.354067666811341,0.29432560505677174
587.2803055358628,13.389386739418153,0.2934773981857355
588.887031944593,13.424604027200441,0.29248990614600945
590.4979844278571,13.459702815937963,0.2913433304239529
592.1131487657697,13.494664015588837,0.29006457580057865
593.7325084476403,13.529471764684907,0.2886532621521434
595.3560450594025,13.564110156143164,0.28710394582972293
596.9837382781396,13.59856262964273,0.2854458512715952
598.6155657936968,13.632816131795321,0.28366858988623345
600.2515037295123,13.666856362581669,0.28177642883706056
601.8915264930221,13.700669534042117,0.2797676900141295
603.5356068371071,13.734241656843812,0.27764242409376927
605.1837158359284,13.767558747735064,0.2754058464551984
606.8358228856566,13.800607449309688,0.27306059618781053
608.4918957795738,13.833374720852225,0.27060022469598555
610.1519007460761,13.865846747815743,0.26803700230974936
611.815802355814,13.898011188092912,0.2653616408155065
613.4835636983851,13.929854584990773,0.26257145992987657
615.155146248584,13.961363160182358,0.25967453808081065
616.8305098278058,13.992524104752055,0.2566591810636736
618.509612720376,14.023323206479697,0.2535428136232584
620.1924115051536,14.053748344114489,0.2503205596358496
621.8788613064473,14.083786811270791,0.24697359536008454
623.5689157237998,14.113423642714,0.24351840281649703
625.2625265609255,14.14264585105198,0.23994591499043524
626.9596440630518,14.171439360850833,0.2362641878911481
628.6602167863539,14.199791063397772,0.23248759491543544
630.3641917139616,14.227689574787624,0.2286072262890822
632.0715144629362,14.255122441942314,0.22463963720542757
633.7821291559693,14.282079198406965,0.22058193414527474
635.4959786597782,14.308549030504398,0.21643428211311483
637.2130045434387,14.334521144357971,0.21221065295760166
638.9331470807617,14.359986422712884,0.20790541883030447
640.6563454514873,14.384935072972521,0.2035254769158341
642.382537660244,14.40935813020242,0.19907820385933428
644.1116606358682,14.43324751466554,0.19456388519421475
645.8436503376281,14.456595180888845,0.18999626290254465
647.5784417593347,14.47939473243715,0.18537673979929123
649.3159691272272,14.501639941213066,0.18070449523176926
651.0561659201727,14.523324480640879,0.17599025723556053
652.7989648578496,14.544443311509147,0.17122862478717382
654.5442980552307,14.564990746483607,0.1664230648287673
656.2920969448087,14.584961514263059,0.1615820157757832
658.0422923265203,14.604351356156153,0.15670022747888168
659.794814489259,14.623155383453618,0.15179070799848823
661.5495931352734,14.641370268413436,0.14684783505341326
663.3065575674831,14.658992008619846,0.14187356666133139
665.0656366085175,14.676016836619205,0.13688052593349403
666.8267586289118,14.692442499731223,0.1318617122734884
668.5898517288795,14.708265905204042,0.12682642544422434
670.3548436375039,14.723485076257349,0.1217775404314969
672.1216618466548,14.738098381109129,0.11671408147387885
673.8902336523879,14.752104070885995,0.11164797024874479
675.6604861408942,14.765501827315845,0.10657606627858483
677.4323463601721,14.778290955269275,0.10150528973020642
679.2057412748044,14.7904715900369,0.0964426748807524
680.9805978656088,14.80204471102259,0.09138479712284273
682.7568432309315,14.813010886677331,0.08634153527307158
684.5344045373328,14.8233718709101,0.08131407306060753
686.313209161842,14.833129559677372,0.07630257050415536
688.0931847090033,14.842285868137871,0.07131523239352752
689.8742590131798,14.850843696025095,0.06634988960441761
691.6563602567028,14.858805682777625,0.06141133045965211
693.4394169386361,14.866175042432783,0.05650815234953332
695.223357943728,14.872956020714726,0.05163710455843924
697.0081126662138,14.879152473261739,0.04680633468928235
698.7936109630052,14.884769233424452,0.042017704281149634
700.5797832710161,14.88981135793819,0.0372691191145037
702.3665606339687,14.89428365223193,0.03256908740739801
704.1538746722365,14.898191942720818,0.02791378667392248
705.941657705363,14.901541597121689,0.023308224460440393
707.7298426970176,14.904338584056942,0.018757637868826883
709.5183633271045,14.906589500601202,0.014257193272236285
711.3071540671766,14.90830036379387,0.009814996187855817
713.0961501108319,14.909478163336413,0.005450963960849778
714.8852874904322,14.910132279011714,0.0011627899491415236
716.6745033639137,14.910271813805611,-0.003047656693433213
718.4637359815704,14.9099060950024,-0.0071868820513619515
720.2529247129706,14.909043669156237,-0.011251451076728924
722.0420099532694,14.90769349502703,-0.015240750703257023
723.8309331726726,14.905864604942638,-0.018805234083872642
725.6196369252658,14.903607976852573,-0.021661830853928882
727.4080698824881,14.901008557150101,-0.02466600129004363
729.1961909093461,14.898048636995297,-0.027816340666027548
730.9839567457856,14.894710676115373,-0.03103756904184113
732.7713220269194,14.890986167830352,-0.03429227956438179
734.558240367059,14.886871094282625,-0.03757200118515624
736.344664898373,14.882362454140406,-0.04086713876047945
738.1305483928699,14.877458397489148,-0.04417919638758274
739.9158434005685,14.872156893922638,-0.047528862682872035
741.7005022278393,14.866453430400693,-0.050926567189675115
743.4844766394873,14.860342242337932,-0.05432365429974498
745.2677177085678,14.853823403821963,-0.05770717598868012
747.0501765170264,14.846898542703322,-0.06103441022478417
748.8318043421508,14.839574413476347,-0.06426313892198476
750.612553271768,14.831862836805708,-0.0673901319659811
752.3923768121847,14.82377602096979,-0.0704236284517341
754.171229934701,14.815325185555581,-0.07337459084926592
755.9490689569677,14.80652023465367,-0.07624782341175178
757.7258513851261,14.797370495844259,-0.07900773278820176
759.5015358446275,14.787889567909675,-0.08165073746163187
761.2760825927767,14.778091479414279,-0.08419192276049604
763.0494535703064,14.767988448683019,-0.08663947569786415
764.8216121841483,14.757591711599275,-0.08900240893013799
766.5925231895402,14.746911422527658,-0.09123582538570876
768.3621525602435,14.735963123481373,-0.0931783820236935
770.1304681350613,14.72478171763853,-0.09508848786433398
771.8974419411779,14.71337109909481,-0.09685211294268103
773.6630464730694,14.701748845541687,-0.09843351289914212
775.4272563345344,14.68993682399379,-0.09987985628553211
777.1900487534136,14.677951241239526,-0.1012351388583152
778.9514029023624,14.665803024576528,-0.10253427783331934
780.7112992653116,14.653498911236529,-0.10371219618421888
782.46971913466,14.641053447694423,-0.10481801761245628
784.2266455483833,14.628475285580928,-0.10583984742155918
785.982062582653,14.615774503890341,-0.10675295457127675
787.7359555231199,14.602964149341787,-0.10757314194289501
789.4883112210408,14.59005537230864,-0.10829359028997963
791.2391178657178,14.577060141473844,-0.10889106784006886
792.9883650826947,14.563993213333035,-0.10940249888940799
794.7360442682947,14.550864913466306,-0.1098037085778821
796.4821480579106,14.53768846843696,-0.11012291706472571
798.226670674123,14.524473718389192,-0.11041597234519537
799.9696075203298,14.511223801707768,-0.1105889430976337
801.7109543765347,14.497953128536052,-0.11065971322211658
803.450708751959,14.484673962949397,-0.1106533207245353
805.188869627513,14.471395564462453,-0.1105310840943959
806.9254370952485,14.458131834371125,-0.11032598088870985
808.6604129153731,14.44489271666448,-0.11002911286383213
810.3938000413727,14.43168922312082,-0.1096339944881585
812.1256027481472,14.418533143782241,-0.10916471201525438
813.8558267254011,14.40543337834041,-0.10855059973961531
815.584478730802,14.392407306371656,-0.1078313369307128
817.3115676075665,14.37946754593997,-0.10702126322200103
819.0371037130793,14.36662499435333,-0.10611630331362355
820.7610987124017,14.353891037955695,-0.10513904665485672
822.4835656369564,14.341274352357111,-0.10405519086581193
824.2045185592393,14.328787729453213,-0.10290623115279308
825.9239730867737,14.316438981714878,-0.10168553601975008
827.6419457645794,14.304236717392508,-0.10038355913689162
829.3584541706665,14.292190690296081,-0.09902006187037284
831.0735170535021,14.280308282871637,-0.09758677930433651
832.7871540474467,14.268597869355117,-0.09607497172390364
834.4993857917693,14.257068872748249,-0.09449272579769258
836.2102340564991,14.245729745652525,-0.09282206059937415
837.9197216259773,14.2345910983806,-0.09106643229466543
839.627872557783,14.22366312650524,-0.08925278351107836
841.3347121329637,14.212952792483911,-0.08734395911545863
843.0402664680618,14.202471517390055,-0.08536958541512758
844.7445630501486,14.19222716714024,-0.08333532467174025
846.4476303102055,14.182226928179631,-0.08121952649469254
848.149497541587,14.172480585000267,-0.07903401423386217
849.8501952117871,14.162996503292204,-0.07676415233272833
851.5497547921822,14.153784805012277,-0.07442329541291116
853.2482089687836,14.144854009562728,-0.072008534764038
854.9455914499312,14.136212985391044,-0.06949785320456302
856.641937008178,14.127873243006496,-0.06692550991860303
858.3372817973388,14.119842181816264,-0.06485208815562263
860.0316628591568,14.112059931237589,-0.06354438936473394
861.7251100509053,14.10443460451382,-0.06192435158779796
863.4176422034469,14.097003682323285,-0.05997267182209596
865.1092826453257,14.089806961704634,-0.057801270565154786
866.8000594807303,14.082870809236814,-0.055446835203347304
868.4900039778387,14.076217189012413,-0.052978633327129286
870.1791500405202,14.069859753013157,-0.05032876793150489
871.8675332108818,14.063820300861376,-0.047477047396269054
873.5551916469851,14.058123055173825,-0.044381582666512334
875.242166413606,14.052797265253844,-0.04104452263987137
876.9285020854364,14.047871922537059,-0.03750623475846084
878.6142467161409,14.043371174366044,-0.03378205900174403
880.2994512570648,14.039317327285834,-0.029933181326377987
881.984169336339,14.03572534552667,-0.02599295715911818
883.6684563778023,14.032606190667575,-0.021982714862019047
885.3523691206824,14.029968264884133,-0.017887013831251308
887.0359653124685,14.027821823224382,-0.013679905378262691
888.7193039312555,14.026180234578991,-0.009375074589139469
890.4024455594049,14.025055225628295,-0.0050089873319074
892.0854521864803,14.024454147148466,-0.0005994075711862616
893.7683866841381,14.024382218239923,0.0038823704283456025
895.451312550327,14.024848102691324,0.008460616007984536
897.1342943226499,14.025863376612282,0.013137748550536097
898.8173979278433,14.027439906438346,0.01786941498246415
900.500690716616,14.029584236236241,0.022636109449301754
902.1842408249643,14.032300569370157,0.027479472994038814
903.8681168932886,14.035598106129441,0.03226340061046757
905.5523886660242,14.039469714202697,0.03695760997738811
907.2371250317285,14.043904627399984,0.041632800771919894
908.9223935870165,14.048900563492614,0.046352159471196995
910.6082616546356,14.054462822629159,0.05114888489266421
912.2947971933511,14.060600688816278,0.0559527191797518
913.982069276009,14.067315015117847,0.060813614958512285
915.6701470778232,14.074612648912868,0.06570758796539104
917.3591005956928,14.082497559468715,0.07062670723443691
919.049000302829,14.090972764336847,0.07559431145552944
920.7399170345494,14.100044081711511,0.08059791745548128
922.4319223243548,14.109715831806168,0.08563316513446195
924.1250882241716,14.119991811622304,0.09072857925987604
925.8194872415662,14.130879241133488,0.09585905848134743
927.5151927505023,14.14238232815125,0.10106315092680378
929.2122786298804,14.154509906262467,0.1063876750729696
930.9108198186319,14.167276427271224,0.11173521554870758
932.6108929899044,14.18068465313707,0.117126927897861
934.3125751482809,14.194739884484813,0.12258348288294629
936.015943934419,14.209449902430766,0.1280570239209598
937.7210779227107,14.22481674530128,0.13358024041277095
939.4280559321469,14.240846374150813,0.13914450590582955
941.1369574970449,14.257543714859512,0.14475207464846504
942.847862742828,14.274913963817328,0.1503984751250735
944.5608524184861,14.292961780832337,0.15602940502725463
946.276007832186,14.311685309435608,0.1616917162088929
947.9934100693183,14.331088315380676,0.16738403339872848
949.713140667164,14.351174399388523,0.17309520213553276
951.4352815950906,14.371945823644786,0.17882265603982786
953.159915093928,14.393404542369566,0.18455067002954673
954.8871236390123,14.415550622773113,0.1903098991854076
956.616989713745,14.438387810675362,0.196091840619289
958.3495962510261,14.461918831549676,0.20189337379071895
960.0850265108121,14.486146036404563,0.20772710004952646
961.8233640351807,14.511073288410506,0.21357883020722218
963.5646928297899,14.536702748035372,0.21944682174221428
965.3090971595542,14.563036366644438,0.22542496819741406
967.0566615235515,14.590087362828127,0.23163155103722666
968.8074720070908,14.617883148952595,0.23776902852825815
970.5616179849651,14.646415432375987,0.24383474588590132
972.3191878368502,14.675675601882295,0.24983629391847526
974.0802689090762,14.705655957152512,0.25581315615059086
975.8449476239344,14.736353535890583,0.2617615608220241
977.6133100482413,14.767764923189226,0.26766940164391073
979.385441839024,14.799885251386495,0.27353946342710633
981.1614280691904,14.832709986997749,0.2793481954127752
982.9413532676301,14.866231770447282,0.28510234991430045
984.7253010800838,14.900444052436997,0.29080399883626173
986.5133543663762,14.93534053229735,0.2964481126840403
988.3055952302519,14.970914305819434,0.30206861166291954
990.1021049469502,15.007162539218985,0.30770024202726093
991.9029644516565,15.044086568262257,0.31328267230250334
993.708254839848,15.081680488938558,0.3188167671300096
995.5180564985207,15.11993850099416,0.3242893702332854
997.3324491186399,15.158853225422154,0.32971613895328306
999.1515115056906,15.198419162096549,0.33509274425849134
1000.9753218051421,15.238630291407567,0.3404132833365934
1002.803957440111,15.279479885407959,0.3456874476370869
1004.63749502636,15.32096237912441,0.3509008615767557
1006.476010511855,15.36307048251362,0.35604594986930027
1008.3195789697565,15.405795996497936,0.3611450468688154
1010.1682744893363,15.449133402122193,0.3661941133562821
1012.022170497591,15.493076695724946,0.37117853014995755
1013.881339701078,15.537618119342941,0.37613279380583325
1015.7458538753991,15.582754054599642,0.38105944756854865
1017.6157843619511,15.628481188307868,0.38595229034120887
1019.491202104548,15.674795463148813,0.3907850750520568
1021.3721775601259,15.72168967215506,0.39554199281878893
1023.2587803207846,15.769154711293314,0.40025385312815387
1025.1510788861399,15.817185173668692,0.40489587382612563
1027.0491411069802,15.865772678527827,0.4094810026119066
1028.9530338284035,15.914910398841256,0.4140028623553644
1030.8628230762645,15.9645907423239,0.41845539447740643
1032.7785739653434,16.014805389661188,0.42284265949821936
1034.7003506121027,16.065546508800974,0.42715987069301203
1036.6282161931588,16.116805693284135,0.4313951652359546
1038.562232876353,16.16857311311245,0.4355600067399829
1040.5024616499263,16.22084031392125,0.4396462703117415
1042.4489624875969,16.27359786635866,0.44363647421750085
1044.40179423156,16.32683424326476,0.44754840431443604
1046.3610143407518,16.380540051782493,0.4513740299898577
1048.3266791469657,16.434704935381276,0.4551134894442489
1050.2988437392114,16.489318554114586,0.4587668869329265
1052.2775619657052,16.544370580546538,0.4623274747533871
1054.2628864353708,16.599849877516945,0.465794767207786
1056.254868420673,16.65574524958188,0.46916195330464344
1058.2535578506227,16.712044683978437,0.4724277958143365
1060.2590032127,16.768736019476158,0.47560404014486185
1062.2712515350372,16.82580850429354,0.47867259148787494
1064.2903485555523,16.883249215272084,0.48163571006449507
1066.316338461385,16.941045500479824,0.4844863756621636
1068.3492639214426,16.999183865559285,0.48722258361813053
1070.3891659853098,17.05765057559346,0.4898526765148046
1072.436084054381,17.116432896775237,0.4923623084992477
1074.490056001994,17.175516373795148,0.4947548865110982
1076.5511179668495,17.23488696017648,0.49702848734313543
1078.6193044020706,17.294530378657655,0.4991785224557042
1080.6946480475094,17.354431801352337,0.5012111013035606
1082.7771798636718,17.414577133508764,0.5031183196669722
1084.866929119693,17.4749513318688,0.504904288758471
1086.9639232795173,17.535539846519818,0.5069985047025346
1089.0681880610996,17.596379667084122,0.5090790397078714
1091.1797536211498,17.657469151849067,0.5108767382558664
1093.2986499193717,17.71877436043977,0.5124214433653115
1095.4249028426245,17.780264933643608,0.5137500341975434
1097.5585346346618,17.841914937747312,0.5148815617917234
1099.6995644271915,17.90370072516232,0.5158195351197015
1101.848008514211,17.965599069376683,0.5165723737945414
1104.0038804025362,18.027587754232027,0.5171413976159845
1106.1671909330441,18.089644721945945,0.517496700162052
1108.3379482996777,18.151744325965392,0.5176675329468389
1110.5161576187936,18.213864429919013,0.5176659247430948
1112.7018213503839,18.275984340888186,0.5175024474254614
1114.8949394712904,18.338084634579243,0.5172139244943552
1117.09550962744,18.400150305518565,0.5168104985390387
1119.3035276641021,18.46216756534325,0.5162909322809538
1121.5189877719433,18.524122477216967,0.5156520511171077
1123.7418824692093,18.58600072335102,0.5148722168588178
1125.9722025560113,18.64778538937408,0.5139702128820169
1128.2099368027361,18.70946181491992,0.5129575171079231
1130.4550722205265,18.77101671697287,0.511824007332039
1132.7075942265633,18.832435597852715,0.5105638088570719
1134.9674864983056,18.893703254915565,0.5091610331102419
1137.2347308888955,18.954802578888792,0.5076165597304501
1139.5093071983622,19.015716566056447,0.505968073264547
1141.7911931862889,19.076432734848193,0.5041696882579384
1144.0803651144706,19.136933097439147,0.5022495789161205
1146.3767970861634,19.19720304690908,0.5002602708061136
1148.6804614517926,19.257234279405814,0.4981783703267237
1150.9913295653212,19.31701568384502,0.4959864736887531
1153.3093714473825,19.37653406068767,0.4936290670216754
1155.634555534665,19.43576954873027,0.4911382898310882
1157.9668478805127,19.49470614351,0.48850840824014263
1160.3062126177338,19.553327152498817,0.48572620385596027
1162.6526118760337,19.61161429696153,0.48280964796445863
1165.006005591669,19.669551454717265,0.47975595154269146
1167.366351766235,19.727122168902387,0.4765511804126668
1169.7336064265035,19.784308310551907,0.4732155352551379
1172.1077234237696,19.841094174782523,0.46972796496355734
1174.4886547247436,19.89746153057815,0.4660876158540014
1176.876350108413,19.95339204448063,0.4623099210584298
1179.2707571537505,20.00886923500764,0.4583430826847376
1181.6718214619514,20.06387040492981,0.4542165105375491
1184.0794859105429,20.118376386194313,0.4499556851565148
1186.493691076886,20.172371068413096,0.44553442087420775
1188.9143756050958,20.225835198918002,0.4409744911702421
1191.341475828966,20.27875213785843,0.4362732799444363
1193.774926085509,20.331104931451762,0.4314261732537424
1196.214658677283,20.38287607224221,0.4264401839011087
1198.6606038059522,20.434048894310344,0.42129673086500324
1201.1126896732694,20.484604502014143,0.4160329700415648
1203.570842213511,20.534528458419132,0.41064114889298947
1206.0349856285213,20.58380539628629,0.4051050704291254
1208.5050422760758,20.632418004737787,0.3994353784724765
1210.9809324366443,20.680350250154483,0.39362467014544733
1213.4625744666628,20.727585210571938,0.3876888765965175
1215.9498846919314,20.77410787576352,0.38162059155986716
1218.442777637023,20.819902346750702,0.37540997092217604
1220.941165918633,20.864951543261363,0.36907223074374296
1223.4449601038243,20.90924021095061,0.3625975233565262
1225.9540689291384,20.952751913753392,0.3559898662600042
1228.4683991587888,20.995470697704594,0.3492582444883477
1230.9878556425133,21.037381687043194,0.34240207893483054
1233.5123414449586,21.078469936515372,0.33543352960676054
1236.0417578373404,21.118721960068182,0.3283608382007081
1238.5760044725484,21.158125260652266,0.32117376231583716
1241.1149795038268,21.196666112130167,0.31389017758883386
1243.6585794372825,21.234332933440825,0.30650242024461566
1246.2066993892954,21.27111322387018,0.2990039456508707
1248.7592329761599,21.306993697348286,0.29140897338316923
1251.3160722198418,21.341962774154265,0.28371482355537025
1253.8771077527404,21.37600855298091,0.2759366977146769
1256.442228779098,21.40912095670667,0.26807369552832
1259.011323293903,21.44128980017007,0.26012458152823065
1261.5842780699234,21.472504749953455,0.25210963188450525
1264.1609786399179,21.502757905779596,0.24401626175563393
1266.7413095886113,21.532039857190274,0.23585109743788032
1269.3251543714741,21.56034198888282,0.22763078916958748
1271.91239541014,21.58765768358317,0.21934783121699855
1274.5029143321701,21.613979423329212,0.2110165749659655
1277.0965918629697,21.63930141232513,0.20263403609107777
1279.6933080324488,21.66361749665606,0.19420130020038004
1282.2929421320475,21.686921652680105,0.1857361446697688
1284.8953727303692,21.709209990040478,0.17723317012573342
1287.5004779291742,21.730477970455567,0.16869526339623217
1290.1081352856288,21.750721402063114,0.16013361951561048
1292.7182218538765,21.769937436404987,0.15154344944686066
1295.330614346245,21.78812265033861,0.14293413965548188
1297.9451890642856,21.80527474709727,0.1343097472976846
1300.5618220339372,21.821391916772992,0.1256711056537477
1303.18038906395,21.836472449451442,0.11703308204830422
1305.8007657578842,21.85051641929724,0.10839055584397868
1308.4228277281998,21.863523285998518,0.09975054810715764
1311.0464505225195,21.875493351771375,0.0911242634135836
1313.671509724732,21.886428263381006,0.08250691862748104
1316.2978811163377,21.896329093616306,0.07391078151638489
1318.9254406075718,21.905198387398272,0.06533488475545081
1321.5540644140597,21.913038573568926,0.056784728118957406
1324.183629042888,21.919852740943202,0.04827284160213034
1326.8140113718011,21.925645481935458,0.0397941287250475
1329.4450888296335,21.930420777382462,0.031361743554970824
1332.0767393229194,21.93418418660906,0.022981401247925488
1334.7088414253124,21.93694195475881,0.01465138688799174
1337.3412744598834,21.93870012118537,0.006383117548431804
1339.9739184744255,21.93946609529118,-0.0018245596824496726
1342.6066544058606,21.939247148129287,-0.009965549999989975
1345.239364063636,21.938051282129287,-0.018030979212244395
1347.8719302174916,21.93588756462382,-0.026024251963234556
1350.5042367252465,21.93276465438823,-0.03393522119213523
1353.1361684837732,21.928692427845174,-0.0417587736385206
1355.7676115751146,21.923681375008552,-0.04949468526299979
1358.3984533401156,21.917742012776994,-0.05713363806850444
1361.028582381649,21.910885976208775,-0.06467598448936221
1363.657888698794,21.90312485807005,-0.07211674876845948
1366.2862636817624,21.894470848217836,-0.07944772114054778
1368.9136001835486,21.88493712168097,-0.08667283556781602
1371.5397926381504,21.87453638141283,-0.09378146604339323
1374.16473700392,21.863282605487623,-0.10077065072904516
1376.7883309165784,21.851190127400137,-0.107642246306941
1379.4104737318664,21.838273057843306,-0.11438583021034275
1382.0310664988076,21.824546758218066,-0.1210037649455818
1384.6500121097938,21.810026306424596,-0.12749054955394015
1387.2672152665648,21.794727440478123,-0.133840661716524
1389.8825825594222,21.77866656107214,-0.1400579867971508
1392.4960225467507,21.761859602656482,-0.14613320292560875
1395.1074456990696,21.74432361830541,-0.15206581689106505
1397.7167645332663,21.72607572027848,-0.1578556623860294
1400.3238936196997,21.707133040792158,-0.16349479128481093
1402.9287495845947,21.68751366583798,-0.16898511167908087
1405.5312512244952,21.66723545243649,-0.17432221977341772
1408.1313194787876,21.64631678606368,-0.17950314045715554
1410.7288774931153,21.62477640920882,-0.18453035199665851
1413.3238506622204,21.602632766969222,-0.18939726844444021
1415.9161665942568,21.57990509475589,-0.19410447096671754
1418.5057552056276,21.556612558239884,-0.19865222992770185
1421.0925487126165,21.53277429064856,-0.2030351277955417
1423.6764816274942,21.508410075313098,-0.20725599129576563
1426.2574908365318,21.483539356357607,-0.21131146117956146
1428.8355155592947,21.45818198101606,-0.21519968963399022
1431.4104973970166,21.432358018259983,-0.21892378533758555
1433.9823803592078,21.40608716401947,-0.22247786700268535
1436.55111081889,21.37938981997915,-0.22586495182043598
1439.1166375972875,21.352286025760698,-0.2290853624369896
1441.6789119203788,21.32479578226826,-0.23213493789763645
1444.237887414251,21.296939589720544,-0.2350180789407021
1446.7935201650175,21.26873742024766,-0.23773145980027466
1449.3457686554473,21.240209645071626,-0.2402757807401503
1451.8945938128559,21.21137655138281,-0.2426538340608115
1454.4399589990219,21.182258091295513,-0.24486153434887895
1456.9818299699773,21.15287470717365,-0.24690199753707048
1459.5201749348382,21.1232464674692,-0.24877452951639806
1462.0549645109345,21.093393523927233,-0.250477919710073
1464.5861717338057,21.063336173562025,-0.25201697155295594
1467.113772074633,21.03309413697567,-0.25339005184836316
1469.6377433710702,21.002687330753865,-0.25459930554160753
1472.1580658507607,20.97213541408887,-0.2556479719322117
1474.6747221004514,20.941457657457008,-0.25653390987521696
1477.1876970193462,20.910673588271983,-0.2572623343386258
1479.6969778499388,20.87980210815135,-0.25783442293263936
1482.202554102917,20.848861977399434,-0.258250232503017
1484.704417540205,20.81787194949907,-0.2585157413905453
1487.202562174145,20.786850060532206,-0.2586295133716936
1489.6969841814089,20.755814518927604,-0.2585945483584964
1492.1876819236802,20.724783173124585,-0.2594668999442061
1494.6746559044552,20.69364714513128,-0.2600329444160696
1497.1578935618709,20.66244319180135,-0.26024917727813984
1499.637386744887,20.631213290527974,-0.2601858072656245
1502.1131323397503,20.5999909936561,-0.2598994627618143
1504.5851312589891,20.568803058124683,-0.2593968486125679
1507.053387625964,20.537675436291174,-0.2586814980367341
1509.517908678319,20.506633656526766,-0.2577617981710268
1511.9787047171021,20.475702240746244,-0.2566230932274729
1514.4357889859916,20.44490746955895,-0.255208295196983
1516.8891778823388,20.414282474135312,-0.2535903203951029
1519.338891779235,20.3838516356879,-0.2517581959826563
1521.7849539755175,20.353640652169982,-0.24975115502650178
1524.227390853778,20.323670513566803,-0.2476232066844531
1526.6662313154059,20.29395572876467,-0.24538111839642912
1529.1015060028576,20.2645099945571,-0.24302549651466998
1531.5332472022044,20.23534693497534,-0.24055086695241895
1533.9614888344015,20.20648083094105,-0.2379292962825864
1536.3862665341144,20.17792931538714,-0.23521077990560796
1538.8076180519608,20.149704021798467,-0.2324083828906835
1541.2255825345767,20.121815015851585,-0.22950738322723213
1543.640200336479,20.094274129864317,-0.22650605990418662
1546.0515132320627,20.067093402675816,-0.2233802484377319
1548.4595644403837,20.040287772863287,-0.2201503593958641
1550.8643989731272,20.013869729735784,-0.21690424641292846
1553.2660633406956,19.98784122016623,-0.21350503095984613
1555.6646042871155,19.96222061645105,-0.21008806260118776
1558.0600707610897,19.937010048938905,-0.20672468460510274
1560.4525119669624,19.912203086786292,-0.20334845254692852
1562.8419763373768,19.88780127248066,-0.1999570365001727
1565.2285124900745,19.86380642810064,-0.19643446822365468
1567.6121692614465,19.840234291913802,-0.19291594169345772
1569.992997376476,19.817084378910586,-0.18932836739010578
1572.3710475019454,19.79436497482377,-0.18569007229485868
1574.7463712989243,19.77208216614839,-0.18203138677137698
1577.119021158862,19.750238399735824,-0.17834422742908054
1579.4890497668305,19.728837092444333,-0.1746095938427114
1581.8565102179239,19.70788394118321,-0.1708822304295133
1584.221456290866,19.68737807353167,-0.1671028214676555
1586.5839416596898,19.66732573495555,-0.163299117114157
1588.9440207478845,19.647729840901853,-0.15949978881613858
1591.3017483287927,19.628589866243917,-0.15557896266763535
1593.657179112742,19.6099203907238,-0.15165489209319902
1596.0103695596288,19.591721803672616,-0.14773587978357378
1598.3613761760696,19.573993498098588,-0.14376127191230725
1600.7102553958414,19.556742145469112,-0.13980603100077624
1603.0570644532977,19.53996542174902,-0.13583468594274115
1605.4018603039076,19.52366525943589,-0.13185198280435317
1607.74470013504,19.50784302149937,-0.12787559047436847
1610.0856412976198,19.492497950642445,-0.1238579663149482
1612.4247410516969,19.47763499468465,-0.11990090932166456
1614.762057251059,19.46324688556605,-0.11594664476880787
1617.097646877327,19.449333288193795,-0.11199066786129197
1619.4315668719103,19.43589440805044,-0.1080551401941841
1621.7638742008762,19.42292779122714,-0.10411951769083426
1624.0946255358235,19.41043344910424,-0.10022583782596384
1626.423877549716,19.398406348565125,-0.09633834707962502
1628.7516863115438,19.38684574691557,-0.09245427075948931
1631.0781078011737,19.37575123442443,-0.08859982998310903
1633.4031979493047,19.365119254826457,-0.08474393682205061
1635.7270122598838,19.35494998240781,-0.08090514265609149
1638.049606257773,19.34524136528908,-0.07708746469555876
1640.3710352216076,19.335990869525613,-0.07328859144327611
1642.6913541259507,19.32719623855242,-0.0695281035659128
1645.0106176745771,19.318852866124512,-0.06581236366024418
1647.328880018512,19.310955382485282,-0.06211482904667319
1649.6461946644104,19.30350160299968,-0.05847912908691685
1651.9626148567704,19.29648410750925,-0.05486948559797984
1654.2781929496716,19.289899769237493,-0.05127658815321565
1656.5929809219801,19.28374657865911,-0.04771341715608442
1658.9070305114192,19.27802096860038,-0.044163563501362406
1661.2203930276512,19.272721340980215,-0.040662749625522264
1663.5331195885688,19.267841811025153,-0.03719258128843594
1665.8452606058918,19.26337870127054,-0.033756258892870976
1668.1568660500443,19.259327950203396,-0.03038708678125906
1670.4679854040687,19.255681499789645,-0.027044035857896782
1672.7786671840436,19.252436215486696,-0.02375316308050349
1675.088959529902,19.249585835917035,-0.020530009145227953
1677.398909830212,19.247122234819606,-0.01735207019928081
1679.7085644983904,19.245039986395692,-0.014250849034086919
1682.0179692967579,19.243329884511603,-0.011202362113002405
1684.3271688828993,19.241985601058044,-0.008214087033719758
1686.6362071550263,19.240999910613997,-0.0053071894082931115
1688.9451271443,19.240363047885,-0.0024574327744887833
1691.2539707100461,19.240068155952063,0.0003286325954055624
1693.5627788887605,19.240107591863513,0.0030402564971204887
1695.871591799784,19.24047242264317,0.005696985411457904
1698.1804484905012,19.241156060892543,0.008283129658064898
1700.4893872178084,19.24215003645151,0.010805033202187267
1702.7984452221826,19.24344664043577,0.01326757479518843
1705.107658819035,19.245038749411194,0.015650093480221082
1707.4170634689642,19.24691676062882,0.017977430157606153
1709.7266934802396,19.249074052247735,0.020236304604852914
1712.0365823665093,19.251502408800317,0.022421297251992094
1714.3467626555653,19.254192964470555,0.02455102050062726
1716.6572658113018,19.25713908693063,0.026607012688800308
1718.9681225017334,19.260331928453283,0.028609859738442527
1721.279362333148,19.263765111621897,0.03055181393878572
1723.5910141465424,19.267431329294553,0.03242468984820044
1725.9031059060578,19.271322292076338,0.0342482993660327
1728.215664581107,19.27543208800026,0.03600142432618468
1730.528716431667,19.279752258919405,0.03769220255219011
1732.8422867027373,19.284275323225668,0.03932746616686619
1735.1563997415244,19.288994619165692,0.04089507632613928
1737.4710790958243,19.29390202832483,0.042410040352374216
1739.7863473392233,19.298991233167115,0.0438643774108217
1742.1022262872034,19.304254958456415,0.04525611329378573
1744.4187368822181,19.30968569205167,0.04659906086312914
1746.7358991652643,19.315277579355246,0.04788013755141081
1749.053732474787,19.321023195861414,0.04910399534832715
1751.3722552582904,19.326915675303212,0.050275021152573256
1753.6914851393267,19.33294867784152,0.051384997138260384
1756.0114389806677,19.339114877498112,0.05244511244047887
1758.3321327659673,19.34540829099097,0.05345076131808898
1760.6535817608863,19.35182238234914,0.054398479373598145
1762.975800446768,19.35835019987397,0.055303200781409906
1765.298802470753,19.36498658396774,0.056149742492326696
1767.622600860829,19.37172455306682,0.05694679602164209
1769.947207807197,19.378558168589418,0.05770071294268838
1772.2726347874277,19.38548225414254,0.05840049687081578
1774.5988926579248,19.392490313767038,0.05906148681147365
1776.925991495577,19.399577692184415,0.05967557134855918
1779.253940818639,19.406738760746244,0.06024464226907983
1781.5827494699286,19.413968117818534,0.06078044696506211
1783.9124256440668,19.42126177145434,0.06127096054708261
1786.2429770566414,19.42861428671999,0.06172661430623627
1788.5744107710477,19.43602148043674,0.06214877930769013
1790.9067333487,19.44347933395366,0.06255073301415977
1793.2399508687745,19.45098542191536,0.06306672401874215
1795.5740691194044,19.458553428797607,0.06351748387038385
1797.90909553086,19.466175526862052,0.06390233676343768
1800.2450365940833,19.473843807273663,0.06424093790276605
1802.5818978509562,19.481552719821995,0.06453520194903946
1804.9196841773348,19.48929694405588,0.06479474083579681
1807.2583998106215,19.497072312956174,0.0650229756601272
1809.5980484881763,19.50487507003539,0.06521715181194229
1811.9386334965807,19.51270112825282,0.06538439469220923
1814.280157631971,19.520547255615888,0.06551392407316964
1816.6226233026448,19.528408926504667,0.0656197187145836
1818.9660323738253,19.53628329275042,0.06570814195963477
1821.3103863689553,19.544168269785576,0.06577859438566984
1823.6556865613295,19.552061701111857,0.06584872260987736
1826.001933965463,19.559963547825042,0.0659190574340351
1828.349129591202,19.567873834717126,0.06598644626596789
1830.697274451368,19.575792208269043,0.06605930416232207
1833.0463695163603,19.58371932476852,0.06612832905851851
1835.3964158353326,19.59165472425554,0.0662065455451248
1837.7474144022433,19.599599509720957,0.06629871470896247
1840.0993663434099,19.60755535548603,0.06639722458804156
1842.4522729860682,19.615523022436598,0.06659511154377545
1844.8061357487607,19.62351443582185,0.0666508242785976
1847.1609574810593,19.631512534735283,0.06661089047003488
1849.5167389852274,19.639505841591685,0.06654464897404717
1851.8734796862184,19.647491199468572,0.06644981767274417
1854.2311786301545,19.655465177589303,0.06642975196492946
1856.5898344514653,19.663436747825095,0.06648852818756991
1858.9494468612043,19.671415371207605,0.06660319877540449
1861.3100167057491,19.67940775506065,0.066772428353905
1863.6715456363563,19.687420446463122,0.06697754327172566
1866.034036089932,19.69545775165573,0.06725083398171817
1868.3974910201307,19.703527851733536,0.06758582289071798
1870.7619143623388,19.71163815048042,0.06798513562362991
1873.1273109403965,19.719796366755258,0.06845708965818458
1875.4936865044072,19.72801121751424,0.06898837626764054
1877.8610478505088,19.736289822666357,0.06956547874467879
1880.2294026292288,19.74463768011572,0.07019477518077558
1882.5987591508426,19.75306105313741,0.07086030926223444
1884.969126477219,19.76156429024888,0.07157583946667885
1887.3405141920489,19.77015339098488,0.072347230658775
1889.712932598967,19.778835058663933,0.07315022717676292
1892.0863928060066,19.787613085925145,0.0740066418433169
1894.4609063763176,19.796493882946343,0.07491301229643527
1896.836485642271,19.805483444421917,0.0758663544975787
1899.2131436556017,19.814587406961625,0.07689204235136779
1901.590894144437,19.823814452043788,0.07796061110502558
1903.9697518786822,19.83316972537639,0.07909554425603046
1906.3497322457274,19.842661190687114,0.08029663437993569
1908.7308515886098,19.852296786812705,0.08153214701269652
1911.1131272030273,19.862080644454227,0.08282104610409081
1913.4965768803618,19.872019169986718,0.0841354472762596
1915.8812191807601,19.88211542365987,0.08550055221122722
1918.2670730315992,19.892375489925215,0.08691773996180138
1920.6541580903902,19.90280561872063,0.08838900437850201
1923.0424947646366,19.91341229924605,0.08992709091469839
1925.432104240546,19.924203550155816,0.09151599861770997
1927.8230086665649,19.935185469989943,0.09314777349106604
1930.2152309229637,19.94636320280887,0.09483518645639918
1932.6087945073007,19.95774342518364,0.09656330348748246
1935.0037237183228,19.969331021602137,0.09834173116207222
1937.4000434409152,19.981132029341587,0.10017783366280653
1939.797779284436,19.993153369381123,0.10205335025318768
1942.1969576887618,20.005399771411504,0.10399970591479825
1944.5976056613313,20.01787973612128,0.10601386070390315
1946.999751229666,20.03060139940575,0.1080837148431925
1949.4034233975947,20.043571445186934,0.1102409789361888
1951.808651971017,20.056800362659278,0.11246150463354387
1954.215468014536,20.070295743215304,0.1147454356535107
1956.623903503722,20.084065195493725,0.11709900123167828
1959.0339913271812,20.098117075641525,0.11950708159215201
1961.4457653762581,20.112457925432583,0.12198971354854206
1963.85926032731,20.12709669105841,0.1245280473591768
1966.274511930237,20.14204005674151,0.12711886393177216
1968.6915567370459,20.157294320413325,0.12977110910224646
1971.1104320554955,20.172866853505592,0.13246819525477133
1973.5311760779161,20.188763036936166,0.1352254845606356
1975.9538276423484,20.204990095083442,0.1384247888710844
1978.3784264537585,20.221601069747972,0.1419222625006925
1980.8050185821282,20.238631741248057,0.145599318807319
1983.233654391078,20.256103659504934,0.14937993955116527
1985.6643868302187,20.274029252251072,0.1532371241344043
1988.0972703404889,20.2924177071472,0.15717149236803532
1990.5323604653465,20.311278286231367,0.1611892739069505
1992.9697138596944,20.3306209991002,0.16532508362931703
1995.4093883795863,20.35046000913572,0.16924484187462235
1997.8514435806826,20.370769390160675,0.17293354301848354
2000.2959359075019,20.39152141532289,0.17644387563348515
2002.7429184773407,20.41269468039891,0.1797865788941622
2005.1924418389885,20.43426906986621,0.18297988075119184
2007.6445541273724,20.456226655556353,0.18606610385259972
2010.0993013260393,20.478554588018664,0.18907145448972257
2012.5567278766016,20.50124316255743,0.19230784815415825
2015.0168770561086,20.524320104335928,0.19543370283878578
2017.479795468629,20.547772148676582,0.1984553961789343
2019.9455281264702,20.571586796218053,0.20142478671660138
2022.4141185420165,20.595757770624047,0.20437677258147266
2024.8856094744913,20.620282983333823,0.20733278428354407
2027.3600434324912,20.64516291744785,0.2102935986336202
2029.837462982585,20.670398149283884,0.21323614499437696
2032.3179107604992,20.695986486683207,0.21615829924766405
2034.8014291389013,20.721925482592926,0.21906500719379113
2037.2880601968125,20.74821328345618,0.22195728223501246
2039.7778457908273,20.77484815732438,0.22485983215041458
2042.2708275697062,20.80183133718243,0.22781230532734936
2044.767047330168,20.829168813821713,0.23083882855427873
2047.2665475878266,20.856869473248228,0.23394738146707042
2049.7693719246163,20.884943159024278,0.2370996113414965
2052.275565103699,20.913395112385256,0.24032333048508206
2054.7851725171854,20.942233912043466,0.243577522581883
2057.2982405866305,20.971463214753292,0.2468959695564946
2059.8148161724007,21.00109073110007,0.25028626001708115
2062.334947060133,21.031125082302122,0.2537045944220784
2064.8586820700093,21.06156963363277,0.2571317139497218
2067.386070426045,21.092425439306737,0.26055932827901646
2069.917161478762,21.12369255870022,0.2639958507130461
2072.452004585806,21.155372060785787,0.26745265733176454
2074.9906492331006,21.187466379665597,0.27090039689582035
2077.5331451986603,21.219974427293096,0.27433888265923095
2080.0795421299354,21.252895093212203,0.2777937363689825
2082.629889541121,21.28623034157648,0.2812441980461876
2085.1842371821103,21.319979645342023,0.2846806320828141
2087.7426347395512,21.35414132119196,0.28806972506535006
2090.305131698094,21.388709688199803,0.29144554218836144
2092.871776860678,21.423683153262406,0.29478633425124595
2095.4426188390694,21.459057513372557,0.2980830315071834
2098.017705740674,21.494827477153418,0.3013565839734094
2100.5970850379326,21.530990267230226,0.3046236403886845
2103.18080387,21.567545104076867,0.30786267735256134
2105.7689092824894,21.604488625359174,0.3110974335070843
2108.3614479175326,21.641820317380024,0.3143023539271921
2110.9584663556184,21.679536599851286,0.3174763839736524
2113.5600107476007,21.717633765928124,0.32063914638950686
2116.166126799512,21.756110463494863,0.3237427014107313
2118.7768600551312,21.794959587664152,0.32682629820316583
2121.392255205651,21.834178743448533,0.32987867011597755
2124.012356654865,21.87376418386245,0.3328686135632336
2126.6372083569286,21.913708417490035,0.3358209368451779
2129.2668533670276,21.954006929911458,0.3387186549153773
2131.901334198617,21.9946531685013,0.34156161636151827
2134.540692578837,22.035640562464682,0.34435306241640157
2137.1849694463326,22.07696292995465,0.34708185061355595
2139.8342049979274,22.118612752028277,0.34977360943313834
2142.4884385281707,22.160585585160252,0.35241708185859855
2145.14770879839,22.202875634983283,0.3550064855177377
2147.812053874588,22.24547641324541,0.3575457450958775
2150.4815110441773,22.288381902656916,0.3600301774800028
2153.156116872496,22.331585523954516,0.3624672974790825
2155.8359071353707,22.375081599652006,0.36485378654105177
2158.520916927329,22.41886405403693,0.3671630110320453
2161.211180613813,22.462923615360776,0.36940825705833347
2163.9067314476565,22.507252606207775,0.37158447034583275
2166.6076017604014,22.551842742649274,0.37369003250790944
2169.313822889519,22.596685546550223,0.37573572195814703
2172.025425155105,22.6417738331852,0.37772358073278267
2174.7424380150874,22.687100662873135,0.3796593301533443
2177.464890094632,22.732659782491538,0.3815495818185308
2180.192809268531,22.778445732309763,0.3833830153215923
2182.926222756408,22.824451694148355,0.38517632640126076
2185.665156959706,22.870672853316506,0.3869195407275146
2188.409637702104,22.917103198203808,0.38861342929585335
2191.1596900858885,22.96373680971931,0.3902667671954754
2193.915338503055,23.01056882178277,0.3918703601923128
2196.676606761669,23.057593265005845,0.39343149568935326
2199.44351795347,23.104805044488568,0.39494201691998304
2202.2160945588084,23.152198086518965,0.39640130669844714
2204.9943583291906,23.199766243322777,0.3978186365156407
2207.778330278389,23.247504479704656,0.3991807635497709
2210.5680308159535,23.29540617133063,0.40048971341358874
2213.363479556513,23.34346493694026,0.40175174576624817
2216.1646953489458,23.39167514643221,0.4029572228782648
2218.971696366518,23.4400300131776,0.4041135009570486
2221.784499968099,23.48852363329245,0.40521608947001636
2224.6031228040943,23.53714956402885,0.4062602556395664
2227.427580751778,23.585900794705598,0.40725636595136455
2230.2578888471426,23.63477155861976,0.40819456370729945
2233.094061434177,23.683754906264635,0.4090727960251437
2235.9361120229287,23.732843641787653,0.4098981194030096
2238.784053259943,23.782031416116013,0.41066019360528294
2241.637897029877,23.831310639348647,0.4113664682052702
2244.4976543065986,23.88067461553328,0.4120149994379601
2247.3633352604625,23.930116415465836,0.41260310608663264
2250.2349492303183,23.979628788196234,0.4131393475700929
2253.112504684902,24.029205509904646,0.4136149746354298
2255.9960093460904,24.078839306860896,0.4140338620731156
2258.8854700629136,24.12852337030967,0.41439894372270053
2261.7808928673508,24.178251243556392,0.4147026946700072
2264.6822830165775,24.228015566916792,0.4149524541586057
2267.5896448846074,24.277809861415825,0.41514333670729003
2270.5029820679774,24.3276270618207,0.4152766473722625
2273.422297315396,24.37746025950537,0.41535788925108086
2276.347592546537,24.427303206215498,0.41538117578648937
2279.278868931283,24.47714894730988,0.4153518589736106
2282.21612680496,24.52699117038671,0.41527131882432
2285.1593657454064,24.57682372864563,0.41513578659735223
2288.1085845928437,24.62664002303731,0.41494944351419305
2291.063781395608,24.676433956259014,0.41470991413167535
2294.0249534703594,24.726199145954816,0.41441780867595396
2296.992097367874,24.77592928299593,0.4140773178875226
2299.9652088818334,24.82561856114243,0.413682561208338
2302.9442831091706,24.875260468487433,0.4132379902830734
2305.929314365389,24.9248490273214,0.41274408813612334
2308.9202962486675,24.974378317897735,0.4121975500981152
2311.917221646815,25.02384202390951,0.41160342126394717
2314.920082689684,25.073234434461185,0.41095816077992564
2317.928870821819,25.122549413754776,0.4102643634720042
2320.9435767514697,25.171781137371415,0.40952509039200974
2323.964190487954,25.220924148218455,0.40873527113010144
2326.99070138574,25.269972380754066,0.4079013153132772
2330.0230980714305,25.31892053859166,0.4070221399722877
2333.0613685360613,25.367763195388335,0.4060958604002495
2336.1055001195077,25.416494698636363,0.4051278683806599
2339.155479483344,25.465110042842042,0.4041142181696631
2342.211292688485,25.5136037490224,0.40305711779239556
2345.272925138368,25.561970603157487,0.4019582273116377
2348.340361610747,25.610205590434884,0.4008136808403044
2351.4135862815992,25.65830323213572,0.3996281579053191
2354.4925826694557,25.70625861108436,0.3984005876630816
2357.577333702786,25.754066681603927,0.39712970779203643
2360.6678217045783,25.801722246538972,0.39581951893822925
2363.764028374163,25.84922058881156,0.3944672816094771
2366.8659348448205,25.896556662604695,0.3930746110696998
2369.9735216443332,25.943725615933058,0.39164274591700365
2373.0867687182454,25.990722745443097,0.39016856299418845
2376.2056554476985,26.0375429730024,0.3886560084340299
2379.330160604459,26.084181694014482,0.38710363439911466
2382.4602624077406,26.130634130142376,0.38551034225461034
2385.5959385033575,26.17689537121293,0.3838795763710665
2388.737165947903,26.222960920377457,0.38220804738809755
2391.8839212583484,26.26882588606403,0.38049817109068623
2395.036180364676,26.314485666594912,0.3787501978619147
2398.1939186446675,26.359935690338343,0.3769617951640452
2401.357110927508,26.40517110575803,0.3751366818502993
2404.525731460199,26.450187507580065,0.37327259878468577
2407.699753961109,26.494980219434225,0.37136971223696336
2410.879151587441,26.53954458490266,0.3694303642288683
2414.063896937629,26.583876228610126,0.3674519118422887
2417.2539620850625,26.6279704580312,0.36543674579837376
2420.449318540026,26.671822867527005,0.3633844850985761
2423.6499372841295,26.715429005738834,0.3612938690144292
2426.855788764818,26.758784270020566,0.35916770984088003
2430.0668428772206,26.801884395201473,0.35700392292617683
2433.283069004645,26.844724865952614,0.35480313757787374
2436.504435988559,26.88730124246196,0.35256696899349393
2439.7309121376547,26.92960927874118,0.35029328503437956
2442.962465251104,26.971644472945304,0.34798425800404986
2446.199062587857,27.01340258390579,0.34563940252239456
2449.440670897926,27.054879312208477,0.3432577514134071
2452.687256415391,27.096070242378087,0.34084190075862336
2455.9387848444762,27.13697127046912,0.33838961437098247
2459.1952213969325,27.17757802419364,0.3359017279660924
2462.456530759836,27.21788623154957,0.333379550263095
2465.722677107622,27.257891777581143,0.3308209028620681
2468.9936241209316,27.297590285924592,0.3282280890952608
2472.2693349552424,27.336977656616025,0.3256003476826848
2475.549772274036,27.376049698337948,0.3229371824470797
2478.8348982378366,27.4148021602316,0.3202408686319408
2482.1246744970645,27.45323106446743,0.31750942306799407
2485.4190622248007,27.49133219523559,0.3147441563400833
2488.7180220882287,27.5291014939964,0.3119458380289349
2492.0215142675083,27.566534994559873,0.30911301744197683
2495.3294984668555,27.60362855665291,0.30624776105056767
2498.641933893654,27.64037828797898,0.3033492984188987
2501.958779288211,27.676780203789246,0.3004176510477147
2505.279992912666,27.71283032191497,0.2974545085976853
2508.6055325512957,27.748524862946695,0.29445836854532725
2511.9353555348494,27.783859867172133,0.2914305915434022
2515.26941871891,27.81883153815734,0.2883717124519533
2518.607678503489,27.853436143651574,0.28528074272736226
2521.950090840727,27.887669832778858,0.2821596272634444
2525.2966112206605,27.921528988050472,0.27900767832346757
2528.6471946992265,27.955009909449288,0.2758252389916589
2532.0017958883604,27.98810893812829,0.2726138552108208
2535.360368960936,28.020822600753586,0.26937230909725957
2538.7228676730265,28.05314727784526,0.2661022317950539
2542.089245346368,28.085079545660665,0.262804037288846
2545.459454891847,28.116616030135326,0.259477152260762
2548.8334488154633,28.147753288406616,0.2561235769815925
2552.2111792100723,28.178488117644406,0.2527426321908247
2555.5925977841894,28.208817233507304,0.2493351444752077
2558.9776558522103,28.23873745084433,0.24590242164715445
2562.3663043463116,28.268245741441987,0.2424436492953746
2565.7584938352848,28.29733897935743,0.23896067051198594
2569.1541745128075,28.32601425981887,0.23545371799851436
2572.553296223986,28.35426870597869,0.23192279593116155
2575.9558084687033,28.38209944149043,0.22836976399869374
2579.361660401682,28.40950381317027,0.22479414732060493
2582.7708008592626,28.436479110848744,0.22119707191029336
2586.1831783525645,28.46302275947798,0.2175796722397808
2589.598741083702,28.489132320146755,0.21394154195415355
2593.0174369621195,28.514805305181252,0.2102845288182556
2596.4392135987414,28.540039448639444,0.20660891771378737
2599.8640183325783,28.564832518765098,0.20291504380215114
2603.29179823483,28.589182324021355,0.19920473749245787
2606.7225001137126,28.61308689252045,0.1954777673330253
2610.156070540815,28.636544224600414,0.19173546697900376
2613.5924558477673,28.659552480637895,0.1879789972147595
2617.0316021454437,28.682109960303666,0.18420829260473243
2620.47345534068,28.704214955416234,0.18042531726655983
2623.91796113533,28.72586599348822,0.17663042846631397
2627.3650650545487,28.74706164490418,0.1728243516940374
2630.8147124519373,28.767800567107464,0.1690089646694356
2634.26684851999,28.788081642867798,0.16518434393978482
2637.7214183171345,28.807903764140573,0.16135207823868777
2641.1783667688314,28.827266013529215,0.1575132398024535
2644.637638690455,28.84616760230551,0.1536681511411723
2648.0991788027313,28.86460778044245,0.14981879548169
2651.5629317363846,28.882586035900253,0.1459655875721697
2655.0288420606926,28.900101906408914,0.14210960104489506
2658.4968542894617,28.917155058534302,0.13825251868542926
2661.9669128964856,28.933745360776552,0.13439459173298304
2665.4389623397788,28.94987271178451,0.13053753273150656
2668.912947065193,28.965537215712292,0.12668237980468924
2672.3888115310783,28.980739101288854,0.12282975172376616
2675.866500223233,28.995478671495707,0.11898157083284394
2679.3459576638124,29.00975645999565,0.11513835460512784
2682.827128439012,29.023573062548266,0.111301361032183
2686.309957206518,29.03692922587213,0.10747219884217388
2689.7943887136225,29.04982588973319,0.10365129840531787
2693.2803678203904,29.062264045541827,0.09984044451932819
2696.7678395058556,29.074244898884146,0.09604065396548439
2700.2567488937216,29.085769777360003,0.09225275343377412
2703.747041267005,29.096840107772056,0.08847862582252958
2707.2386620799375,29.10745754287076,0.0847188260293389
2710.731556985082,29.117623801994277,0.08097477071496316
2714.2256718413214,29.12734077448007,0.07724795511768914
2717.720952734259,29.136610529094195,0.07353894393211492
2721.2173459977503,29.14543520236605,0.06984953931100048
2724.714798222034,29.15381714708337,0.0661806695151806
2728.213256279684,29.161758827425192,0.06253332459409171
2731.7126673389753,29.16926282637648,0.05890924410235857
2735.2129788781403,29.176331935668763,0.055308994682501396
2738.7141387104207,29.182969015030665,0.051734025002516185
2742.2160949922245,29.189177098030967,0.04818563422207295
2745.7187962439884,29.194959374137618,0.04466445331530102
2749.222191368885,29.200319108535453,0.04117214970383891
2752.726229661909,29.205259766499914,0.03770952331242871
2756.230860833889,29.209784909297404,0.03427756489594866
2759.7360350230047,29.213898217084918,0.030877785956759725
2763.241702809055,29.21760355139973,0.02751071793428798
2766.747815235223,29.220904837551846,0.024177719076972203
2770.254323815729,29.223806163841083,0.020879879942188085
2773.76118055539,29.226311749434146,0.017617809632663253
2777.268337965322,29.228425886590067,0.014392988465792409
2780.775749071713,29.230153045205963,0.011206062653792152
2784.2833674371377,29.231497772724417,0.008057969813433968
2787.7911471698644,29.23246472910203,0.004949978642018764
2791.2990429373567,29.233058726539074,0.0018825240627354872
2794.8070099845413,29.233284629426603,-0.0011431607232397275
2798.3150041400727,29.233147450139814,-0.004126243140373488
2801.8229818340897,29.232652300962968,-0.0070661792426406685
2805.330900110205,29.23180435945385,-0.009961715986238955
2808.8387166333396,29.2306089535355,-0.012812409641288082
2812.346389707764,29.229071464378546,-0.015617434155879285
2815.8538782834894,29.22719737227984,-0.018375825876893397
2819.361141968163,29.22499227317461,-0.02108728549152178
2822.868141040944,29.222461798915628,-0.023750792590046275
2826.3748364568137,29.219611703804823,-0.026365796361443115
2829.8811898612703,29.21644780824145,-0.02893187650689173
2833.387163598259,29.212975983060623,-0.031448081037002314
2836.8927207162264,29.209202213336184,-0.03391418330351973
2840.397824981827,29.205132511339762,-0.036329541486904836
2843.902440883188,29.200772966361335,-0.03869350481505888
2847.4065336391513,29.196129745783526,-0.041005941137536736
2850.9100692086454,29.191209032847024,-0.043266087635119334
2854.413014292587,29.18601710233081,-0.04547367092793445
2857.915336344867,29.180560261819455,-0.047628439052998656
2861.417003576285,29.174844849133095,-0.04972973932212353
2864.917984958181,29.16887728041444,-0.051777569326398085
2868.418250231831,29.16266397209527,-0.053771494538693294
2871.917769908482,29.156211392750627,-0.05571117368807733
2875.4165152756123,29.149526051908058,-0.057596659601779114
2878.9144584018413,29.142614452755844,-0.05942745500826089
2882.4115721361723,29.13548315815485,-0.06120705531307324
2885.907830115151,29.128138311517283,-0.06292773188083882
2889.4032067125327,29.12058698369158,-0.06459321316756074
2892.897677150576,29.112835798111472,-0.06620406601999625
2896.3912174463494,29.10489131018907,-0.06776004913872996
2899.883804403572,29.096760104292425,-0.06926094429405279
2903.375415616087,29.08844879097714,-0.07070700071193682
2906.8660294710044,29.079963950891706,-0.07209800878703022
2910.3556251451114,29.07131218983726,-0.07343417223560932
2913.844182607892,29.06250008916899,-0.07471549321706569
2917.3316826185924,29.05353422998294,-0.07594236917055375
2920.8181067261903,29.044421145682474,-0.07711495421195214
2924.303437263672,29.03516735117704,-0.078233452463185
2927.7876573458134,29.02577933688146,-0.07929815613861461
2931.2707508662393,29.016263558144825,-0.08030934364412982
2934.7527024932165,29.006626436907528,-0.08126704638443716
2938.2334976656452,28.996874391341397,-0.0821742216074409
2941.7131225926064,28.987013484748505,-0.08302809295711422
2945.191564210776,28.977050113593652,-0.08382911154688823
2948.6688102244075,28.966990620208026,-0.0845780089137078
2952.1448490988323,28.956841259138383,-0.08527504460206635
2955.619670049929,28.946608253786135,-0.08592084363269481
2959.0932630403836,28.93629775255021,-0.0865159038788839
2962.5656187706895,28.925915844084745,-0.08706034023437463
2966.0367286719797,28.91546860325662,-0.0875549960039031
2969.5065849043704,28.904962003736152,-0.0879995894242409
2972.975180344819,28.894402053005244,-0.08839578606512254
2976.4425085911794,28.88379455867743,-0.08874423834110307
2979.9085639382206,28.873145250076497,-0.08904506530955132
2983.37334136823,28.86245984223935,-0.08929936050751311
2986.8368365492984,28.85174391897845,-0.08950754804488108
2990.299045819576,28.841003013213065,-0.08967103598109384
2993.7599661811614,28.830242488895333,-0.08978999018431023
2997.219595279829,28.819467690073218,-0.08986437323642929
3000.6779314026376,28.808683965284846,-0.08989722404202417
3004.1349734784717,28.797896298399802,-0.0898881918063975
3007.59072103428,28.787109715383036,-0.08983767897308469
3011.045174200126,28.776329193906264,-0.08974678598728421
3014.4983337033946,28.76555957958779,-0.08961592308052488
3017.9502008529453,28.75480566881813,-0.08944608243328311
3021.4007775332034,28.744072138926136,-0.08923843482726432
3024.8500661898747,28.733363526746864,-0.08899284492167067
3028.2980698130846,28.722684385356263,-0.08871132060889077
3031.744791939327,28.712039026883197,-0.08839407557052972
3035.190236622553,28.701431737814733,-0.08804226467443015
3038.634408431091,28.6908666660538,-0.08765655710787275
3042.077312431017,28.680347879200855,-0.08723745333338649
3045.518954176521,28.66987938480085,-0.08678621395903573
3048.9593397026974,28.659465039125767,-0.08630371046337082
3052.3984755073925,28.649108593870164,-0.08579049339791817
3055.836368538657,28.638813734662413,-0.08524799593449323
3059.2730261868164,28.628583975150274,-0.08467647235369685
3062.7084562638343,28.61842279846783,-0.08407684323950879
3066.1426669996504,28.608333577279087,-0.08345030858994183
3069.575667028924,28.598319540248294,-0.08279746283273923
3073.007465373754,28.588383844708364,-0.08211939002229403
3076.4380714351187,28.57852951790569,-0.0814168504536453
3079.867494977267,28.568759495851253,-0.08069037221104727
3083.2957461167694,28.55907665118593,-0.07994147386765732
3086.7228353149117,28.54948367432181,-0.07917065156035125
3090.14877335583,28.539983196134568,-0.0783787646039539
3093.5735713393665,28.530577744382093,-0.07756704657891524
3096.9972406686925,28.521269698792622,-0.07673618658800296
3100.4197930325477,28.51206135640206,-0.07588718869218104
3103.8412403953157,28.502954893759,-0.07502080682853433
3107.2615949825667,28.493952396939576,-0.07413779582146218
3110.6808692701993,28.485055861441,-0.07323944311817518
3114.0990759735723,28.47626712826682,-0.07232618628029049
3117.516228028964,28.467587985913184,-0.07139898755917777
3120.9323385872735,28.459020107406083,-0.07045881817187426
3124.3474210001623,28.450565049225457,-0.06950624743382418
3127.7614888060693,28.442224299533397,-0.06854247904844514
3131.1745557220133,28.433999202047584,-0.06756800391586458
3134.586635626259,28.42589104157768,-0.06658366719569729
3137.9977425512484,28.4179010015142,-0.06559053214458185
3141.4078906714303,28.41003013765685,-0.06458892167704573
3144.817094287949,28.402279467055603,-0.06357987023449187
3148.225367823996,28.394649882627466,-0.06256427525982512
3151.6327258099113,28.387142169596288,-0.061542560787296564
3155.0391828702627,28.379757062301813,-0.060515809407267425
3158.444753717739,28.372495165172943,-0.059484563356970076
3161.8494531375595,28.365357017570105,-0.058449546083271416
3165.253295979668,28.358343072040114,-0.05741169488456468
3168.656297148313,28.351453668653967,-0.05637132034572645
3172.0584715885516,28.34468911021248,-0.05532936110172702
3175.459834281777,28.338049586880274,-0.05428648145675646
3178.8604002322027,28.331535209105464,-0.053243160723527055
3182.2601844572955,28.32514602981864,-0.052200275949213525
3185.6592019808736,28.318881996704736,-0.05115824622319986
3189.057467820478,28.312743007157952,-0.050117747231663276
3192.454996981337,28.30672887749015,-0.049079524852686816
3195.851804446636,28.300839334507828,-0.04804385258471167
3199.247905166777,28.29507407219766,-0.04701154477694432
3202.6433140554404,28.289432686824426,-0.0459831092360544
3206.0380459778594,28.2839147137161,-0.04495895397970218
3209.432115743505,28.278519639238535,-0.04393978925541802
3212.8255381002136,28.273246864527884,-0.04292592654770511
3216.218327723957,28.26809575334216,-0.0419179414391278
3219.610499214358,28.263065600369465,-0.040916415467346846
3223.0020670864023,28.258155630513382,-0.039921583536914405
3226.393045762064,28.25336504048895,-0.03893408755405212
3229.7834495669226,28.248692949982466,-0.03795428647408498
3233.1732927209205,28.244138435605574,-0.03698248624273357
3236.562589333193,28.239700537256446,-0.03601923361929183
3239.9513533976638,28.235378229222132,-0.035064776329248364
3243.3395987851704,28.23117045606262,-0.034119550949396386
3246.727339239898,28.227076109948694,-0.03318395425499048
3250.114588373092,28.223094035438095,-0.03225815139668801
3253.5013596573444,28.219223057270494,-0.03134266722974421
3256.887666424217,28.215461937202925,-0.03046720855508768
3260.2735218566813,28.211805872176313,-0.0296413080275227
3263.6589385613424,28.208248915213012,-0.028856041145375717
3267.043928431168,28.204786190275566,-0.028103570224028863
3270.428502774001,28.201413761848684,-0.0273792165679771
3273.812672425423,28.198128255860528,-0.02667927753293349
3277.1964478161262,28.194926742556575,-0.026000175340041166
3280.579839025233,28.19180672151577,-0.02533894722217286
3283.962855831815,28.18876604784911,-0.024692016500499535
3287.345507757557,28.18580300586905,-0.024054216229645008
3290.7278041182612,28.182916499921493,-0.023421848010349862
3294.109754098252,28.18010587816025,-0.022791697324889146
3297.491366803631,28.177370874481266,-0.022161811579853752
3300.872651308569,28.174711457091682,-0.02153208381891058
3304.2536166834198,28.172127607033413,-0.020903221280007944
3307.6342719962636,28.169619220479813,-0.020276143908178362
3311.0146263027214,28.167186083210833,-0.019651170552234386
3314.3946886327067,28.164827942744566,-0.01902777770292543
3317.774467985836,28.162544609420216,-0.018406381112150292
3321.1539733389664,28.16033584368676,-0.01778811110244379
3324.533213640209,28.158201270354468,-0.01717394378499405
3327.9121977926516,28.15614039710027,-0.016564239835298783
3331.2909346403035,28.154152688320035,-0.015958496074911857
3334.6694329629017,28.152237668791045,-0.015356547270045394
3338.0477014831567,28.15039488311864,-0.014760500825165931
3341.425748869131,28.14862362301962,-0.014169856595656467
3344.8035837038933,28.14692324022814,-0.013585881617330561
3348.1812144927208,28.14529293443406,-0.013013376315818852
3351.5586496448527,28.14373132927616,-0.01245618870352961
3354.9358974043657,28.142236586631736,-0.011916703776168868
3358.3129657947616,28.140806582178595,-0.011393800239248133
3361.689862584623,28.139439326149883,-0.010888566233034504
3365.066595303761,28.138132698201918,-0.01040155915464207
3368.443171227545,28.13688451110336,-0.009932891312729035
3371.8195973688776,28.135692564145835,-0.00948362259620416
3375.195880476575,28.13455452943429,-0.009054794232010374
3378.5720270201073,28.13346795412645,-0.008646849963134938
3381.9480431746024,28.132430332130873,-0.008261298890626437
3385.323934814458,28.131438976263997,-0.007898689592867195
3388.69970749161,28.13049113351285,-0.007559513856328411
3392.0753664276313,28.129583991850094,-0.007245243651652196
3395.4509165066534,28.128714562611897,-0.006954279294005968
3398.8263622541667,28.127880049096618,-0.006686577817986341
3402.2017078600584,28.12707765975846,-0.006443945270361315
3405.5769571792293,28.126304386326016,-0.006226676445356947
3408.9521137055885,28.125557185152573,-0.006036180962711312
3412.327180567807,28.124832843437048,-0.0058739529842476235
3415.7021605090194,28.124127969078938,-0.00574113360222622
3419.077055865309,28.12343903304667,-0.005639247372525622
3422.4518685492744,28.122762323361965,-0.005568839490038419
3425.826600028078,28.12209406262316,-0.005532617973470714
3429.2012513155923,28.12143014846634,-0.005532989423307775
3432.5758229334083,28.120766189735544,-0.005571496922716129
3435.9503148761764,28.120097610104818,-0.005650069158392621
3439.3247265893892,28.11941960180581,-0.005770430621728213
3442.6990569416057,28.118727150131203,-0.005935217589522209
3446.0733041996214,28.11801492402046,-0.006146473294906907
3449.447465990504,28.117277347225073,-0.0064057598728415
3452.821539272171,28.11650865604033,-0.00671526840775241
3456.1955203108955,28.115702823831402,-0.007076644596516386
3459.569404649755,28.11485362647982,-0.007491737877117684
3462.9431870849326,28.113954617934567,-0.007962676360070448
3466.316861639085,28.112999096771357,-0.008491693368574565
3469.6904215306977,28.11198009356713,-0.009081579425750774
3473.0638591419256,28.11089030403604,-0.009735529010765132
3476.43716597841,28.109722040554747,-0.010456172291068367
3479.8103326232767,28.10846729987982,-0.011246964477151691
3483.1833486992623,28.10711766414256,-0.012110952001786579
3486.5562028189593,28.105664349902344,-0.01305065882904552
3489.9288825409476,28.104098270842858,-0.014069202885466542
3493.3013743334486,28.1024099664966,-0.01516958485054303
3496.6736635294283,28.100589616314537,-0.01635548179274536
3500.045734283386,28.098626958499406,-0.017630380893700115
3503.417569518406,28.09651131279216,-0.0189976529769006
3506.789150875941,28.09423159443493,-0.020461560744936387
3510.160458667273,28.09177620714554,-0.022025587100054287
3513.5314718121303,28.089133136693533,-0.023693374081739462
3516.9021677885335,28.086289931803723,-0.0254692394017652
3520.2725225803497,28.08323362307551,-0.02735702945653244
3523.6425106151187,28.079950779540727,-0.029361087587338523
3527.0121047086636,28.07642744903025,-0.03148540021852905
3530.381276002547,28.072649201004026,-0.033733867824373605
3533.7499939066674,28.0686011368651,-0.03611106117029464
3537.1182260430915,28.064267809524665,-0.038606343137067525
3540.4859381802344,28.059635048348216,-0.041196782009057166
3543.853094386036,28.05469143450713,-0.04389551391770498
3547.219657358177,28.049423972837005,-0.046715501944520545
3550.5855882349174,28.043818112603663,-0.04966686531489569
3553.9508464084297,28.037858088765876,-0.05275777295450953
3557.315389379082,28.031527156011336,-0.05599601018816476
3560.6791726378033,28.024807634788758,-0.059389587381249505
3564.042149553978,28.017680884303008,-0.06294610958137821
3567.4042712600944,28.010127351153244,-0.06667442931610165
3570.765486542233,28.00212641963531,-0.07058421158699027
3574.125741712589,27.99365631424487,-0.07468270604399324
3577.4849804702985,27.98469438951959,-0.07897710060483286
3580.8431437970407,27.97521713744701,-0.08347236805998412
3584.2001698535346,27.965200453279813,-0.08817190426274828
3587.555993907928,27.954619824768283,-0.09307920565071005
3590.9105482869004,27.943450320090196,-0.09819745748749587
3594.2637623253113,27.931666625191696,-0.1035307844535814
3597.6155623203344,27.919242931057266,-0.10908338226121281
3600.9658714720613,27.90615292518592,-0.114857529633915
3604.3146098230836,27.89237002162985,-0.120855525621565
3607.661694225679,27.877867358555264,-0.12707985540784503
3611.007038308706,27.862617775906322,-0.13353345215634596
3614.3505524418147,27.84659376164756,-0.14021969597399442
3617.6921436932125,27.82976739813068,-0.14713966526655037
3621.031715780988,27.812110638298694,-0.1542939989240576
3624.369169057584,27.793595358427808,-0.1616853654160719
3627.704400500595,27.77419311457788,-0.1693111163378123
3631.0373036743445,27.753875780617342,-0.17716760802374446
3634.3677687680183,27.732615667654493,-0.18525298524554465
3637.695682648137,27.71038530942503,-0.19356492086307117
3641.020928885268,27.68715751892146,-0.2021051829995725
3644.3433877875386,27.66290489696151,-0.21087216518780144
3647.662936375174,27.637600237138976,-0.2198661562641168
3650.9794484036306,27.611216298387284,-0.2290860300968639
3654.2927943594373,27.58372597477566,-0.2385293769075331
3657.6028414764105,27.555102449546755,-0.24819430691809694
3660.9094537703563,27.525319132716582,-0.25807811171834394
3664.2124920662823,27.49434975931038,-0.2681770638773095
3667.5118140373993,27.462168511645103,-0.27848865534356676
3670.8072742587965,27.428749873003877,-0.2890081877321351
3674.098724243557,27.39406889047602,-0.29973186043383815
3677.3860125104143,27.35810106722396,-0.3106572664163454
3680.668984638481,27.320822195254,-0.32177733820051757
3683.9474833019117,27.282208914669937,-0.3330854073143434
3687.221348371672,27.242238665792215,-0.3445749231896715
3690.490417011567,27.200889675009453,-0.35623711891963167
3693.754523772568,27.158141220739097,-0.36806388945075913
3697.0135007190565,27.113973554005007,-0.3800459386879953
3700.267177545537,27.068368041362447,-0.3921738862801225
3703.5153817105006,27.021307175008833,-0.4044377358850626
3706.7579385715017,26.972774646702625,-0.41682464095626615
3709.9946715291057,26.922755689787873,-0.42932374636278087
3713.2254022118805,26.87123684022434,-0.44192335383922476
3716.4499506327074,26.818206037763634,-0.45461104402951386
3719.668135357239,26.76365271248009,-0.467374534794036
3722.8797736827364,26.707567768304806,-0.4802000161915961
3726.084681814933,26.649943766361815,-0.49359589487979394
3729.2826750668964,26.59071225897624,-0.5091786317334347
3732.4735605379738,26.529610823168227,-0.5258413140055039
3735.657113836754,26.466509865487566,-0.5427265379317653
3738.8330950206123,26.401382680935754,-0.559392545741293
3742.0012609423247,26.3342555754468,-0.5756677760615247
3745.1613716113784,26.265175442319418,-0.5915408163485746
3748.313192664457,26.19419054435759,-0.6071214267773141
3751.4564955297797,26.121335973144312,-0.6225915406381077
3754.591055846557,26.046624988267737,-0.6379820490971906
3757.716650845149,25.970067142376074,-0.6527209702173982
3760.8330589022344,25.891740625949986,-0.6659416304619648
3763.9400677773483,25.811827630294548,-0.6778139041320084
3767.0374870929836,25.730489961798707,-0.6886180183294052
3770.1251458883994,25.647855799599178,-0.6986146579270376
3773.2028885843515,25.564022040647934,-0.7079696756925709
3776.270571229229,25.479065679564826,-0.7167788354260003
3779.328059110777,25.393052219313706,-0.7250625748266598
3782.3752253770945,25.306044710334508,-0.7328058227380715
3785.4119507423347,25.21810801160594,-0.7401433574831767
3788.4381237037273,25.129290808707957,-0.7472376943568535
3791.453638600772,25.039622285385136,-0.7541569983876327
3794.4583932750184,24.94912344557862,-0.7609462405663501
3797.452288088488,24.85780989671066,-0.7675642821939711
3800.435225276093,24.76570218284738,-0.7740189768510872
3803.407109538035,24.67281990562525,-0.780392485148345
3806.36784792671,24.57917280740745,-0.7865396509528036
3809.3173486635988,24.484788049293112,-0.7926713216832318
3812.255523229514,24.389667490691124,-0.7990350231389611
3815.182283328397,24.293783287914447,-0.805604757335899
3818.0975373229467,24.19711071703414,-0.8122617411641885
3821.001190608991,24.099639308094435,-0.818766996649803
3823.893147325962,24.001387268496458,-0.8251969030397983
3826.773313798182,23.902363640131682,-0.8314945178943164
3829.6415974349975,23.802584297984364,-0.8376486452019831
3832.497907550756,23.702066460560125,-0.8437064786085319
3835.342155526023,23.6008216831271,-0.8497354516672072
3838.174254127998,23.498853428927035,-0.8556234050098895
3840.9941165394694,23.39617862032585,-0.8613561360611919
3843.8016579739083,23.292815883998504,-0.8671819790788415
3846.596795879988,23.188754046509043,-0.8729950288533145
3849.379446365569,23.083994643046644,-0.8787145105478816
3852.149525722735,22.978548901780897,-0.8840198396159487
3854.9069515909487,22.872466521026983,-0.8889885620499036
3857.651647573472,22.765787893580995,-0.8936236001676728
3860.383542120702,22.658553061560873,-0.8978057277499271
3863.102568488089,22.55081637423088,-0.9015798510430476
3865.808666452997,22.442626792105713,-0.904867954032379
3868.5017816680497,22.334042637621828,-0.907567719935827
3871.181866784564,22.225134511229527,-0.9096493100576487
3873.8488829259118,22.11597659402261,-0.9110035985730858
3876.5028001171945,22.00665616219384,-0.9117715558549763
3879.1435988566577,21.897243575491242,-0.9120118048853025
3881.7712680857167,21.787802158905006,-0.9116795714995453
3884.3858043447854,21.67840061032506,-0.9107894393036885
3886.9872124180242,21.569105877608617,-0.9093498872783523
3889.5755051233373,21.459983891135217,-0.9073764749743454
3892.1507031902734,21.351098714138296,-0.9048430180054119
3894.71283503597,21.242517551977645,-0.9017428943917954
3897.261937142207,21.13430840465063,-0.898111572669862
3899.798054150765,21.026535015930246,-0.8939174259271591
3902.3212383526766,20.919264924818986,-0.8891052902391855
3904.831550143655,20.812572289990285,-0.8836960331932185
3907.3290588184536,20.7065287660071,-0.8777227968416312
3909.8138422703746,20.601202030386105,-0.871199191171304
3912.285986514021,20.49665812744555,-0.8641781913181987
3914.745585489314,20.392956744487364,-0.8566695727052063
3917.1927402986526,20.29015639576274,-0.8487612479182963
3919.627559066144,20.188305046012545,-0.8404256735780977
3922.0501556716654,20.087453965183172,-0.8316085361965654
3924.4606501474873,19.987660940839586,-0.8223772895270199
3926.859169460388,19.888975666096343,-0.8127262072865538
3929.2458465403192,19.791448521221955,-0.8027175715730923
3931.6208203628657,19.695122412633186,-0.7923603657020444
3933.984235052382,19.60003916874894,-0.7816619198453852
3936.3362397526316,19.506239738367494,-0.7706674508433689
3938.6769885212357,19.41375964426629,-0.7593514267533029
3941.006639678548,19.32263747305589,-0.7477145068589411
3943.3253561753145,19.232911732232818,-0.7358132633430997
3945.6333055831824,19.144614140631646,-0.7236567870158932
3947.930659280058,19.057775326189738,-0.7112516855299951
3950.217592319201,18.97242512392614,-0.6985972329888204
3952.494283334072,18.88859345596748,-0.6857053665340437
3954.760914548788,18.806308811983396,-0.6726144427212561
3957.017671606226,18.725595078856845,-0.6593180058052397
3959.264743015689,18.646476918160214,-0.6458136047343656
3961.5023202458683,18.56897928559209,-0.6321408275396182
3963.7305977601395,18.493122386287336,-0.6182787794878332
3965.949772446494,18.418928932748795,-0.604230482478481
3968.160043918424,18.346421274851377,-0.5900258403835043
3970.361614471406,18.275618174005356,-0.5756587394796144
3972.5546886522866,18.206539125267803,-0.5611706774167141
3974.739473347319,18.139198643977796,-0.546542261116058
3976.916177184596,18.07361357264387,-0.5317788741173928
3979.085010813313,18.009800107749783,-0.5169149476375122
3981.246186826243,17.94777031403328,-0.5019299484116362
3983.399919263927,17.887538720223883,-0.486838800330081
3985.546423910354,17.829118064184275,-0.47163876920763165
3987.685918078056,17.77252141187936,-0.45633389391946305
3989.8186206474816,17.717761344609023,-0.4409463107242639
3991.9447520088347,17.664847787322113,-0.42546334852658274
3994.0645337433134,17.613792185498923,-0.40990990849329356
3996.1781888055734,17.564602996479728,-0.3943070534744057
3998.285941165151,17.517286150062798,-0.37865531563254906
4000.388015503159,17.47184751218689,-0.3629698820398494
4002.4846372046213,17.42829112634211,-0.3472604040361302
4004.5760321397825,17.386619877857775,-0.33153568887197793
4006.6624265251253,17.346835595193138,-0.31581316430201667
4008.7440467965484,17.308938015476897,-0.3000872695495272
4010.8211193584057,17.272927543130955,-0.28437656712363224
4012.8938706635813,17.238802355076118,-0.2687028899694467
4014.9625269461903,17.206558008279785,-0.25306053781076704
4017.0273139071837,17.17619074374249,-0.23746836613410885
4019.0884567964326,17.1476945398064,-0.22193386929586445
4021.1461801412092,17.121062475490895,-0.2064602035349875
4023.2007076382683,17.096287251066695,-0.1910681093403429
4025.2522621083963,17.073359077945852,-0.1757535883657086
4027.3010651977497,17.05226864734197,-0.16053884955594053
4029.3473374354307,17.033003985395254,-0.1454386708258805
4031.391297913678,17.01555134489615,-0.13044724228213392
4033.4331640750656,16.999897675822293,-0.1155853189801361
4035.4731517961645,16.986027437544678,-0.10085521367375352
4037.51147508867,16.973924811903828,-0.08626753734127093
4039.5483460660985,16.963572707422877,-0.07183355536727795
4041.583974790989,16.954952680778803,-0.057549514372188554
4043.6185691126825,16.94804673905414,-0.043430352083907955
4045.652334721369,16.94283509680407,-0.029481314945317947
4047.6854749329855,16.939297339010633,-0.015700742136529132
4049.7181906136666,16.93741324995425,-0.002103640830661064
4051.750680203661,16.93716081305457,0.011305719983018395
4053.7831395012277,16.938517499452534,0.02452293357484176
4055.8157616011617,16.941460251481516,0.03753911057503537
4057.8487368313395,16.94596494475052,0.05035686539851898
4059.8822526247095,16.952007768598342,0.06296614385656696
4061.9164935569415,16.95956370586113,0.07536231422529566
4063.951641201645,16.968607183568164,0.08754947540499275
4065.987874063673,16.979113120616763,0.09951508097952752
4068.025367638147,16.991054930334307,0.11125986673403168
4070.0642942297873,17.00440611434239,0.12278036865558617
4072.1048229635085,17.019139758581062,0.13406931876034878
4074.147119734538,17.035228076832304,0.1451307840749253
4076.191347103758,17.052643770921296,0.1559544492104417
4078.2376643562684,17.07135830482655,0.1665411486217955
4080.2862273528476,17.091343242661164,0.17689239920492614
4082.337188541967,17.112570330565756,0.1869986713899309
4084.390696981635,17.13501017113255,0.19686352390206568
4086.446898202171,17.158633794000796,0.20648255034254243
4088.505934257451,17.1834117000419,0.21585345064037176
4090.567943661456,17.209314114118747,0.22497871750792334
4092.6330613551504,17.236311560219697,0.23385089778496343
4094.701418742377,17.264373667953894,0.24247247520355772
4096.773143582532,17.293470364978322,0.25084193126992105
4098.848360026329,17.323571396730713,0.2589515396990677
4100.927188593937,17.3546455814946,0.26680274449772584
4103.009746063716,17.386661910834327,0.27439216032216474
4105.096145493017,17.419588970072986,0.28171644170593885
4107.1864961694255,17.4533949430777,0.2887774708997354
4109.280903562595,17.48804823958567,0.29556957052701377
4111.3794693513455,17.52351658804891,0.30209491283872103
4113.482291341911,17.559767977589555,0.30835462001557595
4115.589463499222,17.596770531991424,0.3143440529620867
4117.701075963061,17.634491818346874,0.3200682796960766
4119.817214981263,17.672900011910404,0.3255258236201414
4121.937962982692,17.711963110744822,0.3307170165360218
4124.063398555981,17.751649152729144,0.33564593958402245
4126.193596454308,17.791926665479227,0.3403089454068251
4128.328627654166,17.832763738928048,0.344710552254013
4130.468559302837,17.87412900519853,0.34885134641490795
4132.613454783461,17.91599116676832,0.352729421224145
4134.763373723473,17.958318697315217,0.35635027690538407
4136.918371967151,18.001080730543862,0.3597127640027139
4139.078501654816,18.04424626222419,0.3628188826459033
4141.243811206283,18.087784528141697,0.3656717264511111
4143.41434534966,18.13166513531583,0.368550687266633
4145.590145165897,18.17589121778783,0.37110992712447644
4147.771252112032,18.220424409042767,0.37331402562828425
4149.957703041117,18.26522209211816,0.3751539089389083
4152.149529692171,18.31024056119083,0.37666789171892173
4154.3467585595145,18.3554407081971,0.3778722253428495
4156.549411444498,18.400785375238243,0.3787818813863256
4158.757505689527,18.4462392010046,0.3794103100684722
4160.971054393647,18.49176843821282,0.3797609306777532
4163.190066606233,18.53733974989415,0.37983196007221326
4165.41454737622,18.582919585102818,0.37965278432784877
4167.644497726433,18.62847791922216,0.37923079656215325
4169.879915076739,18.673985614809617,0.37859120779689537
4172.120793350517,18.719416559745245,0.37856790685215225
4174.367123337686,18.7648447085675,0.37825572770163784
4176.618904702715,18.8102353958917,0.37761545470522645
4178.876132950221,18.855549250456324,0.37669201199338787
4181.138798860276,18.90075229189553,0.3755224872429719
4183.406889135304,18.945814990364685,0.3741184767147559
4185.6803869341475,18.990709207570454,0.37248669673491985
4187.959272039056,19.035407611178645,0.37062845055649807
4190.243520952397,19.079883025245426,0.3685254032256159
4192.533106915427,19.1241060736325,0.36612795449979363
4194.827999644263,19.168041428172476,0.36349384922856215
4197.128164615644,19.211660690079903,0.36063704427024756
4199.433563898454,19.254937135392332,0.35755217752389284
4201.744156354701,19.2978433966952,0.3543132085863202
4204.059897562304,19.340360981725556,0.35094551536962787
4206.380740880111,19.38247444356991,0.34742951932644256
4208.7066378133395,19.424165985889086,0.34375009023206804
4211.037537731646,19.465415996716935,0.3398496752249484
4213.3733876512515,19.50619795774393,0.33563544534361744
4215.714131406181,19.546474211185163,0.33105446984702164
4218.0597083115235,19.586200747566807,0.32621162058874154
4220.410052401232,19.625346142037454,0.3211762399656524
4222.765093938277,19.663887290833333,0.3159832644512692
4225.124760413177,19.701805282567484,0.3106581024915859
4227.4889770470845,19.739084254866473,0.30530362402404715
4229.857667157668,19.77572068974936,0.2996832439565208
4232.230753640439,19.81168267902414,0.2938154510533384
4234.608155561921,19.84694053315054,0.28784016681578584
4236.989788425899,19.881481353168436,0.28175999896019027
4239.375566188279,19.91529255304366,0.2756001032864957
4241.765401294644,19.948364565438037,0.2693026916358529
4244.159205042497,19.98068088843434,0.26298943136468
4246.556886749109,20.012239620198102,0.2566880029707606
4248.958355503533,20.043042180554593,0.25044454005187106
4251.3635205652,20.073095525360817,0.24422869024698912
4253.772292028243,20.102402968190454,0.2380100685255468
4256.184580384426,20.13096417641352,0.23183694077824535
4258.600296085596,20.15878460930691,0.2257560618276024
4261.019350238713,20.185875336726223,0.21966167050154345
4263.44165527912,20.212234737186407,0.21349786551905794
4265.867123447582,20.237854481048693,0.20729029691311776
4268.295665985308,20.262729316678268,0.20094358857226874
4270.7271935033095,20.28684254730694,0.19455275065020888
4273.161614608986,20.310188877384963,0.18814780690876903
4275.598837274272,20.332766614214016,0.1816815362567339
4278.038769267978,20.354568398564822,0.17518484623752043
4280.481317475806,20.375590580113325,0.16869276495289062
4282.92638834542,20.395833711907674,0.1622069898237987
4285.373888390848,20.41529855068653,0.15575823875986042
4287.823724216931,20.433989539337713,0.14930044508951668
4290.275802961652,20.451905592748453,0.14292017721466435
4292.730031632781,20.469056014014214,0.1365964442801993
4295.186318354463,20.485447587327837,0.13028274478063417
4297.644572064943,20.501081516701515,0.12396851095505919
4300.104701846947,20.515957738016123,0.11761186213267717
4302.566616775509,20.530071161472044,0.11124157483688736
4305.030225314886,20.54342015045247,0.10483905653210955
4307.49543573294,20.556000837236322,0.09839616107758416
4309.962155833408,20.567808376565633,0.09193808085662351
4312.430292838596,20.57884094626843,0.08546845209254549
4314.899753752148,20.589097160519533,0.07902446275238773
4317.37044541141,20.59858009604982,0.07260393498957578
4319.8422750229365,20.607292568248567,0.06619323897675192
4322.315150131127,20.615235756925777,0.059810523316461625
4324.788978421958,20.62241301972375,0.053476313632291966
4327.2636679843245,20.628830177359628,0.047157992708409396
4329.739127605608,20.634489136484635,0.04089421127161201
4332.215266301986,20.639396441837228,0.034670217020445045
4334.691993875006,20.64355686787968,0.028466619723774015
4337.169220699152,20.646972862246535,0.02230704527960016
4339.646857442622,20.649649707680087,0.016188024483161798
4342.124815407543,20.651592270618067,0.010131777473433506
4344.603006480017,20.65280808391488,0.004131419079988514
4347.081343450087,20.65330385420448,-0.001812260550894128
4349.559739912592,20.653086382938373,-0.007665136362986249
4352.038110278544,20.652166566574813,-0.013451839830691379
4354.516370266533,20.65055234579513,-0.019162116076979818
4356.994436548029,20.648252891865894,-0.02477355825054619
4359.472226895053,20.645280064875827,-0.03030259539415231
4361.949660502838,20.64164375342853,-0.03571612537054349
4364.42665775325,20.637357818384064,-0.04103076811491501
4366.9031406914555,20.632434126210274,-0.046246771854498235
4369.379032786601,20.626884513587733,-0.05133821250727754
4371.8542589282315,20.62072392808686,-0.05631793525891945
4374.328745799602,20.61396577585579,-0.061184037150780135
4376.802421692705,20.606623691397694,-0.06592412203625642
4379.275216535673,20.598712796753343,-0.07054337318904065
4381.747062071284,20.59024759197066,-0.075027111875363
4384.21789178232,20.581244338545616,-0.0793766519798932
4386.687641102946,20.57171914030803,-0.08360627759731974
4389.156247399783,20.561686386996353,-0.08769919334609803
4391.623649766222,20.551162483794823,-0.09167491526812803
4394.089789264278,20.540161493962646,-0.09552962243546562
4396.554608643553,20.52869793927039,-0.09925067773797065
4399.018052396265,20.516787857941836,-0.10285213724158791
4401.480066939218,20.504445601472845,-0.10631811104636138
4403.940600411394,20.491687428147284,-0.10965732513086866
4406.399602902772,20.47852854913158,-0.11286470168523371
4408.857026328668,20.46498478492935,-0.11592692845152933
4411.31282450286,20.451073553515165,-0.11886193955323834
4413.766953329282,20.436810120768776,-0.12165457256425315
4416.219370543774,20.422211572061066,-0.12430724144562322
4418.670035932421,20.40729470308759,-0.12682983430643083
4421.118911296792,20.39207512297082,-0.12921146727012786
4423.565960311549,20.376569746898404,-0.13146637817175466
4426.011148681177,20.360793781517796,-0.13362235845890075
4428.454443934958,20.344759098502728,-0.13568800633559544
4430.895815026779,20.328476537742457,-0.13766569362335143
4433.335232211308,20.311956654507654,-0.13953730294105776
4435.772667009849,20.295212178154728,-0.1412956023160167
4438.208092471227,20.278256705876807,-0.14293943570041537
4440.641483275933,20.261103973592757,-0.1444578561192709
4443.072815752764,20.243769030858445,-0.1458538044678082
4445.502068036467,20.22626657432231,-0.1471209602835158
4447.929220025386,20.20861205908829,-0.14824561391921337
4450.354253472477,20.190822585417983,-0.1492365806460012
4452.777152182727,20.172914195740464,-0.15008046357960925
4455.197901886216,20.154904540110913,-0.15077855393451534
4457.616490431029,20.13681111363877,-0.15134114980438026
4460.032907764666,20.118650175662246,-0.1517595804390593
4462.447145785745,20.10043902600956,-0.15204761472326364
4464.859198468866,20.08219331224277,-0.1522017899384912
4467.269061666336,20.06392909745015,-0.15221983245353016
4469.6767331580295,20.045662717555725,-0.15211424964008646
4472.082212684136,20.027409007598916,-0.15187653710202828
4474.485501765048,20.00918382314667,-0.151514124390666
4476.886603823826,19.99100212821979,-0.15103247850187637
4479.285524079212,19.972878230799566,-0.15042477753276323
4481.682269466908,19.954827257495634,-0.14969970354130374
4484.076848737807,19.936863293070676,-0.1488562179548709
4486.469272332975,19.91900054691609,-0.14789502696063228
4488.859552398605,19.901253143680815,-0.1468255178894538
4491.247702775847,19.88363408153408,-0.14564780184511827
4493.633738865631,19.866156345312664,-0.14437199516818183
4496.017677627068,19.848831705892483,-0.14300547910582126
4498.399537431776,19.831671048399784,-0.14154445499983717
4500.779337957583,19.814685713799804,-0.1399980762815336
4503.157100243239,19.79788594464602,-0.13836562227230811
4505.532846556597,19.781282069973344,-0.1366494543956744
4507.906600404994,19.76488413544586,-0.13485974781368668
4510.278386501247,19.74870096570822,-0.13299278334509665
4512.648230617132,19.732741831706807,-0.13105716171075585
4515.016159636937,19.717014972301516,-0.12905780389676028
4517.382201433613,19.701528035833906,-0.12699242031294403
4519.746384797913,19.686288945396353,-0.12487146132324538
4522.108739471361,19.671304370037564,-0.12269318058527769
4524.469295995766,19.65658118836733,-0.1204600718888468
4526.82808573837,19.64212597974067,-0.11817737938873614
4529.185140855939,19.62794469421402,-0.11584234637540662
4531.5404942192445,19.61404361264897,-0.11346306086738533
4533.894179452763,19.600428045344884,-0.11104100026327408
4536.246230818204,19.58710312531329,-0.10857708062982444
4538.596683193242,19.574073875637712,-0.10607891246023639
4540.945572058318,19.561344406142485,-0.10354507131222503
4543.292933387055,19.54891899758502,-0.1009797139608851
4545.638803666766,19.536801431909712,-0.0983888014655497
4547.983219838595,19.524994775733845,-0.09577132474731863
4550.326219211683,19.513502216764167,-0.0931344297374789
4552.6678394776945,19.50232608519567,-0.09047942020366895
4555.008118607918,19.491468554771227,-0.08780622362967146
4557.34709483449,19.48093180793567,-0.08512215439184159
4559.684806651442,19.470717149408646,-0.08242554426669546
4562.021292709371,19.46082608409664,-0.07971981006779053
4564.356591839462,19.451259706888507,-0.07700892879113706
4566.690743004289,19.44201863543357,-0.07428974367595885
4569.023785240542,19.433103866192454,-0.07156855341803856
4571.355757704485,19.42451563978229,-0.0688451277995637
4573.686699581259,19.41625422444634,-0.06611976247323309
4576.016650088192,19.408319852949553,-0.06339884857110296
4578.345648470547,19.40071199112102,-0.06068081000060591
4580.673733909482,19.393430293920947,-0.05797020642472469
4583.0009455447525,19.38647386914998,-0.05526996465618455
4585.327322409051,19.379841473391238,-0.052579133020447144
4587.652903385858,19.373531977428783,-0.049903065122187555
4589.9777272231495,19.36754360961412,-0.04724086633969098
4592.301832456304,19.361874705653356,-0.04459400134208643
4594.625257420982,19.356523425492306,-0.04196686253573843
4596.948040232041,19.351487401988017,-0.0393580559584964
4599.27021872028,19.346764435273,-0.03677141501390708
4601.591830452513,19.34235186547133,-0.034208890890725575
4603.912912676369,19.33824679856444,-0.031669830544268654
4606.233502292197,19.33444641889913,-0.02915880631728019
4608.553635862465,19.330947362141057,-0.026675538005628316
4610.873349545922,19.327746297580383,-0.024221617579948184
4613.192679101631,19.32483970347079,-0.02180098278593773
4615.511659866048,19.322223585536477,-0.019412139005655235
4617.830326696312,19.3198941288558,-0.01705861066371485
4620.1487139917745,19.317847095576155,-0.014741689364293029
4622.466855643243,19.31607809285244,-0.012461046672273613
4624.784785014385,19.314582767251768,-0.010220816320583422
4627.102534946455,19.313356269293298,-0.008019807185552617
4629.42013769877,19.312393892431032,-0.005859672557988828
4631.737624965862,19.311690731724074,-0.0037427848859790057
4634.055027853668,19.311241597537755,-0.0016674572499130163
4636.372376845373,19.311041502667766,0.0003631115124978767
4638.689701825693,19.311085076049267,0.0023489139454461057
4641.0070320348195,19.31136694572272,0.004290121408991707
4643.324396068307,19.3118817602918,0.00618386021184652
4645.641821879542,19.31262382351722,0.008031643577592663
4647.959336738364,19.31358762074653,0.009831959085830962
4650.276967252854,19.314767455836833,0.011583329030764188
4652.594739347554,19.316157455320525,0.013287159315749588
4654.912678242193,19.317751914438414,0.014941053007148614
4657.230808471925,19.31954484079927,0.016545439649442967
4659.549153852821,19.321530293557203,0.018100643052758034
4661.867737488048,19.323702370723534,0.01960450068326878
4664.186581772535,19.326054910805528,0.021058576771908734
4666.505708361831,19.328581940018157,0.02246176113206196
4668.825138194634,19.331277351354004,0.023813344163975878
4671.144891476796,19.33413495265368,0.025115029254371247
4673.464987671115,19.337148756164204,0.026365042101656213
4675.785445521854,19.340312561216404,0.02756448636067975
4678.1062830292,19.343620299579687,0.02871390152884862
4680.42751746515,19.34706596776315,0.029812054257348692
4682.749165381282,19.350643414274032,0.030861003218404882
4685.071242590995,19.35434673466024,0.03185982618504983
4687.393764199154,19.358169913802445,0.03280873765559556
4689.716744588811,19.362106962321118,0.03370932747259639
4692.0401974242895,19.36615208161783,0.03456031922039019
4694.364135674084,19.37029931992428,0.035363257478104704
4696.688571592475,19.37454291082165,0.03611847032223606
4699.013516741773,19.378877127260317,0.036825423014780825
4701.338981997044,19.38329617802209,0.03748602748955048
4703.664977538407,19.387794501320837,0.03809966260732924
4705.991512878565,19.392366460833717,0.03866702835871627
4708.3185968538655,19.397006504236764,0.03918893604838838
4710.646237634374,19.40170917656257,0.039654780218312105
4712.974442735562,19.406467750188767,0.04006835142790737
4715.303218865584,19.411275952360118,0.04043254724199344
4717.632571979868,19.416127858029157,0.04074897347009337
4719.962507322832,19.421017734845567,0.041020611104844444
4722.293029451013,19.425940208178147,0.04124807945712038
4724.624142275995,19.430889977713,0.0414332655129082
4726.955849073321,19.43586196957455,0.04157830743660992
4729.28815250967,19.440851366466944,0.04168368871957168
4731.621054673646,19.445853409113294,0.04175261831316442
4733.9545570827395,19.450863723310874,0.041786144634312156
4736.288660729537,19.455878060666993,0.04178529958588817
4738.623366096816,19.4608922966173,0.04175224465311085
4740.95867317241,19.46590256597567,0.04168652320996127
4743.294581480327,19.470904948760868,0.04158919906043203
4745.631090074178,19.47589565264812,0.04146125119215489
4747.968197552496,19.48087100279118,0.041302489265888954
4750.3059020728315,19.485827301503086,0.041114927820901766
4752.644201349012,19.490761092841595,0.040898636521072604
4754.983092680153,19.495668929224124,0.040653914360101184
4757.32257295166,19.500547398947337,0.040382278815816054
4759.662638639534,19.505393272405236,0.04008363146497619
4762.003285832222,19.510203308181033,0.039759788570008496
4764.3445102292035,19.514974482809436,0.03941196249303542
4766.6863071671405,19.5197039183086,0.03903972120321498
4769.0286716373375,19.524388684852987,0.03864545462549243
4771.37159827952,19.529026139408046,0.0382288578064252
4773.715081416249,19.53361360234482,0.03778944735104382
4776.05911504853,19.538148336026943,0.03732818082213565
4778.403692848853,19.542627717725598,0.03684470630145387
4780.74880817498,19.547049082481774,0.03634110322740193
4783.094454064878,19.551410014869063,0.03581764758527981
4785.440623266662,19.555708132579298,0.0352747719227581
4787.787308242572,19.55994110521003,0.0347140652509142
4790.134501175197,19.56410679304014,0.034135513255713186
4792.482193990362,19.568203054630825,0.033539858898078936
4794.830378356918,19.572227837698595,0.03292844905959306
4797.179045697442,19.576179251585746,0.032300985798629535
4799.528187207632,19.58005536988158,0.03165907632678012
4801.877793852018,19.583854459040793,0.03100334759139884
4804.227856387103,19.58757486075176,0.03033400737494707
4806.578365370394,19.591214941636753,0.02965347994035437
4808.929311163391,19.594773359229595,0.02896180707020613
4811.280683966498,19.59824877607802,0.02825973704202374
4813.632473819627,19.60163994452306,0.02754871294078019
4815.98467061297,19.604945790075956,0.026828590743169768
4818.337264107779,19.608165220965137,0.026100731031566845
4820.690243934295,19.611297308688926,0.025365712338647546
4823.043599611337,19.614341194169562,0.024623954179456585
4825.397320554638,19.617296068671095,0.023877104643728567
4827.751396082878,19.62016132122834,0.023124816502071516
4830.105815441426,19.62293629920859,0.022368097251262993
4832.460567797331,19.62562047087874,0.021607964760296552
4834.815642253837,19.628213426649975,0.020844577258922217
4837.171027865034,19.630714775921046,0.02007927463045995
4839.526713638145,19.6331242888767,0.019312258043289655
4841.882688552811,19.635441759841896,0.018544216632186535
4844.238941563992,19.637667065837757,0.017776438062788415
4846.5954616118925,19.639800238405293,0.017009039781134456
4848.952237640501,19.64184132317903,0.016243213546370188
4851.309258599283,19.643790508804592,0.015479768377123091
4853.666513460339,19.645648081009845,0.014719010585325784
4856.02399123006,19.647414362280085,0.013962104467223856
4858.381680953534,19.64908981481615,0.01320924667834005
4860.739571731312,19.65067492441755,0.012460845191632458
4863.097652722242,19.652170225840546,0.011717929401479176
4865.455913149342,19.653576377368722,0.010980345377136625
4867.814342314627,19.65489401881398,0.010249036556952295
4870.172929596884,19.656123903200815,0.009524672356682478
4872.5316644652685,19.657266863883617,0.008807405418563069
4874.890536488934,19.658323752533846,0.00809824294354634
4877.249535339239,19.659295541687072,0.007397183107104028
4879.608650804241,19.660183203659926,0.006704767488142157
4881.96787278868,19.660987775758503,0.0060217092099866115
4884.327191321771,19.661710380863703,0.0053478109247337225
4886.686596567475,19.66235211817467,0.004683955449785383
4889.046078821656,19.662914192828644,0.004030412351877537
4891.405628524795,19.663397842310868,0.0033871769877721414
4893.765236265873,19.6638043035494,0.002755022452658645
4896.124892782299,19.66413490624372,0.0021337856619645258
4898.484588971049,19.664390960523157,0.0015239292744125006
4900.844315886311,19.664573832036087,0.0009259026040763161
4903.204064746155,19.664684940348575,0.0003394588598504359
4905.563826938997,19.664725675411756,-0.00023480772184825935
4907.923594020047,19.664697498485133,-0.0007967761145650264
4910.283357719865,19.664601885351384,-0.0013464764288927723
4912.643109946108,19.664440308179916,-0.0018833693356661147
4915.002842783089,19.664214303859637,-0.0024076394530276393
4917.362548499553,19.663925387125275,-0.0029190013083847917
4919.722219546008,19.663575106968267,-0.0034171607030358546
4922.081848558844,19.663165047683904,-0.0039023800424754507
4924.4414283645665,19.662696762078806,-0.004374154285910292
4926.800951976016,19.662171863564495,-0.004832531091679383
4929.160412599644,19.661591959833494,-0.005277549880247602
4931.519803634824,19.660958653847864,-0.005708776770038393
4933.879118673285,19.66027360063546,-0.0061264526538362014
4936.238351505362,19.659538426317,-0.006530257027213149
4938.597496116519,19.658754795473733,-0.00692006892019763
4940.956546691976,19.65792438720331,-0.007296099334471524
4943.3154976184405,19.657048855283172,-0.007657936299529009
4945.674343481074,19.65612990292723,-0.008005794256965085
4948.033079069425,19.655169207616392,-0.00833968672232411
4950.391699374339,19.654168445209713,-0.008659381127045165
4952.750199587764,19.653129319474466,-0.008965182476257034
4955.108575106101,19.652053497577317,-0.00925688278068714
4957.46682152581,19.650942671643634,-0.009534527112529603
4959.824934646407,19.64979852839013,-0.009798349299064662
4962.182910469814,19.64862272647424,-0.01004809722573543
4964.54074519699,19.647416954807152,-0.010284042491381925
4966.898435231567,19.646182869708188,-0.010506248461327737
4969.2559771759325,19.64492211989283,-0.010714638917895413
4971.6133678303195,19.643636363222683,-0.01090992677638711
4973.970604193906,19.642327172009516,-0.011094103450902483
4976.327683454548,19.64099587959541,-0.011266781027655732
4978.684602960099,19.639643865872088,-0.011427672344262113
4981.041360224004,19.638272545190777,-0.011576265400039134
4983.397952929427,19.63688339334277,-0.011712689825788452
4985.754378936628,19.635477870563676,-0.011836822643142468
4988.110636281096,19.6340574518465,-0.01194848017579685
4990.466723175317,19.632623634225403,-0.012047878061037067
4992.822638011425,19.63117788885808,-0.012134746073364008
4995.178379358088,19.629721719329275,-0.012209043770937808
4997.533945964407,19.628256634076763,-0.012270899753724659
4999.889336760497,19.626784126106315,-0.012320133188237988
5002.244550855629,19.625305710123726,-0.012357105933263187
5004.599587540844,19.623822857411735,-0.012381996471966472
5006.954446283734,19.6223370178351,-0.012395012301265138
5009.309126725874,19.62084961635895,-0.012396614675463718
5011.6636286798375,19.619362022597894,-0.01238687665513659
5014.017952122549,19.617875597399276,-0.012366110928350453
5016.372097194237,19.616391664087875,-0.012334681201080758
5018.726064193927,19.614911502343745,-0.012292758310119932
5021.079853574209,19.61343637134653,-0.012240815115301316
5023.4334659387705,19.611967473532694,-0.012179008793044977
5025.786902035595,19.610505992477528,-0.012107466385240802
5028.140162754692,19.6090530965113,-0.012026579101253725
5030.493249126273,19.60760990701915,-0.011936569655154812
5032.846162315116,19.60617751866053,-0.011837690627429707
5035.198903617355,19.604756995785237,-0.011730415289506906
5037.55147445685,19.603349345950498,-0.011615182272778848
5039.903876378364,19.601955524077766,-0.011492570870767488
5042.2561110412535,19.600576415573276,-0.011362821476828546
5044.608180211122,19.599212876996056,-0.011226081100078075
5046.960085756362,19.597865747264045,-0.01108287919086212
5049.311829646033,19.596535801761142,-0.010933315128505419
5051.663413942245,19.59522380394572,-0.010777807158742526
5054.014840798718,19.593930467086672,-0.010616687977939477
5056.366112454769,19.59265646452932,-0.010450181533252894
5058.717231230512,19.59140244274533,-0.010278714261487748
5061.068199523642,19.590168997033953,-0.01010253455983634
5063.419019803286,19.58895669288677,-0.009921901926184678
5065.7696946064325,19.58776606465563,-0.00973718716143759
5068.120226534191,19.586597602196257,-0.009548565011138398
5070.470618246454,19.58545177439492,-0.009356209938031032
5072.8208724593815,19.584329029202355,-0.009160409369477854
5075.170991942886,19.583229780078018,-0.008961407259139947
5077.520979516496,19.582154411206922,-0.00875951451002055
5079.87083804584,19.581103269465718,-0.008554954895485545
5082.220570438176,19.58007667487826,-0.008348005263538892
5084.570179639161,19.579074914246636,-0.008138968735520195
5086.919668628871,19.578098237998372,-0.007927994644287822
5089.26904041743,19.577146878641056,-0.00771535962849106
5091.618298042867,19.576221035485638,-0.00750138134311835
5093.967444567125,19.575320869724465,-0.007286237467117569
5096.316483071492,19.57444652122841,-0.007070236659626102
5098.665416654039,19.573598092829254,-0.006853513238868357
5101.014248425179,19.57277567124059,-0.006636313488036098
5103.362981505728,19.571979313622023,-0.006418932203860012
5105.711619023363,19.57120904175756,-0.006201454427659553
5108.060164108374,19.57046486722624,-0.0059841432039536
5110.4086198924415,19.569746770041764,-0.005767148338465923
5112.756989504846,19.569054712241147,-0.00555058658837429
5115.105276070315,19.568388641850543,-0.005334701153414393
5117.453482707338,19.567748477712133,-0.005119567018165544
5119.801612524663,19.567134129669952,-0.004905400733128451
5122.149668620224,19.566545481581976,-0.004692410372349378
5124.4976540780135,19.565982392337293,-0.0044807241481786666
5126.845571965094,19.56544470543951,-0.00427056349450385
5129.193425329747,19.56493223782017,-0.004062086496424715
5131.541217198285,19.5644447874406,-0.003855413960070429
5133.888950572778,19.563982137765393,-0.0036507176618884164
5136.23662842931,19.563544051645966,-0.003448072747309679
5138.584253715508,19.56313028291629,-0.0032476486360619693
5140.931829349458,19.562740565079963,-0.0030496105320728796
5143.279358217267,19.562374611816114,-0.0028540195788866263
5145.626843170685,19.562032129466647,-0.0026610667960600457
5147.974287026221,19.56171280145112,-0.0024708592291306647
5150.321692562395,19.561416298343623,-0.002283475934444638
5152.6690625181955,19.56114228123149,-0.002099079896984938
5155.016399591943,19.560890391643852,-0.0019177354761691716
5157.36370643894,19.560660263386712,-0.0017395814454255081
5159.7109856705465,19.560451513613263,-0.001564734778894382
5162.05823985218,19.560263745439794,-0.001393235576697011
5164.405471501633,19.560096557170592,-0.0012252457401254913
5166.7526830884935,19.559949527681777,-0.001060836352783538
5169.099877031816,19.559822227319444,-0.0009000933834244192
5171.447055699094,19.559714216113434,0.0
