position,velocity,acceleration
-124.02496734957839,19.444444444444443,5.037970041144035e-16
-121.69163401624506,19.444444444444443,0.0008214179556632893
-119.35830068291173,19.444543014599123,0.001642756424800268
-117.02495552115984,19.444740145370098,0.0024624494413642314
-114.69158670371543,19.44503563930306,0.0032790169059371743
-112.35818242699906,19.445429121331774,0.00409106183422734
-110.02473093243925,19.44592004875188,0.0048972676570989875
-107.69122052658903,19.44650772087073,0.005696395572565799
-105.35763960008455,19.44719128833944,0.006487281950033073
-103.02397664548383,19.447969762173443,0.007268835787008192
-100.69022027402302,19.448842022467883,0.00804003621839423
-98.35635923132688,19.44980682681409,0.008799930078411379
-96.02238241210918,19.4508628184235,0.00954762951512182
-93.68827887389835,19.452008533965312,0.010282309657459831
-91.35403784982252,19.453242411124208,0.011003206334575324
-89.01964876048761,19.454562795884357,0.011709613847289135
-86.6851012249815,19.455967949546032,0.012400882791351264
-84.35038507103597,19.457456055480993,0.013076417932161773
-82.01549034437825,19.459025225632853,0.013735676130571365
-79.68040731730231,19.460673506768522,0.014378164319316551
-77.34512649649008,19.46239888648684,0.015003437529599609
-75.00963863011167,19.464199298990394,0.015611096967319733
-72.67393471423281,19.46607263062647,0.016200788138369483
-70.33800599855763,19.468016725203075,0.016772199022433792
-68.00184399153326,19.470029389085767,0.017325058294670338
-65.66544046484297,19.472108396081126,0.01785913359462877
-63.32878745731324,19.47425149211248,0.018374229841743136
-60.99187727825974,19.47645639969349,0.018870187596721544
-58.654702510296524,19.478720822205098,0.01934688146813145
-56.31725601163191,19.481042447981274,0.019804218563459146
-53.97953091787416,19.48341895420889,0.02024213698391008
-51.64152064336909,19.485848010646958,0.020660604362237465
-49.30321888209146,19.488327283170428,0.021059616442803353
-46.96461960811101,19.490854437143565,0.021439195703180626
-44.62571707565378,19.493427140627947,0.02179939001646381
-42.28650581877843,19.496043067429923,0.02214027135359412
-39.94698065068684,19.498699899992353,0.02246193452488041
-37.60713666268776,19.50139533213534,0.02276449595997851
-35.26696922283152,19.504127071650537,0.023048092525558398
-32.92647397423345,19.506892842753604,0.023312880379887126
-30.58564683310302,19.50969038839919,0.023559033863586716
-28.24448398649512,19.512517472462818,0.02378674442578059
-25.90298188979958,19.51537188179391,0.02399621958490864
-23.56113726398431,19.5182514281441,0.024187681923447172
-21.218947092607017,19.521153949974913,0.0243613681158062
-18.87640861861003,19.52407731414881,0.024517527988651987
-16.53351934091217,19.527019417507447,0.024656423612957376
-14.190277010811279,19.529978188341,0.024778328427051896
-11.846679628210358,19.532951587752247,0.024883526389952622
-9.50272543768009,19.535937610919042,0.024972311164307207
-7.158412924369804,19.53893428825876,0.06465771302271041
-4.8137408097787535,19.546693213821484,0.06473442598479277
-2.4681376241201756,19.55446134493966,0.06576093755975422
-0.12160226272741648,19.56235265744683,0.06808566498992893
2.225880056166203,19.57052293724562,0.0714738466764977
4.574342808635677,19.5790997988468,0.07570678763417073
6.923834784497293,19.588184613362902,0.08059351566831681
9.274416938100842,19.5978558352431,0.08596379967013365
11.626159638330014,19.608171491203514,0.09171810786677054
13.979140217274436,19.619177664147525,0.09774315298990335
16.33344153697214,19.630906842506313,0.10397995198977279
18.689150358072897,19.643384436745087,0.11034015150950564
21.046356490482307,19.65662525492623,0.116760484837242
23.405151521073453,19.6706365131067,0.12315106451282654
25.76562790264626,19.68541464084824,0.12944993186337206
28.127877659548048,19.700948632671846,0.13556493071290843
30.491991495468667,19.717216424357396,0.14145333857802952
32.85805746639156,19.734190824986758,0.14709476475148348
35.226160365389966,19.751842196756936,0.15241125465622554
37.5963814290008,19.770131547315682,0.15733985264459385
39.96879721467868,19.78901232963303,0.16181184444664024
42.34347869423465,19.808429750966628,0.16582422170436797
44.720490264350644,19.828328657571152,0.16939027063424159
47.09988970325918,19.84865549004726,0.17254098361436218
49.48172836206485,19.869360408080983,0.17528659819812095
51.866051611034564,19.890394799864758,0.17760494883018288
54.252898987018334,19.91170739372438,0.1794726680770078
56.64230387426526,19.933244113893622,0.18088065753706725
59.034293167932496,19.954949792798068,0.1818605173896139
61.428887143068266,19.976773054884823,0.18241406709182792
63.826099909654445,19.998662742935842,0.18254668954742928
66.22593943880675,20.020568345681532,0.1822357942473818
68.62840764028853,20.04243664099122,0.18146238798681427
71.03350003720747,20.064212127549638,0.1802029754391068
73.44120549251343,20.085836484602332,0.1784790407625713
75.85150587066572,20.10725396949384,0.17632976547529808
78.26437634700498,20.128413541350877,0.17374978383249765
80.67978597196709,20.149263515410777,0.1707143285568583
83.09769759381639,20.1697492348376,0.1672341190942745
85.51806750199691,20.189817329128914,0.1633439599551863
87.94084558149238,20.209418604323535,0.15909704238160338
90.36597581401121,20.22851024940933,0.15450031901675254
92.79339704394033,20.24705028769134,0.14957827828653972
95.22304307846329,20.264999681085726,0.14435085585317578
97.65484304019358,20.282321783788106,0.13882422486592522
100.08872165424816,20.298980690772016,0.1330170786906603
102.5245993371408,20.314942740214896,0.1269287288982622
104.96239246596659,20.330174187682687,0.1205990561671108
107.40201336848851,20.34464607442274,0.11409901206951197
109.84337089741923,20.358337955871082,0.10746097593306556
112.28637145212376,20.37123327298305,0.10074823478845178
114.73091944488172,20.383323061157665,0.09406000435528261
117.17691821222064,20.3946102616803,0.0875076944104183
119.62427144362228,20.40511118500955,0.0811007311698994
122.07288478582342,20.414843272749938,0.07480025268242879
124.5226659785534,20.42381930307183,0.0685722391275961
126.97352429492203,20.432047971767144,0.06239290665339492
129.4253700515341,20.43953512056555,0.05624438404765709
131.87811426600194,20.44628444665127,0.05012327297903441
134.3316683996001,20.452299239408752,0.044032523145035585
136.78594430832914,20.457583142186156,0.03798747526178981
139.24085428539146,20.46214163921757,0.03199430154731242
141.69631128209758,20.465980955403246,0.02606377539890911
144.15222899674598,20.469108608451116,0.020190202503816534
146.6085220297601,20.471531432751572,0.014370912649302549
149.0651058016903,20.47325594226949,0.00860406676339114
151.52189651476263,20.474288430281096,0.0028999592823890754
153.97881112639635,20.474636425394984,-0.0027318010567502103
156.43576749744375,20.474308609268174,-0.008294035623563184
158.89268453055593,20.473313324993345,-0.013786839951419584
161.34948212955513,20.471658904199174,-0.019201981636266702
163.80608119805902,20.469354666402822,-0.024515168937480677
166.26240375802735,20.466412846130325,-0.0296977646305615
168.71837329956298,20.462849114374656,-0.034726386886158346
171.17391519328794,20.458681947948318,-0.03959243526410385
173.62895702704174,20.453930855716624,-0.044295246813950556
176.08342872972773,20.44861542609895,-0.04883067899798867
178.5372625808596,20.44275574461919,-0.053191916120898394
180.9903932702139,20.436372714684683,-0.05773949362537886
183.44275799597605,20.429443975449637,-0.06248547835186872
185.89429127303,20.42194571804741,-0.0674125015915373
188.3449247591957,20.413856217856427,-0.07252553014983616
190.79458750533846,20.405153154238448,-0.07782907640746056
193.24320588384708,20.395813665069554,-0.08331951446594521
195.69070352365543,20.38581532333364,-0.08900353571610782
198.13700136245546,20.37513489904771,-0.09487187024546957
200.5820175503412,20.36375027461825,-0.10094721581422239
203.0256675832954,20.351636608720543,-0.10723098629100132
205.46786397634185,20.338768890365625,-0.11372519168651413
207.90851624318572,20.325121867363244,-0.12041579764184608
210.3475308672693,20.310671971646222,-0.1273065266525141
212.78481150386685,20.29539518844792,-0.13438545404826643
215.2202589264806,20.27926893396213,-0.14166625647706169
217.65377119855606,20.26226898318488,-0.1491536642382378
220.08524347653824,20.244370543476293,-0.15683459193437482
222.5145679417554,20.22555039244417,-0.16470610594785318
224.94163398884868,20.205785659730427,-0.17274887087344679
227.36632826801633,20.185055795225615,-0.18096151254093726
229.7885349634434,20.163340413720704,-0.18932945982343802
232.20813581308988,20.140620878541892,-0.19785586870844224
234.6250103185149,20.11687817429688,-0.20653369666315102
237.03903569943054,20.0920941306973,-0.21534550983987535
239.45008699511422,20.066252669516516,-0.2242871607998221
241.85803731545622,20.03933821022054,-0.23336688549807022
244.2627579006827,20.01133418396077,-0.24260802610088789
246.664118002758,19.982221220828663,-0.2520125366097912
249.06198454925743,19.95197971643549,-0.2615890436372389
251.45622211522968,19.920589031199018,-0.27132635077060896
253.84669279897355,19.888029869106546,-0.2812182082777502
256.23325638326634,19.854283684113216,-0.29124342514461965
258.6157704253599,19.81933447309586,-0.3014002699981792
260.9940905621314,19.78316644069608,-0.3116891364040094
263.36807053501497,19.745763744327597,-0.32209311986574934
265.73756218433425,19.707112569943707,-0.332598110261453
268.1024156927275,19.667200796712333,-0.34320071695451787
270.462479788333,19.626016710677792,-0.3538986471851372
272.8176017936143,19.583548873015577,-0.3646948632709269
275.16762765837615,19.539785489423064,-0.3755694381031854
277.5124019171069,19.494717156850683,-0.38651471983105673
279.85176797592896,19.448335390470955,-0.3975196000009793
282.1855682227855,19.400633038470836,-0.40856108467909574
284.513644187402,19.351605708309346,-0.4196227807199219
286.8358368723991,19.301250974622956,-0.4306771460926889
289.1519869893539,19.249569717091834,-0.4417218831519396
291.4619353554049,19.1965630911136,-0.45276278563941597
293.7655229263385,19.14223155683687,-0.46378615601257667
296.06259071315895,19.08657721811536,-0.474797812483308
298.3529799793328,19.029601480617362,-0.4858114158093332
300.6365321570069,18.971304110720244,-0.49685434439466647
302.91308865029333,18.911681589392884,-0.5079078348654177
305.1824904410205,18.850732649209036,-0.51895118211996
307.4445783589256,18.78845850735464,-0.529966621110658
309.69919337980815,18.72486251282136,-0.5409391522518275
311.94617688134673,18.65994981455114,-0.5518508088920516
314.18537085909287,18.593727717484093,-0.5626877470235278
316.41661818519094,18.52620518784127,-0.5734367798275956
318.63976280773187,18.457392774261958,-0.5840917226797577
320.8546499406433,18.387301767540386,-0.5946393861786107
323.06112615274816,18.31594504119895,-0.6050709870473459
325.259039557692,18.24333652275327,-0.6153696122480701
327.4482399404224,18.1694921692835,-0.6255260567725643
329.6285790007364,18.094429042470793,-0.6355287396537
331.7999104858329,18.01816559371235,-0.6453720135882303
333.9620903570784,17.94072095208176,-0.6550474674805244
336.1149768713282,17.862115255984097,-0.6644313955031366
338.2584307020463,17.78238348852372,-0.6732780755099428
340.39231672066916,17.701590119462526,-0.6815469462298982
342.5165075350047,17.619804485914937,-0.6892178992969402
344.63088407331446,17.537098337999304,-0.6962680063698544
346.73533587387436,17.45354617723492,-0.7026825560211869
348.82976141514257,17.369224270512376,-0.7084419374813917
350.91406832760407,17.28421123801461,-0.7135245390310732
352.98817367616584,17.198588293330882,-0.7179191194913067
355.05200427136555,17.112437998991926,-0.7216117200749181
357.1054968312446,17.025844592582935,-0.7245996953572675
359.14859818235453,16.938892629140064,-0.7268737386310212
361.1812652978513,16.851667780504343,-0.7284358583587899
363.20346543151186,16.764255477501287,-0.729283018875049
365.21517608881203,16.67674151523628,-0.7294212717885524
367.2163850706404,16.589210962621653,-0.7288486627260491
369.207090386155,16.501749123094527,-0.7275780232909915
371.18730028092637,16.414439760299608,-0.7256323031506032
373.1570330521623,16.327363883921535,-0.7230299447409714
375.1163167182329,16.240600290552617,-0.7197908423101458
377.0651887530992,16.1542253894754,-0.7159306764299028
379.0036957998363,16.068313708303812,-0.7114654608352539
380.9318934448327,15.982937853003582,-0.706407956603364
382.84984598719313,15.898168898211178,-0.700774399801822
384.7576262549785,15.81407597023496,-0.6945898691713943
386.6553153714067,15.730725185934393,-0.6878781180753208
388.54300239371884,15.648179811765354,-0.6806585847340523
390.4207839711307,15.566500781597268,-0.672950463216045
392.28876406492236,15.485746726011342,-0.6647806643452411
394.14705367204374,15.405973046289914,-0.6561787170208789
395.99577043759854,15.327231600247408,-0.6471783659877313
397.83503822962825,15.24957019632888,-0.6378097129009588
399.6649866531877,15.173033030780765,-0.6281061406805285
401.48575061688143,15.097660293899102,-0.6180903085210976
403.29746985214933,15.02348945687657,-0.60778627347222
405.1002885869745,14.950555104059903,-0.5972211725194472
406.8943551994617,14.87888856335757,-0.5864206233143758
408.6798218270646,14.808518088559845,-0.5754052680283509
410.45684399769175,14.739469456396442,-0.5641922955901678
412.22558033245934,14.671766380925622,-0.5527988413684267
413.9861922981704,14.605430519961411,-0.5412489180509183
415.73884396056576,14.5404806497953,-0.5295619254083404
417.4837016385412,14.4769332187463,-0.5177591657548761
419.2209336247908,14.414802118855714,-0.5058609546880817
420.9507098790535,14.354098804293145,-0.4938857070913171
422.6732017355687,14.294832519442187,-0.4818510668568323
424.3885816379017,14.237010391419366,-0.4697668716365649
426.09702288487205,14.180638366822977,-0.45764361575582924
427.7986994888908,14.125721132932277,-0.44542421120197484
429.4937860248427,14.07227022758804,-0.43298148167765177
431.18245845215324,14.020312449786722,-0.42034506635919744
432.86489594612766,13.969871041823618,-0.4075508236673301
434.5412804711465,13.920964942983538,-0.39464099466258296
436.2117962643045,13.873608023624028,-0.381657294065108
437.8766292271394,13.827809148336215,-0.3686338556166561
439.53596632493975,13.783573085662216,-0.35559745123015396
441.1899950952192,13.740901391514598,-0.34257368032496477
442.838903262201,13.699792549875601,-0.32958153307612814
444.48287836818605,13.660242765906466,-0.31664292805151617
446.12210750009484,13.622245614540283,-0.3037744005959082
447.7567769738397,13.585792686468775,-0.2909953202468899
449.38707209621595,13.550873248039148,-0.27832163052301734
451.01317688598067,13.517474652376386,-0.2657728440398735
452.63527384426584,13.4855819110916,-0.25335760993283246
454.2535436735968,13.45517899789966,-0.24108991120425705
455.86816515334476,13.42624820855515,-0.2289865426428654
457.4793149383714,13.398769823438005,-0.2170616937206407
459.0871673171839,13.37272242019153,-0.20532699879160482
460.6918940076069,13.348083180336536,-0.1937849852240311
462.29366398924725,13.324828982109652,-0.18243815868709176
463.8926434671004,13.302936403067202,-0.17128524688619567
465.4889958354685,13.282382173440858,-0.1603283228138219
467.0828816962814,13.2631427747032,-0.14957257141263808
468.6744588292458,13.245194066133683,-0.1390220013934361
470.2638821171818,13.22851142596647,-0.1286784591888467
471.8513034882978,13.21307001086381,-0.11854167994512749
473.43687188960143,13.198845009270395,-0.10861430442236228
475.0207332907139,13.18581129273971,-0.09889884485335994
476.6030306458427,13.173943431357308,-0.08940113028869959
478.18390385760557,13.163215295722665,-0.08012500705851516
479.7634896930923,13.153600294875643,-0.0710744443447341
481.34192172847736,13.145071361554274,-0.062247359248630306
482.9193302918639,13.137601678444438,-0.05364347473233196
484.4958424932772,13.131164461476558,-0.04526570147516877
486.0715822286544,13.125732577299537,-0.037115164499743385
487.64667013793036,13.121278757559567,-0.02918976903236595
489.2212235888375,13.117775985275683,-0.021485188697572773
490.7953567070706,13.115197762631974,-0.013997218104553632
492.36918043858645,13.113518096459428,-0.006725757858229115
493.9428026101616,13.11271100551644,0.0003314256711914978
495.5163279308236,13.112750776596982,0.007174465867346699
497.08985802401526,13.113611712501063,0.013803381357080468
498.6634914295154,13.115268118263913,0.020219021725654502
500.23732360370707,13.117694400870992,0.026422356460553947
501.8114469318116,13.120865083646258,0.032419788890617335
503.3859507418491,13.124755458313132,0.038217090204550615
504.9609213968467,13.129341509137678,0.04381916179433866
506.5364423779432,13.134599808552998,0.04923529490333376
508.1125943549696,13.140508043941399,0.05447584572132924
509.68945532024253,13.147045145427958,0.05954878419625822
511.2671007376939,13.15419099953151,0.0644524190354331
512.8456036576376,13.161925289815763,0.0691845803600286
514.4250346924156,13.170227439458966,0.07374301140742291
516.0054619851506,13.179076600827857,0.07812620976192888
517.58695117725,13.188451745999288,0.08233361838615191
519.1695653867698,13.198331780205626,0.08636595087529102
520.7533652003945,13.208695694310661,0.09022461528456822
522.3384086837117,13.219522648144808,0.09391169626958515
523.9247514014891,13.23079205169716,0.09742878103788165
525.5124464476927,13.242483505421704,0.10077768966349189
527.1015444683433,13.254576828181323,0.10395869305287676
528.692093687725,13.267051871347668,0.10697286311408657
530.2841399122867,13.279888614921358,0.10982108817171511
531.8777265460773,13.293067145501963,0.11250535938959431
533.4728946035375,13.306567788628714,0.11502681360791969
535.0696827381729,13.320371006261665,0.11738623257499463
536.6681272589243,13.334457354170665,0.11958520001966404
538.2682621414248,13.348807578173025,0.12162617126596538
539.8701190508056,13.363402718724942,0.12351281459939858
541.4737273770526,13.37822425647687,0.1252488562737985
543.0791142878298,13.393254119229725,0.12683757022098402
544.6863047821374,13.408474627656243,0.12828123574619354
546.2953217374562,13.423868375945787,0.12958192968674992
547.9061859425697,13.439418207508197,0.13074196470622965
549.5189161274707,13.455107243272945,0.13176379391305781
551.1335289966635,13.470918898542513,0.13264973852053874
552.7500392644886,13.486836867164977,0.13340163849755543
554.3684596885483,13.502845063784683,0.1340215085156197
555.9888010962025,13.518927644806558,0.13451061787803892
557.6110724135792,13.535068918951923,0.1348706447351201
559.2352806838535,13.551253396320138,0.13510391802816854
560.8614310914119,13.567465866483518,0.13521329634714904
562.48952699539,13.583691462045175,0.13520139703540934
564.1195699708354,13.599915629689425,0.1350704403539944
565.7515598463981,13.616124082531904,0.13482321101654685
567.3854947363019,13.63230286785389,0.13446319926462186
569.0213710804444,13.648438451765644,0.13399348319978327
570.6591836946562,13.664517669749618,0.13341699410975155
572.2989258150262,13.680527709042789,0.1327360416746577
573.9405891401113,13.696456034043747,0.13195331443746777
575.5841638641966,13.712290431776243,0.13107134667645823
577.2296387160097,13.728018993377418,0.13009264605098328
578.877000995215,13.743630110903537,0.1290201831702252
580.5262366085234,13.759112532883963,0.1278574766503718
582.1773301124695,13.774455430082007,0.1266086959354343
583.8302647640793,13.789648473594259,0.12527785109186068
585.4850225809106,13.804681815725282,0.12386878035329825
587.1415843987976,13.819546069367677,0.12238540912823365
588.7999299271218,13.834232318463064,0.1208310668513241
590.4600378053373,13.848732046485223,0.11920842366722803
592.1218856509155,13.86303705732529,0.11751942923995057
593.7854500977945,13.877139388834085,0.11576616736323654
595.4507068244546,13.891031328917673,0.11395086023875751
597.1176305839248,13.904705432146324,0.11207594650499034
598.7861952357823,13.918154545726923,0.11014417718013719
600.4563737812696,13.931371846988538,0.10815856026539938
602.1281384029082,13.944350874220387,0.10612225208884846
603.8014605078147,13.957085544471049,0.10403843474437126
605.4763107731512,13.969570156640373,0.10191005545445934
607.152659191948,13.981799363294908,0.09973995673378078
608.8304751155434,13.993768158102961,0.09753069831303944
610.5097272945158,14.005471841900526,0.0952849963317837
612.1903839155439,14.01690604146034,0.09300560833928123
613.8724126405191,14.028066714461053,0.09069543199052743
615.5557806462544,14.038950166299916,0.08835726477944987
617.2404546662104,14.04955303807345,0.08599393246216451
618.9264010307793,14.05987230996891,0.08360838386483795
620.6135857079755,14.06990531603269,0.08120376131874991
622.3019743458995,14.07964976739094,0.07878327083655225
623.9915323179864,14.089103759891326,0.0763499393922424
625.6822247691733,14.098265752618396,0.07390653457644435
627.3740166594876,14.10713453676757,0.07145560466639043
629.0668728038996,14.115709209327536,0.06899966566131017
630.7607579090189,14.123989169206892,0.0665411784629612
632.4556366093237,14.131974110622448,0.06408246384920423
634.1514735025984,14.139664006284352,0.06162579507669283
635.8482331833525,14.147059101693555,0.05917334777198079
637.5458802755558,14.154159903426192,0.05672725484713041
639.2443794639669,14.160967174007848,0.05428950964867617
640.9436955248478,14.16748191516569,0.051862152882405366
642.6437933546678,14.173705373511577,0.04944734872336317
644.3446379994891,14.17963905535838,0.047047220115528705
646.0461946861321,14.185284721772245,0.044663784954299006
647.7484288527448,14.19064437596676,0.04229898082739952
649.4513061778608,14.195720253666048,0.03995473477132074
651.1547926083008,14.200514821838606,0.037632926054102005
652.8588543869214,14.205030772965099,0.035335190680781045
654.5634580796772,14.209270995846792,0.033063071907950214
656.2685705991788,14.213238564475747,0.030818001600812137
657.974159226916,14.216936724667844,0.028601431438737855
659.6801916338761,14.220368896440492,0.026414746854371805
661.3866359014489,14.223538666063018,0.02425931178816428
663.0934605413765,14.226449783477598,0.022136546162926297
664.8006345153939,14.229106169017149,0.020047893629321013
666.508127255676,14.231511916252668,0.017994751642632277
668.2159086856262,14.233671286449784,0.015978355912218127
669.9239492400002,14.23558868915925,0.01399975089758909
671.6322198826992,14.237268659266961,0.01205981299103957
673.3406921218112,14.238715836825886,0.010159204232110907
675.0493380222304,14.23993494133374,0.008298468141634218
676.7581302151904,14.240930757510736,0.006478076448266571
678.4670419060916,14.241708126684527,0.004698511695675654
680.1760468812937,14.242271948088009,0.0029602606428932375
681.8851195150643,14.242627179365156,0.0012638143044862633
683.5942347765881,14.242778837081694,-0.0003903214035464371
685.303368237038,14.24273199851327,-0.0020016612806046407
687.0124960768595,14.242491799159597,-0.003569782136787244
688.7215950927587,14.242063425303183,-0.005094350960725351
690.430642703795,14.241452103187896,-0.006575147533239463
692.1396169561775,14.240663085483908,-0.00801202937890485
693.8484965264356,14.239701641958439,-0.009404925700970072
695.5572607234707,14.238573050874322,-0.01075376986987402
697.2658894895756,14.237282598489937,-0.012058505820674068
698.9743634013944,14.235835577791457,-0.013319075414956468
700.6826636707293,14.234237288741662,-0.014535462282892524
702.3907721453783,14.232493033267716,-0.015707669217732662
704.0986713093704,14.230608112961587,-0.016835718232502923
705.8063442829258,14.228587826773687,-0.01791964727964158
707.5137748221387,14.22643746910013,-0.018959552693520346
709.2209473184307,14.224162322776907,-0.019955624077109275
710.927846797164,14.221767647887654,-0.020908127829137525
712.6344589149105,14.219258672548158,-0.021817378216686528
714.3407699556163,14.216640587162155,-0.022683723680824337
716.0467668260758,14.213918540320456,-0.02350755179443079
717.7524370509142,14.211097634105124,-0.024289292820779896
719.4577687670068,14.208182918966632,-0.025029381146525826
721.1627507172827,14.205179393229049,-0.025728269717270675
722.8673722444702,14.202092000862976,-0.02638642986720853
724.5716232845738,14.19892562927891,-0.027004351503137496
726.2754943600872,14.195685107098534,-0.02758252002740818
727.978976572939,14.192375204695244,-0.028121412297143898
729.6820615975024,14.189000635219587,-0.02862153120235446
731.3847416737287,14.185566051475305,-0.029083406474398513
733.0870095999057,14.182076042698379,-0.02950759105534407
734.7888587250295,14.178535131771737,-0.02989466439086769
736.4902829408421,14.174947772044833,-0.030245235650218603
738.1912766734876,14.171318343766806,-0.030559953995422395
739.8918348747395,14.167651149287355,-0.030839470157069903
741.591953012654,14.163950412868507,-0.031084436010687076
743.2916270621982,14.160220280547225,-0.0312954941046165
744.9908534958639,14.156464821254671,-0.031473289352693945
746.6896292744145,14.152688026532347,-0.03161846460553868
748.3879518375984,14.148893810779683,-0.031731658789919806
750.0858190948919,14.145086011724892,-0.03181352252086519
751.7832294162989,14.141268389022388,-0.03186473498578243
753.4801816229816,14.137444620824095,-0.031886014030743225
755.1766749774805,14.133618299140405,-0.031878117613038146
756.8727091733773,14.129792925026841,-0.03184182898273739
758.5682843243806,14.125971905548912,-0.03177794791323385
760.2634009530465,14.122158551799323,-0.03168726621500155
761.9580599792624,14.118356079853523,-0.03157056194702901
763.6522627088449,14.11456761241988,-0.031428596167885584
765.3460108223353,14.110796180879733,-0.031262118522351834
767.0393063640408,14.107044726657051,-0.03107187016695846
768.7321517312397,14.103316102237017,-0.030858588036809558
770.4245496635082,14.0996130716726,-0.030623015109441168
772.1165032321089,14.095938309859466,-0.030365907023679778
773.8080158292921,14.092294401016625,-0.030088031631993667
775.4990911574141,14.088683837220787,-0.029790164213993647
777.1897332178806,14.085109017515107,-0.0294730801992331
778.8799462999824,14.081572247891199,-0.029137550783001738
780.5697349697293,14.078075741797239,-0.028784333081639732
782.259104058745,14.074621621827442,-0.02841417091777841
783.9480586533643,14.071211921317309,-0.028027795700204944
785.6366040839224,14.067848585833284,-0.02762593609115233
787.3247459142224,14.064533473502346,-0.027209316315274876
789.0124899310426,14.061268355544513,-0.026778657875765024
790.699842133708,14.05805491659942,-0.026334681906388747
792.3868087236999,14.054894754770654,-0.025878114781270938
794.0733960942724,14.051789380996901,-0.025409688281862266
795.7596108199921,14.048740218403077,-0.024930132275032817
797.4454596462004,14.045748602530074,-0.024440169825562016
799.130949478504,14.042815782151006,-0.023940518063581693
800.8160873723622,14.039942919983377,-0.023431885966916255
802.5008805227602,14.037131093667346,-0.02291497212545323
804.1853362540003,14.034381297012292,-0.02239045859124674
805.8694620096418,14.031694441981342,-0.021859015307503775
807.5532653426795,14.029071360144442,-0.021321300809916788
809.2367539058969,14.026512804047252,-0.020777961416156933
810.9199354423826,14.024019448677313,-0.020229630155073862
812.6028177762238,14.021591893058703,-0.019676927959521775
814.2854088033909,14.019230661703562,-0.019120468234423555
815.9677164827953,14.016936205515432,-0.018560856059558192
817.6497488274571,14.014708902788284,-0.017998687676976884
819.3315138957917,14.012549060267046,-0.017434550910276844
821.0130197830237,14.010456914157814,-0.01686902271873621
822.6942746127226,14.008432631431566,-0.01630266722948377
824.3752865284944,14.006476311364027,-0.015736030200345193
826.056063685858,14.004587987739987,-0.015169640186696852
827.7366142443868,14.002767630917583,-0.01460400925907443
829.416946360097,14.001015149806495,-0.014039635192185016
831.0970681780738,13.999330393583433,-0.013477002572989642
832.7769878253038,13.997713153274674,-0.012916584516606986
834.4567134036968,13.996163163132682,-0.012358845315709785
836.1362529832727,13.994680101694797,-0.011804241694238951
837.8156145954761,13.99326359269149,-0.011253221744261748
839.494806226599,13.991913206082177,-0.010706223165371051
841.1738358113289,13.990628459302332,-0.010163669092292113
842.8527112264452,13.989408819011258,-0.009625965399843844
844.5314402847265,13.988253703163277,-0.009093497644860768
846.210030729106,13.987162483445895,-0.008566632130707023
847.8884902271195,13.98613448759021,-0.008045717354990115
849.5668263656304,13.98516900150761,-0.007531086123790392
851.2450466458113,13.984265271172756,-0.007023056792039665
852.923158478352,13.983422504357712,-0.006521934981418272
854.6011691788749,13.982639872159941,-0.006028015127713002
856.279085963534,13.981916510344616,-0.005541580219709517
857.9569159447753,13.981251520718251,-0.005062900279655613
859.6346661272615,13.980643972684692,-0.004592230840351063
861.3123434039837,13.98009290498385,-0.004129812140193519
862.9899545525818,13.979597327527028,-0.0036758686810748147
864.6675062318851,13.9791562232853,-0.003230608319505979
866.3450049786793,13.978768550286958,-0.0027942233476880205
868.0224572047138,13.978433243485235,-0.002366891856885368
869.6998691939319,13.978149216462409,-0.0019487798593939949
871.3772470999074,13.977915362879282,-0.0015400415435061988
873.0545969434529,13.977730557894061,-0.0011408198160391845
874.7319246104001,13.977593659516137,-0.000751246936936073
876.409235849542,13.977503509883704,-0.00037144470055591153
878.0865362707281,13.977458936519637,-1.5237081192598812e-06
879.7638313431104,13.977458753674663,0.0003584177308282303
881.4411263935514,13.977501763802362,0.0007082938019760026
883.1184266052077,13.9775867590586,0.001048030667243303
884.7957370162947,13.977712522738669,0.0013775669919249935
886.4730625190233,13.9778778307777,0.0016968539369100698
888.1504078587167,13.97808145325013,0.0020058551980134303
889.8277776331067,13.978322155873892,0.002304545622229391
891.5051762918116,13.97859870134856,0.002592910644295026
893.1826081359734,13.978909850625875,0.0028709459304188615
894.8600773180485,13.979254364137526,0.0031386568382447476
896.537587841745,13.979631002958115,0.003396057843176363
898.2151435620999,13.980038529899296,0.00364317192145108
899.8927481856879,13.98047571052987,0.0038800305632104765
901.5704052709515,13.980941314197455,0.0041066737650396045
903.2481182286551,13.98143411504926,0.004462893354978438
904.925890322461,13.981969662251856,0.004968402397934845
906.6037266819312,13.982565870539608,0.005632285360496383
908.281634586396,13.983241744782868,0.006467235517808111
909.9596235957699,13.984017813045005,0.007483363481419491
911.6377057333353,13.984915816662776,0.008688877891876896
913.3158956313349,13.985958482009801,0.010097588413250638
914.9942106491761,13.987170192619391,0.011716143330139936
916.6726710722904,13.988576129819009,0.013557808194257115
918.3513002078687,13.99020306680232,0.015627081090547917
920.030124575885,13.992078316533185,0.017932791382367856
921.7091739738689,13.994230251499069,0.020476490146967306
923.3884816040488,13.996687430316705,0.02326414408326011
925.0680840956868,13.999479127606696,0.02629203890402477
926.7480215909997,14.00263417227518,0.029564034904649657
928.4283376916727,14.006181856463737,0.03308110987644145
930.1090795144484,14.01015158964891,0.03683639333071464
931.7902977052062,14.014571956848595,0.04082587520490449
933.472046340028,14.019471061873183,0.04504078543646965
935.1543828674528,14.024875956125559,0.04947993909135019
936.8373679821879,14.030813548816521,0.05413805102126412
938.5210656080459,14.037310114939073,0.05901265086349921
940.2055428218385,14.044391633042693,0.0640988747924472
941.8908698178037,14.052083498017787,0.06938734739414125
943.5771198375659,14.060409979705083,0.07486952443294012
945.2643690351305,14.069394322637036,0.08053610843414111
946.9526963538469,14.079058655649133,0.08638121797546791
948.6421833925248,14.08942440180619,0.09239390679382398
950.3329143207416,14.100511670621449,0.09856584486989696
952.0249757212162,14.112339572005837,0.10488440726632134
953.7184564698568,14.124925700877796,0.11133938544066221
955.4134475539622,14.138286427130675,0.11791683653504906
957.1100419252178,14.15243644751488,0.12460812291525243
958.8083342989196,14.16738942226471,0.1314047250199539
960.5084210295913,14.183157989267105,0.13829391195402055
962.2103999883034,14.199753258701588,0.14526244439609737
963.9143703793476,14.21718475202912,0.15229988366882585
965.6204325495911,14.235460738069378,0.15939652504763527
967.3286878381595,14.254588321075094,0.16654541543435328
969.0392384366885,14.274573770927216,0.1737344480235931
970.7521872891998,14.295421904690047,0.18095442293856173
972.4676379177627,14.317136435442674,0.18819608629264786
974.1856942900158,14.33971996579779,0.1954485786392329
975.9064606859115,14.363173795234498,0.20270362337649003
977.6300415413397,14.387498230039677,0.20995033488774723
979.3565413289444,14.412692270226207,0.21718245432466363
981.0860644013716,14.438754164745166,0.2243952376940982
982.818714901141,14.465681593268458,0.23157997343325679
984.5545966923332,14.493471190080449,0.23882028362925012
986.2938132351429,14.522129624115959,0.24610490680635083
988.0364687900368,14.55166221293272,0.2534203871797635
989.7826682555888,14.582072659394292,0.2607492830856699
991.532516974716,14.613362573364572,0.2680738080518237
993.2861204835198,14.645531430330792,0.27537765621790955
995.0435842551594,14.67857674907694,0.28265027874783577
996.8050134650487,14.712494782526681,0.2898782027385801
998.5705128389519,14.74728016685531,0.29705444010891197
1000.3401864589746,14.78292669966838,0.3041675865800207
1002.1141376629348,14.819426810057982,0.3112114705455504
1003.8924688801418,14.856772186523447,0.3181754783347531
1005.6752815425247,14.894953243923617,0.3250541364961448
1007.4626759317955,14.933959740303154,0.3318358526678146
1009.2547511006319,14.973780042623291,0.3385168102008977
1011.0516047057467,15.014402059847399,0.3450912090674236
1012.8533329529284,15.055813004935489,0.3515505013902821
1014.6600305135207,15.097999065102323,0.3578889168803813
1016.471790401333,15.14094573512797,0.36409879440991805
1018.2887038895484,15.184637590457159,0.37017934874747194
1020.1108604004032,15.229059112306857,0.37612818786319463
1021.9383474938801,15.27419449485044,0.3819464851746939
1023.7712508332621,15.320028073071402,0.3876340461816187
1025.6096542020307,15.366544158613197,0.3931884309922167
1027.4536395010643,15.413726770332262,0.39860785742071864
1029.3032867135041,15.46155971322275,0.4038908173675364
1031.1586738790909,15.510026611306854,0.40903882772570727
1033.0198770724478,15.559111270633938,0.4140504734742658
1034.886970424924,15.60879732745085,0.4189263683103541
1036.760026104218,15.659068491648092,0.4236637906277887
1038.6391143232158,15.709908146523427,0.42826264038078654
1040.5243033007987,15.76129966336912,0.43272068482643905
1042.415659260403,15.813226145548294,0.43703972095021937
1044.3132463978686,15.86567091206232,0.4412215849045392
1046.217126907316,15.918617502250866,0.44526560556308165
1048.1273610075862,15.972049374918436,0.44917133187623964
1050.0440069325764,16.025949934743586,0.45294016893264555
1051.9671209247456,16.080302755015502,0.4565742435418395
1053.8967572553474,16.135091664240523,0.46007771608154846
1055.8329682550564,16.190300990170307,0.4634508498554969
1057.7758043738768,16.245915092152966,0.4666960192090585
1059.725314184935,16.301918614458053,0.4698145637589022
1061.68154441867,16.358296362109122,0.4728069805561962
1063.6445399821232,16.415033199775866,0.4756752344081367
1065.6143439660964,16.472114227904843,0.478419414775882
1067.590997673445,16.52952455767795,0.4810432981273403
1069.5745406203662,16.58724975345323,0.4835512395104425
1071.5650105907805,16.64527590219448,0.48594540184338736
1073.5624436990438,16.703589350415687,0.48823116884767676
1075.5668744210936,16.762177090677408,0.4904139401271434
1077.5783356719749,16.821026763492664,0.4925008465235662
1079.596858883594,16.880126865075493,0.4944919934659492
1081.6224741074031,16.939465904291406,0.49638726876859235
1083.655210015918,16.99903237654364,0.49818630919272383
1085.6950939011033,17.058814733646766,0.4998892366614126
1087.7421516691409,17.118801442046134,0.5014963879831703
1089.7964078421865,17.178981008604115,0.5030089809229017
1091.857885563219,17.239342086314863,0.5044282817587905
1093.9266066135767,17.299873480125918,0.5057564803129639
1096.0025914311918,17.360564257763475,0.5069949077580401
1098.0858591421234,17.42140364669444,0.5080360404090428
1100.1764275797266,17.482367971543525,0.5088210040890966
1102.2743117363118,17.543426492034218,0.5093524974169588
1104.379522915356,17.604548791724252,0.5096323945344623
1106.4920687703627,17.665704679068387,0.509662850433435
1108.6119533318508,17.7268642211204,0.5094462864132787
1110.7391770383854,17.787997775489995,0.508979059669518
1112.873736771444,17.849075262650338,0.508260078580768
1115.0156258029622,17.91006647208003,0.5072848783080693
1117.1648337796119,17.970940657476998,0.5060533170922181
1119.3213466585091,18.031667055528064,0.5045639097610212
1121.4851467051724,18.09221472469939,0.502818244688894
1123.6562124721363,18.152552914062056,0.5008153642302762
1125.8345188218238,18.21265075776969,0.4985590189348739
1128.0200369127563,18.272477840041876,0.496048992509243
1130.2127342535614,18.332003719142985,0.49328330100160556
1132.4125746998586,18.39119771526318,0.4902676691319681
1134.61951842569,18.450029835559015,0.4870070540685538
1136.833522005957,18.508470682047243,0.48350848746854064
1139.0545384878028,18.566491700543466,0.47977199641553747
1141.282517491868,18.624064340113332,0.4757968705201494
1143.5174052126815,18.68115996457575,0.47158124530172474
1145.7591444084305,18.737749714011954,0.46712471413963164
1148.007674374112,18.79380467970871,0.462432014241073
1150.262930935677,18.84929652141764,0.4575081843383273
1152.5248465182472,18.90419750353824,0.4523578798823226
1154.7933502186718,18.958480449124117,0.44698302863858475
1157.0683678725666,19.012118412560746,0.44138837791767394
1159.3498220820738,19.065085017910867,0.4355789622637582
1161.6376322842232,19.117354493382518,0.4295625196595384
1163.931714823429,19.168901995741663,0.42334693765946274
1166.231983062918,19.2197036282608,0.41694225669289203
1168.5383474983093,19.269736699063944,0.41035411574618097
1170.850715902197,19.318979192953485,0.40358581940297195
1173.1689934053513,19.36740949128184,0.39664630121943634
1175.4930825443053,19.415007047428173,0.3895481858091941
1177.8228833899966,19.461752829725278,0.38230100983539705
1180.1582937295636,19.507628950905524,0.374911504572216
1182.4992092036723,19.55261833145419,0.3673837910513533
1184.8455234034468,19.596704386380353,0.3597268981232695
1187.1971279298125,19.639871614155144,0.3519496849416206
1189.5539125235111,19.68210557634814,0.3440593990660277
1191.915765192673,19.723392704236062,0.336066244868281
1194.2825723171813,19.763720653620254,0.3279790883898448
1196.6542187956159,19.803078144227037,0.3198092366511295
1199.0305881729232,19.841455252625174,0.3115638771203272
1201.4115628032382,19.878842917879613,0.3032460314442673
1203.7970239533838,19.915232441652925,0.2948638872819101
1206.186851846382,19.950616108126756,0.28642262925494777
1208.5809257793574,19.98498682363735,0.27792209260966244
1210.9791241981939,20.01833747475051,0.26935707275678505
1213.3813246951638,20.050660323481324,0.26073334722552455
1215.7874039339815,20.08194832514839,0.2520641747401621
1218.1972377329994,20.112196026117207,0.24336264286667228
1220.6107012561336,20.14139954326121,0.2346412621872411
1223.027669201325,20.16955649472368,0.22591199986450233
1225.4480159806917,20.19666593470742,0.2171850895537978
1227.8716158928567,20.222728145453875,0.2084700976529727
1230.298343270311,20.247744557172233,0.19977499679947805
1232.7280726171718,20.271717556788172,0.1911088661220496
1235.1606787239864,20.294650620722816,0.18247961277612043
1237.596036798473,20.31654817425595,0.1738970527668366
1240.0340225793839,20.33741582058797,0.16537039774725687
1242.4745124778544,20.357260268317642,0.1569087681277174
1244.9173837100525,20.37608932049297,0.1485196114077387
1247.3625144285118,20.393911673861897,0.14020976397403512
1249.8097838293752,20.410736845538782,0.1319877484500466
1252.2590722508398,20.426575375352787,0.12386131390004537
1254.7102612958822,20.441438733020792,0.11583707702861507
1257.1632339438447,20.455339182264225,0.10791901946962124
1259.6178746457165,20.46828946460058,0.1001098486081686
1262.0740693814685,20.48030264643356,0.09241230963437712
1264.5317056990405,20.491392123589687,0.08483056790742614
1266.9906727538712,20.501571791738577,0.07736966833901655
1269.4508613688797,20.510856151939258,0.07003384644284695
1271.9121641071124,20.5192602135124,0.06282659605100688
1274.374475332734,20.52679940503852,0.05575078021495232
1276.8376912613385,20.533489498664316,0.04880988900411787
1279.3017100011782,20.53934668534481,0.04200662636124595
1281.7664316034195,20.54438748050816,0.035344241214092
1284.2317581010805,20.54862878945385,0.02882650028270876
1286.6975935558148,20.552087969487776,0.022456032482551458
1289.1638441121534,20.554782693385683,0.016233787860040337
1291.6304180353595,20.55673074792889,0.010160419203592598
1294.097225725111,20.55794999823332,0.004237741292848586
1296.564179724899,20.55845852718846,-0.0015320785949249523
1299.0311947481616,20.55827467775707,-0.007149255125348261
1301.4981877094924,20.557416767142026,-0.012614342095886792
1303.9650777215495,20.55590304609052,-0.017927958024183177
1306.4317860870804,20.55375169112762,-0.02308979785839465
1308.8982362900156,20.550980915384613,-0.028099815092730403
1311.3643539998618,20.547608937573486,-0.0329585586693912
1313.8300670723706,20.54365391053316,-0.03766596971594836
1316.2953055416347,20.539133994167244,-0.042222286468991684
1318.7600016209346,20.534067319790964,-0.04662848001040512
1321.2240896993096,20.528471902189715,-0.050886969044397934
1323.6875063275725,20.522365465904386,-0.055000663934857724
1326.150190183481,20.515765386232204,-0.058971683064794965
1328.612082029829,20.50868878426443,-0.06280266155472267
1331.0731246839407,20.501152464877862,-0.0664962009687866
1333.533262979726,20.49317292076161,-0.07005413268972709
1335.9924437302175,20.484766424838842,-0.07347661386988562
1338.450615701198,20.475949231174457,-0.07676323976425693
1340.907729608939,20.466737642402748,-0.07991394821425382
1343.3637381260273,20.457147968617036,-0.08292886832713366
1345.8185958822614,20.44719650441778,-0.08580853520085427
1348.2722594627917,20.436899480193677,-0.08855404704667326
1350.724687400415,20.426272994548075,-0.09116680029970387
1353.1758401597608,20.41533297851211,-0.09364852053619058
1355.6256801171824,20.40409515604777,-0.09600053097699085
1358.0741715359081,20.39257509233053,-0.09822413587469875
1360.5212805469878,20.380788196025566,-0.1003201242902191
1362.966975130511,20.36874978111074,-0.10228939744636278
1365.4112251042443,20.356475053417178,-0.1041330631708213
1367.8540021106544,20.34397908583668,-0.10585263094823763
1370.2952796009547,20.33127677012289,-0.10744967709569053
1372.7350328133693,20.31838280887141,-0.10892564008258014
1375.173238750434,20.305311732061497,-0.11028210812054919
1377.6098761582814,20.29207787908703,-0.1115210624720782
1380.0449255037718,20.278695351590383,-0.11264498047338464
1382.4783689459625,20.265177953933577,-0.11365632167916703
1384.9101903004346,20.25153919533208,-0.11455715469875281
1387.3403750038744,20.23779233676823,-0.11534911238950023
1389.7689100842865,20.22395044328149,-0.1160337685676565
1392.1957841374804,20.21002639105337,-0.11661292926086715
1394.6209873044068,20.196032839542063,-0.11708832229513244
1397.0445112451519,20.18198224086665,-0.11746169805912655
1399.466349114056,20.167886837099555,-0.11773484515032158
1401.886495534508,20.153758655681518,-0.11790963993763715
1404.3049465731897,20.139609498889,-0.11798782988861638
1406.7216997130563,20.125450959302366,-0.11797106890986794
1409.1367538281727,20.111294431033183,-0.11786140511656568
1411.5501091598967,20.097151062419197,-0.1176611599445849
1413.961767287387,20.083031723225847,-0.11737256500386889
1416.371731094174,20.068947015425383,-0.11699776494819977
1418.7800047360251,20.0549072836316,-0.11653896062043997
1421.186593610061,20.040922608357146,-0.1159986991030647
1423.5915043230639,20.02700276446478,-0.11537937587824533
1425.9947446547997,20.01315723935939,-0.11468328786471754
1428.3963235235228,19.999395244815624,-0.11391266695587438
1430.7962509529007,19.98572572478092,-0.1130698638395825
1433.1945380398745,19.97215734112017,-0.11215731078727911
1435.591196920809,19.958698463825694,-0.11117738366170875
1437.986240736468,19.94535717778629,-0.11013259887176394
1440.3796835978023,19.932141265921675,-0.1090256984440667
1442.7715405497129,19.919058182108387,-0.10785957415741185
1445.161827531566,19.9061150332095,-0.1066370765573675
1447.550561335551,19.893318584022616,-0.10536084412552518
1449.9377595656338,19.88067528272755,-0.10403341437567211
1452.323440599561,19.86819127300247,-0.10265711542901108
1454.7076235523214,19.855872419150987,-0.10123409730242791
1457.0903282426195,19.843724327474696,-0.09976641421959245
1459.4715751619165,19.831752357768345,-0.09825615244193676
1461.8513854448486,19.81996161947531,-0.09670549135904338
1464.2297808391857,19.808356960512224,-0.09511665370610307
1466.6067836744471,19.79694296206749,-0.09349194969164501
1468.982416829895,19.785723928104492,-0.09183377374175204
1471.3567037012676,19.774703875255483,-0.09014451818038433
1473.7296681662983,19.763886533073837,-0.08842652661940004
1476.1013345502672,19.75327534987951,-0.08668200922231271
1478.4717275922528,19.74287350877283,-0.08491310583222887
1480.8408724133055,19.732683936072963,-0.08312186115259275
1483.2087944856344,19.72270931273465,-0.08131032559333691
1485.5755196031625,19.712952073663452,-0.0794805763966459
1487.941073852002,19.703414404495856,-0.0776347535693107
1490.3054835805417,19.69409823406754,-0.07577498030458618
1492.66877536863,19.68500523643099,-0.07390333260133254
1495.0309759970016,19.67613683651883,-0.0720218643211745
1497.392112417384,19.66749421280029,-0.07013263793477022
1499.75221172292,19.659078296248115,-0.06823769722331738
1502.1113011184698,19.650889772581316,-0.06633896317252809
1504.4694078911796,19.64292909700061,-0.06443820379402257
1506.8265593828196,19.635196512545328,-0.06253710095452117
1509.182782964325,19.627692060430785,-0.06063729405206226
1511.5381060115767,19.62041558514454,-0.05874039011910396
1513.8925558817941,19.613366738330246,-0.0568479125556396
1516.2461598903938,19.60654498882357,-0.05496135435512797
1518.5989452890526,19.599949626300955,-0.05308219402639986
1520.9509392442087,19.593579763017786,-0.05121185934573511
1523.3021688157708,19.587434339896298,-0.04935171157352082
1525.6526609365583,19.581512134507474,-0.047503066935888745
1528.002442392699,19.575811766475166,-0.04566725660260092
1530.3515398046761,19.570331695682853,-0.043845583839115944
1532.6999796081582,19.565070225622158,-0.042039279303118196
1535.0477880352328,19.560025512105785,-0.04024952367847203
1537.3949910966855,19.555195569264367,-0.03847744931892915
1539.7416145649972,19.550578275346094,-0.0367241512145499
1542.0876839580387,19.54617137720035,-0.03499063408376342
1544.4332245233027,19.541972501110298,-0.03327785008006147
1546.778261223436,19.53797915910069,-0.03158672173490157
1549.122818722528,19.5341887524925,-0.0299181513556918
1551.4669213728273,19.53059857432982,-0.02827300808671412
1553.8105932017468,19.527205813359412,-0.02665211907054108
1556.15385789935,19.52400755907095,-0.025056290982150772
1558.4967388064385,19.52100080415309,-0.023486307150606744
1560.839258902937,19.51818244729502,-0.02194289632373258
1563.1814407966124,19.515549299736172,-0.020426713329507865
1565.5233067125807,19.51309809413663,-0.018938320803917316
1567.8648784838772,19.51082549564016,-0.01747820746431648
1570.206177543354,19.508728110744443,-0.016046791717070692
1572.5472249166432,19.506802495738395,-0.014644451103474001
1574.8880412161318,19.505045161605977,-0.013271545133819866
1577.2286466355245,19.50345257618992,-0.011928421237112474
1579.5690609446672,19.502021165641466,-0.010615410776922641
1581.9093034845441,19.500747316348235,-0.009332821514408297
1584.2493931625058,19.499627377766505,-0.00808094159383143
1586.589348447838,19.498657664775244,-0.006860030026225808
1588.929187367611,19.497834461172097,-0.005670300148918461
1591.2689275029516,19.497154025154227,-0.00451191497679204
1593.60858598597,19.49661259535701,-0.003384990544905884
1595.9481794974129,19.496206396491623,-0.002289610015302169
1598.2877242649918,19.495931643289786,-0.0012258243836733994
1600.6272360621865,19.495784544363747,-0.00019366834093012504
1602.9667302075102,19.495761304162837,0.0008068343888869232
1605.3062215640098,19.495858124289505,0.0017756679809425402
1607.6457245389245,19.49607120444722,0.0027128411846435267
1609.9852530834582,19.496396745389376,0.0036183942874780726
1612.324820692905,19.496830952703874,0.004492394876658214
1614.6644404072294,19.497370040089073,0.005334936509044691
1617.0041248120401,19.498010232470158,0.00614614662727871
1619.3438860399365,19.49874777006543,0.006926195368305962
1621.6837357723443,19.499578913509627,0.00767528935057095
1624.0236852419655,19.500499948231695,0.008393655101579937
1626.3637452357532,19.501507186843885,0.009081539419626026
1628.7039260981744,19.50259697157424,0.009739209303080913
1631.0442377347633,19.50376567669061,0.010366953055656656
1633.3846896159662,19.505009711057287,0.010965068745480002
1635.725290781293,19.506325519306746,0.011533864618161927
1638.06604984361,19.507709583060926,0.012073667454175142
1640.4069749935773,19.509158423155426,0.01258482111856726
1642.7480740043559,19.510668601689655,0.013067682326938442
1645.0893542365586,19.512236723568886,0.01352261597981042
1647.4308226433868,19.513859437486463,0.013950001647216888
1649.7724857758851,19.51553343768413,0.01435023681667388
1652.1143497884073,19.51725546610213,0.014723732459639193
1654.4564204443395,19.51902231399729,0.015070914847175612
1656.798703122019,19.52083082377895,0.015392223844897156
1659.1412028208726,19.522677890640338,0.015688113562157012
1661.4839241677496,19.524560464267797,0.01595904387528057
1663.8268714234616,19.52647554953283,0.016205477529023432
1666.1700484894056,19.528420206836312,0.016427882047996716
1668.513458914226,19.530391552682072,0.01662673183452213
1670.8571059005478,19.532386760502217,0.01680250897309536
1673.200992311808,19.53440306157899,0.016955702851418692
1675.5451206791975,19.53643774592116,0.01708681257214952
1677.889493208708,19.538488163429818,0.017196351008538235
1680.2341117883195,19.54055172555084,0.01728484403846822
1682.5789779953857,19.542625906835458,0.017352830067904664
1684.924093104206,19.544708246443605,0.01740085485397297
1687.2694580937791,19.54679634902608,0.017429467526877993
1689.6150736556622,19.548887885129307,0.01743921415262929
1691.9609402018777,19.550980590827624,0.017430635710760797
1694.307057872777,19.553072267112917,0.017404269814400776
1696.6534265448306,19.555160779490645,0.017360653055798186
1699.0000458383695,19.557244057857343,0.01730032210876773
1701.3469151253123,19.559320096510394,0.01722381396808143
1703.6940335368936,19.561386954186563,0.017131668371879277
1706.041399971396,19.56344275439119,0.017024428896961718
1708.389013101923,19.565485685858825,0.01690264072581489
1710.736871384226,19.567514002745924,0.016766847487945137
1713.0849730645557,19.569526024444478,0.016617588857035823
1715.433316187489,19.571520135107324,0.016455400441696615
1717.7818986037018,19.573494783160328,0.016280811234697077
1720.1307179776811,19.57544848050849,0.016094343047311638
1722.4797717953422,19.57737980167417,0.01589651157774759
1724.829057371543,19.579287383063498,0.015687829701158344
1727.1785718575106,19.581169922627637,0.015468808533888222
1729.528312248226,19.583026179651704,0.015239956372181262
1731.8782753897842,19.584854974416366,0.015001778718456236
1734.2284579867141,19.586655187862583,0.014754778806667342
1736.5788566092576,19.58842576131938,0.014499456709638057
1738.929467700616,19.59016569612454,0.014236306951676617
1741.280287584151,19.59187405295874,0.01396581616343287
1743.6313124705061,19.593549950898353,0.013688464007134242
1745.982538464614,19.59519256657921,0.013404722628075403
1748.3339615726036,19.59680113329458,0.013115055924796601
1750.6855777085989,19.598374940005556,0.012819918233431215
1753.0373827013996,19.59991333019357,0.01251975519579687
1755.3893723010228,19.601415700817064,0.01221500502694382
1757.7415421851208,19.6028815014203,0.011906097935743225
1760.0938879652913,19.604310233172587,0.011593455703126436
1762.446405193272,19.605701447856962,0.011277491580476697
1764.7990893670149,19.607054746846618,0.010958610854983253
1767.1519359366364,19.608369780149218,0.010637210828103861
1769.5049403102544,19.60964624544859,0.010313680086753074
1771.858097859708,19.610883887059,0.009988398726193785
1774.211403926155,19.612082494906144,0.009661737647573415
1776.5648538255439,19.61324190342385,0.009334057909454217
1778.9184428539547,19.614361990372988,0.0090057098284854
1781.2721662927995,19.615442675552405,0.008677033298838158
1783.6260194138658,19.616483919548266,0.008348358699390894
1785.9799974842117,19.617485722592193,0.008020007386364795
1788.3340957709227,19.618448123478558,0.007692292094464116
1790.6883095457401,19.619371198529894,0.007365517352691433
1793.0426340895638,19.620255060612216,0.0070399798056744005
1795.3970646968373,19.621099858188895,0.006715968154014344
1797.75159667982,19.621905774367377,0.006393762330168906
1800.1062253727441,19.622673025846996,0.006073633019631113
1802.4609461358457,19.623401861809352,0.005755840746899205
1804.8157543592629,19.62409256269898,0.005440635264747206
1807.1706454667867,19.62474543893075,0.005128254994253378
1809.5256149194583,19.62536082953006,0.004818927580590081
1811.880658219002,19.62593910083973,0.004512870849094803
1814.235770911103,19.626480645341623,0.004210293502986013
1816.5909485885438,19.626985880561982,0.003911395446548106
1818.9461868942112,19.62745524801557,0.0036163680546318975
1821.301481523973,19.627889212182126,0.0033253945242575755
1823.656828229435,19.628288259525036,0.0030386496143160555
1826.012222820578,19.628652897478755,0.002756298908633531
1828.3676611682754,19.62898365334779,0.0024784984195396578
1830.7231392066772,19.629281073158136,0.0022053946137340014
1833.0786529354561,19.629545720511786,0.0019371247360584043
1835.4341984219175,19.629778175480112,0.0016738167644142073
1837.789771802975,19.629979033491843,0.0014155898147196553
1840.145369286994,19.63014890426961,0.0011625548518893875
1842.5009871555064,19.630288410851836,0.0009148153913077852
1844.8566217648086,19.630398188698795,0.0006724677220226314
1847.2122695474525,19.630478884825436,0.00043560080751574076
1849.5679270136316,19.630531156922338,0.00020429637751307944
1851.9235907524621,19.630555672487638,-2.1371087321092407e-05
1854.2792574331606,19.63055310795716,-0.00024133462735701782
1856.6349238061155,19.630524147801875,-0.00045553499480399385
1858.9905867038517,19.6304694836025,-0.0006639206357641147
1861.346243041884,19.630389813126207,-0.0008664472750128568
1863.7018898194592,19.630285839453204,-0.0010630778556477245
1866.0575241201936,19.630158270110527,-0.0012537824151103562
1868.4131431126068,19.630007816220715,-0.0014385378745175946
1870.7687440505533,19.629835191675774,-0.0016173276092386894
1873.1243242735545,19.629641112362666,-0.001790141116404558
1875.479881207038,19.629426295428697,-0.0019569739240172628
1877.8354123624895,19.629191458557816,-0.0021178274213519564
1880.1909153375163,19.628937319267255,-0.0022727086716050203
1882.5463878158284,19.628664594226663,-0.002421630274710642
1884.9018275671356,19.6283739985937,-0.002506538544202867
1887.2572324469668,19.628073213968396,-0.0024145574958341983
1889.612601232643,19.627783467068895,-0.0021332256393290683
1891.9679352486914,19.627527479992175,-0.0016569040305993165
1894.3232385462904,19.627328651508503,-0.00097809514905104
1896.6785179844715,19.627211280090616,-9.210673011272402e-05
1899.0337833380822,19.627200227283,0.0010066409297476132
1901.3890473653562,19.627321024194572,0.002325128666347703
1903.7443258882595,19.627600039634533,0.003867607663675763
1906.0996378930156,19.628064152554174,0.0056399307189457775
1908.455005591322,19.628740944240448,0.007643158313168691
1910.810454504631,19.629658123238027,0.009878957021596038
1913.1660134794197,19.63084359808062,0.012345493520179135
1915.5217147111894,19.632325057303042,0.015040584328003837
1917.8775937180658,19.634129927422403,0.017958089344012884
1920.2336893093566,19.636284898143685,0.021096952834867125
1922.5900434971338,19.63881653248387,0.02445089334171574
1924.9467014810318,19.641750639684876,0.028009312392074704
1927.303711557794,19.645111757171925,0.03176258420205417
1929.6611249686546,19.64892326727617,0.03570125432653454
1932.0189957607276,19.653207417795354,0.03982052304091602
1934.3773806508632,19.657985880560265,0.044114008195867575
1936.7363389565305,19.663279561543767,0.04857700085292315
1939.0959325039157,19.669108801646118,0.05320130498026333
1941.4562255601134,19.67549295824375,0.05797584317718455
1943.8172847151027,19.682450059425012,0.06289031426287474
1946.1791787222337,19.689996897136556,0.06793569747411286
1948.54197834989,19.69814918083345,0.07310384386097175
1950.90575625159,19.706921642096766,0.07838409250340676
1953.2705868486416,19.716327733197176,0.08376647400799163
1955.6365461766254,19.726379710078135,0.08923913749027854
1958.0037117418349,19.73708840657697,0.09479090225195973
1960.3721623506242,19.748463314847204,0.1004101981553981
1962.7419779484057,19.76051253862585,0.10609001430311919
1965.113239453041,19.773243340342223,0.11182180658751875
1967.486028653882,19.786661957132726,0.11759370701270387
1969.8604280887378,19.80077320197425,0.12339495550139402
1972.2365208729748,19.815580596634415,0.12921753293834756
1974.6143905445708,19.83108670058702,0.13505520504090207
1976.9941209486412,19.847293325191927,0.14090165354241674
1979.3757961476642,19.864201523617016,0.1467477024519334
1981.7595003304982,19.881811247911248,0.152586579093287
1984.1453176802477,19.900121637402442,0.15841085928097365
1986.533332276736,19.91913094051616,0.16421303838553974
1988.923627989598,19.938836505122424,0.16998667741517032
1991.3162883702125,19.959234906412245,0.1757252908092154
1993.711396558982,19.980321941309352,0.18142666215019004
1996.109035191939,20.002093140767375,0.1870879396758812
1998.5092863688312,20.024543693528482,0.1927413470323975
2000.9122316120547,20.04767265517237,0.19845449700078185
2003.3179523306753,20.071487194812462,0.20421340218172762
2005.726530794053,20.09599280307427,0.21000079945948683
2008.1380499304219,20.121192899009408,0.2157967566988582
2010.552593078303,20.147088509813273,0.22158214545941973
2012.9702436994808,20.1736783672684,0.2273418650166009
2015.391085103553,20.200959391070395,0.2330646585415823
2017.8152002304814,20.228927150095384,0.23873969147681112
2020.2426714884928,20.2575759130726,0.24435975851017758
2022.6735805980616,20.28689908409382,0.24991618954296577
2025.1080084881528,20.31688902683898,0.25540278650461185
2027.5460351713734,20.347537361219533,0.2608117554418708
2029.9877396547197,20.378834771872558,0.26613681785405274
2032.4331998273444,20.410771190015044,0.2713697771978434
2034.8824923701463,20.443335563278787,0.2765080270666817
2037.3356926377398,20.476516526526787,0.28154593649163306
2039.7928746209232,20.51030203890578,0.28647662750304687
2042.2541108655919,20.544679234206146,0.29129477472369314
2044.7194723736966,20.579634607172988,0.2959963815172096
2047.1890285265574,20.61515417295505,0.30058240137680853
2049.662847027312,20.651224061120267,0.30505369039602914
2052.1409939146465,20.687830503967792,0.309413294629235
2054.6235335751226,20.7249600993233,0.3136617696362563
2057.1105287870414,20.762599511679653,0.317797675152546
2059.602040728443,20.80073523269796,0.32182004846872264
2062.098128956367,20.839353638514208,0.32572927957816955
2064.5988513929888,20.878441152063587,0.32952688607491315
2067.104264331236,20.91798437839258,0.33321257471382565
2069.6144224566433,20.95796988735824,0.3367862641600836
2072.1293788431262,20.998384239057447,0.3402461230233762
2074.649184951813,21.03921377382025,0.34359153691584876
2077.173890604671,21.080444758250152,0.34682169099612803
2079.7035439756614,21.122063361169687,0.3499391730935017
2082.238191579002,21.164056061940908,0.3529453776341715
2084.777878306435,21.206409507257007,0.3558395192919136
2087.322647447306,21.249110249572038,0.3586217580144651
2089.8725406772546,21.292144860533774,0.36129408439883715
2092.4275980605184,21.335500150661634,0.36385983189296983
2094.987858078598,21.37916333048879,0.3663221628280989
2097.553357678257,21.42312199002816,0.3686816743773659
2100.1241323170602,21.467363790953446,0.3709402960043126
2102.7002159719746,21.511876626473963,0.3730987367864047
2105.2816411671515,21.55664847488833,0.37515764008541364
2107.8684389841383,21.60166739169858,0.3771181688163568
2110.460639071142,21.646921571956543,0.37898148149792765
2113.0582696597767,21.692399349736295,0.38075207201146755
2115.661357581745,21.73808959837767,0.38243388789758853
2118.2699283335505,21.78398166492538,0.38403027441027815
2120.8840061333417,21.830065297854613,0.38554723534089763
2123.503613969084,21.87633096609552,0.38699137375342996
2126.128773685016,21.922769930945933,0.3883676027019561
2128.7595060767294,21.969374043270168,0.3896746604293119
2131.395830961922,22.016135002521686,0.3909110723860757
2134.0377671622246,22.063044331208015,0.3920754678096111
2136.6853324819695,22.11009338734517,0.39316707024657094
2139.338543688451,22.15727343577476,0.39418571768115945
2141.997416500744,22.204575721896497,0.3951320588603072
2144.6619655873715,22.251991568959735,0.39600718328275863
2147.3322045756468,22.299512430953666,0.3968125958101968
2150.0081460673614,22.347129942450888,0.3975494340763833
2152.6898016604555,22.394835874540053,0.39821888417092693
2155.3771819654003,22.442622140640566,0.39882113386256407
2158.070296622277,22.490480676704074,0.399356896213658
2160.7691543034816,22.538403504249715,0.39982677094369884
2163.4737627239915,22.58638271676296,0.4002320674216592
2166.184128650003,22.634410564853557,0.40057356372342895
2168.9002579177854,22.68247939250037,0.4008518895317183
2171.6221554448853,22.730581619244177,0.40106822254769897
2174.3498252391946,22.7787098059499,0.40122427925363086
2177.083270415909,22.826856719460338,0.4013225302559359
2179.8224932222442,22.87501542309105,0.4013654089085378
2182.5674950730154,22.923179272160073,0.40135498096142225
2185.3182765856745,22.971341869875445,0.4012925484268124
2188.0748376100596,23.019496975686664,0.4011792672828705
2190.837177247142,23.067638487760608,0.4010164537289898
2193.605293865673,23.115760462208087,0.40080553623542753
2196.379185121138,23.163857126556337,0.4005478490254541
2199.158847976325,23.21192286843939,0.4002444191854262
2201.9442787205376,23.259952198741644,0.39989642520274066
2204.7354729843864,23.307939769765973,0.3995045725182486
2207.532425756758,23.355880318468163,0.3990698247669443
2210.3351313949743,23.403768697440196,0.3985935407112943
2213.143583638667,23.451599922325553,0.39807736879970484
2215.957775629346,23.499369206581516,0.3975227418942987
2218.777699934136,23.54707193560883,0.3969307748163766
2221.603348566409,23.594703628586796,0.3963029333511223
2224.434713001839,23.642259980588932,0.39564112055797246
2227.27178419951,23.68973691505589,0.3949469369606826
2230.1145526293167,23.73713054749117,0.3942218570453827
2232.9630082950157,23.784437170336616,0.3934669386622914
2235.817140755456,23.831653202976092,0.3926834941236278
2238.676939139813,23.878775222270928,0.39187273033792497
2241.5423921664856,23.92579994991148,0.39103581834106144
2244.413488160475,23.972724248112407,0.39017420504002487
2247.2902150702485,24.01954515271721,0.38928965038242574
2250.1725604885746,24.0662599107631,0.3883842833130124
2253.060511677866,24.112866024760663,0.3874600571317946
2255.9540556008374,24.15936123161648,0.3865187614713839
2258.8531789486315,24.205743482993046,0.3855621956318405
2261.7578681665905,24.252010946468868,0.38459174101897037
2264.6681094801665,24.298161955391144,0.3836083209496606
2267.5838889148135,24.344194953905102,0.38261238765284966
2270.505192309282,24.390108440423443,0.38160449521167555
2273.4320053221327,24.435900979848846,0.38058530002086105
2276.3643134397144,24.48157121585135,0.3795555946805887
2279.3021019856164,24.52711788721302,0.3785163502216089
2282.245356132082,24.572539849239615,0.37746867692759734
2285.194060913991,24.617836090470927,0.37641375341987715
2288.1482012448478,24.663005740881314,0.37535273608700065
2291.1077619337534,24.708048069211753,0.3742865943951151
2294.0727277020587,24.752962460539166,0.3732162050418293
2297.0430831973235,24.797748405144187,0.3721422640990976
2300.018813005941,24.842405476836078,0.37106557138175267
2302.9999016631614,24.88693334540189,0.36998695235792345
2305.9863336646094,24.93133177968484,0.36890732364021106
2308.9780934781716,24.975600658521664,0.3678275424415718
2311.975165557194,25.019739963614654,0.36674848916781083
2314.9775343528277,25.06374978231479,0.36567111393491836
2317.9851843267056,25.10763031598698,0.36459647303562454
2320.998099964624,25.151381892751257,0.36352564509291135
2324.0162657917544,25.195004970162405,0.3624595733089107
2327.039666388174,25.238500118959475,0.3613990243876861
2330.068286402449,25.281868001885996,0.3603446230730034
2333.102110562675,25.325109356654757,0.3592969899834115
2336.1411236854738,25.368224995452767,0.35825672949021736
2339.185310684928,25.41121580299159,0.35722437735894486
2342.234656581287,25.454082728274667,0.35620045853145105
2345.2891465086796,25.49682678329844,0.3551854575669867
2348.3487657226756,25.53944903820648,0.35417985211707603
2351.4134996072603,25.581950620460532,0.35318404780721036
2354.4833336817155,25.624332706197396,0.3521984907524894
2357.5582536064594,25.666596525087694,0.3512237128079162
2360.63824518947,25.708743370624646,0.3502602256682721
2363.7232943939453,25.75077459770484,0.34930848539017356
2366.81338734567,25.79269161595166,0.34836891253420815
2369.908510339584,25.834495885455766,0.34744194266403455
2373.008649845839,25.87618891857545,0.346528003808668
2376.1137925160683,25.91777227903249,0.3456273980238108
2379.223925189552,25.959247566795348,0.34474039705157067
2382.3390348975677,26.000616414441538,0.3438672334244102
2385.4591088673005,26.041880482452466,0.34300817936506495
2388.5841345251947,26.083041463976276,0.3421634888832784
2391.7140995008717,26.12410108264227,0.34133342179742154
2394.848991630789,26.16506109325796,0.34051828855683836
2397.98879896198,26.205923287884783,0.3397184282591238
2401.133509756526,26.246689499275877,0.3389341650311552
2404.283112496439,26.287361599079617,0.3381657384131768
2407.437595888329,26.3279414876892,0.337413292308155
2410.5969488668516,26.368431082766175,0.33667689321188116
2413.7611605967836,26.408832309951602,0.3359565063237552
2416.930220473978,26.449147090710454,0.3352520529358889
2420.1041181248634,26.48937733706276,0.33456343966751867
2423.282843405311,26.52952494982286,0.33389060717554037
2426.4663863992896,26.569591822683925,0.3332335219945932
2429.654737418012,26.609579845323278,0.3325921717332017
2432.8478869994506,26.649490905931263,0.33196656848457695
2436.0458259081624,26.689326894149414,0.3313567269428434
2439.2485451354605,26.729089701382556,0.33076263951751395
2442.4560358996264,26.76878121812466,0.33018425845853927
2445.6682896458015,26.808403329139683,0.3296214858342806
2448.885298045298,26.847957907439795,0.3289488107355375
2452.107052994191,26.88743176472806,0.32815288614474786
2455.3335448059584,26.92681011106543,0.32723007431716966
2458.5647620192863,26.96607771998349,0.3261731623405951
2461.8006913456843,27.00521849946436,0.32497715840551317
2465.04131756562,27.04421575847302,0.32363860643482684
2468.286623456637,27.083052391245197,0.3221486012696559
2471.5365897435863,27.121710223397557,0.3205046772298952
2474.791194970394,27.160170784665144,0.31869785890607777
2478.0504154645537,27.198414527733874,0.316727086345469
2481.314225207882,27.23642177809533,0.31458674738883147
2484.5825958212536,27.27417218778199,0.31227772824141065
2487.855496483787,27.31164551517096,0.3097962567086855
2491.1328939456075,27.348821065976,0.3071475271328694
2494.4147524735245,27.385678769231944,0.3043288428979145
2497.7010339258322,27.422198230379696,0.3013399655442071
2500.9916977134776,27.458359026245,0.2981879901161766
2504.286700796627,27.49414158505894,0.29487662307295065
2507.585997786834,27.529526779827695,0.29141387093304505
2510.8895410004134,27.56449644433966,0.2877996101092
2514.197280573734,27.599032397552765,0.28403764257435493
2517.5091644614404,27.633116914661688,0.28012846923028883
2520.8251384911996,27.66673233096932,0.276074810620179
2524.145146370916,27.699861308243744,0.27188396691685207
2527.469129727905,27.732487384273767,0.2675620778801112
2530.7970282140177,27.76459483361938,0.26311585621856853
2534.128779594052,27.79616873636561,0.25854805927062297
2537.464319842416,27.827194503478083,0.25386689251372446
2540.8035831828333,27.85765853057973,0.24907744213406838
2544.146502206503,27.887547823635817,0.24418948946448873
2547.4930079453393,27.916850562371554,0.23920993431059934
2550.843030012824,27.945555754488826,0.23414999527800867
2554.1964967033628,27.973653753922186,0.2290146033203118
2557.5533351538334,28.001135506320622,0.22380857094258183
2560.9134714145916,28.027992534833732,0.21854183089639487
2564.2768305187715,28.0542175545413,0.21322491790979214
2567.6433366253164,28.079804544690475,0.2078649435030009
2571.012913170679,28.104748337910834,0.20246822456957714
2574.385482971228,28.129044524859182,0.19703781580390195
2577.7609683142114,28.152689062755652,0.19158354821778997
2581.139291001742,28.175679088541788,0.18611164541684738
2584.520372492367,28.19801248599181,0.18062854852581653
2587.904133990686,28.21968791181491,0.1751430088980791
2591.290496540104,28.24070507288268,0.16966046016733136
2594.67938114885,28.26106432810276,0.16419003700116236
2598.0707088682225,28.2807671325429,0.15873481355302205
2601.4644009241274,28.29981531016926,0.1532960585330274
2604.860378761348,28.318210837193224,0.14788085631968975
2608.2585640618113,28.335956539951585,0.14236651402974956
2611.6588788466056,28.353040521635155,0.13676796929895016
2615.061243709202,28.369452677951028,0.13110310067766712
2618.465578030556,28.385185050032348,0.12539516962052047
2621.87180023656,28.40023247038681,0.11966775012256702
2625.2798281330065,28.41459260040152,0.11394215447533829
2628.6895792450546,28.42826565893856,0.10823077501366589
2632.100971124127,28.4412533519402,0.10255058541229391
2635.5139215263603,28.453559422189677,0.09690845421483123
2638.928348657023,28.465188436695456,0.0913183125471572
2642.3441712694266,28.476146634201115,0.08578580041565056
2645.7613088655307,28.486440930250993,0.08032384928702
2649.179681777161,28.496079792165435,0.07493729300952895
2652.5992113522207,28.50507226732658,0.0696414285309202
2656.0198200243,28.51342923875029,0.06443860815230654
2659.44143153295,28.52116187172857,0.05933495169267048
2662.8639709575573,28.52828206593169,0.054341399344150665
2666.287364805469,28.534803033852988,0.04946405343616992
2669.7115411695318,28.540738720265328,0.04471222297957143
2673.1364298159638,28.546104187022877,0.04008331537587846
2676.5619623184066,28.55091418486798,0.035578065175572424
2679.9880720205906,28.55518355268905,0.03119097724380909
2683.414694046913,28.55892646995831,0.02691952581467331
2686.8417652233084,28.56215681305607,0.022765983205662973
2690.269224040875,28.56488873104075,0.018731741483934503
2693.6970106886,28.567136540018822,0.014817954342696098
2697.1250670734025,28.568914694539945,0.011020340781240002
2700.5533368367473,28.570237135433693,0.007340488971011149
2703.981765292999,28.571117994110214,0.003776172674395483
2707.4102994522923,28.571571134831142,0.0003315487885773992
2710.838887988472,28.57161092068577,-0.0029942774836095374
2714.2674812989544,28.571251607387737,-0.006197735483579874
2717.696031491841,28.570507879129707,-0.0092831204887376
2721.124492437337,28.56939390467106,-0.01225454630443723
2724.5528197058975,28.567923359114527,-0.015110864966542958
2727.980970508991,28.566110055318543,-0.017851368019133007
2731.408903715629,28.563967891156246,-0.020478989315928047
2734.8365798625678,28.561510412438334,-0.022997799048706767
2738.2639611120603,28.55875067655249,-0.025415510329244554
2741.6910111932466,28.555700815312978,-0.027731449710324842
2745.117695291084,28.55237304134774,-0.029949222634769002
2748.5439800560457,28.548779134631566,-0.03207032798109134
2751.9698335522016,28.544930695273834,-0.03409452094231737
2755.3952252356344,28.540839352760756,-0.03602479796641445
2758.8201259579655,28.536516377004787,-0.03786029371364832
2762.244507923206,28.53197314175915,-0.039607648839168584
2765.6683447002174,28.52722022389845,-0.04127437000539586
2769.0916111270853,28.522267299497802,-0.042863025572075365
2772.514283203025,28.517123736429152,-0.04438278615036547
2775.9363380513964,28.51179780209111,-0.045842301660066524
2779.357753787647,28.5062967258919,-0.04725345079915832
2782.778509394754,28.500626311796,-0.04861263507580095
2786.1985845521695,28.494792795586903,-0.049916024972573296
2789.61795968764,28.488802872590195,-0.05115949014414309
2793.0366160323506,28.4826637337729,-0.052340235565642844
2796.4545356804033,28.476382905505023,-0.053456065688850016
2799.871701629064,28.469968177622363,-0.05450682497959875
2803.2880978103785,28.46342735862481,-0.05549244460633839
2806.7037090934136,28.45676826527205,-0.056414876488149725
2810.118521285246,28.449998480093473,-0.05727409084771551
2813.532521102857,28.443125589191748,-0.05807197731028267
2816.94569617356,28.436156951914516,-0.05880673104864226
2820.3580350077896,28.429100144188677,-0.059478701364661636
2823.7695270250924,28.421962700024917,-0.060086765614304524
2827.1801625490953,28.4147522881512,-0.06063214609883588
2830.5899328236733,28.40747643061934,-0.0611151817231605
2833.9988299953475,28.400142608812562,-0.061535303949750424
2837.406847108405,28.39275837233859,-0.0618932697500182
2840.813978113086,28.38533117996859,-0.06219026054859718
2844.2202178546822,28.377868348702755,-0.06242943697117221
2847.6255620565266,28.370376816266216,-0.06261385003079603
2851.0300072744785,28.36286315426252,-0.06274639568045184
2854.43355085299,28.355333586780866,-0.06282817787990379
2857.8361908834036,28.347794205435278,-0.06285971475318239
2861.237926188056,28.340251039664896,-0.0628419496456176
2864.638756312816,28.332710005707423,-0.06277593475058851
2868.0386815135007,28.325176893537353,-0.06266321716452751
2871.4377027407254,28.31765730747761,-0.06250399406176743
2874.8358216176225,28.3101568281902,-0.06229969065172359
2878.2330404370055,28.30268086531199,-0.06205033782436671
2881.629362140843,28.29523482477307,-0.06175641132612657
2885.024790319816,28.28782405541393,-0.061419059414617345
2888.4193292064656,28.28045376828418,-0.06104028000525466
2891.8129836586595,28.273128934683548,-0.06062193703932623
2895.2057591308217,28.26585430223883,-0.06016500850822524
2898.5976616470903,28.25863450121784,-0.05967059288105579
2901.9886977872366,28.251474030072114,-0.0591414775974527
2905.378874670845,28.24437705276042,-0.05857938976575855
2908.7681999171764,28.23734752598853,-0.05798647157982557
2912.156681620295,28.23038914939895,-0.0573634062804688
2915.5443283182226,28.22350554064529,-0.056711671927277184
2918.9311489831002,28.21670014001402,-0.05603270082339519
2922.3171529999017,28.209976215915212,-0.05532758866627075
2925.7023501458116,28.20333690527526,-0.054598050577313983
2929.0867505744445,28.196785139205982,-0.053846087479565624
2932.470364791149,28.190323608708436,-0.053074698746565556
2935.853203624194,28.183954644858847,-0.05228668761620851
2939.235278181577,28.177680242344902,-0.05148415039381824
2942.6165998106585,28.171502144297644,-0.0506695956860286
2945.997180067974,28.16542179281532,-0.04984465224402217
2949.377030683112,28.15944043454604,-0.0490104110990006
2952.7561635352577,28.153559185214156,-0.04816662894546705
2956.134590637483,28.1477791897407,-0.047313304033852734
2959.512324140252,28.142101593256637,-0.0464506445682238
2962.8893763314427,28.13652751590845,-0.045579105614922885
2966.2657596333515,28.13105802323466,-0.04469946036234948
2969.6414865961397,28.125694087991178,-0.043812809949909985
2973.0165698866986,28.120436550797187,-0.04292031656901799
2976.391022272794,28.115286112808906,-0.04202333517786235
2979.7648566063313,28.110243312587563,-0.041122656181682656
2983.138085803842,28.105308593845763,-0.04021914564445259
2986.5107228351035,28.10048229636843,-0.039313038833436
2989.8827807106677,28.095764731708417,-0.03840493412538921
2993.2542724784726,28.09115613961337,-0.03749535504708362
2996.625211215226,28.086656697007722,-0.03658518307735392
2999.995610018867,28.08226647503844,-0.03567515972398781
3003.3654819958715,28.077985455871563,-0.034766080159247696
3006.734840250576,28.073813526252454,-0.033858843217820386
3010.103697873726,28.069750465066317,-0.032954548207545516
3013.472067929534,28.065795919281413,-0.032054453699953155
3016.839963439848,28.06194938483742,-0.03115959463181895
3020.2073973660285,28.0582102334816,-0.03027071654992242
3023.5743825940463,28.054577747495607,-0.02938822213415016
3026.9409319237457,28.05105116083951,-0.028512499950318203
3030.3070580630465,28.047629660845473,-0.027644033793349166
3033.672773622348,28.04431237679027,-0.02678313822341948
3037.0380911075626,28.04109840020346,-0.025930212458543052
3040.403022915587,28.037986774708436,-0.025085546303259175
3043.767581328552,28.034976509152045,-0.024249544004322568
3047.1317785096503,28.032066563871528,-0.02342245552073472
3050.495626497315,28.029255869209038,-0.022604553854532587
3053.85913720162,28.026543322746495,-0.021796357376777323
3057.2223224003496,28.02392775986128,-0.02099839945131515
3060.585193731533,28.021407951927124,-0.020211118405142194
3063.9477626857642,28.018982617718507,-0.01943489693513194
3067.3100405998903,28.01665043008629,-0.01867010337409433
3070.6720386515008,28.0144100176814,-0.017917277043187824
3074.0337678536225,28.012259944436217,-0.017176648314058945
3077.395239046955,28.01019874663853,-0.016448485526754788
3080.7564628965515,28.00822492837532,-0.015732928290968545
3084.1174498879564,28.006336976980403,-0.015030270268681171
3087.478210325194,28.00453334454816,-0.014340801151526347
3090.83875432654,28.002812448409976,-0.013664797402945688
3094.199091820349,28.001172672721623,-0.013002646327448552
3097.5592325410757,27.99961235516233,-0.012354801985376907
3100.919186023695,27.998129778924085,-0.01172173846585563
3104.278961597166,27.996723170308183,-0.011103814786135573
3107.638568377603,27.995390712533847,-0.010501192148094673
3110.998015263107,27.994130569476077,-0.009913956855857439
3114.357310931444,27.992940894653373,-0.009341989141617324
3117.716463838802,27.99181985595638,-0.008785111693606792
3121.0754822215167,27.990765642553146,-0.008243096385951875
3124.4343740986233,27.989776470986833,-0.007715796558474472
3127.7931472751416,27.988850575399816,-0.007203132988662922
3131.1518093441896,27.987986199441178,-0.0067050647534536816
3134.5103676881226,27.987181591670762,-0.006221605703311236
3137.868829479123,27.986434998986365,-0.0057527957898475205
3141.2272016790016,27.985744663491584,-0.005298640947791242
3144.5854910386206,27.98510882657785,-0.004859102488869971
3147.94370409781,27.984525734279185,-0.00443402944415553
3151.3018471859236,27.983993650745887,-0.004023253485946425
3154.659926424013,27.983510860327574,-0.0036265467369360825
3158.0179477272522,27.983075674719142,-0.0032437477854651555
3161.3759168082183,27.982686424984887,-0.002874709633932626
3164.7338391792164,27.982341459828817,-0.0025193622596545243
3168.0917201543957,27.98203913635766,-0.0021776161662705163
3171.4495648507586,27.98177782241771,-0.0018493978314452167
3174.8073781894486,27.981555894677935,-0.0015346281288369454
3178.16516489681,27.981371739302475,-0.0012332402805565158
3181.5229295055265,27.981223750468807,-0.0009451436076924746
3184.8806763555826,27.981110333235883,-0.0006701661309788106
3188.238409595571,27.981029913300166,-0.0004080699041506571
3191.5961331851668,27.980980944911668,-0.00015859424523626518
3194.953850898556,27.98096191360224,7.852338927007493e-05
3198.3115663281883,27.980971336408953,0.0003035343006368728
3201.6692828885575,27.981007760525028,0.0005167229059527537
3205.0270038198205,27.98106976727374,0.0007183380041822614
3208.3847321918934,27.981155967834244,0.000908622380825988
3211.7424709080333,27.981265002519944,0.001087812113188704
3215.100222708336,27.981395539973526,0.0012561509463321638
3218.4579901731327,27.981546278087087,0.0014138741161140074
3221.815775726503,27.981715942981022,0.0015611784626110563
3225.173581639661,27.981903284396537,0.0016982730380330497
3228.5314100337882,27.9821070771611,0.0018253839239372356
3231.8892628830476,27.98232612323197,0.0019427382480727738
3235.2471420178354,27.98255925182174,0.002050575300593451
3238.605049128054,27.98280532085781,0.002149126069507494
3241.962985766557,27.983063215986153,0.0022386619586771154
3245.320953352475,27.983331855421195,0.0023194302557067465
3248.6789531751256,27.98361018705188,0.002391669890790238
3252.0369863975716,27.983897187438775,0.0024555897877382806
3255.395054060064,27.984191858213304,0.0025113937417767488
3258.7531570830497,27.984493225462316,0.0025592813033411574
3262.111296270105,27.984800339218715,0.0025994401079017892
3265.4694723108114,27.985112272031664,0.0026320591616344584
3268.8276857834553,27.98542811913106,0.0026573494430965176
3272.185937157751,27.985747001064233,0.0026755502617017445
3275.5442267978788,27.986068067095637,0.0026869392852713965
3278.9025549659304,27.98639049980987,0.002691805173884222
3282.2609218259076,27.986713516430733,0.002690451557925116
3285.619327447879,27.987036370617684,0.0026831643848265604
3288.9777718123532,27.987358350343865,0.0026702099549934973
3292.3362548143946,27.987678775538463,0.0026518288697528966
3295.694776267459,27.987996995002835,0.0026282463050413814
3299.0533359068595,27.98831238455944,0.002599678644662422
3302.4119333930066,27.988624345996797,0.0025663352623068554
3305.7705683145264,27.988932306228275,0.002528428481180008
3309.1292401912738,27.989235717646018,0.0024861822674460544
3312.4879484773915,27.98953405951811,0.002439831285013484
3315.8466925645334,27.98982683927231,0.0023896166293738397
3319.205471785246,27.990113593267836,0.0023357714399075873
3322.5642854164385,27.990393885840625,0.002278522884794939
3325.9231326827394,27.9906673085868,0.002218076503529588
3329.2820127597697,27.990933477767225,0.002154624011796137
3332.6409247771016,27.99119203264864,0.0020883380618564804
3335.9998678210195,27.991442633216064,0.0020193917018738335
3339.3588409370054,27.99168496022029,0.0019479560102887226
3342.717843132232,27.991918714941527,0.001874203561459233
3346.0768733780246,27.992143619368903,0.0017983084759372629
3349.435930612349,27.992359416386016,0.0017204522792298512
3352.795013742315,27.992565870659522,0.0016408263504113106
3356.154121646794,27.99276276982157,0.001559623727252677
3359.513253179173,27.992949924668842,0.0014770288313096858
3362.872407170133,27.9931271681286,0.0013932213408111905
3366.2315824303087,27.993294354689496,0.0013083723016907196
3369.5907777528714,27.9934513593657,0.0012226485773604166
3372.9499919159953,27.993598077194985,0.0011362018430560747
3376.3092236852585,27.993734421416153,0.0010491763860584727
3379.6684718158285,27.99386032258248,0.0009617119246819564
3383.0277350545384,27.993975728013442,0.0008739433395612072
3386.3870121419,27.99408060121419,0.0007859999723856281
3389.7463018140456,27.994174921210877,0.0006980034470488399
3393.105602804591,27.994258681624522,0.0006100745159750628
3396.464913846386,27.99433189056644,0.0005223322050751758
3399.824233673254,27.994394570431048,0.00043489093091916473
3403.183561021706,27.994446757342757,0.00034786322858530434
3406.542894632587,27.99448850093019,0.00026135557091818475
3409.9022332526984,27.994519863598697,0.0001754711936681486
3413.2615756363302,27.994540920141937,9.030158067118372e-05
3416.620920546747,27.994551756331617,5.9299564303867626e-06
3419.980266757507,27.99455246792639,-7.756778464759199e-05
3423.339613053658,27.994543159792233,-0.0001601191534167821
3426.698958232833,27.994523945493825,-0.0002416539390210014
3430.058301106292,27.994494947021142,-0.000322103244763759
3433.417640499935,27.99445629463177,-0.0004013972176787074
3436.776975255291,27.99440812696565,-0.00047946274123256675
3440.1363042305265,27.9943505914367,-0.0005562257687205646
3443.4956263014988,27.99428384434445,-0.0006316117842507709
3446.85494036282,27.994208050930343,-0.0007055514852349137
3450.2142453289316,27.994123384752115,-0.0007779814915874513
3453.5735401351017,27.994030026973125,-0.0008488488214269222
3456.9328237383384,27.993928165114554,-0.00091810877408869
3460.2920951181522,27.99381799206166,-0.0009857234149332874
3463.6513532771996,27.99369970525187,-0.0010516583135592296
3467.01059724183,27.993573506254243,-0.0011158814219501968
3470.3698260625806,27.993439600483608,-0.0011783620626100025
3473.7290388146384,27.993298197036093,-0.0012390692997603474
3477.0882345982827,27.993149508720123,-0.001297972248755976
3480.447412539329,27.99299375205027,-0.0013550421269860244
3483.806571789575,27.992831146995034,-0.0014102544286459513
3487.1657115272146,27.992661916463597,-0.0014635904216296076
3490.5248309571903,27.992486285613,-0.0015150363107245966
3493.883929311464,27.992304481255715,-0.0015645848043212048
3497.2430058492146,27.992116731079197,-0.0016122330270018932
3500.602059856944,27.991923263115957,-0.0016579816696209748
3503.9610906485177,27.991724305315604,-0.0017018314969228215
3507.3200975651557,27.991520085535974,-0.001743783385980065
3510.67907997542,27.991310831529656,-0.0017838382815277933
3514.0380372752034,27.991096770935872,-0.0018219970604312413
3517.3969688877155,27.99087813128862,-0.001858260591294045
3520.75587426347,27.990655140017665,-0.001892630792046545
3524.114752880272,27.99042802432262,-0.001925112253875814
3527.473604243191,27.990197010852153,-0.001955713406422648
3530.8324278844934,27.989962325243383,-0.001984445049260323
3534.1912233635226,27.98972419183747,-0.0020113212765377523
3537.549990266543,27.989482833284285,-0.0020363587673543713
3540.908728206537,27.989238470232202,-0.0020595776645130973
3544.267436822965,27.98899132091246,-0.0020809997425755454
3547.6261157814747,27.988741600943353,-0.002100647841183431
3550.984764773588,27.98848952320241,-0.002118546042474884
3554.343383516372,27.988235297677313,-0.002134719563170628
3557.701971752093,27.987979131329734,-0.0021491948324329495
3561.0605292478526,27.98772122794984,-0.0021619989739474345
3564.4190557952065,27.987461788072967,-0.002173160105597715
3567.777551209775,27.987201008860296,-0.0021827078526312493
3571.1360153308383,27.98693908391798,-0.0026538798751236554
3574.4944480209083,27.986620618332967,-0.003836092837355609
3577.8528424951082,27.986160287192483,-0.005719955984108557
3581.2111817295713,27.98547389247439,-0.008296267145981617
3584.569438596668,27.98447834041687,-0.011558751662789636
3587.927575997518,27.983091290217335,-0.015494623974569079
3591.2855469523442,27.981231935340386,-0.020112592926866645
3594.643294784585,27.97881842418916,-0.02541001613746129
3598.000752995488,27.975769222252666,-0.03139946150553479
3601.3578453021582,27.972001286872,-0.038077794405841386
3604.7144854565827,27.9674319515433,-0.045446517417349376
3608.0705772907677,27.96197836945322,-0.053493043377272044
3611.426014695102,27.955559204247947,-0.0622119277085427
3614.7806817996116,27.948093772922924,-0.07157307882330487
3618.1344530523625,27.939505003464127,-0.08156309881083344
3621.487193652778,27.92971743160683,-0.09217583080619494
3624.838759744571,27.918656331910086,-0.10337160989136475
3628.1889985044,27.90625173872312,-0.11511258847813094
3631.5377487130468,27.892438228105746,-0.12735459112189337
3634.8848413004193,27.877155677171118,-0.14008153044801266
3638.23009998168,27.860345893517355,-0.15327936739245085
3641.573341488902,27.84195236943026,-0.16718390589183915
3644.9143757732336,27.82189030072324,-0.18185232709640542
3648.2530026093204,27.80006802147167,-0.19718075075454383
3651.589010771897,27.776406331381125,-0.21307073009257324
3654.9221795316626,27.750837843770015,-0.2294335519241215
3658.252280072915,27.72330581753912,-0.24620260878533207
3661.5790767710196,27.693761504484883,-0.2633157575909503
3664.902328151558,27.66216361357397,-0.28071189418532255
3668.2217877851867,27.62847818627173,-0.2983318609187408
3671.5372051675395,27.592678362961482,-0.31611462217116354
3674.8483265710947,27.554744608300943,-0.33399554451845953
3678.154895924091,27.514665142958727,-0.3519260306211285
3681.456655741246,27.47243401928419,-0.3699843771249911
3684.75334782356,27.42803589402919,-0.38809146183426546
3688.0447121308434,27.381464918609076,-0.4061678535813043
3691.3304879210764,27.33272477617932,-0.4241633304151233
3694.6104148942177,27.281825176529505,-0.4420239567674768
3697.884233915401,27.22878230171741,-0.4597198324342875
3701.1516877916074,27.173615921825295,-0.47720433403005413
3704.4125217022265,27.11635140174169,-0.49445075868518606
3707.6664838704355,27.057017310699468,-0.5114504524886263
3710.9133259477194,26.995643256400832,-0.5281842596839539
3714.1528031384873,26.93226114523876,-0.5446476724538103
3717.384674475916,26.8669034245443,-0.5608078394815378
3720.6087028868615,26.799606483806517,-0.5766585520369435
3723.8246556649183,26.730407457562084,-0.5922130800328085
3727.0323045598257,26.659341887958146,-0.6074813386103581
3730.2314255863807,26.586444127324903,-0.6224761285912631
3733.42179888166,26.51174699189395,-0.6372332398555223
3736.603208520687,26.435279003111287,-0.6518129695136882
3739.7754420010606,26.357061446769645,-0.6662214119323076
3742.938289374673,26.27711487733777,-0.6804343248669072
3746.0915431599533,26.19546275835374,-0.694441005128934
3749.2349986909558,26.11212983773827,-0.7082460343890068
3752.3684542714846,26.02714031361159,-0.7218363108395295
3755.491711109118,25.940519956310848,-0.7351969957261741
3758.6045735038756,25.852296316823708,-0.7483303083486919
3761.7068490618944,25.762496679821865,-0.7612541011992946
3764.798348663473,25.671146187677948,-0.7739884976624586
3767.878886205994,25.578267567958452,-0.7865330476432381
3770.9482783141493,25.483883602241264,-0.7988801177893377
3774.0063443464182,25.388017988106544,-0.8110202385723384
3777.052906504991,25.290695559477864,-0.8229390871556804
3780.087789972128,25.191942869019183,-0.8346315330785978
3783.1108231164103,25.091787085049752,-0.8460965328328613
3786.1218375666163,24.990255501109807,-0.8573366079611084
3789.1206682267493,24.887375108154476,-0.868359082174627
3792.1071532397277,24.78317201829352,-0.8791609022805151
3795.081133881923,24.67767271001986,-0.8897636457795665
3798.0424546071254,24.57090107252631,-0.9002001788834146
3800.9909627358284,24.462877051060303,-0.9105084207410937
3803.9265079819556,24.35361604057137,-0.920671059500701
3806.848941906824,24.243135513431287,-0.9306515368203269
3809.758118168436,24.131457329012846,-0.9404186306991823
3812.6538930479173,24.018607093328946,-0.9499465530395473
3815.536125899117,23.9046135069642,-0.9592188211068595
3818.404679519953,23.789507248431377,-0.9682163907270573
3821.2594203897647,23.67332128154413,-0.976932857505928
3824.10021894355,23.556089338643417,-0.98536326529435
3826.926949664187,23.437845746808094,-0.9934897710715469
3829.739491153804,23.318626974279507,-1.0013074754304927
3832.5377263907176,23.19847007722785,-1.0088114985670351
3835.321542799985,23.077412697399804,-1.0155872129117698
3838.0908323236727,22.95554223185039,-1.020775119192159
3840.8454973914945,22.83304921754733,-1.0243711174021088
3843.5854632976,22.710124683459078,-1.026432949027899
3846.310678259615,22.58695272957573,-1.026990506431977
3849.021112587164,22.463713868803893,-1.0260950712659815
3851.7167582514207,22.340582460251976,-1.0237883489759794
3854.397628146651,22.217727858374857,-1.0201004716594622
3857.063755489656,22.095315801775723,-1.0150862802660932
3859.715193385869,21.97350544814379,-1.0087741092462745
3862.3520140396463,21.852452555034237,-1.0012233027431958
3864.9743083462504,21.732305758705053,-0.9924764037959782
3867.582185037295,21.613208590249535,-0.982607660018892
3870.175770068125,21.495295671047266,-0.9716895694691865
3872.755205548651,21.378692922710965,-0.9598202919054287
3875.3206486993763,21.263514487682315,-0.9470486891175381
3877.8722704378984,21.14986864498821,-0.9334581749766884
3880.410254675297,21.037853663991008,-0.9191531018866216
3882.934797114976,20.927555291764612,-0.904209872975939
3885.4461037499877,20.8190501070075,-0.8886974725894363
3887.9443897628285,20.712406410296765,-0.8726481092088533
3890.429878532064,20.607688637191703,-0.8561031547874668
3892.902801168527,20.504956258617206,-0.8390817473227627
3895.363395919561,20.404266448938476,-0.8216291442915358
3897.8119078934333,20.30567095162349,-0.8038186103196859
3900.248588407628,20.20921271838513,-0.7857136630028547
3902.6736939338343,20.114927078824785,-0.7673625603048383
3905.087485183293,20.022843571588204,-0.7487989417197572
3907.4902264118837,19.932987698581833,-0.7300722113743603
3909.8821849357137,19.84537903321691,-0.7112204382147183
3912.2636304197,19.760032580631144,-0.6922910011940571
3914.6348343293757,19.676957660487858,-0.6733267611567431
3916.9960692486343,19.596158449149048,-0.6543757458423007
3919.347608262532,19.51763335964797,-0.6354517916640834
3921.6897242656896,19.44137914464828,-0.6165776554949742
3924.0226897630473,19.367389825988884,-0.5977979062767297
3926.346776542166,19.295654077235675,-0.579150131745754
3928.662255031434,19.226156061426185,-0.5606500255741466
3930.9693937588054,19.15887805835729,-0.542300646070219
3933.2684591258085,19.09380198082886,-0.5241028175786178
3935.559715363508,19.030909642719426,-0.5060790612293554
3937.8434245206345,18.970180155371903,-0.48823645280473943
3940.119846139279,18.911591781035334,-0.4705853571560655
3942.3892371530033,18.855121538176604,-0.45313761874182945
3944.6518517375844,18.800745023927586,-0.4358967795860024
3946.9079411404555,18.748437410377267,-0.41886919144045287
3949.157753629701,18.69817310740441,-0.4020358341246579
3951.4015344025893,18.649928807309454,-0.38538124327111806
3953.6395258594666,18.60368305811692,-0.3686817690506191
3955.8719678264406,18.559441245830847,-0.35151888804450426
3958.0991007759403,18.517258979265506,-0.3339940043939614
3960.321171853452,18.47717969873823,-0.31621679593967406
3962.538433417301,18.439233683225467,-0.29830576266460357
3964.7511414592877,18.403436991705714,-0.2803687366277741
3966.9595538982926,18.36979274331038,-0.2624840478835282
3969.1639290274898,18.338294657564358,-0.2447036105276651
3971.3645243863975,18.308930224301037,-0.2270756649872641
3973.5615960133136,18.281681144502564,-0.20962694835949228
3975.755397750654,18.256525910699423,-0.1923923594291046
3977.946180859938,18.23343882756793,-0.17539125440309233
3980.1341935192463,18.212391877039558,-0.15865290774667723
3982.319680544491,18.193353528109956,-0.14219971845916377
3984.502882967864,18.176289561894855,-0.12606673455481224
3986.684037715291,18.161161553748276,-0.11025849546262106
3988.863377101741,18.14793053429276,-0.09479756468300601
3991.0411287658562,18.1365548265308,-0.07971240635244735
3993.21751534504,18.126989337768507,-0.06502170548720017
3995.3927540655723,18.11918673311004,-0.05073630629734538
3997.5670564735456,18.11309837635436,-0.0368421676601215
3999.7406282787083,18.108677316235145,-0.023328405519952994
4001.9136695566567,18.10587790757275,-0.01017426550390767
4004.0863749055657,18.104656995712283,0.0026254469380185513
4006.2589337450513,18.104972049344845,0.015063087955236348
4008.4315303909725,18.106779619899473,0.027131975969435326
4010.6043439453606,18.110035457015805,0.03883118867987584
4012.7775482002025,18.11469519965739,0.05016539752668275
4014.9513116241615,18.12071504736059,0.06113016514029864
4017.1257974298446,18.128050667177426,0.0717230616703466
4019.301163509906,18.136657434577867,0.08193348865651785
4021.4775624020554,18.14648945321665,0.09175693272545621
4023.655141136441,18.157500285143705,0.10118727802358064
4025.8340411706586,18.169642758506534,0.1102347112081328
4028.014398301679,18.18287092385151,0.11890307979118613
4030.1963428125414,18.197139293426453,0.1271856648543641
4032.3799995277527,18.212401573208975,0.13508076963872753
4034.565487716538,18.228611265565622,0.1425953829609615
4036.752921068406,18.245722711520937,0.14974195776249064
4038.942407793789,18.263691746452437,0.1565317329660398
4041.134050803363,18.28247555440836,0.16296361521466696
4043.3279478698923,18.30203118823412,0.1690436220670709
4045.5241916124805,18.32231642288217,0.17477271124253896
4047.7228695832264,18.343289148231275,0.18015237437539555
4049.924064281014,18.364907433156322,0.1851878156655669
4052.1278531729927,18.38712997103619,0.18988447434732966
4054.334308769517,18.409916107957873,0.19426275103955962
4056.543498702472,18.43322763808262,0.19834024441593925
4058.7554860190417,18.45702846741253,0.2021317162742245
4060.970329435131,18.48128427336544,0.20566394281751615
4063.188083547935,18.50596394650354,0.20896562470247126
4065.4087992215154,18.53103982146784,0.21205751832608474
4067.6325240000915,18.55648672366697,0.2149320760928255
4069.8593024069314,18.58227857279811,0.21758121052474214
4072.089175835667,18.608388318061078,0.2199974739430809
4074.3221824338343,18.634788014934248,0.22217636027135138
4076.5583569956266,18.66144917816681,0.22411626178105074
4078.7977308970067,18.688343129580534,0.2258191744411958
4081.0403320725563,18.71544143051348,0.22728877358639224
4083.2861850442177,18.742716083343847,0.22853036725371667
4085.535310974219,18.770139727414293,0.22954726502579223
4087.7877277415087,18.79768539921739,0.230342728255734
4090.043449989415,18.825326526608077,0.23091513337089695
4092.302489172608,18.853036342612583,0.23126512216801237
4094.564853533722,18.880788157272743,0.23139264803474321
4096.830548112594,18.908555275036914,0.2313010263082068
4099.099574745599,18.936311398193897,0.23099134250955441
4101.371932113382,18.964030359295045,0.23046441120742675
4103.6476157564975,18.991686088639934,0.22972387271445974
4105.926618087135,19.01925295336567,0.22877585262110184
4108.208928441539,19.0467060556802,0.22762979182004756
4110.49453316822,19.074021630698606,0.22629476242518276
4112.783415763904,19.10117700218963,0.2247779864704595
4115.0755570041665,19.128150360566085,0.2230829826802609
4117.370935047435,19.154920318487715,0.2212124883395342
4119.669525485653,19.18146581708846,0.2191700493831392
4121.971301383704,19.207766223014435,0.2169598779090257
4124.276233330465,19.23380140836352,0.21458603993245945
4126.584289499469,19.259551733155416,0.21205141963514065
4128.895435707448,19.284997903511634,0.20935994331725707
4131.20963545587,19.310121096709704,0.20651353727687677
4133.526849987475,19.334902721182928,0.20351547100920825
4135.847038314017,19.359324577704033,0.20037093084706126
4138.170157263341,19.38336908940568,0.1970864870539271
4140.49616155407,19.40701946785215,0.19366774991441577
4142.8250038902115,19.430259597841882,0.19011894453768333
4145.1566350419525,19.453073871186405,0.18644605498914454
4147.491003906495,19.475447397785103,0.182657251791299
4149.82805759423,19.49736626800006,0.17875931859648733
4152.16774154639,19.51881738623164,0.1747586800922699
4154.509999632738,19.539788427842712,0.17066005377821103
4156.85477424408,19.560267634296096,0.16646971598111912
4159.202006360195,19.58024400021383,0.1621937688317427
4161.55163564022,19.59970725247364,0.15783845970341231
4163.903600510517,19.61864786763805,0.1534115698501926
4166.2578382546335,19.63705725602007,0.14892237128099994
4168.614285125356,19.654927940573792,0.14438185380063331
4170.972876478225,19.672253763029868,0.13980015462433373
4173.333546929788,19.68902978158479,0.13518659497039967
4175.696230503579,19.705252172981236,0.1305505207981243
4178.060860764336,19.72091823547701,0.1258991926464895
4180.427370952593,19.73602613859459,0.12123763932814587
4182.7956940892245,19.750574655313965,0.11656853019673231
4185.165763047862,19.76456287893757,0.11189502826155917
4187.537510593334,19.777990282328958,0.10722077529967064
4189.910869427214,19.79085677536492,0.1025500503037728
4192.285772240258,19.803162781401372,0.09788790485998661
4194.662151774026,19.81490932998457,0.0932399191308691
4197.039940893624,19.826098120280275,0.08861181635545641
4199.419072668057,19.83673153824293,0.0840090056197449
4201.799480452646,19.846812618917298,0.07943573046515465
4204.181097966916,19.856344906573117,0.07489562199399545
4206.563859355705,19.865332381212397,0.07039129109171932
4208.94769924145,19.873779336143404,0.06592585906388321
4211.332552761787,19.88169043923107,0.06150255314679045
4213.718355614495,19.889070745608684,0.05712509982695472
4216.105044103968,19.895925757587918,0.05279694571747046
4218.492555194878,19.902261391074013,0.04852168041536205
4220.880826561807,19.908083992723856,0.04430321160215832
4223.269796640934,19.913400378116116,0.040145890179499044
4225.659404686308,19.918217884937654,0.03605404406357958
4228.049590832501,19.922544370225285,0.03203114366906595
4230.4402961569285,19.926388107465574,0.02807961712981858
4232.831462729824,19.92975766152115,0.024201070216904947
4235.223033649207,19.93266178994718,0.020397066592150695
4237.6149530640005,19.935109437938237,0.01666911847572685
4240.007166196553,19.937109732155324,0.01301841624045036
4242.399619364412,19.93867194210418,0.00944615490155889
4244.7922599974645,19.939805480692367,0.005953352600844597
4247.185036655148,19.94051988300447,0.002541033838474269
4249.577899041108,19.940824807065088,-0.0007901425266424541
4251.9707980179555,19.94072998996189,-0.004039301462117806
4254.363685616751,19.940245273786438,-0.007205124808012017
4256.756515049606,19.939380658809476,-0.010286428595504942
4259.149240728663,19.938146287378014,-0.013282333738240979
4261.541818283149,19.936552407329426,-0.016192121318828957
4263.934204572029,19.934609352771165,-0.0190149477022169
4266.326357694361,19.9323275590469,-0.021749935451244647
4268.718237001446,19.92971756679275,-0.024396808596396015
4271.109803109462,19.926789949761183,-0.026955330928134975
4273.5010179034325,19.923555310049807,-0.029425365076708246
4275.891844540639,19.920024266240603,-0.031806445824893316
4278.282247452587,19.916207492741616,-0.034098120776591224
4280.672192351716,19.912115718248426,-0.036299849407465605
4283.061646237906,19.90775973631953,-0.038410803016264816
4285.4505774062645,19.903150439957578,-0.04043001555759329
4287.838955459059,19.898298838090668,-0.04235661890540833
4290.22675131963,19.89321604382202,-0.04419021027713255
4292.613937244889,19.887913218588764,-0.04593090343620946
4295.00048683112,19.882401510176418,-0.04757920649051962
4297.386375012341,19.876692005397555,-0.049136147358176264
4299.771578052989,19.870795667714575,-0.05060295300801494
4302.156073533115,19.86472331335361,-0.0519809032510818
4304.539840330717,19.85848560496348,-0.05327106307902328
4306.922858603313,19.852093077394,-0.05447434466881012
4309.3051097726,19.84555615603374,-0.05559155590743896
4311.686576511324,19.838885169324847,-0.05662340216938037
4314.067242731643,19.83209036106452,-0.057570614387796495
4316.4470935749705,19.825181887337983,-0.05843408859394334
4318.826115401451,19.81816979670671,-0.05921497655274488
4321.204295777055,19.81106399952038,-0.05991472371455043
4323.5816234569975,19.803874232674634,-0.060534897476837234
4325.958088364919,19.796610044977413,-0.06107713510174451
4328.333681570316,19.789280788765204,-0.06154291958671118
4330.708395264968,19.7818956384148,-0.06193362649155944
4333.082222741578,19.774463603235812,-0.062250493060859204
4335.455158373967,19.76699354406851,-0.06249479542536496
4337.827197599255,19.759494168617465,-0.06266780026742416
4340.198336899489,19.751974032585373,-0.06277079851644875
4342.568573783399,19.7444415367634,-0.0628051102251514
4344.937906767811,19.736904923536382,-0.0627722239190482
4347.306335358636,19.729372256666096,-0.06267390004306975
4349.673860029436,19.721851388660927,-0.0625120834190048
4352.040482196075,19.714349938650646,-0.0622887791542693
4354.406204188713,19.706875285152133,-0.06200598742031071
4356.771029222931,19.699434566661697,-0.06166571703551434
4359.134961370931,19.692034680617436,-0.06127000890365217
4361.498005532605,19.684682279548998,-0.06082082078731452
4363.860167406151,19.67738378105452,-0.06032009396043209
4366.221453459878,19.670145369779267,-0.05976976730060282
4368.581870904251,19.662972997703193,-0.05917179032931673
4370.941427663975,19.655872382863674,-0.05852805561915529
4373.300132349919,19.648849016189374,-0.05784038522103146
4375.657994231862,19.64190816996285,-0.0571106395543483
4378.015023212258,19.635054893216328,-0.05634070382137862
4380.371229799443,19.628294008757763,-0.055532458674020395
4382.726625080494,19.62163011371688,-0.054687778631783354
4385.08122069414,19.615067580281064,-0.053808535717037684
4387.435028803774,19.608610555995018,-0.05289663481601825
4389.788062070494,19.602262959817097,-0.0519538916620234
4392.140333625672,19.596028492817652,-0.05098204661194252
4394.49185704481,19.58991064722422,-0.04998274636583885
4396.842646322477,19.58391271766032,-0.048957600345010656
4399.192715848596,19.578037805618916,-0.04790817649569742
4401.54208038527,19.572288824439433,-0.046836000119654934
4403.890755044203,19.566668504425074,-0.045742602938382164
4406.238755264733,19.561179392072468,-0.044629571434200675
4408.586096791782,19.555823843500363,-0.04349856876993497
4410.932795653002,19.55060401524797,-0.04235132593198216
4413.278868134832,19.545521856136133,-0.041189586199261656
4415.624330757569,19.540579105792222,-0.04001507988247802
4417.969200250263,19.535777296206327,-0.03882945436923364
4420.313493525809,19.53111776168202,-0.03763426606853582
4422.657227657211,19.526601649753793,-0.036430979819883504
4425.0004198551815,19.522229932175406,-0.03522099932352357
4427.343087447042,19.518003412256583,-0.03400568417807224
4429.685247856513,19.513922730155215,-0.03278636419725019
4432.026918584132,19.509988366451545,-0.03156436844801979
4434.368117188106,19.506200642237783,-0.03034104073831645
4436.708861265175,19.502559717349186,-0.029117730797000096
4439.049168431257,19.499065589653547,-0.027895767822415624
4441.389056302016,19.495718097514857,-0.02667643012335018
4443.728542473717,19.492516925900055,-0.02546093294534011
4446.067644504826,19.489461613946613,-0.02425040468536029
4448.406379898499,19.48655156538437,-0.02304590059956342
4450.744766086345,19.48378605731242,-0.021848414316050516
4453.082820413223,19.481164247594496,-0.020658918507757744
4455.420560122934,19.478685177373563,-0.01947836486143665
4457.758002344219,19.47634777359019,-0.018307692121673935
4460.09516407705,19.47415085053559,-0.0171478321706452
4462.432062179114,19.472093110675115,-0.01599972364471853
4464.768713352395,19.470173143837748,-0.0148643070727239
4467.105134129655,19.46838942698902,-0.013742496015681335
4469.441340860893,19.46674032746714,-0.012635158884966363
4471.77734970019,19.465224108400943,-0.011543123113093098
4474.113176593198,19.463838933627372,-0.010467172233671709
4476.448837265233,19.46258287295933,-0.009408045512274837
4478.7843472099885,19.46145390749786,-0.00836642457462511
4481.119721678888,19.460449936548905,-0.007342953359546522
4483.454975671274,19.45956878214576,-0.006338243869063459
4485.790123925131,19.45880819288147,-0.00535287464142154
4488.125180908277,19.458165847924498,-0.004387386482486134
4490.460160810027,19.4576393615466,-0.003442283796063686
4492.795077533413,19.457226287491075,-0.0025180465448936804
4495.129944687912,19.456924121905686,-0.0016151246579070777
4497.464775582541,19.45673030694674,-0.0007339343345293467
4499.799583219375,19.456642234826596,0.00012514046954323989
4502.1343802875535,19.45665725168294,0.0009617532993427536
4504.469179157755,19.456772662078862,0.001775596835179006
4506.803991877205,19.456985733699085,0.0025664155288145428
4509.138830165249,19.45729370356254,0.0033339962363756787
4511.473705409676,19.457693783110905,0.00407816147998041
4513.808628663649,19.458183162488503,0.004798759629504272
4516.143610643147,19.458759013644045,0.0054956613212105284
4518.478661724785,19.45941849300259,0.006168755191416449
4520.813791943945,19.460158743625563,0.006817941091058518
4523.14901099318,19.460976896556488,0.007443127717264463
4525.484328220767,19.46187007188256,0.008044237620535423
4527.8197526293925,19.462835380397024,0.008621213361427797
4530.15529287504,19.463869926000395,0.009174029063406154
4532.49095726616,19.464970809488005,0.009702695241888491
4534.826753763298,19.46613513291703,0.010207264671404506
4537.162689979248,19.4673600046776,0.01068782558345272
4539.498773179809,19.468642543747617,0.011144494653307968
4541.835010285059,19.469979883106014,0.011577408768213619
4544.171407871032,19.471369172158198,0.011986721526711321
4546.507972171691,19.472807578741403,0.01237259960881297
4548.84470908114,19.47429229069446,0.012735219917489767
4551.181624156023,19.47582051708456,0.013074772325828233
4553.518722618073,19.47738948976366,0.013391465924655156
4555.856009356845,19.47899646567462,0.01368553463377488
4558.193488932726,19.480638729830673,0.01395723886619117
4560.531165580305,19.482313598494617,0.014206864463799262
4562.869043212125,19.484018422230275,0.014434722706316678
4565.207125422792,19.48575058895503,0.014641144113653247
4567.545415493467,19.48750752624867,0.01482647237463612
4569.883916396617,19.489286702933626,0.014991056669216475
4572.222630800969,19.49108562973393,0.015135251260701933
4574.561561076536,19.492901859885215,0.015259415017066777
4576.900709299723,19.494732989687265,0.015363911078359951
4579.240077258485,19.496576659016668,0.01544910794120721
4581.579666457567,19.498430551969612,0.015515383004787671
4583.919478123804,19.50029239793019,0.015563126610924067
4586.259513211556,19.5021599731235,0.015592742454382406
4588.599772408331,19.504031102218025,0.015604644903149018
4590.940256140597,19.505903659606403,0.015599259452361553
4593.28096457975,19.507775570740687,0.015577021452078975
4595.621897648239,19.509644813314935,0.015538375545011692
4597.963055025836,19.511509418380335,0.01548377112841085
4600.304436156041,19.513367470915746,0.0154136612492912
4602.646040252552,19.51521711026566,0.015328502828729757
4604.987866305783,19.517056530605107,0.015228756559404241
4607.329913089456,19.518883981392236,0.015114886570056376
4609.672179167223,19.520697767780643,0.014987359588934782
4612.014662899356,19.522496250931315,0.014846645795612255
4614.3573624494675,19.524277848426788,0.014693219094501882
4616.700275791279,19.52604103471813,0.014527556572958688
4619.0434007154445,19.527784341506884,0.014350139206470009
4621.386734836426,19.52950635821166,0.014161451226077223
4623.730275599411,19.53120573235879,0.013961979517376487
4626.074020287294,19.532881169900875,0.013752210388137674
4628.417966027682,19.534531435147453,0.013532627329778118
4630.7621097999,19.536155350427027,0.013303709351510455
4633.106448441951,19.53775179554921,0.013065930099771453
4635.450978657417,19.53931970716118,0.012819757361718993
4637.795697022277,19.540858078044586,0.012565653203471605
4640.140599991642,19.542365956429002,0.01230407512040097
4642.485683906414,19.54384244544345,0.012035477700612859
4644.830944999867,19.545286702767523,0.011760313537251137
4647.176379404199,19.546697940391994,0.011479034236536954
4649.521983157046,19.54807542450038,0.011192089973516854
4651.867752207986,19.549418475297202,0.010899928598746382
4654.213682425022,19.550726466729053,0.010602992954861699
4656.559769601029,19.551998825883636,0.010301719055212004
4658.9060094601355,19.55323503217026,0.009996534816421642
4661.252397663996,19.55443461634823,0.009687859869908404
4663.5989298179575,19.55559715953262,0.009376105485250611
4665.945601477101,19.55672229219085,0.009061675122174673
4668.292408152164,19.557809693205513,0.008744965887211728
4670.639345315349,19.55885908911198,0.008426369707980629
4672.986408406042,19.559870253476937,0.008106273444724726
4675.3335928364595,19.560843006290305,0.007785058114640488
4677.680893997214,19.56177721326406,0.007463097836712446
4680.028307262806,19.562672785004466,0.007140758998660172
4682.375827997007,19.563529676084304,0.006818398556003377
4684.723451558137,19.564347883911026,0.00649636281625012
4687.071173304206,19.565127447448976,0.006174986680185901
4689.4189885979,19.565868445850597,0.005854594091874722
4691.766892811403,19.56657099714162,0.005535498566713915
4694.114881331059,19.567235256969628,0.005218003689448399
4696.462949561896,19.567861417412363,0.004902403920043018
4698.8110929319855,19.568449705882767,0.004588985311478748
4701.159306896691,19.569000384120145,0.004278025743748939
4703.507586942786,19.569513747209395,0.00396979456174531
4705.85592859245,19.569990122556806,0.0036645519754189286
4708.2043274071575,19.570429868793855,0.003362549044852375
4710.552778991413,19.57083337467924,0.003064027249907101
4712.9012789963745,19.571201057949228,0.0027692182172480775
4715.2498231233285,19.5715333641353,0.002478343245531576
4717.598407127025,19.571830765324762,0.00219161348446302
4719.947026818864,19.5720937589429,0.0019092302531929966
4722.295678069938,19.57232286657328,0.0016313852608416334
4724.644356813927,19.57251863280458,0.001358260855301435
4726.993059049863,19.57268162410722,0.0010900302495440732
4729.341780844757,19.572812427737166,0.0008268577597655665
4731.690518336085,19.57291165066834,0.0005688988937178483
4734.039267734165,19.572979918535584,0.00031630027782882114
4736.38802532439,19.573017874568922,6.91997168608218e-05
4738.736787469338,19.573026178534946,-0.0001722740558897338
4741.085550610763,19.57300550564824,-0.00040800164933504386
4743.4343112714405,19.57295654545032,-0.0006378734019291638
4745.783066056894,19.57288000064209,-0.0008617894215751104
4748.131811656971,19.5727765859115,-0.0010796594389626685
4750.480544847281,19.572647026778828,-0.00129140253181275
4752.829262490494,19.57249205847501,-0.0014969466976301614
4755.177961537512,19.572312424871296,-0.0016962282871877351
4757.526639028496,19.572108877476833,-0.001889191427676072
4759.875292093793,19.57188217450551,-0.0020757876333265634
4762.223917954734,19.57163307998951,-0.002255975677003946
4764.572513924333,19.57136236290827,-0.0024297215170679056
4766.921077407882,19.57107079632622,-0.002596998443416443
4769.2696059034415,19.570759156513013,-0.002757787254787823
4771.618097002223,19.570428222042437,-0.0029120765265998865
4773.966548388868,19.570078772859244,-0.0030598625347747666
4776.314957841611,19.56971158935507,-0.003201149000874536
4778.663323232334,19.569327451474965,-0.003335946681542248
4781.0116425265105,19.56892713787318,-0.003464272945060051
4783.359913783055,19.568511425119773,-0.0035861512829008656
4785.708135154069,19.568081086965826,-0.0037016108358352575
4788.056304884505,19.567636893665526,-0.0038106861721870344
4790.404421311745,19.567179611324864,-0.00391341732857363
4792.752482865104,19.566710001245436,-0.004009849921244737
4795.100488065254,19.56622881925489,-0.004100035234678708
4797.4484355235645,19.565736815026728,-0.004184030215578803
4799.7963239413675,19.56523473140086,-0.00426189751041077
4802.144152109136,19.564723303699612,-0.004333705300950405
4804.49191890558,19.564203259063497,-0.004399526991917989
4806.839623296668,19.563675315824465,-0.004459440765996559
4809.187264334567,19.563140182932546,-0.00451352916982413
4811.534841156519,19.562598559432168,-0.004561878759938424
4813.882352983651,19.562051133980976,-0.004604579765783022
4816.229799119728,19.561498584409083,-0.004641725868939661
4818.577178949858,19.56094157730481,-0.0046734141051941154
4820.924491939134,19.560380767612187,-0.004699744813035226
4823.271737631248,19.559816798234625,-0.004720821571198837
4825.6189156470355,19.55925029964608,-0.00473675103975579
4827.966025682993,19.55868188952131,-0.004747642849270527
4830.313067509735,19.5581121723794,-0.004753609421764742
4832.660040970421,19.557541739248787,-0.004754765766948112
4835.00694597913,19.556971167356753,-0.0047512292018554395
4837.353782519213,19.55640101985253,-0.004743119087483233
4839.700550641595,19.555831845562032,-0.004730556597566369
4842.0472504630625,19.555264178770326,-0.004713664499184237
4844.393882164515,19.554698539030422,-0.00469256696262304
4846.740445989199,19.554135430994908,-0.004667389419901378
4849.086942240918,19.55357534426452,-0.00463825845505887
4851.43337128223,19.553018753249912,-0.004605301717145042
4853.7797335326195,19.552466117043856,-0.004568647814656389
4856.1260294666645,19.551917879306096,-0.004528426246778324
4858.472259612181,19.55137446815648,-0.004484767301579396
4860.81842454836,19.55083629608029,-0.0044378019208930995
4863.164524903889,19.550303759849783,-0.004387661497502297
4865.510561355071,19.549777240470082,-0.0043344776575587034
4867.8565346239275,19.549257103151174,-0.00427838203719643
4870.202445476306,19.548743697306712,-0.004219506051460292
4872.548294719983,19.548237356580536,-0.004157980677812475
4874.894083202772,19.5477383988992,-0.004093936295750273
4877.23981181064,19.54724712654371,-0.004027502594767745
4879.585481465825,19.546763826232336,-0.003958808523665851
4881.931093124973,19.546288769209497,-0.0038879822367790017
4884.276647777278,19.545822211341083,-0.0038151510528870534
4886.622146442639,19.545364393214737,-0.003740441390933501
4888.967590169825,19.544915540247825,-0.0036639786807602043
4891.312980034654,19.544475862806134,-0.003585887205185834
4893.658317138191,19.544045556341512,-0.003506289928684161
4896.003602604952,19.54362480155007,-0.0034253083304957555
4898.348837581138,19.543213764550412,-0.0033430622597431904
4900.694023232883,19.542812597079244,-0.0032596698139274634
4903.039160744533,19.542421436701574,-0.0031752472602916645
4905.384251316937,19.54204040703034,-0.0030899090163737414
4907.72929616578,19.541669617948372,-0.003003767661232776
4910.074296519934,19.541309165829023,-0.002916933929225243
4912.419253619833,19.540959133757518,-0.002829516684104303
4914.764168715884,19.540619591755426,-0.002741622862731571
4917.109043066895,19.5402905970119,-0.002653357407867741
4919.453877938536,19.539972194122956,-0.0025648231629265363
4921.7986746018305,19.539664415343406,-0.0024761207573943105
4924.143434331671,19.53936728085252,-0.0023873484985806968
4926.488158405374,19.53908079903269,-0.00229860229061275
4928.832848101258,19.538804966757816,-0.00220997557999498
4931.177504697269,19.538539769688217,-0.0021215593210703733
4933.522129469631,19.538285182569687,-0.002033441968290297
4935.86672369154,19.538041169533493,-0.0019457094841276398
4938.211288631884,19.537807684395396,-0.0018584453386405251
4940.555825554011,19.53758467095476,-0.0017717305010837528
4942.900335714526,19.53737206329463,-0.001685643414279303
4945.244820362121,19.537169786084917,-0.001600259971317069
4947.589280736451,19.53697775488836,-0.0015156534798771277
4949.933718067037,19.536795876470773,-0.0014318946251848743
4952.278133572214,19.53662404911575,-0.0013490514371441466
4954.622528458108,19.536462162943295,-0.0012671892722729103
4956.966903917661,19.536310100230622,-0.0011863708069732037
4959.311261129688,19.536167735733784,-0.0011066560398313057
4961.655601257977,19.536034937009003,-0.0010281023060720097
4963.999925450418,19.535911564732274,-0.000950764303583767
4966.344234838186,19.535797473015844,-0.0008746941202380884
4968.688530534948,19.535692509721414,-0.0007999412610376532
4971.032813636114,19.53559651677009,-0.000726552667483105
4973.377085218126,19.535509330449994,-0.0006545727383284815
4975.72134633778,19.535430781721395,-0.000584043337577312
4978.065598031587,19.535360696520886,-0.0005150037964867224
4980.40984131517,19.535298896065306,-0.00044749091085297615
4982.754077182697,19.535245197156005,-0.000381538945489727
4985.098306606355,19.535199412482545,-0.0003171796451049951
4987.442530535854,19.535161350925133,-0.0002544422518981256
4989.786749897965,19.535130817854906,-0.00019335353521042476
4992.130965596108,19.535107615430682,-0.0001339378363867722
4994.47517850996,19.535091542890317,-7.621712236400424e-05
4996.819389495106,19.535082396835634,-2.021103859344582e-05
4999.163599382727,19.535079971511003,3.406304460237619e-05
5001.507808979308,19.535084059076354,8.658998968156434e-05
5003.852019066397,19.535094449875114,0.00013735685856087714
5006.196230400382,19.535110932698142,0.0001863528845177946
5008.540443712305,19.535133295044286,0.00023356945125053158
5010.884659707711,19.535161323378436,0.0002790000639411134
5013.228879066516,19.53519480338611,0.0003226403128478138
5015.573102442922,19.53523352022365,0.00036448782716121147
5017.91733046535,19.535277258762907,0.00040454222052391806
5020.2615637364015,19.53532580382937,0.0004428050281555367
5022.605802832861,19.535378940432746,0.00047927963854736016
5024.950048305713,19.535436453989373,0.0005139712285382188
5027.294300680192,19.535498130536798,0.0005468867084756733
5029.638560455856,19.535563756941816,0.0005780346735623222
5031.982828106689,19.53563312110264,0.0006074253620571083
5034.3271040812215,19.53570601214609,0.0006350706160459895
5036.671388802679,19.535782220620014,0.0006609838443537464
5039.015682669154,19.535861538681335,0.0006851799823275472
5041.359986053795,19.535943760279213,0.0007076754442110015
5043.704299305029,19.536028681332517,0.000728488068475636
5046.048622746789,19.536116099900735,0.0007476370594843922
5048.392956678777,19.536205816347874,0.0007651429258117592
5050.737301376739,19.53629763349897,0.0007810274173499234
5053.081657092759,19.536391356789053,0.0007953134651013325
5055.426024055574,19.536486794404865,0.0008080251260100682
5057.770402470903,19.536583757419987,0.0008191875315585984
5060.114792521793,19.536682059923773,0.0008288268396417288
5062.459194368984,19.53678151914453,0.0008369701871868456
5064.803608151281,19.536881955566994,0.0008436456442833663
5067.148033985949,19.536983193044307,0.0008488821660807053
5069.492471969114,19.537085058904236,0.0008527095423042881
5071.836922176183,19.53718738404931,0.0008551583437816966
5074.181384662269,19.537290003050565,0.0008562598680554328
5076.525859462635,19.53739275423473,0.000856046083690174
5078.870346593143,19.53749547976477,0.0008545495747432598
5081.214846050715,19.53759802571374,0.0008518034864446278
5083.5593578138005,19.537700242132114,0.0008478414732254499
5085.903881842856,19.537801983108903,0.0008426976497796277
5088.24841808083,19.537903106826878,0.0008364065456688271
5090.592966453649,19.53800347561236,0.0008290030619502586
5092.937526870723,19.538102955979795,0.0008205224296334088
5095.28209922544,19.538201418671353,0.0008110001702926859
5097.626683395681,19.538298738691786,0.0008004720546086215
5099.971279244323,19.538394795338338,0.0007889740610679357
5102.315886619764,19.538489472225667,0.0007765423314537427
5104.660505356431,19.53858265730544,0.0007632131276279978
5107.005135275307,19.538674242880756,0.0007490227861390502
5109.349776184453,19.538764125615092,0.0007340076732755621
5111.694427879526,19.538852206535886,0.0007182041422921275
5114.039090144311,19.53893839103296,0.0007016484934129959
5116.383762751235,19.53902258885217,0.0006843769381580387
5118.7284454618975,19.53910471408475,0.0006664255649651528
5121.073138027587,19.539184685152545,0.0006478303083305115
5123.417840189806,19.539262424789545,0.0006286269177906219
5125.762551680781,19.53933786001968,0.0006088509278694906
5128.107272223983,19.539410922131022,0.0005885376259105133
5130.452001534639,19.539481546646133,0.0005677220189350281
5132.796739320236,19.539549673288406,0.0005464388002657647
5135.14148528103,19.539615245944436,0.0005247223162475247
5137.4862391105435,19.539678212622384,0.0005026065342120747
5139.831000496059,19.539738525406488,0.00048012501277864037
5142.175769119107,19.539796140408022,0.0004573108758316159
5144.520544655956,19.539851017713122,0.00043419678902985315
5146.865326778081,19.539903121327807,0.0004108149393698005
5149.21011515264,19.53995241912053,0.0003871970159411286
5151.554909442935,19.539998882762443,0.00036337419127213547
5153.8997093088665,19.540042487665396,0.00033937710317407744
5156.244514407386,19.540083212917775,0.0003152358347850984
5158.589324392937,19.54012104121795,0.00029097989551058145
5160.934138917883,19.54015595880541,0.00026663820153292227
5163.27895763294,19.540187955389595,0.00024223905653541583
5165.623780187587,19.54021702407638,0.00021781013517385242
5167.968606230476,19.5402431612926,0.00019337846722051447
5170.313435409831,19.540266366708668,0.00016897042489250635
5172.658267373836,19.540286643159654,0.0001446117111309171
5175.003101771015,19.54030399656499,0.00012032735055883968
5177.347938250603,19.54031843584706,9.614168090842539e-05
5179.6927764629045,19.540329972848767,7.207834478430654e-05
5182.037616059646,19.54033862225014,4.8160282068856695e-05
5184.382456694316,19.54034440148399,2.4409722814454527e-05
5186.727298022494,19.540347330650725,8.481794111197871e-07
5189.0721397021725,19.540347432432256,-2.250355982581498e-05
5191.416981394064,19.540344732005078,-4.56254368379654e-05
5193.761822761905,19.540339256952656,-6.849812893474798e-05
5196.1066634727395,19.540331037177182,-9.110305200827666e-05
5198.4515031972005,19.54032010481094,-0.00011342236306695801
5200.796341609778,19.540306494127375,-0.00013543896094181458
5203.1411783890735,19.540290241452063,-0.0001571364850518464
5205.486013218047,19.540271385073858,-0.0001784993142733426
5207.830845784256,19.540249965156146,-0.00019951256463316279
5210.175675780075,19.54022602364839,-0.0002201620859631891
5212.520502902913,19.540199604198076,-0.00024043445834721398
5214.865326855417,19.540170752063073,-0.00026031698899706265
5217.210147345665,19.540139514024393,-0.00027979770896548585
5219.554964087348,19.540105938299316,-0.00029886536867932746
5221.8997767999435,19.540070074455073,-0.0003175094340748979
5224.244585208879,19.540031973322986,-0.000335720080683229
5226.589389045677,19.539991686913304,-0.0003534881875331232
5228.934188048107,19.5399492683308,-0.00037080533028943777
5231.278981960307,19.539904771691166,-0.0003876637721672742
5233.6237705329095,19.539858252038506,-0.00040405645499310783
5235.968553523154,19.539809765263907,-0.000419976989031111
5238.313330694986,19.539759368025223,-0.00043541964350807515
5240.658101819149,19.539707117668,-0.00045037933546052036
5243.00286667327,19.539653072147747,-0.00046485162041797764
5245.347625041927,19.539597289953296,-0.0004788326820806918
5247.692376716722,19.539539830031448,-0.0004923193223605627
5250.037121496325,19.539480751712766,-0.0005053089502354757
5252.381859186531,19.539420114638737,-0.0005177995711925718
5254.726589600287,19.539357978690195,-0.0005297897743562336
5257.07131255773,19.53929440391727,-0.0005412787206708555
5259.4160278862,19.539229450470792,-0.0005522661283970313
5261.760735420256,19.539163178535386,-0.0005627522599208053
5264.10543500168,19.539095648264194,-0.000572737906572757
5266.450126479472,19.539026919715404,-0.0005822243752708317
5268.794809709838,19.538957052790373,-0.0005912134739386072
5271.139484556173,19.5388861071735,-0.0005997074972972111
5273.484150889033,19.538814142273825,-0.0006077092136183146
5275.828808586106,19.53874121716819,-0.0006152218508789505
5278.173457532166,19.538667390546085,-0.0006222490825116159
5280.518097619031,19.538592720656183,-0.0006287950129251455
5282.86272874551,19.538517265254633,-0.0006348641632449055
5285.207350817341,19.538441081555042,-0.0006404614557971898
5287.551963747127,19.538364226180345,-0.0006455921988102476
5289.896567454269,19.538286755116488,-0.0006502620714587346
5292.241161864883,19.538208723667914,-0.0006544771076516921
5294.585746911723,19.538130186414996,-0.0006582436811604604
5296.930322534093,19.538051197173257,-0.0006615684907983138
5299.274888677754,19.53797180895436,-0.0006644585451527251
5301.619445294828,19.53789207392894,-0.0006669211482143871
5303.9639923437,19.537812043391156,-0.0006689638844446705
5306.3085297889065,19.537731767725024,-0.000670594604912809
5308.653057601034,19.537651296372434,-0.0006718214119416782
5310.997575756598,19.537570677803,-0.0006726526448599127
5313.342084237935,19.537489959485615,-0.0006730968655602285
5315.686583033073,19.537409187861748,-0.0006731628429435159
5318.031072135616,19.537328408320594,-0.0006728595390420861
5320.375551544615,19.537247665175908,-0.0006721960939467369
5322.720021264436,19.537167001644633,-0.0006711818118747503
5325.064481304633,19.537086459827208,-0.0006698261468721337
5327.408931679812,19.537006080689583,-0.0006681386890223444
5329.753372409495,19.5369259040469,-0.0006661291512961806
5332.0978035179805,19.536845968548743,-0.0006638073559709254
5334.442225034207,19.536766311666028,-0.0006611832221741338
5336.786636991606,19.536686969679366,-0.0006582667527308367
5339.131039427968,19.53660797766904,-0.0006550680219802172
5341.4754323852885,19.5365293695064,-0.0006515971629638857
5343.819815909629,19.536451177846846,-0.0006478643553115767
5346.16419005097,19.536373434124208,-0.0006438798126213694
5348.508554863065,19.536296168546695,-0.0006396537710911733
5350.8529104032905,19.536219410094166,-0.000635196477450942
5353.197256732502,19.53614318651687,-0.0006305181775540223
5355.541593914884,19.536067524335564,-0.0006256291056916198
5357.885922017805,19.535992448842883,-0.0006205394738802272
5360.230241111666,19.535917984106018,-0.0006152594619665474
5362.574551269759,19.535844152970583,-0.0006097992073669961
5364.918852568115,19.5357709770657,-0.0006041687960168201
5367.263145085362,19.535698476810175,-0.0005983782522639299
5369.607428902579,19.535626671419905,-0.0005924375297654555
5371.9517041031495,19.535555578916334,-0.0005863565030071635
5374.2959707726195,19.535485216135974,-0.0005801449576970559
5376.640228998556,19.53541559874105,-0.0005738125827613792
5378.984478870405,19.53534674123112,-0.0005673689615154141
5381.328720479352,19.53527865695574,-0.0005608235646999929
5383.672953918187,19.535211358127974,-0.0005541857426983398
5386.0171792811625,19.53514485583885,-0.0005474647184123816
5388.361396663863,19.53507916007264,-0.0005406695806386559
5390.705606163072,19.535014279722965,0.0
