position,velocity,acceleration
-46.65004131112986,19.444444444444443,1.1317613513028847e-16
-44.316707977796526,19.444444444444443,0.0004780469512653125
-41.98337464446319,19.444501810078595,0.0009378084647756013
-39.65003442725376,19.44461434709437,0.0013796750699463216
-37.31668070560244,19.444779908102763,0.001804033711552412
-34.98330711663011,19.44499639214815,0.002211267654100911
-32.64990754957233,19.44526174426664,0.0026017563923330794
-30.316476140260335,19.445573955033723,0.0029758755676236814
-27.983007265656287,19.445931060101838,0.003333996890062722
-25.649495538444068,19.446331139728645,0.003676488065984127
-23.31593580167663,19.446772318296563,0.004003712730751684
-20.98232312348104,19.447252763824252,0.0043160303865938795
-18.64865279182213,19.447770687470644,0.004613796345297614
-16.314920309325654,19.44832434303208,0.004897361675569645
-13.981121388161805,19.44891202643315,0.005167073154892137
-11.647251944989828,19.449532075211735,0.005423273225698484
-9.31330809596442,19.45018286799882,0.005666299955702473
-6.979286151804562,19.450862823993504,0.005896487002226412
-4.645182612925342,19.45157040243377,0.006114163580362529
-2.310994164633289,19.452304102063415,0.0063196544348342164
0.023282327614320586,19.453062460595596,0.006513279815407618
2.3576498228857923,19.453844054173445,0.006695355455712626
4.692111109386605,19.45464749682813,0.006866192555349519
7.026668809005981,19.455471439934772,0.007026097765149126
9.361325381798153,19.45631457166659,0.007175373175467465
11.696083130398144,19.457175616447646,0.007314316307388344
14.030944204371862,19.458053334404532,0.007443220106738717
16.365910604500407,19.458946520817342,0.0075623729407819015
18.700984186998486,19.459854005570236,0.0076720585975094385
21.036166667666915,19.460774652601938,0.007772556287406524
23.37145962597915,19.461707359356428,0.007864140647617235
25.70686450910192,19.46265105623414,0.00794708174838798
28.042382635850018,19.463604706043945,0.008021645101721181
30.37801520057529,19.464567303456153,0.008088091672139558
32.71376327699003,19.46553787445681,0.008146677889482515
35.049627821924844,19.466515475803547,0.008197655663644263
37.38560967902127,19.467499194483185,0.008241272401175408
39.72170958235925,19.468488147171325,0.008277771023692747
42.05792816001981,19.469481479694167,0.008307389987984894
44.394265937583114,19.470478366492724,0.008330363307780123
46.73072334156224,19.47147801008966,0.008346920577080464
49.067300702773,19.47247964055891,0.008357286995014042
51.40399825964006,19.47348251499831,0.008361683392126918
53.74081616143986,19.474485917005364,0.008360326258058723
56.0777544714805,19.475489156156332,0.008353427770541
58.41481317021926,19.476491567488797,0.008341195825661722
60.75199215831792,19.477492510987876,0.008323834069329876
63.08929125963646,19.478491371076196,0.008301541929895847
65.4267102241656,19.479487556107784,0.008274514651867406
67.76424873089854,19.480480497866008,0.008242943330672199
70.10190639064247,19.481469651065687,0.6374787743038333
72.43968274877035,19.557967103982147,0.8800379112712414
74.78663880124822,19.663571653334696,0.7927394905962727
77.14626739964838,19.758700392206247,0.7055963167975338
79.51731144671312,19.84337195022195,0.626330869195905
81.89851608073975,19.91853165452546,0.5519115220259394
84.28873987928282,19.98476103716857,0.5144409537315953
86.68691120374304,20.046493951616362,0.46440222388556285
89.092490477937,20.10222221848263,0.44398555808604173
91.50475714415492,20.155500485452954,0.402605759914701
93.92341720240928,20.20381317664272,0.37355134760050746
96.34787478360641,20.248639338354778,0.32477153395078706
98.77771150420898,20.287611922428873,0.29016541241231797
101.21222493490045,20.32243177191835,0.2334217164616427
103.65091674753064,20.350442377893746,0.20484330477685514
106.0929698328779,20.37502357446697,0.18887686531636474
108.53797266181394,20.397688798304934,0.1345863330395915
110.98569531761053,20.413839158269685,0.08697273957828777
113.4353560166029,20.42427588701908,0.033225619409759544
115.88626912304518,20.42826296134825,0.01943481038665669
118.33766067840698,20.430595138594647,0.015776835058890302
120.78933209503833,20.432488358801713,0.02364991321175795
123.24123069809454,20.435326348387125,0.018897440462880718
125.693469859901,20.437594041242672,-0.006527558900586184
128.1459811448501,20.436810734174603,-0.033587257859474244
130.59839843295106,20.432780263231468,-0.05244257110130171
133.05033206453882,20.426487154699313,-0.04597864424579786
135.50151052310275,20.420969717389816,-0.05764893382308856
137.95202688918954,20.414051845331045,-0.06721975869851832
140.40171311062926,20.405985474287224,-0.0943193359190064
142.85043136754373,20.394667153976943,-0.11990667516210576
145.29779142602098,20.38027835295749,-0.14888360092777045
147.74342482837588,20.362412320846158,-0.1509047192287687
150.1869143068774,20.344303754538707,-0.14178596170917704
152.62823075742205,20.327289439133605,-0.15898568416153683
155.06750549011807,20.30821115703422,-0.1881364915657444
157.50449082896216,20.28563477804633,-0.19668530085655647
159.93876700232772,20.262032541943544,-0.190831915067653
162.37021090736096,20.239132712135426,-0.17355208728725627
164.7989068328172,20.218306461660955,-0.18243124178403486
167.22510360821653,20.19641471264687,-0.18108262416706558
169.64867337373414,20.17468479774682,-0.18199643574346283
172.06963554946375,20.152845225457604,-0.1905328536042389
174.48797697651867,20.129981283025096,-0.1919250667116818
176.90357473048167,20.106950275019695,-0.2040340267585527
179.31640876348402,20.08246619180867,-0.19347436987097455
181.72630470650105,20.059249267424153,-0.16489951169636186
184.13341461859196,20.03946132602059,-0.15636349690150683
186.53814997771443,20.020697706392408,-0.13019645351442802
188.9406337024815,20.005074131970677,-0.08302534125048028
191.341242598318,19.99511109102062,-0.026937464951458313
193.74065592924046,19.991878595226442,-0.023532824458444124
196.13968136066762,19.98905465629143,-0.045928268170047006
198.5383679194226,19.983543264111024,-0.0665581115293679
200.93639311111593,19.9755562907275,-0.0824413579686033
203.33345986600324,19.965663327771267,-0.09568354651218405
205.72933946533578,19.954181302189806,-0.10162946116903096
208.12384122159855,19.941985766849523,-0.10427995549627851
210.5168795136205,19.92947217218997,-0.100329033830035
212.9084161742833,19.91743268813037,-0.10078722716524778
215.29850809685894,19.90533822087054,-0.098670687531481
217.6871486833634,19.89349773836676,-0.10479055944531794
220.0743684119674,19.880922871233324,-0.10944385002453598
222.4600791565154,19.86778960923038,-0.11369525712615933
224.84421390962305,19.854146178375238,-0.11175690349368474
227.22671145102808,19.840735349955995,-0.10988319297869009
229.6075996930228,19.827549366798554,-0.11402399629153977
231.98690561703862,19.81386648724357,-0.11680993557940716
234.36456959550785,19.79984929497404,-0.1153735922156993
236.74055151090474,19.786004463908156,-0.10566784258876995
239.1148720465737,19.773324322797503,-0.0931428046646898
241.4876709653094,19.76214718623774,-0.08242479090035854
243.85912862765792,19.752256211329698,-0.07830911253799663
246.2293993730175,19.742859117825137,-0.07775864731456028
248.5985424671565,19.73352808014739,-0.07535674832102561
250.96656583677418,19.72448527034887,-0.0714105453965397
253.33350406921605,19.715916004901285,-0.24600835059541187
255.6994139898042,19.686395002829837,-0.26031992886076577
258.0617813901438,19.655156611366547,-0.2608666314210471
260.42040018350775,19.62385261559602,-0.27181027464963414
262.7752624973793,19.591235382638065,-0.28274998434885523
265.12621074329587,19.5573053845162,-0.29005782813054914
267.4730873894378,19.522498445140535,-0.30222699313696855
269.81578720285466,19.4862312059641,-0.3072208230246133
272.15413494757036,19.449364707201145,-0.32689552717890374
274.4880587124345,19.410137243939676,-0.33737830092685117
276.81727518170726,19.369651847828454,-0.34827544275525846
279.1416334034467,19.32785879469782,-0.3520742893611466
281.4609764588104,19.285609879974484,-0.36367912587203766
283.7752496444074,19.24196838486984,-0.3684953260224349
286.08428585059175,19.197748945747147,-0.3845124453043145
288.3880157240814,19.15160745231063,-0.3969752300912968
290.6862086183587,19.10397042469967,-0.40188026118723214
292.9786850693227,19.055744793357203,-0.41103794058644494
295.26537444452555,19.00642024048683,-0.4132113308240322
297.546144873384,18.956834880787945,-0.42277199017893297
299.82096505907856,18.906102241966472,-0.4268299973280966
302.08969732811454,18.8548826422871,-0.43814519141804514
304.35228324518897,18.802305219316935,-0.44537026969219956
306.608559871507,18.74886078695387,-0.44826698972377665
308.8584231659415,18.695068748187015,-0.4563718145536127
311.1018314157239,18.640304130440583,-0.4695194185725715
313.3386679113768,18.583961800211874,-0.48899958967013163
315.5687433274022,18.52528184945146,-0.5004408696206043
317.7917771493364,18.46522894509699,-0.5146666766574425
320.00760462274803,18.403468943898094,-0.5213471573669155
322.2160208960158,18.340907285014065,-0.529862147277228
324.41692977021745,18.277323827340798,-0.5325782552268239
326.61020862949835,18.213414436713578,-0.54248524259809
328.79581836190397,18.148316207601805,-0.5532604789069241
330.9736163068162,18.081924950132976,-0.5575936037840206
333.1434473008322,18.015013717678894,-0.5627586303409792
335.30524894695367,17.947482682037975,-0.571737662682228
337.45894686879825,17.87887416251611,-0.5811362698883946
339.60441176830017,17.809137810129503,-0.5924918635856242
341.7415083055157,17.738038786499228,-0.5956632851366604
343.8700729598956,17.66655919228283,-0.6029724713145694
345.9900600629695,17.59420249572508,-0.6089735035792065
348.10136436245654,17.521125675295576,-0.6106194909316819
350.203899443492,17.447851336383774,-0.6142251417707428
352.29764160385804,17.374144319371286,-0.6136786239489418
354.3825389221826,17.300502884497412,-0.6214118951797161
356.4585992683223,17.225933457075847,-0.6319071652202186
358.5257112831714,17.15010459724942,-0.6358674813033394
360.58372383484135,17.073800499493018,-0.6462157046522842
362.6325798947805,16.996254614934745,-0.6593270937783504
364.6721304485727,16.917135363681343,-0.6772948032614735
366.70218669221447,16.835859987289965,-0.680480796294223
368.72248989068925,16.754202291734657,-0.6827235583324762
370.7329941656974,16.67227546473476,-0.6855759986174761
372.73366722146557,16.59000634490066,-0.6890152849082279
374.72446798285364,16.507324510711673,-0.6912245890387705
376.70534692413906,16.424377560027022,-0.6944165103494231
378.6762722313423,16.34104757878509,-0.6975434467236068
380.6371979407965,16.257342365178257,-0.7026147330704215
382.5880790246179,16.173028597209807,-0.7053341836871676
384.5288424562831,16.088388495167347,-0.7091437823040311
386.45944907570316,16.003291241290864,-0.7102133327096863
388.37984402465804,15.9180656413657,-0.7132872720907149
390.29001190162194,15.832471168714815,-0.7153894664276668
392.1899084418677,15.746624432743495,-0.7190095441801968
394.0795033737969,15.660343287441872,-0.7216001759953362
395.95874456828994,15.573751266322432,-0.6890543869494647
397.8275947202486,15.491064739888497,-0.6171045211355053
399.6865224890352,15.417012197352236,-0.6014176904033436
401.5365639527175,15.344842074503834,-0.5905762096694104
403.3779450016579,15.273972929343504,-0.577997399027298
405.2108217531791,15.204613241460228,-0.5668853459901952
407.03537534215434,15.136586999941404,-0.5534729674410032
408.8517657821473,15.070170243848484,-0.5384845109575604
410.66018621140915,15.005552102533576,-0.5255252599101667
412.4608524637132,14.942489071344356,-0.5109028833574177
414.2539511522745,14.881180725341466,-0.49870873670680865
416.0396928393155,14.821335676936648,-0.4838300014385784
417.81825312054787,14.763276076764019,-0.4714527253715034
419.58984624975955,14.706701749719437,-0.4569485202581354
421.35465045972586,14.65186792728846,-0.44441105611629056
423.11287461100045,14.598538600554505,-0.42892992453539247
424.864699243067,14.547067009610258,-0.4171482535021289
426.6103472842202,14.497009219190002,-0.40804476758411035
428.34998839052304,14.448043847079909,-0.3974735831678017
430.0837536521726,14.400347017099772,-0.38713969357367345
431.81179529422457,14.353890253870931,-0.3753686283548551
433.53426212468906,14.30884601846835,-0.3634483600485239
435.2513236469053,14.265232215262527,-0.35029472256409305
436.9631515127368,14.223196848554835,-0.3379031362656806
438.66993513456333,14.182648472202953,-0.32805258871342513
440.3718529512277,14.143282161557341,-0.3178448433984928
442.06904681061457,14.105140780349522,-0.3063246025520714
443.76166370425653,14.068381828043274,-0.2946684341577417
445.4498695236217,14.033021615944344,-0.2854178753312887
447.133832117535,13.99877147090459,-0.2772031500104519
448.81368469404356,13.965507092903335,-0.2706514453902203
450.48954554519196,13.93302891945651,-0.2633838927907812
452.16150901552675,13.901422852321616,-0.25758183116893035
453.82967975780537,13.870513032581345,-0.24878552670386966
455.4941413217151,13.84065876937688,-0.24069429018269345
457.15502037404036,13.811775454554956,-0.23394087958904602
458.8124334285869,13.783702549004271,-0.22711204898356438
460.46647773446745,13.756449103126243,-0.21902110627365617
462.1172516268426,13.730166570373404,-0.21005064752363417
463.7648716152874,13.704960492670567,-0.20127604244656708
465.4094668744079,13.680807367576978,-0.19511439346849566
467.05116375851713,13.657393640360759,-0.18781531906047821
468.6900509953604,13.634855802073501,-0.1815405075291011
470.3262336916092,13.613070941170008,-0.1753565289277197
471.95980220454965,13.592028157698682,-0.16892982467008663
473.5908455834735,13.571756578738272,-0.16262699952940787
475.2194563729221,13.552241338794744,-0.1538911627061416
476.84572533357743,13.533774399270007,-0.14556859384444215
478.4697782614898,13.516306168008674,-0.11250741641750527
480.0917350016509,13.502805278038574,-0.05132692038303023
481.7120716350155,13.49664604759261,-0.044661878114315164
483.3316691607266,13.491286622218894,-0.04099656426430673
484.9506235553929,13.486367034507177,-0.040672344078158534
486.5689875995337,13.481486353217798,-0.041305076877065645
488.1867659619199,13.47652974399255,-0.040173227061924895
489.803949531199,13.47170895674512,-0.0371323877439275
491.4205546060084,13.467253070215849,-0.034416758523286704
493.0366249744343,13.463123059193054,-0.02983145362714925
494.65219974153746,13.459543284757796,-0.027033488542115503
496.26734493570837,13.456299266132742,-0.022754213261605285
497.88210084764427,13.45356876054135,-0.020217599188765065
499.4965290989092,13.451142648638697,-0.016941049675075585
501.11066621674587,13.449109722677688,-0.015766080940714244
502.7245593834672,13.447217792964803,-0.010716558356344602
504.33822551862295,13.445931805962042,-0.008349554707093792
505.9517373353384,13.44492985939719,-0.007787290297650741
507.5651289184661,13.443995384561472,-0.006790130870742664
509.17840836461346,13.443180568856983,-0.005302161739739311
510.7915900328763,13.442544309448214,-0.0003402544195696106
512.4046953500101,13.442503478917866,0.004359356371171043
514.0177957674803,13.443026601682407,0.010486331753100235
515.6309589596822,13.444284961492778,0.014941955585254903
517.2442731550614,13.446077996163009,0.017710996700374074
518.857802514601,13.448203315767053,0.02065505521424835
520.471586912493,13.450681922392763,0.02426985556651825
522.0856687431801,13.453594305060745,0.028605904339389948
523.7001000597874,13.457027013581472,0.031371380289536566
525.3149433014171,13.460791579216217,0.03390409535311178
526.9302382909231,13.46486007065859,0.034558239469776146
528.5460214994021,13.469007059394963,0.0357677791991498
530.1623023465295,13.47329919289886,0.03657685467092472
531.7790982496773,13.47768841545937,0.03999288033188491
533.3964208595324,13.482487561099196,0.04236253293631459
535.0143193668644,13.487571065051554,0.04294408398441418
536.6328278946705,13.492724355129685,0.04410413057219281
538.2519548172861,13.498016850798347,0.04661921107087257
539.8717168393819,13.503611156126851,0.05010031941742062
541.4921501781171,13.509623194456942,0.053434677868662774
543.113304961452,13.516035355801183,0.05459654403306432
544.7352292041481,13.52258694108515,0.05664837901900677
546.3579396370784,13.52938474656743,0.057484066353606436
547.9814658066665,13.536282834529864,0.058065528696052554
549.6058197468101,13.54325069797339,0.05888166957312897
551.2310098305669,13.550316498322164,0.059589286114421026
552.8570478103655,13.557467212655895,0.06297763122007599
554.4839438758843,13.565024528402304,0.06602463946535231
556.1117468192925,13.572947485138146,0.06859239902036006
557.7405005175091,13.581178573020589,0.07345091947596621
559.3702419462716,13.589992683357705,0.07896644119723477
561.0010410682745,13.599468656301374,0.08333479695099028
562.6329773070306,13.609468831935493,0.08259007964276993
564.2661135668628,13.619379641492625,0.0814036477688935
565.9004391238419,13.629148079224892,0.07997233662386592
567.5359368933489,13.638744759619756,0.07874860356011185
569.1725862645033,13.64819459204697,0.07785631182552251
570.8103696155489,13.657537349466033,0.07749855867979961
572.4492740974848,13.666837176507608,0.07739509630100033
574.0892945586658,13.676124588063727,0.07755614338370832
575.7304295092334,13.685431325269771,0.07735593574635893
577.3726812682658,13.694714037559335,0.07718618545760053
579.0160469527729,13.703976379814247,0.0760704697236524
580.6605241183505,13.713104836181085,0.07527174381799451
582.3060966986923,13.722137445439245,0.07426508417640089
583.952753192145,13.731049255540412,0.0737617457099071
585.6004791028098,13.739900665025601,0.07270140198214438
587.2492671826129,13.748624833263458,0.0713434428906938
588.8991021626045,13.757186046410341,0.0703259762359376
590.5499644881738,13.765625163558655,0.06970778419492908
592.2018395078009,13.773990097662047,0.06970153614780983
593.8547183195203,13.782354281999783,0.06969146278438451
595.5086008333603,13.79071725753391,0.06939655020746889
597.1634869042643,13.799044843558805,0.06850617403601572
598.8193722854915,13.807265584443128,0.06744484017697935
600.4762441556246,13.815358965264366,0.06645555958242999
602.1340872314563,13.823333632414258,0.06549154270245534
603.792887267346,13.831192617538552,0.06440487157723829
605.4526303814506,13.83892120212782,0.06299879165579364
607.113300925706,13.846481057126514,0.06163263044129828
608.7748786525611,13.853876972779469,0.05979570420671934
610.4373438892947,13.861052457284275,0.05812073787044315
612.1006701841687,13.868026945828728,0.056751983890375154
613.7648334176682,13.874837183895572,0.05563551859858431
615.4298138797357,13.881513446127402,0.05435235880652626
617.0955954932709,13.888035729184185,0.05281291052962434
618.762159780773,13.894373278447741,0.05154791630938044
620.4294845741867,13.900559028404867,0.05064800633680176
622.0975516575953,13.906636789165283,0.04950599494258786
623.7663480722952,13.912577508558394,0.04826440719767588
625.4358573733222,13.918369237422116,0.04665905885461037
627.1060616818128,13.923968324484669,0.045235496702154
628.7769378807509,13.929396584088927,0.04370663489524194
630.4484654708416,13.934641380276355,0.04214202635555346
632.1206224364747,13.939698423439022,0.040812945429627996
633.7933862472873,13.944595976890577,0.039775797291018766
635.4667377645142,13.9493690725655,0.039098545670538144
637.1406620532221,13.954060898045963,0.038350107490895465
638.8151493609876,13.95866291094487,0.03752417040760068
640.490188910301,13.963165811393782,0.03676249796959011
642.1657688076682,13.967577311150134,0.03569655938835863
643.8418780850062,13.971860898276736,0.034284827686265236
645.5185013927994,13.975975077599088,0.03248536002782639
647.1956184021113,13.979873320802428,0.030751283149695104
648.8732032006076,13.983563474780391,0.0290879129106969
650.5512308175812,13.987054024329675,0.027540608925901076
652.2296773005007,13.990358897400784,0.026165714708882744
653.9085203681889,13.99349878316585,0.02493992934045394
655.5877402221688,13.996491574686704,0.023810932398480388
657.2673192111312,13.999348886574522,0.02271765828573041
658.9472410775201,14.002075005568809,0.021523760707249998
660.6274900781883,14.00465785685368,0.020297065321362884
662.3080490210108,14.007093504692243,0.018943445989374398
663.9889002415739,14.009366718210968,0.017692883915244508
665.6700242477592,14.011489864280797,0.016488789366344833
667.351403031473,14.013468519004759,0.015385663533750819
669.0330192537535,14.01531479862881,0.01426143801382152
670.714857029589,14.017026171190468,0.013183934424114318
672.3969001701319,14.018608243321362,0.012205168913355498
674.0791331593305,14.020072863590965,0.011365883797396427
675.7615419029614,14.021436769646652,0.010603911273861394
677.444114315319,14.022709238999514,0.00979692264846034
679.126839423999,14.02388486971733,0.008903121419464463
680.809705608365,14.024953244287666,0.007941441667430202
682.4926999976796,14.025906217287757,0.007006702847737924
684.175808743754,14.026747021629486,0.006088554034288183
685.8590183863496,14.027477648113601,0.005144468383256547
687.5423157041232,14.028094984319592,0.00422128238191053
689.2256871022415,14.028601538205422,0.003294411743342267
690.9091192868261,14.028996867614623,0.0023918227709107216
692.5925989109398,14.029283886347132,0.0014653556643166377
694.2761129773015,14.02945972902685,0.000608711551135686
695.9596481447848,14.029532774412987,-0.000137577707135659
697.6431920777143,14.02951626508813,-0.0008527440907850913
699.3267340295248,14.029413935797235,-0.0015677542742163146
701.0102637018205,14.029225805284328,-0.002270292910958415
702.6937707984546,14.028953370135014,-0.00292532352110287
704.3772452028708,14.02860233131248,-0.003550030064076762
706.0606774826283,14.028176327704792,-0.00424070142335761
707.7440586419528,14.02766744353399,-0.004925395604201659
709.427378735177,14.027076396061485,-0.005613653997753486
711.1106279027043,14.026402757581755,-0.006241568252822895
712.7937962336141,14.025653769391417,-0.006850070269075582
714.4768746859411,14.024831760959128,-0.007417244460470526
716.1598544972562,14.023941691623872,-0.007904508067356234
717.842727500251,14.02299315065579,-0.008325598827961373
719.5254866783297,14.021994078796434,-0.008713017247731858
721.2081259677852,14.020948516726707,-0.009122513581166473
722.8906397897924,14.019853815096967,-0.00957003047090844
724.5730222476041,14.018705411440457,-0.010046686993294593
726.2552668969769,14.017499809001261,-0.010576989987013773
727.937366874057,14.01623057020282,-0.011117919830626648
729.6193145424813,14.014896419823145,-0.011648723778436617
731.3011021128601,14.013498572969732,-0.012130767032894386
732.9827219416164,14.012042880925785,-0.012566811104980872
734.6641670873275,14.010534863593188,-0.012956509107478646
736.3454312709587,14.00898008250029,-0.013294417634467103
738.0265088808587,14.007384752384155,-0.013596909097591472
739.7073950511448,14.005753123292443,-0.013883623764127653
741.3880854259398,14.004087088440748,-0.014168691804358367
743.0685758765527,14.002386845424224,-0.014464161655999806
744.7488622980036,14.000651146025504,-0.014755308554878149
746.4289404355267,13.99888050899892,-0.015040594936855833
748.1088060966065,13.997075637606496,-0.015289497958055747
749.7884551731192,13.995240897851529,-0.015505134158127237
751.4678840808614,13.993380281752554,-0.015681776260676676
753.1470897146717,13.991498468601273,-0.015839949684938265
754.8260695309039,13.98959767463908,-0.015969835846100903
756.5048212518606,13.987681294337548,-0.016071836862558024
758.1833430071811,13.98575267391404,-0.01614480498469211
759.8616333280507,13.983815297315878,-0.016208856166426987
761.5396911637287,13.981870234575908,-0.016281375784099952
763.2175155918778,13.979916469481816,-0.016356577708636633
764.8951055682156,13.97795368015678,-0.016422691468932007
766.5724600098345,13.975982957180507,-0.016474552769192997
768.2495779646961,13.974006010848205,-0.0165154242391394
769.9264586859979,13.972024159939508,-0.01654804362417178
771.6031015851906,13.970038394704607,-0.016555789952513864
773.2795061925552,13.968051699910307,-0.016545808395971643
774.9556723965445,13.96606620290279,-0.016518779448885277
776.6316003408929,13.964083949368923,-0.01647555509280933
778.3072904148171,13.962106882757787,-0.016406304240594864
779.982743240748,13.960138126248916,-0.01630950974950445
781.6579598158979,13.958180985078975,-0.016201287084007913
783.3329415341074,13.956236830628894,-0.016082919739258843
785.0076899537828,13.954306880260184,-0.015953698130266727
786.6822067794141,13.952392436484551,-0.015816036657379073
788.3564938717922,13.950494512085665,-0.015672403016336246
790.0305532132425,13.948613823723704,-0.015528575549682871
791.7043868720893,13.946750394657743,-0.015368336076018656
793.3779969194483,13.94490619432862,-0.01519208155369726
795.0513856627676,13.943083144542177,-0.014995616295626056
796.7245556401127,13.941283670586701,-0.014784627198077766
798.3975096805831,13.939509515322932,-0.014557681744795528
800.0702508224218,13.937762593513556,-0.014314425559976154
801.7427823336435,13.936044862446359,-0.014062402920758969
803.4151077171371,13.934357374095867,-0.013810043847194696
805.0872306020285,13.932700168834204,-0.013563046423521673
806.7591546222886,13.931072603263381,-0.013323428948134706
808.4308833346803,13.929473791789604,-0.013085905878794263
810.1024201896951,13.92790348308415,-0.012847676320543903
811.7737686076651,13.926361761925683,-0.01259866874081609
813.4449320190962,13.924849921676785,-0.012336791565185972
815.1159140096975,13.923369506688962,-0.012060971601407004
816.7867183505001,13.921922190096794,-0.011774046850729547
818.4573490133117,13.920509304474706,-0.011477746096725909
820.1278101298487,13.919131974943099,-0.011174450526816013
821.798105966842,13.91779104087988,-0.010869328453463866
823.4682408917475,13.916486721465464,-0.010566110474679227
825.1382192983234,13.915218788208502,-0.01026548256064927
826.8080455529084,13.913986930301224,-0.009966178962909626
828.4777239845446,13.912790988825675,-0.00966572528035129
830.1472589032037,13.911631101792032,-0.009362808713054668
831.8166546354188,13.910507564746466,-0.009053563804014293
833.4859155431884,13.909421137089984,-0.008738704977499711
835.1550460796392,13.908372492492683,-0.008418990161189735
836.8240507787383,13.90736221367334,-0.008099139351227296
838.4929342443791,13.906390316951192,-0.00777894834084246
840.1617010824132,13.905456843150292,-0.007459709649695756
841.8303559035912,13.904561677992328,-0.0071430347288000875
843.4989033049503,13.903704513824872,-0.006832049242699081
845.1673478466093,13.902884667915748,-0.006527549973867311
846.8356940067592,13.902101361918884,-0.006226976689145975
848.5039461701895,13.901354124716187,-0.005928716905348482
850.1721086651554,13.900642678687545,-0.005633641731423427
851.8401857865979,13.899966641679773,-0.005341247665554613
853.5081817835994,13.899325691959907,-0.005050971189346004
855.1761008666346,13.898719575417186,-0.004760434938512557
856.8439472156846,13.898148323224564,-0.004471874635395499
858.5117250144715,13.897611698268317,-0.0041859287323523465
860.1794384182637,13.897109386820436,-0.0039025600594262792
861.8470915446821,13.896641079613305,-0.003621586900833712
863.5146884742358,13.896206489185206,-0.003343810098415769
865.182233252938,13.895805231973396,-0.003071558919339276
866.8497298807748,13.895436644903075,-0.0028048401353837596
868.5171822781632,13.89510006408683,-0.002543765612604738
870.1845942858537,13.894794812213316,-0.002288848017557215
871.8519696633193,13.894520150451209,-0.002039315967397082
873.5193120813734,13.894275432535121,-0.0017945540077408434
875.1866251332776,13.894060086054193,-0.0015522942016004343
876.8539123436042,13.893873810750001,-0.0013131469974096378
878.5211772008942,13.893716233110313,-0.0010775286876164257
880.1884231488674,13.8935869296678,-0.0008465146870138471
881.8556535804275,13.893485347905358,-0.0006207270817503168
883.5228718221762,13.893410860655548,-0.0004010713928974767
885.1900811254549,13.8933627320884,-0.00018889672218356965
886.8572846533054,13.893340064481738,1.5026672052784962e-05
888.5244854610432,13.893341867682384,0.00021094690829797147
890.1916864851652,13.89336718131138,0.0003994523203396101
891.8588905469226,13.893415115589821,0.0005822555291212055
893.5261003607933,13.893484986253316,0.0007605038388205931
895.1933185591437,13.893576246713975,0.0009355769299090468
896.8605477087493,13.893688515945565,0.0011070884153022381
898.5277903306628,13.8938213665554,0.0012744766779134201
900.1950488946494,13.89397430375675,0.0014368687832142018
901.8623258111002,13.894146728010735,0.0015937542442399904
903.5296234184615,13.894337978520044,0.0017443963692775342
905.1969439758839,13.894547306084357,0.0018881107167269791
906.864289652614,13.894773879370364,0.0020249997641579136
908.5316625181385,13.895016879342062,0.002155743064076702
910.1990645436596,13.895275568509751,0.002281062501941725
911.8664976118807,13.895549296009984,0.0024014014905148966
913.533963527402,13.895837464188846,0.00251707038567975
915.2014640231047,13.896139512635127,0.002628610474937174
916.8690007646209,13.896454945892119,0.0027357063572865147
918.536575358128,13.896783230654993,0.0028379084664342134
920.2041893458065,13.897123779670965,0.0029344131062550966
921.871844199367,13.897475909243715,0.003025217906929568
923.5395413084763,13.897838935392546,0.0031101962620798357
925.2072819807233,13.898212158943995,0.0031891785241927556
926.8750674397966,13.898594860366899,0.0032621928695197025
928.5428988230406,13.898986323511242,0.003329677224535182
930.2107771818619,13.899385884778185,0.0033922580557643523
931.8787034880353,13.899792955744877,0.003450194471273276
933.5466786427247,13.90020697908143,0.0035034377745052424
935.2147034802144,13.900627391614371,0.0035524049105846575
936.8827787672082,13.901053680203642,0.0035972952275651225
938.5509052088325,13.90148535563095,0.0036383391735918106
940.2190834515083,13.901921956331782,0.0036751449898614155
941.887314086268,13.902362973730565,0.0037076677701306047
943.5555976431157,13.902807893862981,0.003735952134545619
945.2239345903793,13.903256208119126,0.003759962057959145
946.8923253353536,13.90370740356608,0.0037796435281997522
948.5607702237816,13.904160960789465,0.003794919151523044
950.2292695390763,13.904616351087649,0.003805985643829035
951.8978235012069,13.905073069364908,0.0038130373325213685
953.5664322695307,13.90553063384481,0.06586565878491539
955.235095945592,13.913434512899,0.07761521876565723
956.9047080871399,13.922748339150878,0.08523940932576438
958.575437887838,13.93297706826997,0.09486329085870665
960.2473951360304,13.944360663173015,0.10382308537255948
961.9207184156112,13.956819433417722,0.11238005853405887
963.5955367476213,13.97030504044181,0.1238649999643583
965.2719733524743,13.985168840437533,0.13270270469009982
966.9501936133269,14.001093165000345,0.14493461666619964
968.6303247931269,14.01848531900029,0.15380383067083062
970.3125430314069,14.03694177868079,0.1650287383083284
971.9969760448486,14.056745227277789,0.17346637640961493
973.6837854721219,14.077561192446943,0.18425855219271453
975.3730928152156,14.099672218710069,0.191092329078401
977.0650534814608,14.122603298199477,0.201618045023104
978.7597658772447,14.14679746360225,0.2112360079306384
980.457381572877,14.172145784553926,0.2175766564219239
982.1580390670235,14.198254983324556,0.22538043425939092
983.8618296650225,14.225300635435683,0.23117171306907577
985.5688657412747,14.253041241003972,0.24057885119041628
987.2792306901953,14.281910703146822,0.24832743676570265
988.9930599745729,14.311709995558706,0.25755696477118356
990.71046517404,14.342616831331249,0.2658770933156705
992.4315791937997,14.374522082529129,0.27219911024423177
994.1565218437032,14.407185975758438,0.27893285408171326
995.8853841607943,14.440657918248244,0.285326890761207
997.6182631109841,14.474897145139588,0.29336370584414917
999.3552507684009,14.510100789840886,0.2990100343503977
1001.0964628631818,14.545981993962933,0.3058505600056281
1002.8419807024574,14.582684061163608,0.31055085448034087
1004.591902789797,14.61995016370125,0.31627651232348536
1006.3462968094411,14.657903345180067,0.32002445101333676
1008.1052452108628,14.696306279301668,0.32617979773786665
1009.868801964379,14.735447855030213,0.3322897635573448
1011.6370557069827,14.775322626657093,0.3361489371767578
1013.4100944221815,14.815660499118305,0.3394834904483092
1015.1879736820757,14.856398517972103,0.3439527713887253
1016.9707415042324,14.89767285053875,0.34856868901594873
1018.758462246297,14.939501093220665,0.35438900161984355
1020.5512023774835,14.982027773415046,0.35736797561791533
1022.3490457102934,15.024911930489196,0.3615436652411513
1024.152035141952,15.068297170318134,0.36543772686712894
1025.9602308023902,15.11214969754219,0.36820873647795715
1027.7736887660953,15.156334745919544,0.37202409312738266
1029.5924489356057,15.20097763709483,0.3741686589047538
1031.416566252057,15.245877876163402,0.3784499889693172
1033.2460715971965,15.29129187483972,0.38332941417604216
1035.0810266221772,15.337291404540846,0.3858526068889407
1036.921501590722,15.38359371736752,0.43892401173922
1038.7675328368061,15.436264598776226,0.44229838488484347
1040.6198845886593,15.489340404962407,0.4441452248389025
1042.4786054372548,15.542637831943075,0.4433487061118792
1044.343721977088,15.595839676676501,0.44178693208260156
1046.2152227382892,15.648854108526413,0.4404570670858771
1048.0930852313124,15.701708956576718,0.44184054615963164
1049.9772903061016,15.754729822115873,0.4411345493919931
1051.8678578847555,15.807665968042912,0.443665097299261
1053.7647778009207,15.860905779718824,0.4433077656085292
1055.668086494487,15.914102711591847,0.44554107575952695
1057.577778819878,15.96756764068299,0.44484472535218694
1059.49388693676,16.020949007725253,0.4467234532275043
1061.416400817687,16.074555822112554,0.44464553008572805
1063.3453475163406,16.12791328572284,0.4467017548428383
1065.2806971106272,16.181517496303982,0.4472955438696538
1067.2224792101838,16.23519296156834,0.4458826938100795
1069.170702365572,16.28869888482555,0.44571682869854967
1071.125346231751,16.342184904269377,0.44403893356674234
1073.0864084202635,16.395469576297387,0.4461615122265165
1075.0538647694193,16.44900895776457,0.4471007413854741
1077.027745844351,16.502661046730825,0.4500049706936911
1079.0080651699589,16.556661643214067,0.45193549208498973
1080.9948645671445,16.610893902264266,0.452295360918913
1082.9881718354163,16.665169345574537,0.4528252407393834
1084.9879921568852,16.719508374463263,0.4533071048094918
1086.9943331618208,16.7739052270404,0.45549205947443255
1089.0072017890657,16.828564274177335,0.4557089231214844
1091.026629501967,16.883249344951913,0.45701519816180647
1093.0526194233612,16.93809116873133,0.4560550031680728
1095.085190363609,16.992817769111497,0.4565315873477374
1097.1243284959023,17.047601559593225,0.45547892037104737
1099.1700406830535,17.10225903003775,0.45680020322011133
1101.222311766658,17.157075054424162,0.45805562257609866
1103.281160773189,17.212041729133293,0.4575972684627536
1105.346605780685,17.266953401348825,0.45711522104253555
1107.418640188847,17.32180722787393,0.45768559500741124
1109.4972570561918,17.37672949927482,0.4586324016854787
1111.5824645961047,17.43176538747708,0.46084337663207936
1113.674276442602,17.487066592672928,0.460497042833493
1115.7727244337227,17.542326237812947,0.46141917028840673
1117.8778035822602,17.597696538247558,0.46160895703947047
1119.98952716685,17.653089613092295,0.461161668762939
1122.107897920421,17.708429013343846,0.46157989592219023
1124.2329094020222,17.76381860085451,0.4606988074573264
1126.3645676341248,17.819102457749388,0.46215015753648353
1128.5028599290547,17.874560476653766,0.46399125142084846
1130.6478071862532,17.93023942682427,0.46440202962479366
1132.799435917472,17.985967670379242,0.4669213913432464
1134.9577520379175,18.041998237340433,0.46952006491622106
1137.1227918263985,18.098340645130378,0.47335004368417055
1139.294592703814,18.15514265037248,0.47262035581303014
1141.4732098218587,18.211857093070044,0.4716641516714451
1143.6586326730271,18.26845679127062,0.4704521252172358
1145.8508474879795,18.324911046296688,0.4694695439599942
1148.0498368135352,18.381247391571886,0.46855043002692
1150.2555865005238,18.437473443175115,0.4681486736321857
1152.4680833137047,18.493651284010976,0.46773377766780544
1154.687321467786,18.549779337331113,0.46789593928252327
1156.9132949882658,18.605926850045016,0.46746842988992804
1159.1460062102713,18.662023061631807,0.39395023987615024
1161.385448977667,18.709297090416946,0.34993404777609244
1163.630564628517,18.751289176150078,0.34533235062262735
1165.880719329655,18.792729058224793,0.34006393801285667
1168.135846816642,18.833536730786335,0.3348491036223744
1170.3958712243364,18.87371862322102,0.3296896289514148
1172.660717459123,18.91328137869519,0.3204302903128746
1174.9303112245664,18.951733013532735,0.31260016977832084
1177.2045191861903,18.989245033906133,0.3023876612190528
1179.483228590259,19.02553155325242,0.2947333473469235
1181.7662923766493,19.06089955493405,0.28605680711695547
1184.0536003232414,19.095226371788083,0.27917865992677204
1186.345027487856,19.128727810979296,0.2705597323947081
1188.6404748251734,19.16119497886666,0.2647752062696342
1190.9398182226375,19.19296800361902,0.2564165367074537
1193.242974383072,19.223737988023913,0.2468083436706879
1195.5498229416348,19.253354989264395,0.24184420692489192
1197.8602255403466,19.282376294095382,0.23637592643768568
1200.174110695638,19.310741405267905,0.232146348295256
1202.4913996642701,19.338598967063337,0.22362788748998735
1204.8120315403178,19.365434313562137,0.21454014721280837
1207.1358836579452,19.391179131227673,0.2046234286029038
1209.4628251536926,19.415733942660022,0.19542869564824256
1211.7927132268119,19.43918538613781,0.18916333816541311
1214.1254154731485,19.46188498671766,0.18303068555041352
1216.4608416715546,19.48384866898371,0.17663446799630625
1218.7989035118326,19.505044805143267,0.16861144775957881
1221.1395088884499,19.525278178874416,0.16212500472724872
1223.4825422699148,19.544733179441685,0.1557596187426653
1225.8279102514477,19.563424333690804,0.15088568294749516
1228.1755211714906,19.581530615644503,0.14609931442006388
1230.5253048453678,19.599062533374912,0.14251798743211683
1232.8771923493728,19.616164691866768,0.13655368699303397
1235.2311321123968,19.63255113430593,0.12929522623600606
1237.5870382485136,19.64806656145425,0.12503241253456934
1239.944806235888,19.663070450958397,0.12278155525273807
1242.3043746900032,19.677804237588727,0.11897839798565864
1244.665711198514,19.692081645347006,0.11374706980163116
1247.0287609959555,19.7057312937232,0.10716553222572689
1249.3934487512022,19.71859115759029,0.10310158063519446
1251.759679690113,19.730963347266513,0.09900216739292399
1254.127395291785,19.742843607353663,0.09413739401166576
1256.4965365246674,19.754140094635062,0.09079634840840756
1258.8670333360235,19.76503565644407,0.08687023852673054
1261.2388376147967,19.775460085067277,0.08422048166053718
1263.6118928250048,19.78556654286654,0.07966310952787162
1265.9861608101487,19.795126116009886,0.07313762192619182
1268.36157594407,19.80390263064103,0.06909464020136531
1270.7380442597469,19.812193987465193,0.06369587995593104
1273.1155075382426,19.819837493059904,0.055803147970422795
1275.4938880374098,19.826533870816355,0.04550377688973479
1277.8730721019076,19.831994324043123,0.0401774731204222
1280.2529114207928,19.836815620817575,0.03833464370119533
1282.6333292952909,19.84141577806172,0.03657826298991707
1285.0142991886582,19.84580516962051,0.03473355869634578
1287.3957958090127,19.84997319666407,0.03281918620528703
1289.7777925926125,19.853911499008706,0.030310324381912206
1292.1602619724936,19.857548737934536,0.02766405097978363
1294.5431678210457,19.86086842405211,0.024475781832335872
1296.926472031932,19.86380551787199,0.02190067527000441
1299.3101286940766,19.866433598904393,0.018982522898046347
1301.6941007259452,19.868711501652157,0.017023918425005505
1304.0783461061435,19.870754371863157,0.014997544382283595
1306.462836630767,19.87255407718903,0.013118344290703646
1308.8475431200297,19.874128278503914,0.01073629359103301
1311.2324385134502,19.875416633734837,0.00827251592731664
1313.6174885094983,19.876409335646116,0.006663960944496713
1316.002657629776,19.877209010959454,0.004944342786796843
1318.387922711091,19.87780233209387,0.0029651519361972925
1320.7732589909424,19.878158150326215,0.00011503625746058423
1323.1586379689816,19.87817195467711,-0.0031017741517692533
1325.5440186035428,19.877799741778897,-0.006185223535734908
1327.9293545725563,19.877057514954608,-0.008591396160000465
1330.3146014743509,19.876026547415407,-0.010504245281768855
1332.6997246600406,19.874766037981594,-0.012556652119523616
1335.0846965845983,19.87325923972725,-0.014731475522106309
1337.4694876933656,19.871491462664597,-0.01699505504258412
1339.8540666688855,19.869452056059487,-0.018879133304370167
1342.2384009156126,19.86718656006296,-0.020900712781427504
1344.62246330282,19.86467847452919,-0.022573109403629076
1347.0062247197636,19.861969701400753,-0.023893645014656798
1349.3896610839317,19.859102463998994,-0.02546001192385177
1351.7727533796117,19.856047262568133,-0.027487502779770565
1354.1554790511198,19.85274876223456,-0.029500764084126493
1356.5378089025878,19.849208670544467,-0.03097509134649228
1358.9197139430532,19.845491659582887,-0.032178984775245174
1361.3011729422033,19.841630181409858,-0.03408344105795647
1363.6821685639725,19.837540168482903,-0.0360036262397565
1366.0626733841905,19.833219733334133,-0.0378484174240729
1368.4426597521906,19.828677923243244,-0.03927031155375087
1370.8221011029798,19.823965485856796,-0.040665782896108706
1373.2009769612825,19.819085591909264,-0.042156664215537244
1375.5792672323116,19.8140267922034,-0.04333599728656731
1377.9569504473761,19.808826472529013,-0.04450420746734543
1380.3340096240795,19.80348596763293,-0.04581658038771337
1382.7104279401954,19.797987977986406,-0.04753266346344939
1385.0861864975536,19.792284058370793,-0.04935645463799144
1387.4612605845582,19.786361283814234,-0.050863597662166415
1389.835623938616,19.780257652094775,-0.05248206813845646
1392.2092548568673,19.77395980391816,-0.05403859340860965
1394.5821300333375,19.767475172709126,-0.05528698004874614
1396.9542270540626,19.760840735103276,-0.05591028872092734
1399.325527942275,19.754131500456765,-0.056243658127502705
1401.6960237223298,19.747382261481466,-0.05657422263961376
1404.0657095937074,19.740593354764712,-0.05685830180743255
1406.434580796279,19.73377035854782,-0.05716994644157803
1408.802633239305,19.72690996497483,-0.05756900920275684
1411.1698624351018,19.7200016838705,-0.05798109040701069
1413.5362626371661,19.713043953021657,-0.0584231658839695
1415.9018279115287,19.706033173115582,-0.0586654690268429
1418.2665518923025,19.69899331683236,-0.058823935892269884
1420.6304310903224,19.691934444525288,-0.058738338221806595
1422.9934632236655,19.68488584393867,-0.05859941624345308
1425.3556495249381,19.677853913989455,-0.058440063260065116
1427.7169919946168,19.670841106398246,-0.05832762085021372
1430.0774929273846,19.66384179189622,-0.05816472350194658
1432.4371539424121,19.656862025075988,-0.05788837612710514
1434.7959773854213,19.649915419940736,-0.05758754659751298
1437.1539672358142,19.643004914349035,-0.05734357951373103
1439.511127825536,19.636123684807387,-0.05719915927492064
1441.867462667713,19.629259785694398,-0.05700491379992343
1444.2229738419962,19.622419196038408,-0.05664443224129993
1446.5776641455209,19.61562186416945,-0.0560959140043856
1448.931538769221,19.608890354488924,-0.05546849679682832
1451.2846056117598,19.602234134873306,-0.054852979323049014
1453.6368737079447,19.59565177735454,-0.054158728802258485
1455.9883519212271,19.58915272989827,-0.05341644142480314
1458.3390502488148,19.582742756927292,-0.052632608805220145
1460.688979379646,19.576426843870667,-0.05182470434871327
1463.0381506009105,19.57020787934882,-0.0509286296007624
1465.3865755464324,19.56409644379673,-0.04995342958117635
1467.734267119688,19.55810203224699,-0.04904930313951429
1470.0812393635576,19.552216115870248,-0.04818965965714069
1472.4275052974622,19.54643335671139,-0.04727032469839207
1474.7730773002675,19.540760917747583,-0.04629166228729176
1477.1179686103972,19.535205918273107,-0.045297394405775446
1479.46219332059,19.529770230944415,-0.044380113625605
1481.8057657483032,19.524444617309342,-0.04339662310954423
1484.1486991023803,19.519237022536196,-0.04236144134499142
1486.4910075450846,19.514153649574798,-0.04128428766451167
1488.8327059830335,19.509199535055057,-0.04022193791158788
1491.1738099272402,19.504372902505665,-0.03916775610163664
1493.5143346755408,19.49967277177347,-0.03808328247593546
1495.8542954081536,19.495102777876355,-0.03702963950022891
1498.1937077414987,19.490659221136326,-0.036038570013119615
1500.532586848035,19.486334592734753,-0.03509469335049238
1502.8709469991632,19.482123229532693,-0.034145527946341576
1505.208801786707,19.478025766179133,-0.03313999941945314
1507.5461648786486,19.474048966248798,-0.032109177398055834
1509.8830507545983,19.47019586496103,-0.03101941698760701
1512.2194742583936,19.466473534922518,-0.029877073093858956
1514.5554510825843,19.462888286151255,-0.02870480686825814
1516.8909976769226,19.459443709327065,-0.027541264672422475
1519.2261309220419,19.456138757566375,-0.02640787806678284
1521.5608675729497,19.45296981219836,-0.025293673466498096
1523.8952239504135,19.449934571382382,-0.02421531081838684
1526.2292160989794,19.447028734084174,-0.02317610930643976
1528.5628595470694,19.4442476009674,-0.02215386454560717
1530.8961692591854,19.44158913722193,-0.021136373321784026
1533.229159955652,19.439052772423313,-0.020098477066142754
1535.5618462883428,19.436640955175378,-0.019058203504166593
1537.894243202964,19.434353970754877,-0.018008094546897765
1540.2263656794546,19.43219299940925,-0.01697865048620373
1542.5582288393837,19.430155561350904,-0.015978447521249002
1544.8898475067458,19.428238147648354,-0.015021199905891729
1547.2212360844635,19.426435603659648,-0.014086021463360611
1549.5524083569026,19.424745281084046,-0.013165114539794728
1551.8833777906327,19.42316546733927,-0.012266951832542202
1554.2141576467134,19.421693433119366,-0.011402398490504468
1556.5447608586876,19.420325145300506,-0.010565213200442446
1558.8751998761236,19.41905731971645,-0.009724706170178938
1561.2054867544896,19.41789035497603,-0.008870209259787624
1563.5356335970866,19.416825929864856,-0.008020127830382254
1565.8656527086705,19.41586351452521,-0.007187381506608223
1568.1955563304134,19.415001028744417,-0.006375607415455707
1570.5253564538627,19.41423595585456,-0.005569676745602388
1572.8550647685654,19.413567594645087,-0.004785420202757148
1575.1846928799227,19.412993344220755,-0.004028474109370051
1577.5142520812292,19.41250992732763,-0.0032886985504947076
1579.8437532725086,19.41211528350157,-0.002561309622460855
1582.1732071065287,19.411807926346874,-0.0018526229012646492
1584.5026240576904,19.411585611598724,-0.001181437788698674
1586.8320143310823,19.41144383906408,-0.0005361767093264348
1589.1613875917699,19.411379497858963,9.646528366771588e-05
1591.490753131513,19.411391073693004,0.0007100757161215668
1593.8201200603562,19.41147628277894,0.0013042263655889934
1596.1494972142896,19.41163278994281,0.0018755842758305817
1598.4788931490828,19.41185786005591,0.002440468602036388
1600.8083160922895,19.412150716288156,0.0029884076651447706
1603.1377741782442,19.412509325207974,0.0035125925682840363
1605.4672752972692,19.412930836316168,0.004009868211314942
1607.7968269976272,19.413412020501525,0.004483828636185287
1610.1264364400874,19.413950079937866,0.0049371560260179055
1612.45611044968,19.41454253866099,0.0053633080919516145
1614.7858555543194,19.415186135632023,0.005762833430732783
1617.1156778905952,19.41587767564371,0.006145249527549379
1619.4455832116723,19.416615105587017,0.00651721307440721
1621.7755770243427,19.417397171155944,0.006885613021920849
1624.1056646848815,19.418223444718574,0.007246443740640381
1626.4358514982478,19.41909301796745,0.0075998796956055215
1628.7661426604038,19.420005003530925,0.00793796112332378
1631.0965432608275,19.420957558865723,0.008254071313911551
1633.4270581678913,19.421948047423392,0.008546314197796081
1635.7576919335822,19.422973605127126,0.008815769696264478
1638.0884487661974,19.424031497490677,0.009064752836937199
1640.4193325458964,19.42511926783111,0.0092921792193355
1642.7503468580362,19.42623432933743,0.009501120015662771
1645.0814949775568,19.42737446373931,0.009697124654136378
1647.4127799132054,19.428538118697805,0.009882472530359855
1649.7442044874492,19.429724015401447,0.010057093800815575
1652.0757713692974,19.430930866657544,0.0102174890928236
1654.4074830732964,19.432156965348682,0.010364036310309235
1656.7393419091381,19.43340064970592,0.01049235952481441
1659.0713499871028,19.434659732848896,0.0106010003181599
1661.4035091550447,19.435931852887077,0.010689089566495476
1663.735820977391,19.437214543635054,0.010761897253970767
1666.0682867226274,19.43850597130553,0.010822087985606452
1668.400907439184,19.439804621863804,0.010869008455024242
1670.7336839938077,19.44110890287841,0.01090283571252176
1673.0666170621532,19.44241724316391,0.010926643215472992
1675.399707131333,19.443728440349766,0.010944014701393563
1677.7329545441748,19.44504172211393,0.010954068930103098
1680.0663595508286,19.446356210385545,0.010952540059138125
1682.399922296075,19.44767051519264,0.010940084605977063
1684.733642757898,19.44898332534536,0.010917250655742046
1687.0675207569395,19.450293395424048,0.010884972255727154
1689.4015559643904,19.451599592094734,0.010840255945411072
1691.7357479154418,19.452900422808185,0.0107835843762922
1694.0700959661788,19.45419445293334,0.01071795711516421
1696.4045993005307,19.45548060778716,0.010643519769982485
1698.7392569734652,19.456757830159557,0.01055952312164219
1701.0740679130843,19.458024972934155,0.010464988873723486
1703.4090309098365,19.459280771599,0.010362330929982216
1705.7441446024284,19.4605242513106,0.0102531232574816
1708.0794075125857,19.461754626101495,0.010136627312548182
1710.414818067718,19.462971021379,0.010013966574786981
1712.7503745902834,19.464172697367975,0.009885220139040342
1715.0860753139675,19.46535892378466,0.009751175353901626
1717.4219183848218,19.466529064827128,0.009609790220317887
1719.757901872601,19.467682239653566,0.009460566730187301
1722.0940237413595,19.46881750766119,0.009304445679626948
1724.4302818422789,19.469934041142743,0.009142479749349546
1726.766673927216,19.471031138712664,0.008975376810281752
1729.1031976638617,19.472108183929898,0.00880350299525848
1731.4398506459333,19.47316460428933,0.008628095124075209
1733.776630398448,19.47419997570422,0.0084509724370655
1736.1135343955327,19.47521409239667,0.008272561484377123
1738.4505600866203,19.476206799774793,0.008093372575523587
1740.7877049025933,19.477178004483857,0.007912450614195985
1743.1249662631315,19.478127498557562,0.0077290956298245155
1745.4623415629583,19.47905499003314,0.00754174982225281
1747.7998281617622,19.47996000001181,0.00735007308291571
1750.1374233617637,19.48084200878176,0.0071548391584459435
1752.4751244028175,19.481700589480774,0.006957058417613898
1754.8129284735553,19.48253543649089,0.006757413858031099
1757.1508327259342,19.483346326153853,0.006556349982587703
1759.4888342850727,19.484133088151765,0.00635499726063535
1761.826930255651,19.48489568782304,0.006154137855556253
1764.1651177381898,19.485634184365708,0.005953554398660363
1766.5033938403137,19.486348610893547,0.005752692494390665
1768.841755673621,19.487038933992874,0.005551156659268493
1771.1802003457,19.487705072791986,0.005349202268498178
1773.5187249544351,19.488346977064207,0.005146327020741295
1775.8573265916827,19.488964536306696,0.004942577663104728
1778.1960023360396,19.48955764562627,0.00473848869454194
1780.5347492535147,19.490126264269616,0.004535303138776818
1782.8735644052272,19.49067050064627,0.0043336574614298955
1785.2124448653046,19.49119053954164,0.004133560077939128
1787.5513877300496,19.491686566750992,0.003935328664191016
1789.8903901180597,19.492158806190695,0.0037394350842457256
1792.2294491748025,19.492607538400804,0.003545928560743651
1794.5685620794106,19.493033049828092,0.003354377885871088
1796.90772604539,19.4934355751744,0.0031643056459312304
1799.246938314411,19.49381529185191,0.0029761768682420734
1801.5861961494331,19.4941724330761,0.002790024127863729
1803.9254968414023,19.494507235971444,0.0026058078249288066
1806.264837709719,19.494819932910435,0.0024232875061795593
1808.604216101668,19.495110727411177,0.0022428532705709068
1810.9436293889573,19.495379869803646,0.0020650330792794194
1813.2830749733337,19.49562767377316,0.0018898179503745501
1815.6225502941863,19.495854451927205,0.0017172288785369393
1817.9620528284177,19.49606051939263,0.001547369568330181
1820.3015800907447,19.496246203740828,0.001380539484479237
1822.6411296351935,19.496411868478965,0.001216868662758877
1824.9806990594109,19.496557892718496,0.0010562672357679402
1827.3202860065371,19.49668464478679,0.0008989117743080036
1829.6598881639115,19.496792514199708,0.0007446985737967267
1831.9995032656154,19.496881878028564,0.0005935179384165917
1834.3391290909788,19.496953100181173,0.0004451627681734627
1836.6787634630005,19.497006519713352,0.00029976644249775076
1839.0184042453661,19.49704249168645,0.00015764077982614692
1841.3580493443685,19.49706140858003,1.8987871194024642e-05
1843.697696713398,19.497063687124573,-0.00011601193394488062
1846.037344355853,19.4970497656925,-0.0002471698561093066
1848.3769903277362,19.497020105309765,-0.0003743210728539255
1850.7166327403734,19.49697518678102,-0.0004974128420737503
1853.056269762787,19.49691549723997,-0.0006166289121989285
1855.3958996224558,19.496841501770508,-0.0007320746022752158
1857.7355206026682,19.496753652818235,-0.000844003491645381
1860.0751310410064,19.496652372399236,-0.0009526067926756708
1862.4147293256945,19.496538059584115,-0.0010580824654534671
1864.7543138928445,19.49641108968826,-0.0011603156139253438
1867.093883223607,19.496271851814587,-0.001259066112908139
1869.4334358458248,19.496120763881038,-0.001354155499715922
1871.7729703374905,19.495958265221073,-0.0014455072500988398
1874.112485329317,19.49578480435106,-0.0015330595237826937
1876.451979505839,19.495600837208208,-0.0016167258947787444
1878.791451606304,19.495406830100833,-0.0016965998433911592
1881.130900425916,19.495203238119625,-0.001772929149904054
1883.4703248144904,19.49499048662164,-0.001845884487201009
1885.809723672885,19.494768980483176,-0.0019155274772165917
1888.149095950543,19.49453911718591,-0.0019818379180045293
1890.4884406446051,19.494301296635747,-0.0020449043738793955
1892.8277568002013,19.49405590811088,-0.002104690086388486
1895.1670435091746,19.493803345300513,-0.0021610649607280764
1897.5062999106108,19.493544017505226,-0.0022138911943292436
1899.8455251927114,19.493278350561905,-0.002263161788850414
1902.1847185947788,19.493006771147243,-0.002308965425997614
1904.5238794073164,19.492729695296124,-0.002351342565864884
1906.863006970752,19.49244753418822,-0.0023903687756907967
1909.2021006748546,19.492160689935137,-0.0024262015327291392
1911.5411599576469,19.49186954575121,-0.002458986864217078
1913.880184303137,19.491574467327506,-0.0024888200118756104
1916.2191732392162,19.49127580892608,-0.0025156851737332454
1918.5581263362874,19.49097392670523,-0.00253966705206976
1920.897043207492,19.490669166658982,-0.002560836183031962
1923.2359235074912,19.49036186631702,-0.0025792405991170134
1925.5747669314492,19.490052357445126,-0.002594864926109035
1927.9135732143425,19.489740973653994,-0.002607717584035313
1930.252342131181,19.48942804754391,-0.0026178750659896456
1932.5910734968863,19.48911390253599,-0.002625393857242493
1934.9297671651907,19.48879885527312,-0.0026303263365514123
1937.2684230278235,19.488483216112733,-0.002632740019983678
1939.607041013757,19.488167287310336,0.014328472428361468
1941.9456210882342,19.48988670400174,0.048773234252136914
1944.2844074927145,19.495739492111998,0.05681869509964509
1946.623896231768,19.502557735523954,0.06334776905050939
1948.9642031600308,19.510159467810016,0.07073861902340073
1951.305422296168,19.518648102092826,0.07768182941162752
1953.647660068419,19.52796992162222,0.08519730856317076
1955.9910164590137,19.538193598649798,0.09346873769462585
1958.3355996908517,19.549409847173152,0.10132689332360084
1960.6815288725124,19.561569074371985,0.10998637430953617
1963.028917161437,19.57476743928913,0.11760830832207733
1965.3778892541518,19.588880436287777,0.12566849122439783
1967.7285549065064,19.603960655234705,0.13296773077062946
1970.0810301851345,19.61991678292718,0.14034940463190232
1972.4354201990857,19.636758711483008,0.1467255241386032
1974.7918312444635,19.65436577437964,0.15469234863844725
1977.1503551373892,19.672928856216256,0.16129362969749453
1979.511106600135,19.692284091779957,0.1666487103968898
1981.8741806911487,19.712281937027583,0.17222489787086892
1984.239654523592,19.73294892477209,0.17779748736980108
1986.6076083945645,19.754284623256464,0.18473036922636257
1988.9781225493552,19.776452267563627,0.191247138585238
1991.351296821463,19.799401924193855,0.19829610960555535
1993.7272250523663,19.82319745734652,0.20433065213030913
1996.1060087472479,19.847717135602156,0.20942471595488552
1998.4877348035202,19.87284810151674,0.21461707354363668
2000.8724765757022,19.89860215034198,0.22007786244647415
2003.2603088337432,19.925011493835555,0.22570844818304253
2005.6513102130034,19.95209650761752,0.2304598138432989
2008.0455617939176,19.979751685278714,0.23525626881803588
2010.4431319961511,20.007982437536878,0.2392892995272014
2012.8440898886556,20.03669715348014,0.24330146294827074
2015.2484935470732,20.065893329033933,0.24696063348224206
2017.6564007465572,20.095528605051804,0.25183725625458425
2020.0678641791635,20.125749075802354,0.25609422120933995
2022.4829540682597,20.156480382347475,0.25908917954990474
2024.9017317141413,20.187571083893463,0.26215076399264464
2027.3242402442086,20.21902917557258,0.2658386625089343
2029.7505237452772,20.25092981507365,0.26991640799350247
2032.180635323086,20.28331978403287,0.27381460172464744
2034.6146336971701,20.316177536239827,0.2765984979291654
2037.0525750015188,20.34936935599133,0.27992500060060743
2039.4944993242377,20.3829603560634,0.28283729118935647
2041.9404545669654,20.41690083100612,0.28549799224181777
2044.3904826666862,20.45116059007514,0.2882845087867451
2046.8446219374953,20.48575473112955,0.2908450466577567
2049.302912505231,20.52065613672848,0.29464847846279973
2051.765391241638,20.556013954144017,0.2981458413505944
2054.2321129161355,20.59179145510609,0.313656354468818
2056.7031278907484,20.629430217642348,0.34251705763538215
2059.1786595168655,20.670532264558595,0.3451678747581777
2061.6591233886124,20.711952409529577,0.34628359133904746
2064.144557677756,20.753506440490263,0.3459430678920812
2066.6349784506147,20.79501960863731,0.34526264800243045
2069.130380803651,20.836451126397602,0.34539874226001055
2071.630754938819,20.877898975468803,0.3464082080930413
2074.1361028158753,20.919467960439967,0.3471785483891638
2076.646438971128,20.961129386246668,0.3488732724034124
2079.161774497478,21.00299417893508,0.3497567420302731
2081.68213379895,21.044964987978712,0.3512070845453013
2084.2075295975073,21.08710983812415,0.35180934842677547
2086.7379827780824,21.129326959935362,0.3526469474881199
2089.2735020132745,21.171644593633935,0.35249360192585905
2091.8140993645106,21.213943825865037,0.3540674493569723
2094.3597726236144,21.256431919787875,0.3543408424145237
2096.910544453989,21.298952820877616,0.3538698789780923
2099.4664187924946,21.341417206354986,0.3536589619368192
2102.027388857257,21.383856281787406,0.35367184596773915
2104.5934516110715,21.426296903303534,0.3553244059192788
2107.164607239468,21.468935832013848,0.356865210885526
2109.7408795393094,21.511759657320113,0.35916566729674876
2112.3222906981878,21.55485953739572,0.36050842607633266
2114.9088738426753,21.598120548524882,0.3609987371907851
2117.5006483084985,21.641440396987775,0.36152186890445603
2120.097621156137,21.68482302125631,0.3624322001310414
2122.699799918688,21.728314885272034,0.3636886519080394
2125.3071977049203,21.771957523500998,0.3641853905063108
2127.9198326077403,21.815659770361755,0.3646513725143324
2130.5377117801836,21.859417935063476,0.3643243369022921
2133.160841932391,21.903136855491752,0.36431019906085593
2135.7892183550503,21.946854079379055,0.364090731505193
2138.4228408445756,21.99054496715968,0.3650828172780981
2141.061706240635,22.03435490523305,0.3655816665551696
2143.705828829263,22.07822470521967,0.3651566710744821
2146.3552157938893,22.12204350574861,0.3649786209118835
2149.009861014579,22.165840940258036,0.3654325415824329
2151.66976192741,22.20969284524793,0.36638594070286007
2154.3349250688398,22.253659158132272,0.3672795260103347
2157.0053641678155,22.297732701253512,0.3671490592260656
2159.681092091966,22.34179058836064,0.36747813513028615
2162.362106962569,22.385887964576277,0.36728357291531355
2165.0484135183183,22.429961993326113,0.3669920384402849
2167.7400089575176,22.474001037938947,0.3668386484025814
2170.43688908207,22.518021675747256,0.36662921345048244
2173.13905168316,22.562017181361313,0.36771915603867994
2175.846493744923,22.606143480085954,0.368644048235704
2178.5592309625335,22.65038076587424,0.36936661995723785
2181.2772766544385,22.694704760269108,0.371198204624111
2184.0006412256707,22.739248544824,0.3733902638656688
2186.7293510510494,22.78405537648788,0.3750329837688327
2189.463437696228,22.82905933454014,0.37424170497972425
2192.202924816373,22.873968339137708,0.3732562080807726
2194.9478010170697,22.9187590841074,0.3721982778305464
2197.6980521071623,22.963422877447066,0.3712715130534991
2200.453662852456,23.007975459013487,0.37050274726486615
2203.214619907538,23.05243578868527,0.36999228585531874
2205.98091220218,23.096834862987908,0.3696144115037129
2208.752532385739,23.141188592368355,0.3693736193285429
2211.529475016823,23.18551342668778,0.3689620489025285
2214.3117366280258,23.229788872556085,0.3685402771121284
2217.0993112927326,23.27401370580954,0.36767926449351884
2219.8921929374296,23.318135217548765,0.3669761164417762
2222.6903691635353,23.362172351521778,0.36618448778128454
2225.4938298457178,23.406114490055533,0.3656410028172769
2228.3025635845243,23.449991410393604,0.3648566785192242
2231.1165625537715,23.49377421181591,0.3639736639171395
2233.9358154591896,23.537451051485967,0.36327544379552146
2236.760309585368,23.58104410474143,0.3627761991371286
2239.590034877937,23.624577248637884,0.36258293719402496
2242.4249841477736,23.668087201101166,0.36239418189657263
2245.2651546119055,23.711574502928755,0.36207430580524425
2248.110543552257,23.755023419625385,0.3614500515106955
2250.961146362612,23.79839742580667,0.3607539025669854
2253.8169540537087,23.841687894114706,0.3601086944220006
2256.6779566010023,23.884900937445344,0.3595006280492243
2259.544144713496,23.928041012811253,0.3588491152348563
2262.4155096350332,23.971102906639434,0.35806456854522206
2265.29204198383,24.01407065486486,0.35732743104156917
2268.173730462414,24.05694994658985,0.3563860234515209
2271.0605644560046,24.09971626940403,0.35552763871824766
2273.952530408333,24.14237958605022,0.3548172806147859
2276.8496159586593,24.184957659723995,0.35422467762732196
2279.7518108778263,24.227464621039275,0.35355223401155716
2282.659106632351,24.26989088912066,0.35275249231118594
2285.571493539045,24.312221188198002,0.3520914129325307
2288.488960081629,24.354472157749907,0.35161620783907893
2291.411496740559,24.396666102690595,0.351038317726089
2294.3390966728816,24.438790700817727,0.35042223770674114
2297.27175155698,24.480841369342535,0.3496464262726746
2300.209452521301,24.522798940495257,0.34897373238564056
2303.1521883941605,24.564675788381532,0.3482658292858681
2306.0999494887665,24.606467687895837,0.3475489571507044
2309.052725611314,24.64817356275392,0.34695022112705
2312.0105064388445,24.689807589289167,0.34649427232645563
2314.973283349559,24.731386901968342,0.3462147753608107
2317.9410497777953,24.77293267501164,0.345902976169547
2320.9138016987968,24.814441032151983,0.3455601373533225
2323.891534622655,24.855908248634382,0.3452532908197049
2326.8742436124912,24.897338643532745,0.34481077936979043
2329.8619242497152,24.93871593705712,0.34420497891472446
2332.854570162162,24.980020534526886,0.343417713569553
2335.852172626305,25.021230660155233,0.3426671378756353
2338.8547203055236,25.06235071670031,0.3419570321169939
2341.8622023915277,25.103385560554347,0.34130477832077033
2344.8746086587944,25.14434213395284,0.34073223772921035
2347.8919297148686,25.185230002480345,0.34022986514633435
2350.9141573151664,25.226057586297905,0.3397743002236249
2353.9412842255224,25.26683050232474,0.33933224241859566
2356.973303885801,25.307550371414973,0.3388379145347743
2360.010209930371,25.348210921159147,0.33832440818732734
2363.05199524091,25.388809850141627,0.33775454230573715
2366.098652422927,25.429340395218315,0.3372374893489024
2369.150173270353,25.469808893940183,0.33674589748925243
2372.206550337626,25.510218401638895,0.33630752401295977
2375.267776545823,25.55057530452045,0.33586587730088135
2378.3338455823655,25.590879209796555,0.33545295893454397
2381.404751087541,25.6311335648687,0.3350888722920248
2384.4804871153256,25.671344229543745,0.3347911701114557
2387.561048422871,25.71151916995712,0.3345307368677807
2390.646430723266,25.751662858381255,0.3342466179903383
2393.7366302662717,25.791772452540098,0.3339193524423167
2396.8316429605766,25.831842774833177,0.33355808474570936
2399.9314640935568,25.871869745002662,0.3332137944301063
2403.036088462957,25.911855400334275,0.33288222725033273
2406.145511110997,25.951801267604313,0.3325428412668346
2409.2597272631097,25.991706408556333,0.33221697961754826
2412.378732032136,26.031572446110438,0.33189323678088
2415.5025207256695,26.071399634524145,0.3315841419830425
2418.6310886818123,26.11118973156211,0.33126438010237635
2421.7644314495997,26.150941457174394,0.3309765366076449
2424.9025444244608,26.19065864156731,0.33074017625699087
2428.045423461449,26.23034746271815,0.330516914056725
2431.193065156975,26.270009492404956,0.33029279388959787
2434.3454662960635,26.30964462767171,0.33007455467791735
2437.502623651384,26.34925357423306,0.329881415510986
2440.664534080292,26.38883934409438,0.3297055393455112
2443.8311948015835,26.42840400881584,0.32950086269452655
2447.0026032826413,26.467944112339183,0.32930132010208074
2450.178756576122,26.507460270751434,0.32910288158581086
2453.359651808612,26.54695261654173,0.3289354921212727
2456.5452861225967,26.586424875596283,0.32877817093130735
2459.7356571076684,26.625878256108038,0.3286400882376113
2462.9307624984012,26.66531506669655,0.3285392650566668
2466.1306003064046,26.70473977850335,0.32846913862275223
2469.335169079825,26.74415607513808,0.32841407675539963
2472.5444678088415,26.783565764348726,0.3283469743095567
2475.7584957005633,26.822967401265874,0.3282612503359448
2478.9772517887154,26.86235875130619,0.3281612612818501
2482.200734838872,26.901738102660012,0.3280355014300886
2485.428943411191,26.94110236283162,0.32790315748068627
2488.661875694731,26.980450741729303,0.32777424335346206
2491.8995297837387,27.019783650931718,0.3276672193702253
2495.1419038218505,27.059103717256146,0.3275800704794117
2498.3889962679214,27.098413325713675,0.32751184901300656
2501.640805867007,27.137714747595236,0.32746465523949836
2504.8973316367187,27.177010506223976,0.3274309340716193
2508.1585728974655,27.21630221831257,0.32740128075477043
2511.424529163663,27.255590372003144,0.32736819065328887
2514.6952000083033,27.294874554881538,0.3273265859089515
2517.970584954889,27.334153745190612,0.2788858009548447
2521.250683404312,27.367620041305194,0.2696798132372013
2524.5347978092686,27.39998161889366,0.2637059491120162
2527.8227956035357,27.4316263327871,0.2561577505736571
2531.11459076347,27.46236526285594,0.24914469988608107
2534.4100745950127,27.49226262684227,0.242468354927642
2537.7091461102336,27.521358829433584,0.23351748077455622
2541.0117091697657,27.54938092712653,0.2266408366713471
2544.3176348810207,27.576577827527093,0.2171285435409072
2547.626824220324,27.602633252752,0.21022743595247254
2550.9391402106544,27.627860545066298,0.20148024657457847
2554.2544834760624,27.652038174655246,0.19488992760016405
2557.572728057021,27.675424965967267,0.18648213913356904
2560.893779052937,27.697802822663295,0.18117867398280132
2564.217515391657,27.71954426354123,0.17300146721677678
2567.543860703282,27.740304439607243,0.16554501090778662
2570.872697236035,27.760169840916177,0.1606528598684595
2574.203917616945,27.779448184100392,0.1546161970811926
2577.5374513990373,27.798002127750134,0.15013261751219864
2580.8732116543674,27.8160180418516,0.14283926684602147
2584.2111338193895,27.83315875387312,0.1368524449412248
2587.5511128698545,27.849581047266067,0.12969620716319413
2590.8930625955263,27.86514459212565,0.12324691833021997
2594.236879946581,27.879934222325275,0.11839058981846995
2597.58247205326,27.894141093103492,0.11322834338449243
2600.9297689844325,27.90772849430963,0.10833920742934242
2604.2786964037496,27.92072919920115,0.10217075087374435
2607.629183907654,27.932989689306,0.09787083156082113
2610.9811426703704,27.9447341890933,0.09263566740285756
2614.3345107730615,27.95585046918164,0.08905612288689795
2617.6892128293634,27.96653720392807,0.08468014273742691
2621.045197293835,27.976698821056562,0.08186813125922097
2624.4024011523616,27.98652299680767,0.07717560216892494
2627.7607839119787,27.995784069067938,0.07251326433658478
2631.120278000267,28.004485660788326,0.06961346674453625
2634.4808162795616,28.01283927679767,0.06711261442878404
2637.8423569927772,28.020892790529125,0.06371434876228464
2641.2048641276406,28.0285385123806,0.060198988772800825
2644.568288749126,28.035762391033334,0.05575460739410344
2647.93258023605,28.042452943920626,0.053533994318593146
2651.29767458932,28.04887702323886,0.05037995689299787
2654.6635398321087,28.05492261806602,0.04742916536807751
2658.0301305462767,28.060614117910188,0.04535145590550632
2661.397404240426,28.06605629261885,0.04243753027332342
2664.7653309955404,28.07114879625165,0.04080728419650224
2668.1338688510905,28.076045670355228,0.03751955918834064
2671.502994331533,28.08054801745783,0.03375247711443219
2674.872660093628,28.08459831471156,0.031806618010125826
2678.242811891393,28.088415108872773,-0.009579508199771701
2681.613421704458,28.0872655678888,-0.012209557433518934
2684.9838935726043,28.085800420996776,-0.01365628359804493
2688.354189623124,28.08416166696501,-0.013115268170182107
2691.72428902316,28.082587834784587,-0.011963716898277034
2695.0941995633343,28.081152188756793,-0.010940445559964417
2698.4639378259853,28.0798393352896,-0.012037928933710158
2701.83351854622,28.078394783817554,-0.011498154417733282
2705.202925920278,28.077015005287425,-0.013476042089414891
2708.5721677209126,28.075397880236697,-0.013229606391847136
2711.941215466541,28.073810327469676,-0.015004175778603591
2715.3100727058372,28.072009826376245,-0.014526256743443426
2718.6787138850023,28.070266675567034,-0.015998333481508836
2722.04714588607,28.068346875549253,-0.014348133529408308
2725.415347511136,28.066625099525723,-0.015915152359856778
2728.783342523079,28.064715281242542,-0.016310645998580824
2732.1511083568284,28.062758003722713,-0.015149827416165957
2735.5186393172753,28.060940024432774,-0.014992146451119228
2738.885952120207,28.05914096685864,-0.013721854188308055
2742.25304903623,28.05749434435604,-0.01541004754052267
2745.619948357553,28.05564513865118,-0.016166256696887562
2748.986625774191,28.05370518784755,-0.01851617941395395
2752.3530703967326,28.051483246317876,-0.02011263714128679
2755.719248386291,28.04906972986092,-0.020393428841239295
2759.0851367538744,28.04662251839997,-0.020771604728975632
2762.4507314560824,28.044129925832493,-0.02109403475815844
2765.816027047182,28.041598641661516,-0.022751805642952476
2769.1810188841814,28.03886842498436,-0.022870482442703392
2772.5456830951794,28.036123967091235,-0.023874124629905787
2775.9100179712304,28.033259072135646,-0.02316350492072477
2779.274009059887,28.03047945154516,-0.023589093910835655
2782.637666594072,28.02764876027586,-0.022778183801878023
2786.000984445305,28.024915378219635,-0.02383969199401255
2789.3639742906917,28.022054615180355,-0.02487137522240533
2792.7266208445135,28.019070050153665,-0.024554260977824996
2796.0889092505317,28.016123538836325,-0.024233633234579603
2799.450844075192,28.013215502848176,-0.024744063273324114
2802.8124299355336,28.01024621525538,-0.025531884355413155
2806.173659481364,28.00718238913273,-0.02726916292851696
2809.5345213680603,28.003910089581307,-0.0269793922960843
2812.89499057881,28.000672562505777,-0.027681132785508007
2816.255071286311,27.997350826571516,-0.027860630459527143
2819.614753385499,27.994007550916372,-0.027559149202370924
2822.9740342916093,27.99070045301209,-0.027991297351947886
2826.332918345971,27.987341497329854,-0.027450969069168826
2829.6913993256503,27.984047381041552,-0.02869539142026895
2833.0494850113755,27.98060393407112,-0.030251577879371234
2836.407157483464,27.976973744725594,-0.0306974061686615
2839.7643943328308,27.973290055985355,-0.03278697130286749
2843.121189139549,27.96935561942901,-0.03492021336595817
2846.4775118138805,27.965165193825094,-0.038019431316353554
2849.8333316371395,27.96060286206713,-0.0375515145622428
2853.1886039805877,27.95609668031966,-0.03689126559607829
2856.543335582226,27.95166972844813,-0.03601260475125981
2859.89753594964,27.94734821587798,-0.03530581134574342
2863.251217735545,27.943111518516492,-0.03462122664232012
2866.604391117767,27.938956971319413,-0.03432327392913706
2869.9570659543256,27.93483817844792,-0.03398620154049737
2873.3092465357395,27.93075983426306,-0.03408197777781936
2876.660937715851,27.92666999692972,-0.033691219368475925
2880.0121381154827,27.922627050605506,-0.03370887186990252
2883.362853361555,27.918581985981117,-0.03282774872567507
2886.713083199873,27.914642656134035,-0.03236450823680696
2890.0628403186092,27.910758915145617,-0.03150018609964603
2893.4121313884266,27.906978892813658,-0.031113871680717973
2896.7609688555644,27.903245228211972,-0.03049073762060195
2900.10935828295,27.8995863396975,-0.029603030791448433
2903.4573086437135,27.896033976002524,-0.028961035752978447
2906.804832720834,27.892558651712168,-0.028383401019248085
2910.1519397590396,27.88915264358986,-0.028251994000057
2913.4986380762703,27.885762404309855,-0.028122096665008766
2916.8449295647874,27.882387752710052,-0.027982539313273547
2920.1908160951125,27.87902984799246,-0.027443443315789597
2923.5362996768717,27.875736634794563,-0.026746156944046046
2926.881388073047,27.872527095961278,-0.026115361354115737
2930.2260913245627,27.869393252598783,-0.025487726819644854
2933.5704185148747,27.866334725380426,-0.024957843984181154
2936.9143786819204,27.863339784102326,-0.024104756670523253
2940.257979456013,27.860447213301864,-0.023501030946434066
2943.6012331216093,27.85762708958829,-0.02256248252529836
2946.94414837236,27.854919591685256,-0.02168550599352238
2950.2867387233623,27.852317330966034,-0.020935098208878036
2953.6290168030782,27.849805119180967,-0.020370739227257254
2956.9709934173798,27.847360630473695,-0.01978541973154625
2960.312676693037,27.844986380105908,-0.01900139710385442
2963.6540750586496,27.842706212453447,-0.018231978674982895
2966.995199804144,27.840518375012447,-0.01784719823313137
2970.3360620091453,27.83837671122447,-0.017251337184060866
2973.676667214492,27.836306550762384,-0.016762504801688838
2977.0170240005837,27.83429505018618,-0.01595681096612566
2980.357139406606,27.832380232870246,-0.015321771118901206
2983.6970250345507,27.83054162033598,-0.014683576309618458
2987.036690028991,27.828779591178826,-0.013974704499440072
2990.3761435799324,27.827102626638894,-0.013409342231221432
2993.715395895129,27.825493505571146,-0.012927438888893913
2997.0544551157973,27.823942212904477,-0.012703183999734819
3000.3933281813456,27.82241783082451,-0.012488037226236282
3003.7320183210445,27.82091926635736,-0.012161112594734043
3007.0705286330076,27.819459932845994,-0.011964942756229661
3010.408863824949,27.81802413971525,-0.011613562713291744
3013.747026721715,27.816630512189654,-0.011164845606055475
3017.0850223831776,27.815290730716928,-0.010422062538660402
3020.4228572708635,27.814040083212287,-0.009714415185119618
3023.760542080849,27.81287435339007,-0.009040886148672721
3027.098087003256,27.81178944705223,-0.00841561677537869
3030.435501736902,27.810779573039184,-0.007861813219220777
3033.7727952856667,27.809836155452878,-0.0073906310591222634
3037.109975624321,27.808949279725784,-0.006950079268269846
3040.4470495378882,27.80811527021359,-0.006573059954913741
3043.7840233703137,27.807326503019002,-0.006091651779925294
3047.120902550676,27.80659550480541,-0.005639157909642753
3050.4576940112524,27.805918805856255,-0.005056092043775945
3053.794404267955,27.805312074811003,-0.0045546392920743145
3057.1310417169325,27.804765518095955,-0.004044242672966187
3060.467613579104,27.8042802089752,-0.0036227499061245623
3063.804127204181,27.803845478986464,-0.0031860511343275535
3067.1405886616594,27.803463152850345,-0.002775611580671963
3070.4770042400014,27.803130079460665,-0.0024050097666100823
3073.813379849537,27.802841478288673,-0.002099910097224118
3077.1497208269316,27.802589489077008,-0.0018570396946981386
3080.486031565621,27.802366644313643,-0.0015940373432128947
3083.8223155629385,27.802175359832457,-0.0012910566127794188
3087.1585766061185,27.802020433038923,-0.000929136063596065
3090.494819058083,27.801908936711293,-0.0005749902941543228
3093.8310481304884,27.801839937875993,-0.00025364309572962286
3097.1672689230336,27.801809500704504,9.233527261132326e-05
3100.503486063118,27.801820580937218,0.00040900795504452444
3103.8397045328306,27.80186966189182,0.0007380429654701994
3107.1759288922576,27.801958227047677,0.0010308803599845652
3110.5121638795035,27.802081932690875,0.0013454016469513132
3113.8484137114265,27.80224338088851,0.0016448737897806996
3117.184682917133,27.80244076574328,0.0018777561679402563
3120.5209758090223,27.802666096483435,0.00208967348332923
3123.8572957406004,27.802916857301433,0.0023047522735046427
3127.1936457634765,27.803193427574254,0.0025160211672198536
3130.5300289747856,27.80349535011432,0.0027151231293232494
3133.8664484167994,27.80382116488984,0.002859909593546895
3137.202906956586,27.804164354041067,0.003054502057606154
3140.539406679071,27.80453089428798,0.003227765678784054
3143.8759503863853,27.804918226169434,0.0034162614185439225
3147.2125405735255,27.80532817753966,0.003558923393679824
3150.5491799548304,27.8057552483469,0.003687320882089317
3153.885870584632,27.80619772685275,0.0038033346565081623
3157.222614311854,27.806654127011534,0.0038788797229566433
3160.5594128070957,27.80711959257829,0.0039207089280419915
3163.896267158205,27.807590077649653,0.003937245547775851
3167.233177967523,27.808062547115387,0.0039580885723238795
3170.5701454731766,27.808537517744067,0.004004525934403645
3173.907169975306,27.809018060856197,0.00405360907889946
3177.2442521426087,27.809504493945663,0.004136745621499611
3180.5813926818823,27.810000903420242,0.0042256625648450065
3183.9185927902927,27.810507982928023,0.004320373956540731
3187.255853748244,27.81102642780281,0.004392432695086525
3190.5931769195804,27.811553519726218,0.004442970750604663
3193.9305633419476,27.81208667621629,0.004476831069662982
3197.2680137430934,27.81262389594465,0.004489289179111841
3200.6055286106066,27.813162610646145,0.0044853288433012875
3203.943108123884,27.81370085010734,0.004477719423914308
3207.280752225897,27.814238176438213,0.0044696415835803445
3210.6184608070694,27.814774533428242,0.0044774091939748
3213.9562337510806,27.81531182253152,0.00448259951893656
3217.2940711697843,27.815849734473794,0.0044952027785075425
3220.6319731379212,27.816389158807215,0.004488562787438319
3223.969939836978,27.816927786341708,0.004472742698576843
3227.307971171339,27.817464515465538,0.004433408832029105
3230.6460669131948,27.81799652452538,0.004390226504880266
3233.984226496138,27.818523351705966,0.00433576639815667
3237.3224492983427,27.819043643673744,0.004274460236463023
3240.6607345355837,27.81955657890212,0.004202444865571297
3243.999081325052,27.82006087228599,0.00412751573308096
3247.337488629726,27.82055617417396,0.004063125753374482
3250.675955370627,27.821043749264362,0.004007992804812322
3254.0144806205385,27.82152470840094,0.003954276190651707
3257.353063585547,27.82199922154382,0.003898055584399368
3260.691703492132,27.822466988213947,0.0038366218834293775
3264.0303995307177,27.822927382839957,0.0037797301286156926
3267.3691508166585,27.82338095045539,0.003713098093050482
3270.707956530713,27.823826522226558,0.0036425732744526386
3274.04681571338,27.82426363101949,0.003568004445813693
3277.3857273491026,27.82469179155299,0.0034925674689578064
3280.724690364089,27.825110899649264,0.0034130210310631777
3284.063703672047,27.825520462172992,0.003322672086183522
3287.4027661275077,27.825919182823334,0.0032319012618572803
3290.7418764294466,27.826307010974755,0.0031422162564247917
3294.081033270764,27.826684076925527,0.0030506533055490778
3297.420235359995,27.827050155322194,0.0029598487938976275
3300.7594813786336,27.827405337177463,0.0028657431026514577
3304.098770019095,27.82774922634978,0.002779049536981176
3307.4380999262567,27.82808271229422,0.002686718172560557
3310.777469851732,27.828405118474926,0.0025917937503260567
3314.116878465949,27.828716133724964,0.002489458490607828
3317.456324401996,27.829014868743837,0.0023845866514965067
3320.795806186245,27.829301019142015,0.002277383895698525
3324.135322308542,27.829574305209498,0.0021661932071027393
3327.474871225167,27.82983424839435,0.002053766638957967
3330.8144513349744,27.830080700391022,0.0019447949321707023
3334.1540610190214,27.830314075782884,0.0018413702567515499
3337.4936987081155,27.830535040213693,0.0017465701831961456
3340.833362912941,27.830744628635678,0.0016555536290062101
3344.1730522683774,27.830943295071158,0.0015696783960687719
3347.512765463786,27.831131656478686,0.0014823948130122076
3350.8525012625632,27.831309543856246,0.0013930461351501864
3354.192258407826,27.831476709392465,0.0013000192086287858
3357.532035612953,27.8316327116975,0.0012050979032678772
3360.871831538357,27.831777323445895,0.00110951399476691
3364.2116448171705,27.831910465125265,0.0010135988078063297
3367.5514740729855,27.832032096982203,0.0009195049206640808
3370.8913179246233,27.832142437572685,0.0008293576191480812
3374.231175017132,27.832241960486982,0.0007434091675637622
3377.5710440523903,27.83233116958709,0.0006611756274753245
3380.910923792741,27.832410510662385,0.0005798751574068966
3384.2508130540205,27.832480095681273,0.0004999204580682225
3387.5907106655022,27.83254008613624,0.0004179425135916708
3390.9306154758387,27.832590239237874,0.00033525622029047675
3394.2705263045473,27.83263046998431,0.0002505331077352924
3397.6104419609455,27.832660533957238,0.00016764630641097092
3400.9503612250205,27.832680651514007,8.62283725138093e-05
3404.2902829032023,27.832690998918707,7.112741118595311e-06
3407.6302058230726,27.832691852447642,-6.95178797623688e-05
3410.970128845366,27.832683510302072,-0.0001422248111689928
3414.3100508666025,27.832666443324733,-0.0002101545506757581
3417.6499708398014,27.83264122477865,-0.00027467761769426566
3420.989887786775,27.83260826346453,-0.00033781098035596136
3424.3298007783906,27.832567726146888,-0.0003987870416410783
3427.6697089055283,27.83251987170189,-0.000458414352288734
3431.0096112901324,27.832464861979616,-0.0005158126684829123
3434.34950707357,27.832402964459398,-0.0005733112721309162
3437.689395429305,27.83233416710674,-0.0006294888065585483
3441.0292755293576,27.832258628449953,-0.0006838057029543167
3444.3691465647717,27.832176571765597,-0.0007363176051575434
3447.7090077533835,27.832088213652977,-0.0007871826658482233
3451.048858339022,27.831993751733076,-0.0008368959057131346
3454.38869758923,27.831893324224392,-0.0008840843084560977
3457.728524788137,27.831787234107377,-0.0009288513719312893
3461.0683392562296,27.831675771942745,-0.0009717547321415062
3464.4081403488626,27.831559161374887,-0.001012230585936482
3467.7479274482275,27.831437693704576,-0.0010511202330874213
3471.087699971472,27.831311559276607,-0.0010878814638125886
3474.427457358585,27.83118101350095,-0.0011243152590343435
3477.767199080205,27.831046095669866,-0.0011598893711616345
3481.1069246116854,27.830906908945327,-0.0011945367364311567
3484.446633440759,27.830763564536955,-0.0012275383049755772
3487.786325068503,27.830616259940356,-0.0012586749284798587
3491.125999019696,27.830465218948937,-0.001287736159316283
3494.4656548459698,27.83031069060982,-0.0013142128660893696
3497.805292128843,27.83015298506589,-0.0013375321007601736
3501.144910487051,27.8299924812138,-0.001358042222593256
3504.484509584797,27.82982951614709,-0.001375752244396903
3507.8240891267346,27.829664425877763,-0.0013917827777838662
3511.16364885784,27.829497411944427,-0.0014063484740547748
3514.5031885472736,27.82932865012754,-0.0014204786553556987
3517.842707985289,27.829158192688897,-0.0014339324484404288
3521.1822069684117,27.828986120795083,-0.0014465507863659715
3524.521685302907,27.82881253470072,-0.0014577763770544493
3527.861142807071,27.828637601535473,-0.0014674248212399766
3531.200579319255,27.828461510556924,-0.0014753095747663566
3534.539994700522,27.82828447340795,-0.0014810914127481461
3537.879388837331,27.828106742438422,-0.0014847973254509099
3541.218761646424,27.82792856675937,-0.0014868262639375668
3544.558113074435,27.827750147607695,-0.0014876542191686864
3547.897443092148,27.827571629101396,-0.001487671620692456
3551.23675168764,27.82739310850691,-0.0014868225149492972
3554.576038860661,27.827214689805118,-0.001485536017598741
3557.9153046234374,27.827036425483005,-0.001483522724801966
3561.2545489944955,27.826858402756027,-0.001480704188511594
3564.5937720028264,27.826680718253407,-0.0014764344419652552
3567.9329736890168,27.82650354612037,-0.0014707176791240127
3571.272154114551,27.826327059998874,-0.0014635419689817747
3574.611313361751,27.826151434962597,-0.0014548755340027272
3577.9504515339463,27.825976849898517,-0.0014447239225924395
3581.289568755934,27.825803483027805,-0.0014333010653850126
3584.6286651738974,27.825631486899958,-0.0014209646511295659
3587.9677409523256,27.825460971141823,-0.0014080186740706977
3591.3067962688624,27.825292008900934,-0.0013942536082370736
3594.6458313099306,27.825124698467945,-0.0013799212046706959
3597.984846273747,27.824959107923384,-0.0013649606349497969
3601.3238413666977,27.82479531264719,-0.0013496240483205377
3604.6628168042153,27.824633357761392,-0.0013336285388762278
3608.0017728071466,27.824473322336726,-0.001316909370566522
3611.340709605827,27.82431529321226,-0.001299542418656524
3614.6796274410126,27.82415934812202,-0.0012815501995893605
3618.0185265627874,27.82400556209807,-0.0012629919121382178
3621.357407230239,27.82385400306861,-0.0012438073271095825
3624.6962697106073,27.823704746189357,-0.001224092345848991
3628.03511428015,27.823557855107854,-0.0012039947876526754
3631.373941222763,27.823413375733335,-0.09600927264525942
3634.712750827851,27.811892263015903,-0.15806141287263636
3638.0501778994126,27.792924893471188,-0.17353227004299393
3641.385328886629,27.772101021066028,-0.18919271534198312
3644.717981009157,27.74939789522499,-0.20558534828989752
3648.047908756584,27.724727653430204,-0.22089142468218384
3651.374876074996,27.698220682468342,-0.2404847004253701
3654.698662556892,27.669362518417298,-0.25835411954725646
3658.018986059102,27.638360024071627,-0.2794221500861393
3661.3355892619907,27.604829366061292,-0.2980319200180822
3664.648168785918,27.56906553565912,-0.3177680781233826
3667.956456650197,27.530933366284316,-0.3351886731598651
3671.260168654151,27.49071072550513,-0.35400804788476914
3674.559053941212,27.44822975975896,-0.36849185636367904
3677.852841512383,27.404010736995318,-0.3857741119585297
3681.1413228008223,27.357717843560295,-0.4044119147546476
3684.4242489420494,27.309188413789737,-0.41726128778417176
3687.701351551704,27.259117059255637,-0.43003242050789603
3690.972445598815,27.20751316879469,-0.4413294651698202
3694.23734717907,27.154553632974313,-0.456974523224944
3697.495893615027,27.099716690187318,-0.47294754218336177
3700.7478596178494,27.042962985125314,-0.5309148516201772
3703.9930151760645,26.97925320293089,-0.5632887159386112
3707.230525560416,26.911658557018256,-0.5705451761183951
3710.4599245872582,26.84319313588405,-0.5774033085624422
3713.6811077635643,26.773904738856558,-0.5845922572254464
3716.8939763322273,26.703753667989506,-0.5941566344508435
3720.098426772386,26.632454871855405,-0.6036299631641237
3723.294321357009,26.56001927627571,-0.6125242257184811
3726.481523670162,26.48651636918949,-0.6209659063203958
3729.659905634465,26.412000460431045,-0.6283834544718115
3732.829345689717,26.336594445894427,-0.6344682285018481
3735.9897370232243,26.260458258474205,-0.6420009688850872
3739.140992014241,26.183418142207994,-0.6671471976792477
3742.283002191306,26.103360478486486,-0.6711852587923719
3745.4154054487244,26.022818247431402,-0.6740500155373674
3748.5381436384164,25.941932245566917,-0.6797936308025053
3751.6511755078845,25.86035700987062,-0.6842559281169159
3754.754418349069,25.77824629849659,-0.6911256158055764
3757.8478079048887,25.695311224599923,-0.6952299800918537
3760.9312452518407,25.6118836269889,-0.701184023797291
3764.0046712870794,25.527741544133224,-0.7090018035164538
3767.0680002723752,25.44266132771125,-0.7152045202703934
3770.1211196317004,25.3568367852788,-0.7228789548206386
3773.163940045934,25.270091310700323,-0.7267265255016288
3776.196351003218,25.18288412764013,-0.7332883715561822
3779.2182970985345,25.094889523053386,-0.7420414883862132
3782.229683841301,25.00584454444704,-0.750431780661314
3785.2303851866345,24.91579273076768,-0.7591851781917647
3788.220280314327,24.82469050938467,-0.7708072700379801
3791.199243175453,24.732193636980114,-0.7858350122199973
3794.1671064118905,24.637893435513714,-0.7952092396422394
3797.123653624152,24.542468326756644,-0.8009914862496744
3800.068749823363,24.446349348406684,-0.8079023622358491
3803.0023117451715,24.349401064938384,-0.816333432632898
3805.924239872964,24.251441053022436,-0.8226846090532517
3808.8344127993264,24.152718899936048,-0.8285239045316118
3811.7327390673186,24.053296031392254,-0.8359592587689616
3814.6191345910856,23.95298092033998,-0.8450775905820732
3817.4934923015267,23.85157160947013,-0.854616149423273
3820.3556808946632,23.749017671539338,-0.862074511342645
3823.205563015248,23.64556873017822,-0.8686328878750206
3826.0430312628696,23.541332783633216,-0.8747674999344848
3828.8679911969057,23.436360683641077,-0.880115399530675
3831.6803544789427,23.330746835697397,-0.8861142930900558
3834.4800440992262,23.22441312052659,-0.8923453974322091
3837.2669736736893,23.117331672834727,-0.8988109326392036
3840.0410534744296,23.009474360918023,-0.9056947794485569
3842.8021903977397,22.900790987384198,-0.9114730275927043
3845.5502853162257,22.791414224073073,-0.9196523624337446
3848.2852550231146,22.68105594058102,-0.9292209053260702
3851.0069817359845,22.569549431941894,-0.9397208520731234
3853.7153276678173,22.45678292969312,-0.9450632649744142
3856.4101416193803,22.34337533789619,-0.9480981778951171
3859.0913466599277,22.229603556548778,-0.9510101050371302
3861.7588990867134,22.115482343944322,-0.9538639110392735
3864.4127569679868,22.00101867461961,-0.9571081484958209
3867.0528792089412,21.88616569680011,-0.9596826068954091
3869.679219092557,21.77100378397266,-0.9630433745370821
3872.291739546634,21.65543857902821,-0.9662657267284349
3874.890392176117,21.539486691820798,-0.9679555950776775
3877.4751305791356,21.423332020411475,-0.9704356938060629
3880.045930421585,21.30687973715475,-0.9726334174472139
3882.6027559900435,21.190163727061083,-0.9347087231081348
3885.1455756372907,21.077998680288108,-0.8464941896060586
3887.6749354789254,20.97641937753538,-0.8260989690343024
3890.1921058042294,20.877287501251264,-0.8102694839355182
3892.6973803043797,20.780055163179,-0.7913376980180624
3895.190986923961,20.685094639416832,-0.7736495558897892
3897.6731982806914,20.592256692710055,-0.7545748743760549
3900.1442690838167,20.501707707784927,-0.7337749756618385
3902.604474008751,20.413654710705508,-0.7146333554165208
3905.0541125740356,20.327898708055525,-0.6925619622255467
3907.493460419002,20.244791272588458,-0.6728124375437601
3909.9228353717126,20.164053780083208,-0.6512204448413051
3912.342521825323,20.08590732670225,-0.6323822843049054
3914.7528307045272,20.01002145258566,-0.6135777306340671
3917.1540332788377,19.936392124909574,-0.5976355887253771
3919.546400333827,19.86467585426253,-0.5774611720622791
3921.9301614363385,19.795380513615054,-0.5608050109382747
3924.3056070979724,19.728083912302463,-0.5470151342113607
3926.6729771674486,19.6624420961971,-0.5314895296797415
3929.0324702189923,19.59866335263553,-0.5159223779647456
3931.3843098213088,19.53675266727976,-0.4971056582777076
3933.7287201413824,19.477099988286437,-0.47926304841978135
3936.0659721399766,19.419588422476064,-0.4592153820344458
3938.396322750674,19.364482576631932,-0.441814195100086
3940.7200606598694,19.311464873219922,-0.42786504010623455
3943.0374364446557,19.260121068407173,-0.4138269668765233
3945.3486509728646,19.21046183238199,-0.39894223750097274
3947.6539063927503,19.162588763881875,-0.38300996701343626
3949.9534170444163,19.11662756784026,-0.36924790092353726
3952.247412352557,19.072317819729438,-0.35490656603738513
3954.536090490925,19.02972903180495,-0.3422064712009706
3956.8196579747414,18.988664255260836,-0.3297681520783453
3959.098297685373,18.949092077011436,-0.31870373071075875
3961.372188734614,18.910847629326145,-0.3044130753577739
3963.6414904501335,18.874318060283212,-0.2914235482683367
3965.9064086173676,18.83934723449101,-0.2815640686282657
3968.1671302855066,18.80555954625562,-0.27178252240601514
3970.423797431057,18.772945643566896,-0.26007546183182517
3972.676550908285,18.741736588147077,-0.2471400570010463
3974.925559298863,18.71207978130695,-0.23403247526182072
3977.17100887262,18.683995884275532,-0.22383265667663768
3979.413088378733,18.657135965474335,-0.21217197155668494
3981.65194469459,18.631675328887532,-0.2011977563010508
3983.8877457340564,18.607531598131406,-0.19075875035512999
3986.120649525832,18.58464054808879,-0.1795709620439389
3988.350806391603,18.563092032643517,-0.16897489061990023
3990.57837743552,18.542815045769128,-0.15511567466313336
3992.803515241012,18.52420116480955,-0.14143572572975066
3995.0264193807893,18.50722887772198,-0.09778033340161595
3997.247286846116,18.495495237713786,-0.020467608374802146
3999.4667462746415,18.49303912470881,-0.008556380595636195
4001.6859109696065,18.492012359037336,0.00017834655778636323
4003.904952452691,18.49203376062427,0.005275287768541134
4006.123996503966,18.492666795156495,0.009313649707619321
4008.3431165193847,18.49378443312141,0.015357013142399593
4010.5623706513593,18.495627274698496,0.02361857380908873
4012.781845924323,18.498461503555585,0.0311310051702203
4015.0016613047496,18.50219722417601,0.04080337042359111
4017.221924971651,18.507093628626844,0.048348380467693776
4019.442776207086,18.512895434282967,0.057410748962733564
4021.6643236592,18.519784724158495,0.06413301682070018
4023.886697826099,18.52748068617698,0.07104438728138054
4026.10999550844,18.536006012650745,0.07495797228946713
4028.334316229958,18.545000969325482,0.08296578652221488
4030.559716346277,18.55495686370815,0.08739500743263984
4032.786311169922,18.565444264600067,0.08986290620342591
4035.014164481674,18.576227813344477,0.09298696390367717
4037.2433118192753,18.58738624901292,0.0966699100586045
4039.473798169157,18.59898663821995,0.10424742562703741
4041.7056765657435,18.611496329295196,0.1112344286546504
4043.939056125259,18.624844460733755,0.11999234417744375
4046.174037460547,18.639243542035047,0.1260074403318994
4048.410746685591,18.654364434874875,0.12936343996171804
4050.6492704177763,18.66988804767028,0.13235279183389798
4052.889656983497,18.685770382690347,0.13593096616554262
4055.13194942942,18.70208209863021,0.1402271446925686
4057.3761992812556,18.71890935599332,0.1424859933576902
4059.622468403975,18.73600767519624,0.14467309667233616
4061.8707893249984,18.753368446796923,0.1447898425699128
4064.121193538614,18.770743227905314,0.14550127707565924
4066.3736827259627,18.788203381154393,0.1453988569659438
4068.6282671317013,18.805651243990305,0.14813399030718347
4070.88494528098,18.82342732282717,0.14945509554086778
4073.1437565597193,18.841361934292074,0.14830855567935886
4075.4047199918346,18.8591589609736,0.14769132129536303
4077.6678190671514,18.87688191952904,0.14851815392982187
4079.9330448974947,18.89470409800062,0.15034261332635984
4082.2004093892547,18.912745211599784,0.15188878346844045
4084.469938814647,18.930971865615998,0.15073596717567658
4086.741655438521,18.94906018167708,0.15077704896840807
4089.015542660322,18.96715342755329,0.1495533280378528
4091.2916010716285,18.985099826917832,0.14816123001365666
4093.5698130508586,19.00287917451947,0.1473171673672432
4095.850158551801,19.02055723460354,0.14635488994074003
4098.132625419954,19.038119821396428,0.1485471708421418
4100.417199798521,19.055945481897485,0.150338176772174
4102.703913256349,19.073986063110144,0.15166241095985014
4104.992791583922,19.092185552425327,0.15578176951971084
4107.283853850213,19.110879364767694,0.16074939184586154
4109.577159373985,19.130169291789198,0.1644120380252398
4111.872779688999,19.149898736352228,0.16199155388131714
4114.170767537361,19.169337722817986,0.15907285786533987
4116.471088064099,19.188426465761825,0.15590784630367213
4118.7736992399905,19.207135407318265,0.15303318050143008
4121.078555488869,19.225499388978438,0.1505089828827746
4123.385615415546,19.24356046692437,0.1485657651372338
4125.694842671577,19.261388358740838,0.14685155168911712
4128.006209274626,19.27901054494353,0.14539820598659373
4130.319690540019,19.296458329661924,0.1434170422508669
4132.6352655395785,19.31366837473203,0.14131165738139972
4134.952905744546,19.330625773617797,0.13797653656905848
4137.272580837381,19.347182958006083,0.13493974787555085
4139.594242792341,19.363375727751148,0.13157721714125947
4141.917847879671,19.3791649938081,0.12880224110944383
4144.243347678928,19.394621262741232,0.1254118671887687
4146.570702230457,19.409670686803885,0.1218073322886859
4148.899862712873,19.424287566678526,0.11869169818213483
4151.230777220874,19.438530570460383,0.1160501308432779
4153.563400889329,19.452456586161578,0.11412792373162575
4155.897695679669,19.46615193700937,0.1121614442038504
4158.23363391211,19.47961131031383,0.10981154149061556
4160.571187269348,19.492788695292706,0.10662386643615754
4162.910321912784,19.505583559265045,0.1031863758830196
4165.250991939895,19.51796592437101,0.09984436349641437
4167.59314785082,19.529947247990577,0.09658428420141035
4169.936741520579,19.541537362094747,0.09323935381015255
4172.28172600403,19.552726084551967,0.08957680649060348
4174.628053134176,19.56347530133084,0.08607278998294336
4176.975670170336,19.57380403612879,0.08207133743560455
4179.324526654672,19.583652596621064,0.07827870246390717
4181.674564966266,19.593046040916732,0.07484989066032703
4184.025730491177,19.60202802779597,0.07170657196230404
4186.377973854512,19.610632816431448,0.06836214689745398
4188.731249792483,19.61883627405914,0.06470823712184835
4191.08551014537,19.626601262513763,0.06140921065089743
4193.440702296872,19.63397036779187,0.05859431034366521
4195.796778741007,19.64100168503311,0.05553230054576067
4198.153698943211,19.647665561098602,0.0524238254985925
4200.511418810543,19.653956420158433,0.04897525021019644
4202.869893580962,19.65983345018366,0.045859504892141856
4205.229073594984,19.665336590770714,0.042737822819032545
4207.588913985876,19.670465129508997,0.03967864815763528
4209.949369801418,19.675226567287915,0.03698292187553588
4212.310396989492,19.67966451791298,0.034673701374347464
4214.671956731641,19.6838253620779,0.03283106946575372
4217.034015775091,19.68776509041379,0.030953729737426765
4219.39654758594,19.691479537982282,0.029040458771238162
4221.759525130498,19.69496439303483,0.0272574836758799
4224.122920857662,19.698235291075935,0.02517443724185318
4226.486709092592,19.70125622354496,0.022728905615750725
4228.850859839417,19.70398369221885,0.01985850350747399
4231.215337882483,19.706366712639745,0.017106978558012815
4233.580101888,19.708419550066708,0.014482481346312404
4235.945112234008,19.710157447828266,0.012028385658281498
4238.310331127747,19.71160085410726,0.009786504681472801
4240.67572323024,19.71277523466904,0.007725137152200457
4243.0412562584,19.7137022511273,0.005780517081620612
4245.406900528535,19.714395913177096,0.0038682199888677494
4247.772628038116,19.71486009957576,0.001817613375017984
4250.138411250065,19.71507821318076,-0.0002790018832641169
4252.504220635647,19.71504473295477,-0.0025098306118212016
4254.870026003601,19.71474355328135,-0.004589934447112192
4257.235795229995,19.714192761147697,-0.006586696563257942
4259.601498361333,19.713402357560106,-0.00841878102206691
4261.967106644241,19.71239210383746,-0.010225400170758115
4264.332593696701,19.711165055816966,-0.011926710133629623
4266.697933503399,19.70973385060093,-0.013483286763468884
4269.063101565472,19.708115856189313,-0.014862055600680109
4271.428075468214,19.70633240951723,-0.01614052027282103
4273.792835357356,19.70439554708449,-0.017474282655127127
4276.157362823006,19.702298633165878,-0.018910460944849106
4278.521638658986,19.700029377852495,-0.020423530615279788
4280.885642184328,19.697578554178662,-0.02187915546807358
4283.24935161083,19.694953055522493,-0.023277950213239963
4285.6127459774925,19.692159701496905,-0.024669606908602138
4287.975805141672,19.689199348667874,-0.02599732962427227
4290.338509063512,19.68607966911296,-0.0272931637889036
4292.700838623806,19.68280448945829,-0.028524804298549443
4295.062775162541,19.679381512942467,-0.0297593804095492
4297.424300944093,19.67581038729332,-0.030895031464386893
4299.785398190568,19.672102983517593,-0.031884770493571635
4302.14605054859,19.668276811058366,-0.03282459932016387
4304.506243765917,19.664337859139945,-0.03374648266970295
4306.865964309014,19.66028828121958,-0.03462818813740731
4309.22519890276,19.65613289864309,-0.035419609182521815
4311.583934850597,19.651882545541188,-0.0361335648408925
4313.942160756062,19.64754651776028,-0.03688276324590993
4316.299866338193,19.64312058617077,-0.03757605575316095
4318.657040808534,19.63861145948039,-0.03822387564295307
4321.013674183671,19.634024594403236,-0.038750739439319365
4323.369757134999,19.62937450567052,-0.039210472968816495
4325.72528207568,19.624669248914262,-0.03958425394296406
4328.08024238555,19.619919138441105,-0.0398337468276583
4330.434632682163,19.615139088821785,-0.03997908311306153
4332.788449372822,19.61034159884822,-0.040057964152931225
4335.141690364683,19.605534643149866,-0.04013579436262562
4337.494354521861,19.60071834782635,-0.04022923366478481
4339.846440723601,19.595890839786577,-0.04032576450750926
4342.197947624375,19.591051748045675,-0.04045450292666082
4344.548873834141,19.586197207694475,-0.04056900876292759
4346.899217499064,19.581328926642925,-0.04064770865000003
4349.2489769702615,19.576451201604925,-0.04064516839700724
4351.598151114454,19.571573781397284,-0.04056841039021835
4353.946739968222,19.566705572150457,-0.04042314741380272
4356.29474463688,19.5618547944608,-0.04020778768570691
4358.642167212215,19.557029859938513,-0.03994264986234985
4360.989010795408,19.55223674195503,-0.03965246244840655
4363.3352792044425,19.547478446461223,-0.03935623412075626
4365.680976618018,19.542755698366733,-0.03906577739599088
4368.026107301822,19.538067805079216,-0.0387576272500061
4370.370675438431,19.533416889809214,-0.03842587231065728
4372.714685465208,19.528805785131937,-0.038034023688247695
4375.058142159424,19.52424170228935,-0.0375879422206555
4377.401051163699,19.51973114922287,-0.03708093060345085
4379.743418901606,19.515281437550456,-0.03654139501291673
4382.085252674112,19.510896470148907,-0.03596240546882128
4384.426560250529,19.50658098149265,-0.035350204314906424
4386.767349968309,19.50233895697486,-0.034706770000626885
4389.107630643146,19.498174144574786,-0.03405726840879615
4391.447411540495,19.494087272365732,-0.03342354173147452
4393.786702013179,19.490076447357954,-0.032796960823339286
4396.125511186862,19.48614081205915,-0.03216112876316521
4398.46384808431,19.48228147660757,-0.03150739464063537
4400.801721861502,19.478500589250697,-0.03083933548792177
4403.139141932213,19.474799868992147,-0.030162502184006828
4405.476117916492,19.471180368730067,-0.029459260365654504
4407.812659560739,19.46764525748619,-0.028740744919246677
4410.1487769916375,19.46419636809588,-0.02801042001828217
4412.484480555809,19.460835117693687,-0.02727186038216361
4414.819780769932,19.457562494447828,-0.026515164165803143
4417.1546882692655,19.45438067474793,-0.025738293216967127
4419.489213950235,19.451292079561895,-0.024959787973899476
4421.823368999782,19.448296905005027,-0.024179484147005145
4424.157164628383,19.445395366907388,-0.023394300624424234
4426.490612072412,19.442588050832455,-0.022605322019092662
4428.823722638512,19.439875412190165,-0.021814500278962718
4431.156507687974,19.43725767215669,-0.02102927931537589
4433.488978608633,19.434734158638847,-0.020231008749534474
4435.82114670767,19.432306437588903,-0.019421721215232494
4438.15302348018,19.429975831043073,-0.018598206786538635
4440.484620579906,19.42774404622869,-0.017769560515365834
4442.815949865453,19.425611698966843,-0.016935644118036046
4445.147023269329,19.42357942167268,-0.01609672866446303
4447.47785279993,19.421647814232944,-0.015261606446049451
4449.808450537637,19.41981642145942,-0.014439935128285585
4452.138828508212,19.418083629244023,-0.013637877183833117
4454.468998543722,19.416447083981964,-0.012856847272585776
4456.798972193799,19.414904262309253,-0.01209017640050168
4459.128760705276,19.413453441141193,-0.011335275162091759
4461.458375118214,19.412093208121743,-0.010581412625174442
4463.787826303188,19.410823438606723,-0.009826978466930765
4466.117125115821,19.40964420119069,-0.009071411994239845
4468.4462824199645,19.408555631751383,-0.00831937726142622
4470.775309095775,19.40755730648001,-0.007573813759145626
4473.104215972552,19.406648448828914,-0.006837506084243003
4475.433013786412,19.405827948098803,-0.006116025137641053
4477.761713140184,19.405094025082285,-0.005413206853581481
4480.090324423194,19.404444440259855,-0.004729050304525589
4482.418857756025,19.40387695422331,-0.004060365357919037
4484.747322990532,19.40338971038036,-0.003402748979723757
4487.0757297557775,19.402981380502794,-0.0027542690042844007
4489.404087521438,19.40265086822228,-0.002110711661200246
4491.732405625625,19.402397582822935,-0.0014737506039397515
4494.060693335564,19.40222073275046,-0.0008449024357134009
4496.388959823494,19.402119344458175,-0.00023087226019203217
4498.717214144829,19.402091639786953,0.0003678220336806319
4501.045465141604,19.402135778430996,0.000949292634053951
4503.373721435016,19.40224969354708,0.0015118377898937073
4505.701991398241,19.402431114081867,0.0020523445258689953
4508.030283131931,19.402677395424973,0.0025705980726697976
4510.358604419383,19.402985867193692,0.0030706060549133165
4512.6869627234455,19.40335433992028,0.0035551398252589217
4515.015365244236,19.40378095669931,0.004023525231482911
4517.34381895904,19.40426377972709,0.004476256608161771
4519.672330612607,19.404800930520068,0.0049134822711352595
4522.000906724269,19.405390548392603,0.00533763105154822
4524.329553590076,19.40603106411879,0.005745706462151742
4526.658277317771,19.406720548894246,0.006136789048774737
4528.987083783638,19.4074569635801,0.006511123651332753
4531.315978619267,19.408238298418258,0.006869485579073299
4533.6449672150775,19.409062636687747,0.007211800921962428
4535.9740547314805,19.40992805279838,0.007536166612984486
4538.303246097817,19.41083239279194,0.00784348750254768
4540.632545984951,19.411773611292244,0.008134477968043514
4542.961958818307,19.41274974864841,0.008409060499677793
4545.291488788144,19.41375883590837,0.008668317244508665
4547.621139848453,19.41479903397771,0.00891284122054202
4549.95091573253,19.415868574924176,0.009145187050168918
4552.280819961521,19.416965997370195,0.009364406756751844
4554.610855881206,19.418089726181005,0.009569853911436686
4556.941026648347,19.41923810865038,0.009760246418660192
4559.271335221385,19.42040933822062,0.009935205365750743
4561.601784341971,19.42160156286451,0.010094182595418135
4563.932376529515,19.42281286477596,0.010236127296364693
4566.263114073288,19.424041200051523,0.010360627892580968
4568.593999017295,19.425284475398634,0.010468508057775704
4570.925033154343,19.426540696365567,0.010560902358846982
4573.256218037906,19.42780800464863,0.010640015409991363
4575.587554998464,19.429084806497826,0.01070714687119719
4577.919045175244,19.43036966412237,0.010763900232001288
4580.250689534939,19.43166133215021,0.010809844615246596
4582.582488894797,19.43295851350404,0.010844407762033584
4584.914443916417,19.434259842435484,0.010866693499715934
4587.246555097509,19.43556384565545,0.010876477200054347
4589.578822758988,19.43686902291946,0.01087345881163271
4591.9112470417385,19.438173837976855,0.010857413034955922
4594.243827902295,19.43947672754105,0.010829034543403315
4596.5765651096,19.440776211686256,0.010789687380129892
4598.909458255002,19.44207097417187,0.010740765627576712
4601.242506771903,19.443359866047178,0.01068311542695353
4603.575709955829,19.444641839898413,0.010617168419749605
4605.9090669766165,19.445915900108783,0.010543541915605763
4608.24257688463,19.447181125138655,0.010461808115886173
4610.576238619647,19.44843654211256,0.01037145757959679
4612.9100510047,19.449681117022113,0.010271599639937692
4615.244012738743,19.450913708978906,0.010162449809304877
4617.57812238382,19.452133202956023,0.010044210773502617
4619.912378368175,19.453338508248844,0.00991710769277134
4622.246778989165,19.454528561171976,0.009781608576671201
4624.581322416506,19.455702354201176,0.0096386316830835
4626.91600669901,19.456858990003145,0.009489258196123907
4629.25082977781,19.45799770098668,0.009334038439013925
4631.585789501929,19.459117785599364,0.009173014502449868
4633.920883636201,19.460218547339657,0.00900672360329297
4636.256109861882,19.461299354172052,0.008835427672471544
4638.591465784382,19.46235960549275,0.008659495706963456
4640.926948937042,19.463398744977585,0.008478616385217682
4643.262556786439,19.46441617894381,0.00829298380987528
4645.598286727912,19.465411337000997,0.008103003090654376
4647.934136088352,19.466383697371874,0.00790903369070995
4650.270102132036,19.46733278141476,0.007711399385969819
4652.606182065806,19.46825814934108,0.007510337284290848
4654.942373043727,19.469159389815193,0.007306360790961346
4657.278672170504,19.470036153110108,0.007099906486558376
4659.615076508878,19.470888141888494,0.006891283263594054
4661.9515830859045,19.471715095880125,0.0066810063947699136
4664.28818889741,19.4725168166475,0.006469383264046195
4666.624890915407,19.473293142639186,0.0062567193657338295
4668.961686092524,19.474043948963075,0.006042867476936789
4671.2985713664,19.474769093060306,0.005827788919995674
4673.635543657568,19.475468427730707,0.0056115001428901625
4675.9725998688955,19.476141807747855,0.005394117976292961
4678.309736885825,19.47678910190501,0.005175805933066484
4680.646951578054,19.477410198616976,0.004956823776645181
4682.984240801888,19.478005017470174,0.00473760283743596
4685.3216014039845,19.478573529810667,0.0045186820519069245
4687.659030227562,19.479115771656897,0.004300505454199144
4689.996524120161,19.4796318323114,0.004083551377541827
4692.3340799400385,19.480121858476707,0.003868074012245461
4694.671694563056,19.480586027358175,0.0036542448281159916
4697.009364886339,19.48102453673755,0.003441917587875898
4699.347087830748,19.481437566848093,0.003231038477096665
4701.68486033877,19.481825291465345,0.003021609076938869
4704.022679373746,19.482187884554577,0.0028137838860223256
4706.360541919892,19.482525538620898,0.002607728573895854
4708.698444984527,19.482838466049767,0.002403708216732686
4711.036385600452,19.483126911035775,0.002202145768803779
4713.374360829776,19.483391168528033,0.002003441510274063
4715.71236777,19.483631581509265,0.0018078381951411337
4718.050403559781,19.483848522092682,0.0016154301953896892
4720.3884653824325,19.48404237371613,0.0014262478408256548
4722.726550467279,19.48421352345703,0.001240334972052397
4725.064656090093,19.484362363653677,0.00105757069849456
4727.402779573732,19.484489272137495,0.0008778771717918233
4729.7409182863885,19.48459461739811,0.0007012231761976742
4732.0790696404765,19.484678764179254,0.0005277567269051968
4734.417231092178,19.484742094986483,0.0003576403966622521
4736.755400143576,19.484785011834084,0.00019103513502820223
4739.093574344995,19.484807936050288,2.815589788126431e-05
4741.431751297321,19.484811314758034,-0.00013078764226942703
4743.769928655092,19.484795620240963,-0.0002856578515031479
4746.108104129521,19.484761341298782,-0.0004364164436174663
4748.446275490477,19.48470897132555,-0.0005830771350033261
4750.784440567036,19.48463900206935,-0.0007255742150950105
4753.122597247284,19.48455193316354,-0.000863917242035957
4755.460743479263,19.484448263094496,-0.0009981043555365612
4757.798877270835,19.48432849057183,-0.001128178963110712
4760.136996689704,19.484193109096257,-0.0012540930757052801
4762.475099862795,19.484042617927173,-0.0013757794767651557
4764.813184976946,19.48387752438996,-0.001493188185882233
4767.151250279873,19.483698341807656,-0.0016062672898195056
4769.48929408089,19.48350558973288,-0.0017149707731265115
4771.827314751658,19.483299793240104,-0.0018192531193352414
4774.165310726848,19.483081482865785,-0.0019190954667150045
4776.503280504791,19.48285119140978,-0.002014510284301238
4778.84122264776,19.482609450175662,-0.002105496452904028
4781.179135781781,19.482356790601315,-0.002192109049791704
4783.5170185966535,19.482093737515342,-0.0022744181077035495
4785.854869845155,19.481820807342416,-0.002352525119761685
4788.1926883420365,19.481538504328043,-0.0024264895164064423
4790.530472962556,19.481247325586075,-0.0024963487215338117
4792.868222641626,19.48094776373949,-0.002562123781767022
4795.205936373274,19.48064030888568,-0.0026238134571334977
4797.5436132103405,19.480325451270822,-0.0026813927330067524
4799.881252264493,19.48000368414286,-0.0027348311685364488
4802.21885270659,19.479675504402636,-0.002784124204983085
4804.556413767118,19.479341409498037,-0.002829308693673952
4806.8939347362575,19.479001892454797,-0.002870433923531463
4809.231414963352,19.478657440383973,-0.002907589516426245
4811.568853856198,19.478308529642003,-0.0029408790497094913
4813.906250879755,19.47795562415604,-0.002970430429143364
4816.243605554654,19.47759917250454,-0.0029963274219381706
4818.580917455354,19.477239613213907,-0.0030186299882286913
4820.91818620894,19.47687737761532,-0.0030373744252970287
4823.255411494254,19.476512892684283,-0.003052593486581238
4825.592593041376,19.476146581465894,-0.003064307125506427
4827.929730631152,19.475778864610835,-0.003072534110023707
4830.266824094905,19.475410160517633,-0.0030773299661111604
4832.603873314168,19.4750408809217,-0.0030787935927167167
4834.940878219878,19.474671425690573,-0.0030770408968594704
4837.277838790961,19.47430218078295,-0.0030721913792127313
4839.614755052655,19.473933517817443,-0.0030643563111782002
4841.951627074793,19.4735657950601,-0.0030536588858824203
4844.2884549702,19.473199355993795,-0.003040195851986905
4846.62523889292,19.472834532491557,-0.0030240423501655235
4848.961979036819,19.472471647409538,-0.003005251141248563
4851.298675634508,19.47211101727259,-0.002983876361021863
4853.63532895658,19.471752952109266,-0.0029599781483771906
4855.9719393108335,19.471397754731463,-0.0029336169873594273
4858.308507041401,19.47104572069298,-0.0029048692260977243
4860.645032527884,19.470697136385848,-0.0028738305877202175
4862.98151618425,19.47035227671532,-0.0028406059187887052
4865.3179584574555,19.470011404005067,-0.0028053006975394057
4867.654359825936,19.46967476792136,-0.0027680075385994336
4869.990720798087,19.46934260701673,-0.002728826865307296
4872.3270419109285,19.469015147792895,-0.002687849562514254
4874.663323728663,19.468692605845394,-0.0026451622348956033
4876.999566841365,19.468375186377205,-0.002600838469911029
4879.33577186373,19.468063085760814,-0.002554951996447436
4881.671939434021,19.46775649152124,-0.002507579387329647
4884.0080702130035,19.46745558199476,-0.0024587969282272547
4886.344164882843,19.467160526363372,-0.002408683870474132
4888.680224146006,19.466871484298917,-0.002357325540347689
4891.016248724122,19.466588605234076,-0.0023048115637115917
4893.35223935675,19.46631202784643,-0.0022512350069413874
4895.688196800092,19.466041879645598,-0.0021966860794217094
4898.024121825649,19.465778277316065,-0.002141260466532006
4900.3600152189265,19.46552132606008,-0.002085048934010767
4902.695877778054,19.465271120188,-0.002028136524590828
4905.031710312476,19.46502774380505,-0.0019705963805664284
4907.367513641733,19.46479127223938,-0.0019124966883980244
4909.703288594402,19.464561772636774,-0.0018539017756122346
4912.039036007118,19.4643393044237,-0.001794871195268993
4914.374756723649,19.46412391988027,-0.0017354633925136236
4916.710451594035,19.463915664273166,-0.0016757418708594517
4919.046121473747,19.463714575248662,-0.001615778404087777
4921.381767222777,19.463520681840173,-0.001555649793673572
4923.717389704598,19.463334003864933,-0.001495431508269726
4926.052989785062,19.46315455208394,-0.0014352002715603911
4928.388568331312,19.46298232805135,-0.00137502834547123
4930.724126210678,19.462817324649894,-0.00131498281551096
4933.059664289636,19.46265952671203,-0.0012551182925307112
4935.395183432842,19.462508912516927,-0.0011954840109958214
4937.730684502344,19.46236545443561,-0.001136126371455717
4940.066168356876,19.462229119271033,-0.001077091562404202
4942.401635851188,19.462099868283545,-0.0010184261190529318
4944.737087835382,19.46197765714926,-0.0009601802581434648
4947.07252515424,19.46186243551828,-0.0009024112220637858
4949.4079486465025,19.461754146171632,-0.0008451798141605655
4951.743359144043,19.461652724593932,-0.0007885434505035426
4954.078757470995,19.46155809937987,-0.0007325553120744687
4956.414144442921,19.46147019274242,-0.0006772624672212326
4958.749520866049,19.461388921246353,-0.0006227081841271567
4961.084887536599,19.461314196264258,-0.0005689274265977908
4963.4202452401505,19.461245924973067,-0.0005159504007580871
4965.755594751147,19.461184010924978,-0.00046380509034959393
4968.090936832458,19.461128354314134,-0.0004125201764465328
4970.426272234976,19.46107885189296,-0.00036212553047624185
4972.761601697203,19.461035396829303,-0.00031265159939993886
4975.096925944823,19.460997878637375,-0.0002641308334340385
4977.432245690259,19.460966182937362,-0.00021659623323042764
4979.767561632211,19.460940191389376,-0.00017007824166244043
4982.102874455178,19.460919782000378,-0.00012460412894446245
4984.438184829018,19.460904829504905,-8.019689781016939e-05
4986.773493408558,19.46089520587717,-3.687761536663811e-05
4989.108800833264,19.460890780563325,5.336838002845394e-06
4991.444107726931,19.460891420983884,4.643208723218816e-05
4993.779414697449,19.460896992834353,8.639569975264247e-05
4996.11472233659,19.460907360318323,0.00012521547351676565
4998.450031219828,19.460922386175145,0.00016287961675562072
5000.7853419061685,19.460941931729156,0.00019937701319771984
5003.120654937976,19.46096585697074,0.0002346965385255205
5005.455970840812,19.460994020555365,0.0002688269606668292
5007.791290123279,19.461026279790644,0.0003017582702519896
5010.126613276854,19.461062490783075,0.0003334820474940013
5012.461940775748,19.461102508628773,0.0003639922853146882
5014.797273076783,19.46114618770301,0.0003932845553656556
5017.132610619307,19.461193381849654,0.0004213577741788512
5019.467953825129,19.461243944782556,0.0004482137132360419
5021.803303098503,19.461297730428143,0.0004738566937977632
5024.138658826155,19.4613545932314,0.0004982920004024469
5026.474021377343,19.461414388271447,0.0005215257816880769
5028.809391103936,19.46147697136525,0.0005435649312184649
5031.1447683404995,19.461542199156998,0.0005644160939389627
5033.480153404398,19.461609929088272,0.000584085049824669
5035.815546595889,19.461680019294253,0.0006025772849904314
5038.150948198204,19.46175232856845,0.0006198992904436796
5040.486358477632,19.461826716483305,0.0006360595409255118
5042.82177768361,19.461903043628215,0.0006510680840755205
5045.157206048845,19.461981171798303,0.0006649373754123323
5047.492643789461,19.462060964283353,0.0006776820130267702
5049.828091105175,19.462142286124916,0.0006893187452342379
5052.16354817951,19.462225004374343,0.0006998647780483774
5054.499015180035,19.462308988147708,0.0007093372109359266
5056.834492258613,19.46239410861302,0.0007177528460099063
5059.169979551646,19.46248023895454,0.0007251280280353942
5061.505477180321,19.462567254317904,0.0007314784954295982
5063.8409852508385,19.462655031737356,0.0007368197352427903
5066.176503854647,19.462743450105584,0.0007411680750867151
5068.51203306866,19.462832390274595,0.000744541692590509
5070.847572955492,19.462921735277707,0.0007469603146918566
5073.1831235637255,19.46301137051547,0.0007484453139941748
5075.518684928187,19.46310118395315,0.0007490191414448112
5077.854257070261,19.463191066250122,0.0007487053849880099
5080.189839998211,19.46328091089632,0.0007475277520473915
5082.5254337075185,19.463370614226566,0.0007455095762543096
5084.861038181226,19.463460075375718,0.0007426736697903583
5087.196653390271,19.463549196216093,0.0007390424389625463
5089.532279293818,19.463637881308767,0.0007346380960197421
5091.867915839574,19.46372603788029,0.0007294827939409898
5094.2035629641205,19.46381357581556,0.0007235990871281995
5096.5392205932185,19.463900407706017,0.0007170103739139364
5098.874888642144,19.463986448950887,0.0007097407161751435
5101.210567016018,19.46407161783683,0.0007018148130391842
5103.546255610158,19.464155835614395,0.0006932576368189916
5105.881954310432,19.464239026530812,0.0006840945028828571
5108.217662993616,19.464321117871158,0.0006743505711815934
5110.55338152776,19.4644020399397,0.0006640506341715663
5112.889109772553,19.4644817260158,0.0006532190341336526
5115.224847579675,19.464560112299896,0.0006418797990171289
5117.560594793151,19.46463713787578,0.000630056676469006
5119.896351249696,19.464712744676955,0.0006177731075021655
5122.232116779057,19.464786877449857,0.0006050523835774558
5124.567891204351,19.464859483735886,0.0005919179448819942
5126.903674342399,19.46493051388927,0.0005783933767459966
5129.239466004066,19.46499992109448,0.0005645024370579542
5131.575265994597,19.46506766138693,0.0005502689126328491
5133.911074113964,19.465133693656444,0.0005357167537693705
5136.246890157203,19.465197979666897,0.000520869778005636
5138.582713914763,19.465260484040257,0.000505751453617234
5140.918545172848,19.46532117421469,0.0004903846758067657
5143.254383713754,19.465380020375786,0.0004747918087687213
5145.590229316199,19.46543699539284,0.0004589946770494412
5147.926081755646,19.465492074754085,0.00044301448193780014
5150.261940804617,19.465545236491916,0.00042687189493916195
5152.597806232996,19.465596461119308,0.0004105873213082341
5154.933677808331,19.465645731597863,0.0003941810926975429
5157.269555296122,19.465693033328986,0.00037767351742095333
5159.605438460122,19.465738354151075,0.0003610847375293785
5161.94132706262,19.465781684319577,0.00034443475245448204
5164.277220864738,19.46582301648987,0.0003277432283847258
5166.613119626717,19.465862345677277,0.0003110293339665811
5168.949023108198,19.465899669197352,0.0002943114898631277
5171.2849310685015,19.465934986576137,0.00027760736045874307
5173.620843266891,19.46596829945939,0.0002609339266392868
5175.956759462826,19.465999611530588,0.00024430754469699777
5178.2926794162095,19.46602892843595,0.00022774405547368442
5180.628602887622,19.466056257722606,0.00021125895774505332
5182.964529638549,19.466081608797534,0.00019486756086390663
5185.300459431604,19.46610499290484,0.00017858503284675696
5187.636392030753,19.46612642310878,0.0001624262522732178
5189.972327201526,19.46614591425905,0.00014640575383919054
5192.308264711237,19.46616348294951,0.00013053757663490428
5194.644204329191,19.466179147458707,0.00011483518662577243
5196.980145826886,19.466192927681103,9.931133172168617e-05
5199.3160889782075,19.46620484504091,8.397804319239216e-05
5201.652033559612,19.466214922406092,6.884671542488041e-05
5203.987979350301,19.46622318401194,5.392818558376379e-05
5206.323926132382,19.466229655394212,3.923281138967746e-05
5208.65987369103,19.46623436333158,2.4770545403240327e-05
5210.995821814629,19.46623733579703,1.055100268875305e-05
5213.331770294925,19.46623860191735,-3.4165251133950665e-06
5215.667718927155,19.466238191934337,-1.712315652184269e-05
5218.003667510187,19.466236137155555,-3.0560451439095414e-05
5220.339615846646,19.46623246990138,-4.372047467720714e-05
5222.675563743034,19.46622722344442,-5.659582179912777e-05
5225.011511009848,19.466220431945803,-6.917969058467004e-05
5227.347457461681,19.46621213038293,-8.146586675564579e-05
5229.683402917327,19.46620235447892,-9.344867499146745e-05
5232.019347199865,19.46619114063792,-0.00010512292233717464
5234.355290136741,19.46617852588724,-0.00011648387049077
5236.691231559847,19.466164547822782,-0.00012752720268804728
5239.027171305586,19.46614924455846,-0.00013824897225818392
5241.3631092149335,19.466132654681786,-0.00014864556230189684
5243.699045133495,19.46611481721431,-0.00015871371479943318
5246.034978911561,19.466095771568536,-0.00016845053857046844
5248.370910404149,19.466075557503906,-0.0001778535412459724
5250.7068394710495,19.466054215078955,-0.00018692063187382305
5253.042765976859,19.466031784603132,-0.00019565017652726585
5255.378689791011,19.466008306581948,-0.00020404101289176946
5257.714610787802,19.4659838216604,-0.00021209244253806686
5260.050528846401,19.465958370567296,-0.00021980418837662846
5262.386443850869,19.46593199406469,-0.00022717636515053768
5264.722355690157,19.46590473290087,-0.00023420945187981976
5267.058264258106,19.465876627766644,-0.0002409042411796295
5269.394169453438,19.465847719257702,-0.0002472617858274828
5271.730071179749,19.465818047843403,-0.0002532833936170418
5274.06596934549,19.46578765383617,-0.000258970638965995
5276.40186386395,19.465756577359492,-0.00026432539782723306
5278.737754653233,19.465724858311752,-0.000269349853661682
5281.073641636231,19.465692536329314,-0.0002740465316173349
5283.40952474059,19.46565965074552,-0.00027841831168464164
5285.74540389868,19.465626240548115,-0.00028246842536605436
5288.081279047546,19.46559234433707,-0.00028620041540615795
5290.4171501288665,19.465558000287224,-0.00028961808677594657
5292.753017088901,19.46552324611681,-0.0002927254711441641
5295.088879878435,19.46548811906027,-0.00029552678750579923
5297.4247384527225,19.46545265584577,-0.00029802640997813733
5299.760592771424,19.465416892676572,-0.00030022886011463434
5302.0964427985455,19.46538086521336,-0.0003021388213344276
5304.432288502371,19.465344608554798,-0.00030376116929467604
5306.768129855398,19.465308157214483,-0.0003051009787991508
5309.103966834264,19.46527154509703,-0.00030616353980924047
5311.439799419675,19.465234805472253,-0.0003069543591203741
5313.775627596332,19.46519797094916,-0.00030747914987383815
5316.1114513528455,19.465161073451174,-0.00030774379550136863
5318.44727068166,19.465124144195713,-0.00030775431470972056
5320.783085578963,19.465087213677947,-0.0003075168335070913
5323.118896044605,19.465050311657926,-0.00030703756211322594
5325.454702082005,19.465013467150474,-0.0003063227813408383
5327.790503698063,19.464976708416714,-0.00030537883713226377
5330.126300903073,19.46494006295626,-0.0003042121467462626
5332.462093710627,19.46490355749865,-0.0003028292150364979
5334.797882137527,19.464867217992847,-0.0003012366306858492
5337.1336662036865,19.464831069597164,-0.0002994410710510833
5339.469445932038,19.464795136668638,-0.0002974492939226997
5341.805221348438,19.464759442753365,-0.00029526813251247496
5344.140992481568,19.464724010577463,-0.00029290447156553497
5346.476759362838,19.464688862040877,-0.00029036522066728664
5348.812522026283,19.464654018214397,-0.0002876573008409105
5351.148280508469,19.464619499338294,-0.0002847876297186446
5353.4840348483895,19.46458532482273,-0.0002817631107255903
5355.8197850873685,19.46455151324944,-0.00027859062346458335
5358.155531268959,19.464518082374624,-0.00027527702172004095
5360.491273438844,19.46448504913202,-0.0002718291401693142
5362.827011644739,19.464452429635198,-0.00026825379389817776
5365.162745936295,19.46442023917993,-0.00026455777990188055
5367.498476364997,19.464388492246343,-0.00026074787266384524
5369.834202984067,19.464357202501624,-0.0002568308259448338
5372.169925848367,19.46432638280251,-0.0002528133590309666
5374.505645014303,19.46429604519943,-0.00024870214569742977
5376.841360539727,19.464266200941946,-0.0002445037962537404
5379.177072483841,19.464236860486395,-0.00024022484727852738
5381.512780907099,19.464208033504722,-0.0002358717524276946
5383.84848587112,19.46417972889443,-0.0002314508720339528
5386.184187438587,19.464151954789784,-0.00022696846960677076
5388.519885673162,19.46412471857343,-0.00022243071708334905
5390.855580639391,19.46409802688738,-0.00021784369845444652
5393.191272402617,19.464071885643566,-0.000213213415162217
5395.526961028894,19.464046300033747,-0.00020854578135313812
5397.862646584898,19.464021274539984,-0.00020384662759343036
5400.198329137843,19.46399681294467,-0.0001991216911450769
5402.534008755396,19.463972918341735,-0.00019437660707113675
5404.869685505597,19.463949593148886,-0.00018961689398774764
5407.205359456775,19.46392683912161,-0.0001848479444469202
5409.541030677469,19.463904657368275,-0.00018007501666772953
5411.8766992363535,19.463883048366274,-0.00017530323353042265
5414.212365202157,19.46386201197825,-0.00017053758101533042
5416.548028643595,19.46384154746853,-0.0001657829133452901
5418.883689629291,19.463821653518927,-0.00016104396064730444
5421.219348227713,19.46380232824365,-0.0001563253308224267
5423.555004507102,19.46378356920395,-0.00015163151075105083
5425.890658535407,19.46376537342266,-0.00014696686509323747
5428.226310380218,19.463747737398847,-0.0001423356321943755
5430.5619601087055,19.463730657122984,-0.0001377419168375272
5432.89760778756,19.463714128092963,-0.00013318968284124283
5435.233253482932,19.463698145331023,0.0
