position,velocity,acceleration
-651.3902571535776,19.444444444444443,1.4929946168251719e-15
-649.0569238202443,19.444444444444443,0.001140029305750863
-646.7235904869109,19.444581247961132,0.002233262130882409
-644.3902407371555,19.444849239416836,0.0032800647624514788
-642.0568588284254,19.44524284718833,0.004280846633060859
-639.7234296867629,19.445756548784296,0.005236060462951635
-637.3899389009088,19.44638487603985,0.00614620214796823
-635.0563727157839,19.447122420297607,0.00701181041268585
-632.7227180253482,19.447963837547128,0.007833466246674274
-630.3889623648425,19.44890385349673,0.008611792141425528
-628.055093902423,19.4499372685537,0.009347451144596826
-625.7211014301965,19.451058962691054,0.010041145747388751
-623.3869743546736,19.45226390018074,0.010693616620468941
-621.052702686652,19.453547134175196,0.01130564121289049
-618.7182770305509,19.454903811120744,0.011878032228087832
-616.3836885732164,19.456329174988113,0.012411635990412014
-614.0489290722179,19.457818571306962,0.012907330714828219
-611.7139908436611,19.45936745099274,0.013366024692327972
-609.378866749542,19.460971373955818,0.013788654402545918
-607.0435501846673,19.462626012484122,0.01417618256500151
-604.7080350631692,19.464327154391924,0.014529596139481413
-602.3723158046422,19.46607070592866,0.01484990428599801
-600.0363873199308,19.467852694442982,0.015138136293724538
-597.7002449965976,19.469669270798228,0.015395339488466525
-595.3638846841018,19.471516711536843,0.015622577127201744
-593.0273026787173,19.473391420792108,0.015820926288033266
-590.6904957082222,19.475289931946673,0.01599147576339981
-588.3534609163886,19.477208909038282,0.01613532396388932
-586.0161958473041,19.47914514791395,0.016253576839617433
-583.6786984295544,19.481095577134706,0.01634734582555357
-581.3409669602983,19.48305725863377,0.016417745816996763
-579.0030000892622,19.48502738813181,0.016465893180667966
-576.6647968026864,19.487003295313492,0.016492903806795273
-574.3263564072488,19.488982443770308,0.016499891206726736
-571.9876785139963,19.490962430715115,0.01648796466077564
-569.6487630223105,19.49294098647441,0.016458227420079973
-567.3096101039336,19.49491597376482,0.016411774966171234
-564.9702201870817,19.49688538676076,0.016349693331432928
-562.6305939406705,19.49884734996053,0.01627305748341207
-560.2907322586752,19.500800116858542,0.016182929775456135
-557.9506362446522,19.502742068431598,0.016080358465797827
-555.6103071964404,19.504671711447493,0.015966376307065485
-553.2697465910667,19.50658767660434,0.01584199920755789
-550.9289560698742,19.508488716509248,0.015708224965690312
-548.5879374238931,19.51037370350513,0.01556603207834316
-546.2466925794724,19.51224162735453,0.015416378623901949
-543.9052235841899,19.5140915927894,0.015260201220244516
-541.5635325930551,19.515922816935827,0.0150984140577907
-539.2216218550228,19.51773462662276,0.014931908007537869
-536.8794936998281,19.519526455583666,0.01476154980359198
-534.537150525158,19.5212978415601,0.06934206977033544
-532.1945947841708,19.52961888993254,0.04158082688582681
-529.8510405173789,19.53460858915884,0.0367285675588978
-527.5068874866798,19.539016017265908,0.03230727477369715
-525.1622055646079,19.54289289023875,0.029002042938193348
-522.8170584177793,19.546373135391335,0.02495445148922389
-520.4714936415323,19.549367669570042,0.02235219051580528
-518.1255695211839,19.552049932431938,0.01890174179620501
-515.7793235292921,19.55431814144748,0.016562611602975105
-513.4328053523184,19.55630565483984,0.014245946934100641
-511.0860486737376,19.558015168471933,0.013743250514197707
-508.739086853521,19.559664358533638,0.01349314106600416
-506.3919271304969,19.56128353546156,0.012902012448955396
-504.04457310624156,19.562831776955434,0.011510363445876916
-501.6970332930069,19.56421302056894,0.012228815941234832
-499.3493277305386,19.565680478481887,0.011607908711256488
-497.0014460731208,19.567073427527237,0.010584977912401334
-494.65339726181753,19.568343624876725,0.009172006660596858
-492.30519602683233,19.569444265675997,0.008910791726373317
-489.9568627149512,19.570513560683164,0.010085160281682238
-487.6084010876692,19.571723779916965,0.010678562498114635
-485.2597942340792,19.573005207416738,0.013746210443758677
-482.9110336091892,19.57465475266999,0.012950223918842894
-480.5620750388688,19.57620877954025,0.012682247676594722
-478.21292998532397,19.57773064926144,0.014422333235353746
-475.8636023074126,19.579461329249682,0.015818862837333834
-473.5140669479026,19.58135959279016,0.016145161919346646
-471.1643037967678,19.583297012220484,0.016177153621299557
-468.8143081553013,19.58523827065504,0.01670538534830546
-466.4640795628227,19.587242916896837,0.01729132635185836
-464.1136104127951,19.58931787605906,0.015451641711038815
-461.762892267668,19.591172073064385,0.014760006156745269
-459.4119516189003,19.592943273803193,0.014132768018864433
-457.0607984260439,19.594639205965457,0.012378971026555784
-454.70944172132806,19.596124682488643,0.013004007129829312
-452.3579067594294,19.597685163344224,0.013533789703911234
-450.0061845398281,19.599309218108694,0.012886635854966168
-447.65426743365504,19.60085561441129,0.013295268247039629
-445.3021647599257,19.602451046600937,0.01386993324462875
-442.9498706343336,19.60411543859029,0.015669458619188354
-440.59737678170274,19.605995773624596,0.01518224536706206
-438.24465728886776,19.607817643068643,0.01594193727042629
-435.8917191716995,19.609730675541094,0.01657840506749205
-433.5385514906346,19.611720084149194,0.016855740262990537
-431.1851450805367,19.613742772980753,0.01844469319856924
-428.831495947779,19.61595613616458,0.019179403137419015
-426.47758121143926,19.618257664541073,0.020231795832556305
-424.1233902916943,19.62068548004098,0.020806447621404715
-421.7689080340894,19.623182253755548,0.021499622901905067
-419.41412616363874,19.625762208503776,0.021554747110914953
-417.0590346986183,19.628348778157086,0.02085968360002023
-414.70363284523944,19.63085194018909,0.02064998200625057
-412.34793061241675,19.63332993802984,0.020361578252941496
-409.99193101985315,19.635773327420193,0.020959090841349892
-407.6356382205627,19.638288418321153,0.020727379052744417
-405.27904361036417,19.64077570380748,0.020557371023369804
-402.9221505259073,19.643242588330285,0.02062388758214582
-400.56496141530766,19.645717454840142,0.019744371234769586
-398.20747532072687,19.648086779388315,0.019068171488177875
-395.84970490720025,19.650374959966896,0.018361259480166512
-393.4916599120042,19.652578311104516,0.0185777551278337
-391.13335051467163,19.654807641719856,0.017844770781580133
-388.7747735976653,19.656949014213644,0.016526124215864007
-386.4159397159596,19.658932149119547,0.01619299075605557
-384.0568678580653,19.660875308010272,0.015369666080409582
-381.69756282110404,19.66271966793992,0.014452767556014927
-379.33803646095123,19.664454000046643,0.013736356219757752
-376.9783019809456,19.666102362793012,0.013172482408081132
-374.61836969741046,19.66768306068198,0.012866371723880655
-372.25824773012863,19.669227025288848,0.012718617098422376
-369.897940487094,19.670753259340657,0.012950134916642765
-367.5374500959731,19.672307275530653,0.01281141925740462
-365.17677322290945,19.67384464584154,0.012378784799975458
-362.81591186540845,19.67533010001754,0.012689163214527689
-360.45487225340634,19.67685279960328,0.013160504573700379
-358.09364991745394,19.678432060152126,0.013348072722798433
-355.73223807023567,19.680033828878862,0.013742804095669563
-353.37063401077023,19.681682965370342,0.014090716031847089
-351.0088320549258,19.683373851294164,0.014491472389876877
-348.6468271927705,19.685112827980948,0.014616333313102215
-346.2846136534128,19.68686678797852,0.014821506632843673
-343.9221896388554,19.688645368774463,0.015136847958192328
-341.5595521946025,19.690461790529447,0.01531760558269522
-339.19669677973894,19.69229990319937,0.01573451740007684
-336.83362079135503,19.69418804528738,0.016120999485197796
-334.47031822592055,19.696122565225604,0.016701528658277297
-332.1067835180935,19.6981267486646,0.017096964643919316
-329.74300830825376,19.700178384421868,0.01752659077757697
-327.37898690212313,19.702281575315176,0.01812760894989786
-325.0147131130853,19.704456888389164,0.018549227995888103
-322.6501782864786,19.70668279574867,0.01907343099671818
-320.28537635098877,19.708971607468275,0.019490820567816935
-317.9202997580926,19.711310505936414,0.020149962141290653
-315.55494249738024,19.71372850139337,0.02062830685307748
-313.18929507721305,19.71620389821574,0.021114657294954698
-310.82335060942717,19.718737657091133,0.021976148863575875
-308.45710209057626,19.721374794954762,0.022496477807336098
-306.0905371151817,19.724074372291643,0.023077848827940818
-303.7236481905067,19.726843714150995,0.023684923058688197
-301.35642694480856,19.72968590491804,0.024435785538267044
-298.9888646362184,19.73261819918263,0.025195519779896258
-296.6209504523165,19.73564166155622,0.025867920715161797
-294.25267345292974,19.738745812042037,0.026836327002303595
-291.8840239554847,19.741966171282314,0.02761553766930251
-289.5149880149308,19.74528003580263,0.028442279981980907
-287.1455544106345,19.748693109400467,0.02937925649861487
-284.7757112375064,19.7522186201803,0.030163907201218938
-282.40544500308476,19.755838289044448,0.03091314517051591
-280.03474440839943,19.75954786646491,0.03168853170989441
-277.66359866442366,19.763350490270096,0.03259381988464053
-275.29199660559124,19.767261748656253,0.03335217534450427
-272.9199251957525,19.771264009697592,0.033976607849894404
-270.5473735145888,19.77534120263958,0.034645644900956174
-268.17433257027204,19.779498680027697,0.03527343396428366
-265.80079272866874,19.78373149210341,0.03584499303096439
-263.4267449496163,19.788032891267125,0.0363901854880633
-261.05218100266427,19.792399713525693,0.03695041684053778
-258.6770930370412,19.79683376354656,0.037499285227423886
-256.3014729854156,19.80133367777385,0.03797553042702089
-253.92531294408275,19.80589074142509,0.03843533840822079
-251.54860605511175,19.810502982034077,0.03886126763697851
-249.17134569726767,19.815166334150515,0.03920595071243909
-246.7935257371696,19.819871048236006,0.03952747724275853
-244.41514121138127,19.824614345505136,0.039840938189657296
-242.03618748992065,19.829395258087896,0.04017585471505096
-239.6566600589501,19.834216360653702,0.04041183051147032
-237.27655409567166,19.839065780315078,0.04061990838930163
-234.89586620203386,19.843940169321794,0.04084358134430591
-232.51459338171523,19.84884139908311,0.04093193018123881
-230.13273241382527,19.853753230704857,0.0410288218046225
-227.7502820261407,19.858676689321413,0.04112751108180711
-225.36724082342212,19.86361199065123,0.0412282576997105
-222.98360738454397,19.868559381575196,0.041257930684262076
-220.59938025875496,19.873510333257308,0.0412499998623689
-218.21455901876408,19.878460333240792,0.041335690224570516
-215.82914377877518,19.883420616067742,0.041296544484803265
-213.44313330484704,19.88837620140592,0.0412370062630209
-211.05652816067834,19.89332464215748,0.041176649994181865
-208.66932920361944,19.898265840156782,0.04106434602846095
-206.28153730280061,19.903193561680197,0.040939829938611824
-203.893154075399,19.90810634127283,0.04076003805525092
-201.50418131444627,19.91299754583946,0.04060578880830469
-199.11462160894553,19.917870240496455,0.04035888036757021
-196.72447718008596,19.922713306140565,0.04009213709708143
-194.33375158334908,19.927524362592216,0.03986910381754968
-191.94244865983802,19.93230865505032,0.03959462078762032
-189.550571621232,19.937060009544837,0.03930737479769235
-187.1581244200866,19.941776894520558,0.03899058113945424
-184.76511119274414,19.946455764257294,0.03869935107429545
-182.37153650103326,19.95109968638621,0.0383874663469319
-179.97740453866692,19.955706182347843,0.038046172905314
-177.58271979678517,19.96027172309648,0.03772136083830437
-175.1874871900136,19.964798286397077,0.03737074186736067
-172.79171139564596,19.96928277542116,0.03701399050030872
-170.3953974625954,19.973724454281196,0.03663266777765658
-167.99855052808167,19.978120374414516,0.03625647815973949
-165.60117608315193,19.982471151793685,0.035874859341886944
-163.2032795449367,19.986776134914713,0.03546058154779171
-160.80486640874693,19.991031404700447,0.03506477506348941
-158.40594264018287,19.995239177708065,0.03466402552954706
-156.0065139388579,19.99939886077161,0.034242720387113186
-153.6065860755653,20.003507987218065,0.03381624206034062
-151.20616511709915,20.007565936265305,0.033395159700755024
-148.8052572047473,20.011573355429395,0.03298081794644003
-146.40386840209578,20.01553105358297,0.03254536326518668
-144.00200467566583,20.01943649717479,0.03212991282902913
-141.59967229600485,20.023292086714275,0.03173683052732746
-139.19687724559915,20.027100506377554,0.031310538502760936
-136.79362518483384,20.030857770997887,0.03089089016555545
-134.3899222523141,20.034564677817755,0.030485321260933253
-131.98577449097598,20.03822291636907,0.030081533210135666
-129.5811877410117,20.041832700354284,0.02967512423732324
-127.17616781696917,20.04539371526276,0.029272801327393624
-124.77072057113764,20.04890645142205,0.028903139897261808
-122.364851796967,20.05237482820972,0.02852264483749376
-119.95856681758184,20.05579754559022,0.02815657662500573
-117.55187111211102,20.05917633478522,0.02781363570032463
-115.1447699519368,20.06251397106926,0.027467075713918692
-112.73726827540848,20.06581002015493,0.027142053796921257
-110.32937107298989,20.06906706661056,0.026834157364742085
-107.92108302499662,20.07228716549433,0.02655969473723575
-105.5124085651373,20.0754743288628,0.026291344812347562
-103.10335164567377,20.078629290240283,0.02603337416564806
-100.69391613084494,20.08175329514016,0.025805277193620017
-98.28410573542813,20.084849928403393,0.02558210509868859
-95.87392374401972,20.087919781015238,0.02537836629992665
-93.46337337029789,20.09096518497123,0.025186586650358448
-91.05245754810134,20.093987575369272,0.025023137791676007
-88.64117903905704,20.096990351904275,0.024879534720298187
-86.22954019682852,20.09997589607071,0.024747466169253517
-83.81754308930005,20.10294559201102,0.024650844096652694
-81.40518961825872,20.10590369330262,0.024571041499389067
-78.99248117506241,20.108852218282546,0.024515055313090364
-76.5794189088685,20.11179402492012,0.02448231717414325
-74.16600362587809,20.114731902981017,0.024480865021414947
-71.75223579752037,20.117669606783586,0.024509394836252037
-69.33811544470635,20.120610734163936,0.024553629625908336
-66.92364215660668,20.123557169719046,0.024636744804302994
-64.50881529624039,20.126513579095562,0.02474676468181305
-62.093633666748914,20.12948319085738,0.02487738233043755
-59.67809568384603,20.13246847673703,0.025038598463502662
-57.26219946663759,20.135473108552652,0.02522917057385987
-54.84594269361127,20.138500609021516,0.02544743479960675
-52.42932262052869,20.14155430119747,0.025684526401975088
-50.01233610438499,20.144636444365705,0.025954248145928917
-47.59497973106111,20.147750954143216,0.026255353578440523
-45.17724961656393,20.15090159657263,0.026573789845177113
-42.75914142497521,20.15409045135405,0.026920530912552528
-40.34065057081273,20.157320915063558,0.027294534903826658
-37.9217720610051,20.160596259252017,0.02769078895658737
-35.50250050989486,20.16391915392681,0.02810881567972773
-33.08283021142364,20.167292211808377,0.02854897709218234
-30.662755146006635,20.170718089059438,0.029013199780148304
-28.242268975319504,20.174199673033055,0.029491393092196873
-25.82136501455554,20.17773864020412,0.02998925279784537
-23.400036377731045,20.18133735053986,0.03050777708285714
-20.97827589566626,20.184998283789803,0.03103673969782465
-18.556076101611485,20.18872269255354,0.031578522177010265
-16.13342937850506,20.192512115214782,0.03213111678745378
-13.710327924679286,20.196367849229276,0.032697510800247784
-11.286763782771772,20.200291550525307,0.033270167605319305
-8.862728796708735,20.204283970637945,0.03384721942343496
-6.438214720232182,20.208345636968758,0.0344340957154007
-4.013213243795931,20.212477728454605,0.035021435253158366
-1.587715916381379,20.216680300684985,0.03561006345497979
0.8382857197008189,20.220953508299583,0.036196944271207426
3.2648001406967686,20.225297141612128,0.03678337981731412
5.691835797690224,20.229711147190205,0.037365681947916014
8.119401135353048,20.234195029023955,0.03793803983902418
10.547504538835922,20.238747593804636,0.03850732586682452
12.976154250092478,20.243368472908653,0.039064391593496506
15.405358466841516,20.24805619989987,0.03960701708525822
17.8351252108295,20.2528090419501,0.04013479746022058
20.26546229586351,20.257625217645327,0.04064532329776174
22.69637732198095,20.262502656441058,0.04113698671739652
25.127877640753876,20.267439094847145,0.041603614915681486
27.559970332135535,20.272431528637025,0.04205045351385509
29.992662115571978,20.277477583058687,0.04247113572395402
32.42595942553902,20.28257411934556,0.042860620457537565
34.85986831986049,20.287717393800467,0.04322125272371905
37.29439440711654,20.292903944127314,0.04354870870592577
39.72954288041182,20.298129789172027,0.043840942354661586
42.16531845511246,20.303390702254585,0.04409355495750707
44.60172533938301,20.308681928849488,0.04430786256463499
47.03876717084495,20.313998872357246,0.04448106320444165
49.47644703552782,20.319336599941778,0.044607243190670276
51.91476742752083,20.324689469124657,0.044687604189790835
54.35373016381579,20.33005198162743,0.0447184755821217
56.79333640161108,20.335418198697287,0.04469664201643974
59.23358658545475,20.34078179573926,0.044619915854400956
61.674480400943466,20.34613618564179,0.04448661535446606
64.11601674322048,20.351474579484325,0.04429499023129338
66.5581936927586,20.35678997831208,0.044039716799469074
69.00100849015605,20.362074744328016,0.04372047842366101
71.44445745947542,20.367321201738854,0.043335706141533814
73.88853600368408,20.372521486475836,0.042881028064033266
76.33323858206118,20.37766720984352,0.042354614735866276
78.7785586472424,20.382749763611823,0.041738645885273595
81.22448861887582,20.387758401118056,0.04104896265726964
83.67101962701,20.392684276636928,0.040281082686710046
86.11814174020643,20.397518006559334,0.0394325530537496
88.56584390099354,20.402249912925786,0.03850203048519972
91.01411389054464,20.40687015658401,0.03748502731958055
93.46293830933472,20.411368359862358,0.0363785296842314
95.9123025125182,20.415733783424464,0.03518052718811971
98.36219056652914,20.419955446687037,0.033888181105101146
100.81258522013158,20.42402202841965,0.03249901227559755
103.26346786354193,20.42792190989272,0.03100919356070603
105.71481849272907,20.431643013120006,0.02941847243109192
108.16661565430347,20.43517322981174,0.02772175336639024
110.61883644188087,20.438499840215705,0.025917607199328903
113.07145642270676,20.441609953079624,0.024003605923889736
115.52444961707631,20.44449038579049,0.021975938593389
117.97778846337117,20.447127498421697,0.019831777969246643
120.43144376318178,20.449507311778007,0.017568272442787986
122.88538464059513,20.451615504471143,0.01518535113995062
125.33957850113167,20.453437746607936,0.012678739195068891
127.79399103072463,20.454959195311343,0.010046054889934113
130.248586134162,20.456164721898134,0.0072833261213234215
132.70332590078976,20.457038721032692,0.004387251327265804
135.1581705473137,20.457565191191964,0.0013565369349551536
137.61307837025672,20.45772797562416,-0.0018126789180627953
140.0680057273316,20.457510454153994,-0.005123354713077049
142.5229069818301,20.456895651588425,-0.00857836315136237
144.9777344600207,20.455866248010263,-0.012181160404538732
147.43243840978195,20.45440450876172,-0.015933257382599122
149.88696695083337,20.452492517875807,-0.01983954087079056
152.34126605297845,20.45011177297131,-0.023902218909268164
154.795279465735,20.4472435067022,-0.028123997609776796
157.24894868653928,20.443868626989026,-0.03250822437016449
159.70221292177797,20.439967640064605,-0.037055657441902014
162.15500903858572,20.435520961171576,-0.0417705434789786
164.6072715539263,20.4305084959541,-0.046770029093724214
167.05893257344079,20.424896092462852,-0.05252645042626867
169.50992010453632,20.4185929184117,-0.05894997759199108
171.9601512547457,20.41151892110066,-0.06596283455426155
174.4095335252778,20.40360338095415,-0.07298958679716704
176.8579659309923,20.39484463053849,-0.07998247035527631
179.3053472866569,20.38524673409586,-0.08696525012095543
181.7515768947484,20.374810904081343,-0.09399051038871861
184.19655420323818,20.3635320428347,-0.1010694663620869
186.64017804837835,20.35140370687125,-0.10823331562218981
189.0823464932029,20.338415708996585,-0.11545697314736955
191.5229563782825,20.3245608722189,-0.12273584102051878
193.96190368294876,20.309832571296436,-0.13007704465873582
196.39908359150434,20.294223325937388,-0.1375246969757851
198.83439039061682,20.277720362300293,-0.1450854361650354
201.26771683409285,20.26031010996049,-0.1527851583424797
203.6989540472881,20.24197589095939,-0.16063981409937553
206.12799115420324,20.222699113267467,-0.1687043944432691
208.55471504779533,20.202454585934273,-0.1769684824453221
210.97900959810744,20.181218368040835,-0.1853860230131817
213.40075580227233,20.158972045279253,-0.193909352106548
215.81983244770583,20.135702923026468,-0.20249303706351518
218.236116798469,20.111403758578845,-0.21121132829859043
220.64948524949847,20.086058399183013,-0.22009519751699586
223.05981225740044,20.059646975480973,-0.2291776710362639
225.46696989445815,20.032145654956622,-0.23842359378229433
227.87082737305295,20.003534823702747,-0.24782797773659784
230.27125155189728,19.973795466374355,-0.257433453743683
232.6681070078622,19.942903451925112,-0.26725635079272925
235.0612554220932,19.910832689829984,-0.27729153724683936
237.4505553448728,19.877557705360363,-0.28756872745841133
239.83586226951604,19.843049458065355,-0.2980989157438211
242.21702820448388,19.807277588176095,-0.3088956519252098
244.593901515065,19.77021010994507,-0.31993435713826407
246.9663267282584,19.731817987088476,-0.3311624893080771
249.334144886709,19.692078488371507,-0.34255612476607733
251.6971943053136,19.650971753399578,-0.35408882453777524
254.05531091572155,19.608481094455044,-0.3657567781396453
256.4083286470562,19.564590281078285,-0.377547483372378
258.75607948078556,19.5192845830736,-0.3894023900991677
261.0983936307544,19.4725562962617,-0.40133844508581934
263.4351003863058,19.4243956828514,-0.41334966538378964
265.766027868248,19.374793723005347,-0.4254618096071685
268.0910031150086,19.323738305852487,-0.43764779445258617
270.4098517117109,19.271220570518178,-0.449878319850328
272.7223981801731,19.21723517213614,-0.46214479782821555
275.0284664008295,19.161777796396752,-0.47442200270576523
277.3278797363971,19.10484715607206,-0.48672646478974685
279.62046139512574,19.046439980297293,-0.4990542320554063
281.9060341927614,18.986553472450645,-0.5114200260609797
284.1844206094555,18.925183069323328,-0.5238290836326606
286.4554425777743,18.86232357928741,-0.5362731178236885
288.7189214072888,18.797970805148566,-0.5487249156100743
290.97467790390664,18.732123815275358,-0.561128971623693
293.22253276173967,18.664788338680516,-0.5734660470183729
295.46230736238135,18.59597241303831,-0.5857159257435424
297.69382405194597,18.525686501949085,-0.5978804934688898
299.91690643217987,18.45394084273282,-0.6099639933991768
302.1313793333078,18.380745163524917,-0.6219609845676469
304.3370687529308,18.3061098453768,-0.6338685013579345
306.533801934376,18.230045625213847,-0.645645176112996
308.72140740940165,18.15256820408029,-0.6572821262004386
310.8997155938913,18.073694348936236,-0.6687779252025023
313.0685589157637,17.993440997911936,-0.6801299578874983
315.2277718355131,17.911825402965437,-0.6913256231881197
317.377190883869,17.828866328182862,-0.7023367651884723
319.51665484325093,17.744585916360244,-0.7131539761229403
321.64600515321416,17.65900743922549,-0.7237536233796297
323.76508604592124,17.572157004419935,-0.7341026750918692
325.8737448864516,17.48406468340891,-0.7441707954962128
327.9718326484607,17.394764187949363,-0.7539302409791764
330.0592043510146,17.30429255903186,-0.7633724415761478
332.13571945809844,17.212687866042724,-0.7724958681746836
334.20124200202355,17.11998836186176,-0.7812134546814743
336.25564060544696,17.026242747299985,-0.7892711035956143
338.29878973512297,16.931530214868513,-0.7965405234031803
340.3305733609072,16.835945352060133,-0.8031424351392267
342.3508868031544,16.739568259843427,-0.8091653274452448
344.35963499433564,16.64246842055,-0.8146619727483619
346.35673120480163,16.544708983820197,-0.8196912263948917
348.34209628286004,16.44634603665281,-0.8247657444537433
350.3156578072584,16.34737414731836,-0.8297461962232827
352.2773427049366,16.247804603771566,-0.8346778817798922
354.22707925738916,16.14764325795798,-0.8409724064697651
356.16479644834413,16.046726569181608,-0.8476218208751538
358.09040363664593,15.945011950676589,-0.853768245488735
360.00380507072714,15.842559761217942,-0.8593785464016395
361.9049122420733,15.739434335649745,-0.8644928223285342
363.79364436235124,15.635695196970321,-0.869080926660778
365.6699277859877,15.531405485771028,-0.8731333137401309
367.5336964442802,15.426629488122213,-0.8765988139891213
369.38489198285487,15.32143763044352,-0.8794769164306722
371.22346449850806,15.215900400471838,-0.8817104460081908
373.0493725465647,15.110095146950856,-0.8832647915177496
374.8625839641988,15.004103371968727,-0.8842310209829418
376.66307636883505,14.897995649450774,-0.8846845617870086
378.45083584676917,14.791833502036333,-0.8845167296111677
380.22585586701354,14.685691494482993,-0.8837761387705324
381.9881388463515,14.579638357830529,-0.8825388113775816
383.73769544929115,14.47373370046522,-0.880811473513841
385.47454349334697,14.368036323643558,-0.8784429678927035
387.1987078521842,14.262623167496434,-0.8753621191011277
388.91022263228376,14.1575797132043,-0.8715856543688478
390.6091321978683,14.052989434680038,-0.8669603486223433
392.29549093002987,13.948954192845356,-0.8616752173939538
393.96936543317133,13.845553166758082,-0.8558340231515903
395.6308318131823,13.742853083979892,-0.849294251489426
397.27997418325987,13.640937773801161,-0.8420561490403283
398.916886716116,13.539891035916321,-0.8342538434573353
400.5416736404259,13.439780574701441,-0.8259814648139419
402.1544473093901,13.340662798923768,-0.8172118927159437
403.7553268452609,13.242597371797855,-0.8079663560428846
405.34443852987664,13.14564140907271,-0.798448392201341
406.92191549896535,13.049827602008548,-0.788622600957862
408.4878948112064,12.955192889893604,-0.778435055650671
410.0425179579936,12.861780683215525,-0.7679836653229996
411.58593163997944,12.769622643376765,-0.7571517776846665
413.1182863571847,12.678764430054605,-0.7459066884720351
414.6397380887912,12.58925562743796,-0.734337258034566
416.15044876408376,12.501135156473813,-0.7224434566900403
417.6505849828606,12.414441941671008,-0.7101776721313222
419.1403180158611,12.32922062101525,-0.697485069711591
420.61982449038294,12.245522412649859,-0.6844935284250463
422.0892871799009,12.163383189238854,-0.6711751048990886
423.54889316260955,12.082842176650963,-0.6575133377247558
424.99883422380765,12.003940576123993,-0.643545886133505
426.4393070929425,11.926715069787972,-0.629240614174072
427.87051290131706,11.851206196087084,-0.6146388730394899
429.2926576448475,11.777449531322345,-0.5997748911543539
430.7059515886062,11.705476544383822,-0.5847039449192578
432.11060877393226,11.635312070993512,-0.5694435425661175
433.5068462224515,11.566978845885577,-0.5540275112082107
434.89488368395774,11.500495544540591,-0.5384860892362217
436.2749431493026,11.435877213832244,-0.5228131727407377
437.64724841496246,11.373139633103355,-0.5069974910707971
439.01202517093486,11.31229993417486,-0.49098283815284344
440.36950116303586,11.253381993596518,-0.47481592271353534
441.71990700226746,11.196404082870894,-0.4585335377279968
443.063475492212,11.141380058343534,-0.4421312184669075
444.4004410992132,11.088324312127506,-0.42565228581664666
445.7310400166685,11.037246037829508,-0.4091299660847376
447.05550954120804,10.98815044189934,-0.3925798195516026
448.37408759423596,10.941040863553146,-0.3759635164084496
449.6870124978623,10.895925241584132,-0.3593405850230432
450.99452352685245,10.852804371381367,-0.3427814387765577
452.2968600514182,10.811670598728181,-0.3262499126654677
453.5942605232656,10.772520609208325,-0.3097594429753391
454.8869629963706,10.735349476051285,-0.2933426204729869
456.17520493349673,10.700148361594527,-0.2769949270834756
457.4592227368881,10.66690897034451,-0.2607022504712926
458.7392518133294,10.635624700287956,-0.24446216409733562
460.01552677736396,10.606289240596276,-0.2282787330632993
461.2882814862355,10.57889579262868,-0.212137593657883
462.557748981351,10.553439281389734,-0.19605929169744193
463.82416169511777,10.52991216638604,-0.18008064261455167
465.0877511550841,10.508302489272294,-0.16417880163428852
466.34874745379676,10.48860103307618,-0.14834354543186937
467.6073795777659,10.470799807624354,-0.1326024895283175
468.8638755546809,10.454887508880956,-0.11696952830148927
470.1184620557466,10.440851165484778,-0.10145297304485855
471.37136419560477,10.428676808719395,-0.08605932137138307
472.6228054126511,10.418349690154828,-0.07081074389327534
473.8730073754697,10.409852400887635,-0.055712884021696586
475.1221896635762,10.403166854805031,-0.04076236430077411
476.3705696861528,10.398275371088937,-0.025965402926699653
477.6183627306835,10.395159522737734,-0.011322129440751425
478.865781873412,10.393800867204844,0.00316463419638709
480.1130379774766,10.39418062330841,0.017499423615106938
481.36033965227364,10.396280554142223,0.03166777078846874
482.6078933187707,10.400080686636839,0.04566078427000518
483.8559030011671,10.40555998074924,0.05948142247770996
485.104570198857,10.412697751446565,0.07312145904587546
486.35409392903057,10.42147232653207,0.08657264371806565
487.6046706082144,10.431861043778238,0.09982542866503222
488.8564939334678,10.443840095218041,0.11288682965146786
490.10975474489396,10.457386514776218,0.12574325902024605
491.3646411266671,10.472475705858647,0.13838514125004556
492.62133821137013,10.489081922808653,0.15082417090130115
493.88002804210714,10.507180823316808,0.1630475689331537
495.14088974090515,10.526746531588786,0.17504654331041666
496.4040993246958,10.547752116786036,0.18682209389870305
497.6698295787101,10.570170768053881,0.19838272344756203
498.93825007087656,10.593976694867589,0.20972671566012394
500.20952727426067,10.619143900746804,0.2208482925735194
501.4838245423503,10.645645695855627,0.23175880975511506
502.76130202585296,10.67345675302624,0.24246288590109033
504.0421168362161,10.702552299334371,0.252954000031976
505.32642311213624,10.732906779338208,0.26323485563030347
506.6143719256568,10.764494962013844,0.2733004521777243
507.9061113210985,10.797291016275171,0.2831444022375121
509.2017862430515,10.831268344543673,0.292765187366973
510.5015384443968,10.86640016702771,0.30216833341989974
511.8055064644401,10.902660367038097,0.31134883651078543
513.1138257084847,10.94002222741939,0.3202981171237898
514.426628375775,10.978458001474246,0.3290164835640466
515.7440433359519,11.017939979501932,0.3375053161408611
517.0661961334921,11.058440617438835,0.34576352204385563
518.3932090075848,11.099932240084097,0.3537909562793246
519.7252008763949,11.142387154837616,0.3615899675269715
521.0622873349754,11.185777950940853,0.3691631877912231
522.4045806890883,11.2300775334758,0.3765091142522895
523.7521899931054,11.275258627186075,0.3836282972033596
525.1052210283677,11.321294022850477,0.3905220236166012
526.4637763111098,11.368156665684468,0.39718869082404035
527.8279551109919,11.415819308583353,0.4036272115851525
529.1978534280219,11.464254573973571,0.409838318132993
530.5735639768986,11.51343517214953,0.4158264655067586
531.9551761975566,11.56333434801034,0.42158909546644935
533.3427763193179,11.613925039466313,0.42712504249463457
534.7364473240539,11.66518004456567,0.4324371852181804
536.1362689294017,11.717072506791851,0.43752308072194174
537.5423176302168,11.769575276478484,0.4423830457948975
538.9546666633942,11.822661241973872,0.44702014601005147
540.3733860124311,11.876303659495079,0.4514382528207057
541.7985424515705,11.930476249833564,0.4556371490289487
543.2301996015506,11.985152707717038,0.4596173728206386
544.6684179264766,12.040306792455516,0.4633856469259864
546.1132547415713,12.095913070086635,0.4669416415700173
547.5647643099817,12.151946067075036,0.47028467572323024
549.0229978380307,12.208380228161824,0.47341740853949965
550.4880034654102,12.265190317186564,0.4763420056911942
551.9598263034726,12.322351357869508,0.4790593640467187
553.4385084664169,12.379838481555113,0.4815698600748364
554.9240890842035,12.437626864764093,0.4838765911999188
556.4166043079751,12.495692055708084,0.4859796262839417
557.9160873546601,12.554009610862156,0.48787922111025644
559.4225685079635,12.612555117395386,0.4895788418622365
560.936075122051,12.671304578418855,0.49107996700058987
562.4566316714612,12.730234174458927,0.4923831199596607
563.9842597723963,12.789320148854086,0.49348952248381256
565.5189781902587,12.848538891552144,0.49440282396813373
567.060802857245,12.90786723042832,0.4951258413853583
568.6097469248964,12.967282331394562,0.4956527759757328
570.1658208046638,13.02676066451165,0.4959552786399746
571.7290320844052,13.086275297948447,0.49604012237496753
573.299385120159,13.145800112633443,0.49591476025557385
574.8768811336749,13.205309883864112,0.4955847406795251
576.4615183197386,13.264780052745655,0.49505498613801635
578.0532919260681,13.324186651082217,0.4943310615124604
579.652194324198,13.383506378463712,0.4934149810784392
581.2582150896137,13.442716176193125,0.4923107769087461
582.8713410307569,13.501793469422175,0.49102265567334835
584.4915562470875,13.560716188102976,0.48955496313401176
586.1188421896599,13.619462783679058,0.48791231512290517
587.7531777237014,13.678012261493807,0.48609572323211425
589.3945391950806,13.73634374828166,0.48410914818068546
591.0429004448744,13.794436846063343,0.48195595891353615
592.698232866402,13.852271561132968,0.4796379892831235
594.3605054537379,13.909828119846942,0.47715703702237056
596.0296848281196,13.967086964289626,0.47451493740983064
597.7057352638343,14.024028756778806,0.4717109682033513
599.3886187146478,14.080634072963209,0.4687486111782725
601.0782948034034,14.136883906304602,0.4656306284533247
602.77472087216,14.192759581719,0.46236087174700957
604.4778520219662,14.248242886328642,0.4589362745311326
606.1876411683256,14.303315239272377,0.455360167121033
607.9040389970384,14.357958459326902,0.45163476159820887
609.6269940121576,14.412154630718687,0.44776186405596696
611.3564525678439,14.465886054405404,0.4437422617066806
613.0923588943725,14.519135125810205,0.43957634287808767
614.8346551094697,14.571884286955576,0.4352654780234816
616.5832812239044,14.624116144318394,0.4308107597672541
618.3381751612226,14.675813435490465,0.4262108252693672
620.0992727734814,14.726958734522789,0.4214655819559359
621.8665078216242,14.777534604357502,0.4165750360152061
623.639811974147,14.827523608679327,0.4115384500103665
625.4191148071885,14.876908222680571,0.40635791362158785
627.2043437939102,14.925671172315162,0.4010345827941087
628.995424334588,14.973795322250455,0.3955675227138187
630.7922797732581,15.021263424976112,0.38995814531602724
632.5948313842553,15.068058402414035,0.3842089428046765
634.402998392545,15.114163475550596,0.3783221363486981
636.216698009611,15.15956213191244,0.3722973695623962
638.0358454654405,15.204237816259926,0.3661359306230015
639.8603540033916,15.248174127934686,0.3598391334565474
641.6901348987438,15.29135482394947,0.3534074747609288
643.5250974776178,15.333763720920782,0.34684359708832796
645.3651491241283,15.375384952571382,0.34014929460518223
647.2101953184368,15.416202867924005,0.33332579564342446
649.0601396625877,15.456201963401217,0.3263738930181659
650.9148838981959,15.495366830563396,0.31929506240203365
652.7743279178635,15.533682238051641,0.3120894141590052
654.6383697864297,15.571132967750723,0.30475677398969553
656.5069057425599,15.607703780629485,0.2972981820769518
658.3798301962354,15.643379562478719,0.28971579445776446
660.2570357437328,15.67814545781365,0.2820121185193228
662.1384131986704,15.71198691203597,0.2741889225231103
664.0238516281147,15.744889582738743,0.266249069722387
665.9132383780434,15.77683947110543,0.2581950464680642
667.806459114576,15.807822876681596,0.25002813001761753
669.7033978597777,15.83782625228371,0.24175086385901345
671.6039370100518,15.866836355946791,0.23336625771728398
673.5079573727654,15.894840306872865,0.2248782511657121
675.4153382095901,15.92182569701275,0.2162821696297855
677.3259572932317,15.947779557368325,0.20757837032592863
679.2396908401158,15.972688961807435,0.19877241701011872
681.1564135155327,15.99654165184865,0.18986933312789456
683.0759985137545,16.019325971824,0.1808741266530125
684.9983176303733,16.04103086702236,0.17179202663423143
686.923241334416,16.06164591021847,0.1626284307873362
688.8506388436423,16.08116132191295,0.15338905120057636
690.7803782022719,16.09956800805702,0.14408025076898734
692.7123263632387,16.1168576381493,0.1347089665316533
694.6463492798166,16.133022714133098,0.12528145525797388
696.5823120055126,16.148056488764055,0.1158038134820025
698.5200787841643,16.161952946381895,0.10628301538948513
700.4595131377301,16.174706908228632,0.09672666609107004
702.4004779667176,16.18631410815956,0.08714136995448878
704.3428356596968,16.1967710725541,0.077533938601798
706.2864481884033,16.206075145186315,0.06791125265555212
708.2311772058256,16.214224495504983,0.05828025033322485
710.1768841452862,16.22121812554497,0.04864843683697557
712.1234303203515,16.227055937965407,0.03902359049547563
714.0706770329074,16.231738768824865,0.029414231086655206
716.0184856851664,16.235268476555262,0.019827545926652895
717.966717902353,16.23764778206646,0.010270859901603117
719.915235636201,16.238880285254652,0.00075257535991008
721.8639012704316,16.23897059429784,-0.008718910121399045
723.8125777417473,16.23792432508327,-0.018135770157907856
725.7611286607573,16.235748032664322,-0.027490108795357265
727.7094184246771,16.232449219608878,-0.03677383875451361
729.6573123310302,16.228036358958335,-0.04597893603930186
731.6046766941053,16.22251888663362,-0.05509788322788396
733.5513789605013,16.215907140646273,-0.06412306923004962
735.4972878173788,16.208212372338668,-0.07304647316726635
737.4422733020594,16.199446795558597,-0.0818606673028824
739.3862069175265,16.18962351548225,-0.09055726790725659
741.3289617393843,16.17875664333338,-0.09912747161083917
743.2704125365843,16.166861346740077,-0.10756374684747909
745.2104358981932,16.15395369711838,-0.11585828241443225
747.1489103418473,16.140050703228646,-0.12400305559790317
749.0857164262347,16.1251703365569,-0.1319915327532298
751.0207368666215,16.109331352626512,-0.13981789848296355
752.9538566289367,16.092553204808556,-0.14747522933593757
754.8849630135137,16.074856177288243,-0.15495618936216377
756.8139457547883,16.056261434564785,-0.16225619853538806
758.7406971269361,16.03679069074054,-0.16936887924248023
760.665112009825,16.016466425231442,-0.17628790388934687
762.5870879808527,15.99531187676472,-0.18300620022753902
764.5065254060645,15.973351132737415,-0.18951939829989323
766.423327541993,15.950608804941428,-0.19582192219454833
768.337400598586,15.927110174278083,-0.20190803823239947
770.2486538194994,15.902881209690195,-0.2077725976229689
772.1569995646622,15.877948497975439,-0.21341071140205115
774.0623533844192,15.852339212607193,-0.21881733614141863
775.9646340899321,15.826081132270224,-0.2239874079687996
777.8637638258045,15.799202643313967,-0.2289163232282506
779.7596681430023,15.771732684526576,-0.2336000099348098
781.6522760651454,15.7437006833344,-0.23803417981547167
783.5415201471455,15.715136581756543,-0.24221557616393283
785.4273365369563,15.686070712616871,-0.24614134619652303
787.3096650224703,15.656533751073288,-0.2498086082452919
789.1884490725992,15.626556718083853,-0.2532142494532748
791.0636358787692,15.59617100814946,-0.25635569691233984
792.9351763997472,15.565408324519979,-0.25923124400519015
794.8030253986896,15.534300575239357,-0.26193670791819085
796.6671414677182,15.502868170289174,-0.2645121421275303
798.527485648153,15.47112671323387,-0.2669311649459102
800.384020853741,15.43909497344036,-0.2691683459315249
802.2367122505539,15.406794771928578,-0.27120432590786914
804.0855276231853,15.374250252819634,-0.27302151290897864
805.9304376535237,15.341487671270556,-0.27460741640858527
807.7714161740761,15.308534781301526,-0.27595107204342373
809.6084403478322,15.275420652656315,-0.27704336644051875
811.441490826151,15.242175448683453,-0.27787239878393544
813.270551879993,15.20883076082938,-0.278425050082807
815.0956115712926,15.175419754819444,-0.2786933575749599
816.9166619418709,15.14197655191045,-0.2786765544712505
818.7336991281002,15.1085353653739,-0.2783684395529854
820.5467233719451,15.075131152627542,-0.27776608949477627
822.3557391102604,15.041799221888168,-0.2768734787155067
824.160755016887,15.008574404442307,-0.27569773544107246
825.9617839454202,14.975490676189377,-0.27424148910196644
827.7588428265628,14.942581697497141,-0.2725000118820245
829.5519526302625,14.909881696071299,-0.27047037694686915
831.341138433791,14.877425250837675,-0.26814285183496916
833.1264294638916,14.84524810861748,-0.26552142891924885
834.9078592369257,14.81338553714717,-0.26261866288046765
836.6854655013833,14.781871297601514,-0.2594365605851121
838.4592900570955,14.7507389103313,-0.25597310633291
840.2293787263352,14.720022137571352,-0.2522340934515817
841.9957813828438,14.689754046357162,-0.2482297514195503
843.7585518684067,14.659966476186817,-0.24396760734279344
845.5177478455491,14.630690363305682,-0.23945364447386683
847.2734306891458,14.601955925968818,-0.23470344237474425
849.025665400262,14.573791512883849,-0.22973172611841838
850.7745203818081,14.54622370574964,-0.22454840488886743
852.5200672264981,14.519277897162976,-0.21916738805229796
854.2623805741576,14.4929778105967,-0.2135955163424708
856.0015379114293,14.467346348635605,-0.20783548917920192
857.7376194732656,14.442406089934101,-0.20189727549181172
859.4707082040577,14.418178416875083,-0.19578859130036858
861.2008896140827,14.394683785919039,-0.1895135084271755
862.928251668393,14.371942164907777,-0.1830716767386627
864.652884728182,14.349973563699137,-0.17647031765750215
866.3748815558259,14.328797125580238,-0.16971738508735312
868.0943372108956,14.308431039369756,-0.16281843875644586
869.8113489356199,14.288892826718982,-0.1557812998559144
871.5260160748262,14.270199070736272,-0.14860965965547845
873.2384399633146,14.252365911577614,-0.14130847172986652
874.9487238727039,14.23540889497003,-0.13388356999521372
876.6569729401003,14.219342866570605,-0.12634203595109708
878.3632940840888,14.204181822256473,-0.11869176604440157
880.0677959027596,14.189938810331144,-0.11094223482722311
881.7705885599993,14.176625742151877,-0.10310512921802804
883.4717836490576,14.164253126645715,-0.09518993057777524
885.171494024255,14.152830334976382,-0.08720431403265826
886.8698336644522,14.142365817292463,-0.07915183314812532
888.5669175625274,14.132867597314688,-0.0710370541465525
890.2628616742052,14.1243431508171,-0.06286616300697623
891.9577828523032,14.116799211256264,-0.05464393396997523
893.651798757654,14.110241939179867,-0.04637800296139656
895.3450277903555,14.104676578824499,-0.038076925023602125
897.0375889798145,14.100107347821666,-0.029748064364832533
898.7296018615531,14.096537580097886,-0.021394665125245783
900.4211863711648,14.093970220282856,-0.013021883711700705
902.1124627975987,14.092407594237452,-0.004639052914516648
903.8035517089072,14.091850907887709,0.003747741384989302
905.4945738178537,14.092300636853908,0.012133060476937466
907.1856498942763,14.09375660411114,0.020510110508022036
908.8769006867695,14.096217817372104,0.028873067512737577
910.5684468248542,14.099682585473632,0.03721751398262789
912.260408735111,14.104148687151547,0.04554006533927765
913.9529065775693,14.10961349499226,0.05383811722470187
915.6460601969683,14.116074069059223,0.062110232386599136
917.3399890852554,14.123527296945616,0.07035374820697698
919.0348123608888,14.131969746730453,0.07856385783951136
920.7306487304965,14.141397409671194,0.0867377929667657
922.4276164196569,14.151805944827206,0.09487460253175117
924.1258331330362,14.163190897131017,0.10297187903231865
925.8254160406918,14.175547522614895,0.11102701013145237
927.5264817434056,14.18887076383067,0.11903747973182073
929.2291462350653,14.203155261398487,0.12700081921720227
930.9335248664331,14.218395359704552,0.13491374891866528
932.6397323095977,14.234585009574792,0.142772771787736
934.3478825107467,14.25171774218932,0.15057524470455155
936.0580886398094,14.269786771553868,0.1583185393834994
937.7704630523958,14.288784996279889,0.16600061256133777
939.4851172519494,14.30870506978725,0.1736196301833799
941.2021618603239,14.329539425409255,0.1811743102034061
942.9217065913731,14.351280342633663,0.1886630762828413
944.6438602324891,14.373919911787604,0.19608394445651411
946.3687306219036,14.397449985122385,0.20343564645165138
948.0964246201183,14.421862262696584,0.21071658669131857
949.8270480916419,14.447148253099542,0.21792508682161404
951.5607058820138,14.473299263518136,0.22505925455697745
953.297501793636,14.500306374064973,0.23211784276689532
955.0375385585238,14.528160515197,0.23909937460302685
956.7809178203474,14.556852440149363,0.2460019909785253
958.5277401131654,14.586372679066786,0.252825230022574
960.2781048346534,14.616711706669495,0.2595680328243531
962.0321102394537,14.647859870608418,0.2662286882081669
963.7898534239267,14.679807313193399,0.2728058086055225
965.55143030151,14.712544010226061,0.27929870191956435
967.3169355827371,14.746059854456409,0.28570695527238743
969.0864627652718,14.780344689089095,0.29202979178373123
970.8601041279625,14.815388264103142,0.29826724674786875
972.6379507196549,14.851180333712886,0.3044192243871955
974.4200923597004,14.88771064063935,0.31048536013954675
976.2066176365772,14.924968883856096,0.3164657503892846
977.99761390264,14.96294477390281,0.3223601774590716
979.7931672755083,15.001627995197898,0.32816805687158246
981.593362634932,15.041008162022488,0.3338890003996099
983.3982836143747,15.081074842070441,0.33952323491214237
985.2080125954232,15.121817630259898,0.3450708262414183
987.0226307110544,15.163226129408867,0.350531306594486
988.8422178465835,15.205289886200205,0.3559043300050863
990.6668526329275,15.247998405800816,0.36118975215170346
992.4966124416236,15.29134117605902,0.36638740514868634
994.3315733827507,15.335307664676863,0.37149717813317923
996.1718103025119,15.379887326052845,0.37651922189671205
998.0173967816382,15.42506963268045,0.38145619911197387
999.8684051375599,15.470844376573888,0.386306243111206
1001.7249064627488,15.517201125747233,0.3910697802298028
1003.5869705978384,15.56412949937481,0.3957467740031505
1005.4546661377634,15.611619112255188,0.40062428596377825
1007.328060431234,15.659694026570842,0.40579440761913366
1009.2072237144225,15.708389355485137,0.41075499686169487
1011.0922304370807,15.75767995510854,0.41551759478568556
1012.9831520316937,15.80754206648282,0.42041733799744385
1014.8800570796717,15.857992147042514,0.4250981434388875
1016.7830161373168,15.909003924255181,0.42957491687487914
1018.6920966082274,15.960552914280166,0.4338689680597387
1020.6073629579411,16.012617190447333,0.43800077207066485
1022.5288770207948,16.065177283095814,0.4419581741662049
1024.4566982947663,16.11821226399576,0.4457453548004626
1026.3908837664458,16.171701706571813,0.4493766602736426
1028.3314879712343,16.22562690580465,0.45288958850360955
1030.2785631999309,16.27997365642508,0.4562623434707479
1032.232160038702,16.33472513764157,0.45949016772123696
1034.192327055219,16.389863957768117,0.4626258973370275
1036.1591107301513,16.44537906544856,0.4656952346780343
1038.132556218005,16.501262493609925,0.4686645829073316
1040.1127077172382,16.557502243558805,0.47152480555643106
1042.0996079864653,16.614085220225576,0.4742751125139706
1044.0932982128925,16.670998233727254,0.47691145548960945
1046.0938180009398,16.728227608386007,0.4794330970907321
1048.1012053139461,16.785759580036895,0.4818977206011059
1050.1154964635505,16.84358730650903,0.48427849858048544
1052.1367269403315,16.90170072633869,0.486519174377323
1054.1649310274922,16.960083027263966,0.48870972548496255
1056.2001409907639,17.01872819432216,0.4908636945658944
1058.2423883740826,17.07763183767007,0.4929450965720026
1060.291704194603,17.136785249258708,0.494951717056914
1062.348118424514,17.196179455305536,0.49692654965453187
1064.4116599591507,17.25581064126408,0.4988912873280844
1066.4823572361024,17.315677595743452,0.5008050181781167
1068.5602385475916,17.375774197924827,0.5026766990425126
1070.6453314513426,17.43609540180993,0.5045257219303224
1072.7376628995598,17.49663848844157,0.5062915490322868
1074.837259518173,17.557393474325444,0.5079955432061531
1076.9441467350919,17.61835293951018,0.5096615779274758
1079.058349087833,17.679512328861477,0.5112313766731301
1081.1798905672963,17.740860094062253,0.5126971188822694
1083.3087937785838,17.802383748328126,0.5140878994819671
1085.445079828383,17.86407429626596,0.5154142561061045
1087.588768743935,17.925924006998695,0.5166532233827191
1089.7398796247749,17.98792239380462,0.5178003368574617
1091.8984303120315,18.050058434227516,0.5188807444381744
1094.0644373241387,18.112324123560096,0.5198659280311693
1096.237916218966,18.174708034923835,0.5207719509456078
1098.4188811831568,18.237200669037307,0.5216054791349545
1100.6073452634414,18.2997933265335,0.5223582757210169
1102.8033204626254,18.362476319620022,0.5230452889227654
1105.0068176209797,18.425241754290752,0.523675082760392
1107.2178466314947,18.488082764222,0.5242531862690064
1109.4364165632014,18.55099314657428,0.5247645439594556
1111.6625357407904,18.613964891849417,0.5252044039806759
1113.8962115278123,18.676989420327097,0.5255708775759996
1116.1374502582516,18.740057925636215,0.5258701439631771
1118.386257209328,18.803162342911797,0.5260963942718895
1120.6426366904775,18.866293910224424,0.5262434799838008
1122.9065919597044,18.92944312782248,0.5263360883293554
1125.178125135043,18.992603458422003,0.5263655662143419
1127.4572375500536,19.055767326367725,0.5263154482777079
1129.7439296292177,19.11892518016105,0.526193274703996
1132.038200650837,19.182068373125528,0.5260179995144152
1134.3400488556122,19.24519053306726,0.5257830205375661
1136.6494717195803,19.308284495531765,0.5254632654412357
1138.966465859044,19.371340087384713,0.5250824001509724
1141.2910266695303,19.434349975402828,0.5246435846564441
1143.6231486665786,19.4973072055616,0.5241254769218017
1145.962825531246,19.560202262792217,0.5235301937359355
1148.310049802781,19.62302588604053,0.5228543324741474
1150.6648129091056,19.685768405937427,0.5220898288552419
1153.027105117818,19.748419185400056,0.5212360770822974
1155.396915420066,19.81096751464993,0.5203026384388104
1157.774231521824,19.87340383126259,0.5192851126670026
1160.1590399815755,19.93571804478263,0.518167805162331
1162.5513261469494,19.997898181402107,0.5169611549102605
1164.9510739287175,20.05993351999134,0.5156738699396919
1167.3582659511164,20.121814384384102,0.5142942765364182
1169.7728836772426,20.18352969756847,0.5128228661965442
1172.194907240951,20.245068441512057,0.5112672187232468
1174.6243154539322,20.306420507758848,0.5096280543874866
1177.0610859148633,20.367575874285347,0.5079025565130393
1179.5051950197776,20.428524181066912,0.5060893990913584
1181.9566179215055,20.489254908957875,0.5041916340353569
1184.4153285105806,20.549757905042117,0.5022043575345132
1186.8812994591856,20.61002242794626,0.5001245610303191
1189.3545021505392,20.670037375269896,0.49795362804185517
1191.8349066355715,20.729791810634918,0.495692293315589
1194.3224816528477,20.78927488583279,0.49333875789818044
1196.8171946391476,20.848475536780573,0.490890129240545
1199.3190117035613,20.90738235228944,0.48835157561396286
1201.827897585836,20.965984541363113,0.48572178155582124
1204.3438157307994,21.024271155149812,0.48299740901812993
1206.8667282694173,21.082230844231987,0.48017894728378374
1209.3965959707252,21.13985231790604,0.47726804796616645
1211.9333782488739,21.19712448366198,0.47426071294597666
1214.4770331869133,21.2540357692155,0.4711514081251704
1217.0275174792191,21.31057393819052,0.4679483048911881
1219.584786351802,21.366727734777463,0.4646483830355304
1222.1487936799754,21.422485540741725,0.4612435747280875
1224.7194919448643,21.477834769709094,0.4577358807600765
1227.2968321172293,21.532763075400304,0.45412489735946165
1229.8807636862773,21.58725806308344,0.45040727707815315
1232.4712346538472,21.641306936332818,0.4465779096737203
1235.068191486207,21.694896285493662,0.44263961181231126
1237.6715790404662,21.74801303891114,0.43859061561226803
1240.2813406051355,21.80064391278461,0.434426279644092
1242.8974178746696,21.852775066341902,0.4301513665828492
1245.5197508826307,21.904393230331845,0.4257638011282802
1248.1482780702704,21.95548488646724,0.42125852045570067
1250.7829362566465,22.006035908921923,0.41663562587308867
1253.4236605657172,22.056032184026694,0.411897843435276
1256.0703844278005,22.10545992523893,0.4070440016042043
1258.7230396188293,22.154305205431434,0.4020696134285856
1261.381556243481,22.202553559042865,0.39697565578399774
1264.0458626705663,22.250190637736946,0.39176233514899494
1266.7158855470948,22.297202117954825,0.38642637215036263
1269.3915498012493,22.34357328261287,0.38096545050366426
1272.0727785951628,22.38928913667331,0.37537905812576605
1274.7594932915636,22.4343346236484,0.36966655164672174
1277.4516134464013,22.478694609846006,0.36382577706380625
1280.149056799583,22.522353703093664,0.3578559902774942
1282.8517392439542,22.565296421926963,0.3517574792234184
1285.5595748145854,22.607507319433772,0.3455284391264969
1288.2724756929174,22.64897073212895,0.339166724495908
1290.9903521807728,22.68967073906846,0.3326720499587609
1293.713112669461,22.72959138506351,0.3260445572747376
1296.4406636356687,22.76871673193648,0.3192821669163941
1299.172909643501,22.807030591966445,0.3123837433786906
1301.909753314537,22.84451664117189,0.305350793436886
1304.6510953114778,22.881158736384315,0.29818102216470765
1307.396834359844,22.916940459044078,0.2908721357257116
1310.1468672149292,22.951845115331164,0.28342521500551654
1312.901088628769,22.985856141131826,0.2758401421545481
1315.6593913657048,23.018956958190373,0.26811476873538054
1318.4216662006877,23.05113073043862,0.26024781476006237
1321.1878018883403,23.082360468209828,0.2522419332040827
1323.9576851445256,23.112629500194316,0.2440967929136243
1326.7312006845489,23.14192111534395,0.23581088418151386
1329.5082312183902,23.170218421445732,0.22738656361177004
1332.2886574289637,23.197504809079145,0.21882441092083976
1335.0723580060533,23.223763738389646,0.21012468876045523
1337.85920965466,23.2489787010409,0.2012886104047721
1340.6490870987848,23.273133334289472,0.19231832797321444
1343.4418630988996,23.296211533646257,0.18321474679623903
1346.237408482937,23.318197303261805,0.1739782204415232
1349.0355921593284,23.33907468971479,0.16461228039387577
1351.836281122094,23.358828163362052,0.1551189067524279
1354.6393405016975,23.377442432172344,0.1454991718190039
1357.4446335935581,23.394902332790625,0.13575540441624662
1360.252021873493,23.411192981320575,0.12589073982719187
1363.0613650312516,23.42629987009984,0.11590816608104931
1365.8725210156636,23.440208850029567,0.1058128750314927
1368.6853460776672,23.452906395033345,0.09561421732532956
1371.4996948450712,23.464380101112386,0.08531487845524778
1374.3154204572047,23.474617886527017,0.07491716082109606
1377.132374603588,23.48360794582555,0.06442397032610038
1379.9504075570871,23.491338822264684,0.0538391726238118
1382.769368215759,23.49779952297954,0.0431670063463659
1385.5891041585164,23.502979563741103,0.03241116035978004
1388.4094617061653,23.506868902984277,0.02157663267726221
1391.2302859745234,23.509458098905547,0.010669218754476536
1394.051420946392,23.510738405156083,-0.0003065614036248742
1396.8727095550107,23.51070161778765,-0.01134543975103915
1399.6939937491452,23.509340165017523,-0.022440797433260804
1402.5151145689472,23.506647269325534,-0.03358597462791929
1405.3359122412662,23.502616952370182,-0.04477523319746113
1408.1562262755506,23.49724392438649,-0.05600110334902718
1410.975895546477,23.490523791984604,-0.06725468234476939
1413.794758401515,23.482453230103232,-0.07852851168655516
1416.6126527891274,23.473029808700847,-0.08981514992325862
1419.4294163661716,23.462251990710055,-0.10110573003341065
1422.2448866050568,23.450119303106046,-0.1123919014097865
1425.0589009214295,23.436632274936873,-0.12366564446396353
1427.871296794422,23.421792397601198,-0.13491720762299428
1430.6819118821343,23.40560233268644,-0.14613646223571114
1433.4905841620566,23.388065957218153,-0.1573143506367605
1436.2971520769229,23.369188235141742,-0.16844136586935116
1439.10145466514,23.34897527123742,-0.1795064683109051
1441.9033316976884,23.327434495040112,-0.19049941973437057
1444.7026238370931,23.304574564671988,-0.20141023386151577
1447.4991727848537,23.280405336608606,-0.21222793533160214
1450.2928214252468,23.254937984368812,-0.2229409824192734
1453.083413983371,23.2281850664785,-0.2335386571581493
1455.8707961913483,23.200160427619522,-0.24401037692509914
1458.6548154426625,23.17087918238851,-0.2543446877054584
1461.4353209445492,23.140357819863855,-0.2645311755653172
1464.2121638829328,23.108614078796016,-0.27455953008209905
1466.9851975723884,23.075666935186163,-0.2844190283346715
1469.7542776046107,23.041536651786004,-0.2940993818218242
1472.519262002825,23.006244725967385,-0.3035906887877329
1475.280011369941,22.969813843312856,-0.3128835968553799
1478.0363890311385,22.93226781169021,-0.3219677626210179
1480.7882611685413,22.893631680175687,-0.3308333723894112
1483.5354969701625,22.85393167548896,-0.33947118210067995
1486.2779687712211,22.813195133636878,-0.34787205330402643
1489.0155521872575,22.771450487240394,-0.35602716459204836
1491.7481262457263,22.728727227489347,-0.3639277751713016
1494.475573513025,22.685055894468793,-0.371565954059764
1497.1977802203612,22.640467979981622,-0.3789334589786407
1499.914636377959,22.594995964904186,-0.3860221879219995
1502.6260358937475,22.548673302353546,-0.39282486401956107
1505.33187669003,22.501534318671197,-0.39933429003673176
1508.0320608082704,22.45361420386679,-0.40554364436747514
1510.7264945127345,22.40494896654269,-0.41144696390939883
1513.4150883887196,22.355575330873563,-0.4170391909123914
1516.0977574284245,22.305530627964075,-0.42231513879477545
1518.7744211037802,22.2548528113087,-0.42726993181125955
1521.4450034411373,22.20358041949135,-0.4318997075283372
1524.1094330914761,22.15175245458795,-0.43620071466486954
1526.7676433860267,22.099408368828165,-0.44016948811067985
1529.419572390286,22.046588030254885,-0.4438035521937309
1532.0651629539166,21.99333160399164,-0.4471011681294551
1534.7043627463956,21.939679463816105,-0.4500605502313682
1537.3371242820535,21.88567219778834,-0.4527633285366914
1539.9634049457882,21.831340598363937,-0.45520741368203976
1542.5831658175919,21.776715708722094,-0.45737588570692117
1545.1963717026385,21.72183060243726,-0.459252500611793
1547.802991374931,21.666720302363846,-0.46082767555738174
1550.4029978112146,21.61142098129696,-0.462091179912899
1552.9963683289702,21.55597003970741,-0.46303837281621507
1555.5830847337352,21.500405434969466,-0.4636643447977053
1558.1631333859316,21.444765713593743,-0.46396693067769357
1560.736505271563,21.38908968191242,-0.46394033626432063
1563.3031960333924,21.3334168415607,-0.4635800832919917
1565.8632060543796,21.277787231565664,-0.46288627128731746
1568.4165405221675,21.222240879011185,-0.46186363120004353
1570.9632094276487,21.16681724326718,-0.46051060350658474
1573.5032274968407,21.11155597084639,-0.45883167174810235
1576.0366142133423,21.056496170236617,-0.45683472326697155
1578.5633937537707,21.00167600344458,-0.4545295295289398
1581.083594874184,20.947132459901106,-0.451921498345638
1583.597250769372,20.89290188009963,-0.4490117955591693
1586.104398994984,20.83902046463253,-0.44580493014880257
1588.6050814507398,20.78552387301467,-0.4422983519964616
1591.0993443155016,20.732448070775096,-0.43850494506039317
1593.5872380839946,20.679827477367848,-0.43443787677010204
1596.0688173812787,20.627694932155435,-0.4301020774975271
1598.5441407731373,20.57608268285573,-0.4255039940313675
1601.01327069508,20.525022203571968,-0.42065560105420624
1603.4762733595087,20.474543531445462,-0.4155703212999516
1605.933218583282,20.42467509288947,-0.4102585696096536
1608.3841795944288,20.37544406453631,-0.40473011840872614
1610.829232882173,20.326876450327262,-0.39900299675890055
1613.2684580562122,20.278996090716195,-0.39309079358344695
1615.7019375870982,20.23182519548618,-0.3870049116829921
1618.1297566105566,20.18538460608422,-0.3807607551410308
1620.5520027632867,20.139693315467298,-0.3743653520197721
1622.9687659611427,20.094769473224925,-0.367825627235631
1625.3801382979298,20.05063039795665,-0.3611538648988076
1627.7862139456845,20.00729193416879,-0.35435844554054635
1630.1870889777847,19.964768920703925,-0.34744640543973404
1632.5828612482692,19.923075352051157,-0.3404208386311341
1634.9736302905153,19.882224851415423,-0.3332932226749229
1637.359497272685,19.842229664694433,-0.3260716166905663
1639.7405648324484,19.803101070691564,-0.31876379367889457
1642.1169369609313,19.764849415450097,-0.3113789754859912
1644.4887188907853,19.727483938391778,-0.3039219790185795
1646.8560169633922,19.69101330090955,-0.29640023444069263
1649.2189385595013,19.655445272776667,-0.2888202729587982
1651.5775919922346,19.620786840021612,-0.2811903990065332
1653.9320864130373,19.587043992140828,-0.2735184315297128
1656.2825316920942,19.554221780357263,-0.2658137093478244
1658.629038305737,19.522324135235525,-0.2580866027232111
1660.9717172019652,19.49135374290874,-0.2503449182665715
1663.3106796511142,19.46131235271675,-0.2425957734209802
1665.6460371334404,19.43220085990623,-0.23484255436419346
1667.9779012366291,19.404019753382528,-0.22709116414514005
1670.306383607035,19.37676881368511,-0.21934757613062403
1672.6315958646774,19.350447104549435,-0.21161654121497192
1674.9536495172233,19.325053119603638,-0.2039057671772686
1677.2726558915758,19.300584427542365,-0.19622216979458615
1679.588726022881,19.277037767167016,-0.18857200699759658
1681.901970554941,19.254409126327303,-0.1809579372675852
1684.2124996501004,19.232694173855194,-0.17338569343138818
1686.520422950963,19.21188789064343,-0.16586309851572953
1688.8258494978402,19.19198431882154,-0.1583940720625019
1691.1288876160988,19.17297703017404,-0.15098353083807708
1693.4296448597197,19.15485900647347,-0.14363682061876798
1695.7282279404965,19.137622587999218,-0.13635828417442414
1698.0247426510564,19.121259593898287,-0.12915129255378047
1700.3192938023242,19.105761438791834,-0.12201839754114938
1702.6119851749793,19.091119231086896,-0.11496170461511879
1704.9029194827096,19.077323826533082,-0.10798235716757998
1707.1921983418936,19.06436594367297,-0.1010829709172056
1709.4799222551344,19.052235987162906,-0.09426740430978016
1711.766190573594,19.040923898645733,-0.0875371429940329
1714.0511014414315,19.030419441486448,-0.08089304836979966
1716.3347517744098,19.020712275682072,-0.07433730359264797
1718.6172372474916,19.011791799250954,-0.06787167802545097
1720.8986522634018,19.0036471978879,-0.06149798250429616
1723.1790899271484,18.996267439987385,-0.05521781246818137
1725.4586420199469,18.989641302491204,-0.04903344709224284
1727.737398976246,18.983757288840135,-0.042946841419827145
1730.0154498509066,18.978603667869756,-0.03695932882785923
1732.292882291051,18.97416854841041,-0.031072544896780633
1734.5697825168602,18.9704398430228,-0.02528742450141418
1736.846235298023,18.96740535208263,-0.0196049303828836
1739.122323940273,18.965052760436684,-0.01402533465410665
1741.3981302715254,18.96336972027819,-0.008549498868086107
1743.6737346379587,18.96234378041402,-0.0031783206191910766
1745.9492158916084,18.961962381939717,0.0020879271667035805
1748.2246513774412,18.962212933199723,0.007248477174605331
1750.500116929425,18.963082750460675,0.012302812802410378
1752.7756868594804,18.964559087996964,0.01725015162057102
1755.05143395004,18.966629106191434,0.02209055260468066
1757.3274294427831,18.969279972503994,0.026823554342613083
1759.6037430394836,18.972498799025107,0.03144874786479538
1761.8804428953665,18.976272648768884,0.035966988266567294
1764.1575956132187,18.98058868736087,0.04037808825358198
1766.4352662557021,18.985434057951302,0.04468189408731041
1768.7135183426562,18.99079588524178,0.04887850364209284
1770.9924138488852,18.99666130567883,0.05296861310960564
1773.2720132055667,19.003017539251985,0.05695297737299532
1775.552375310277,19.009851896536745,0.060832048994103466
1777.8335575378615,19.017151742416036,0.06460722441284412
1780.1156157469513,19.024904609345576,0.06827936904023613
1782.3986043000727,19.033098133630403,0.07184941165590142
1784.6825760761085,19.04172006302911,0.07531866546820207
1786.967582483672,19.050758302885296,0.07868806154604077
1789.2536734800183,19.06020087027082,0.0819584610993321
1791.5408975844507,19.07003588560274,0.08513096246581714
1793.829301890723,19.080251601098638,0.08820721039359536
1796.1189320828548,19.09083646634587,0.09118851856703006
1798.4098324588163,19.101779088573913,0.09407587705037862
1800.7020459494452,19.11306819381996,0.09687056313911728
1802.9956141327036,19.124692661396654,0.09957395834901694
1805.2905772520712,19.136641536398535,0.10218743112784774
1807.5869742364391,19.148904028133877,0.10471242648586453
1809.8848427198152,19.16146951931218,0.10715062509537736
1812.1842190621326,19.174327594323625,0.10950383142403587
1814.4851383734515,19.18746805409451,0.11177375442704193
1816.787634539943,19.200880904625755,0.11396215192242701
1819.0917402484981,19.214556362856445,0.11607084530317227
1821.397487012041,19.228484864292827,0.11810155624555026
1823.704905195756,19.242657051042293,0.12005602680678919
1826.0140240418812,19.25706377425911,0.12193612229024023
1828.3248716947924,19.271696108933938,0.12374391494556958
1830.6374752278643,19.286545378727407,0.12548129050170262
1832.9518606733116,19.301603133587612,0.12715013509897735
1835.2680530493421,19.31686114979949,0.12875253650114116
1837.5860763873181,19.332311454179628,0.1302903041317407
1839.9059537618198,19.347946290675438,0.1317653642483522
1842.2277073167008,19.36375813438524,0.13317979347623882
1844.551358292827,19.37973970960239,0.1345357859269228
1846.8769270579792,19.395884003913622,0.13583538091618572
1849.2044331384488,19.412184249623564,0.1370805744247569
1851.5338952484037,19.428633918554535,0.13827374670331155
1853.8653313186303,19.445226768158932,0.1394169699344077
1856.1987585308093,19.46195680455106,0.14051227503917152
1858.5341933473555,19.47881827755576,0.14156178112713821
1860.8716515406622,19.495805691291018,0.14256754211696793
1863.211148223617,19.512913796345053,0.143531649549418
1865.5526978791786,19.530137594290984,0.14445611304057235
1867.8963143904934,19.547472327855854,0.14534309435540327
1870.242011069836,19.564913499178502,0.14619457456727528
1872.5898006897376,19.582456848126576,0.14701250584672138
1874.9396955115128,19.600098348828183,0.1477990028669154
1877.2917073133722,19.617834229172214,0.148556060199234
1879.6458474208728,19.635660956396123,0.1492856403660416
1882.0021267356403,19.653575233240048,0.14998965435608044
1884.3605557636292,19.671573991762777,0.1506599727830529
1886.7211446426409,19.689653188496745,0.15130047260271315
1889.0839030252605,19.70780924520907,0.1519146377754766
1891.4488401346855,19.726039001742127,0.15250601779145984
1893.8159648148946,19.7443397238771,0.15307741875878839
1896.18528558176,19.762709014128156,0.15363191688269914
1898.5568106634553,19.78114484415408,0.1541718480151727
1900.9305480447538,19.7996454659159,0.1546997844865439
1903.3065055006637,19.818209440054286,0.15521800105036482
1905.6846906334702,19.83683560018033,0.15572920232589949
1908.0651109054918,19.855523104459436,0.1562359138117884
1910.447773678027,19.87427141411685,0.1567402337362084
1912.832686247721,19.893080242165198,0.15724376577106677
1915.219855876781,19.911949494057726,0.15774889732322714
1917.6092898160678,19.930879361736512,0.15825719479711775
1920.000995339476,19.949870225112164,0.15877000993729978
1922.3949797664895,19.96892262630464,0.15928845789605908
1924.791250481646,19.988037241252165,0.15981420306767843
1927.1898149505964,20.007214945620287,0.16034938408858446
1929.5906807440708,20.026456871710916,0.16089558267901494
1931.993855568676,20.0457643416324,0.16145525844672073
1934.399347289672,20.065138972646004,0.16202893284791398
1936.8071639663897,20.084582444587753,0.16261741538269422
1939.2173138597402,20.104096534433676,0.1632223705621593
1941.6298054438723,20.123683218901135,0.16384505398198762
1944.0446474301405,20.143344625378973,0.16448619343345902
1946.461848785186,20.163082968590988,0.16514638560945194
1948.8814187414168,20.18290053486412,0.16582651518267458
1951.3033668056005,20.20279971668604,0.1665274669743169
1953.7277027716027,20.22278301272296,0.16724908079766815
1956.1544367331294,20.24285290241868,0.1679918518815838
1958.5835790814197,20.26301192464447,0.16875634806976125
1961.015140512377,20.28326268641284,0.16954264260241195
1963.4491320347465,20.30360780352513,0.17035181826786475
1965.8855649711695,20.324050021717273,0.17118469038028258
1968.3244509737756,20.344592184562906,0.17204147240860754
1970.7658020359231,20.36523716125194,0.17292287544932972
1973.2096304952734,20.38598790630586,0.17382961208619163
1975.65594904403,20.406847459756204,0.1747627639148988
1978.1047707392006,20.42781899142599,0.17572232427931098
1980.5561090181718,20.448905670339506,0.1767088260273601
1983.0099776986126,20.47011072946279,0.1777226291191228
1985.466390986148,20.491437444957082,0.17876390206240075
1987.925363479543,20.51288911320457,0.17983329228178255
1990.3869101731275,20.534469108278383,0.18093097834467237
1992.8510464661208,20.556180825679743,0.18205723387889763
1995.3177881652023,20.57802769374521,0.18321204762255575
1997.7871514884516,20.600013139459914,0.18439546507595936
2000.2591530651869,20.62214059526903,0.18560722445052527
2002.733809936619,20.644413462203094,0.18684692151015908
2005.2111395520835,20.666835092784314,0.18811440600695375
2007.6911597632177,20.68940882150515,0.18940947011777112
2010.1738888217983,20.712137957919282,0.19073227462845252
2012.6593453767487,20.735025830874697,0.1920825485858753
2015.1475484764537,20.758075736705003,0.19346002305745177
2017.6385175648584,20.781290939471898,0.1948644804459019
2020.132272477595,20.804674677125405,0.1962952747453867
2022.62883343885,20.82823011009485,0.1977518824607479
2025.1282210520615,20.85196033599014,0.1992337508917763
2027.6304562923804,20.875868386097153,0.2007406818134363
2030.135560498712,20.899957267914765,0.20227199878316482
2032.6435553708618,20.924229907768744,0.20382680105497797
2035.154462959794,20.948689123895342,0.20540462244267188
2037.6683056546615,20.97333767858846,0.20700473444720258
2040.1851061760922,20.998178246722127,0.20862635846491837
2042.7048875656988,21.023213409737917,0.2102687705197709
2045.2276731748673,21.04844566220029,0.21193132260194164
2047.7534866543313,21.073877420912524,0.21361340179695815
2050.2823519448407,21.09951102912816,0.21531444832722785
2052.814293268336,21.125348762927427,0.21703391985395293
2055.349335119887,21.151392833309902,0.2187710033968205
2057.8875022598845,21.17764535371752,0.22052472842097876
2060.4288197023307,21.204108321128036,0.22229443272295116
2062.9733127008662,21.23078365305479,0.224079422531924
2065.5210067392327,21.25767318375862,0.22587882084752864
2068.0719275212837,21.284778642260324,0.22769179376986223
2070.626100958355,21.31210165751271,0.22951746361964165
2073.1835531572565,21.339643753147065,0.23135494691108915
2075.744310407634,21.367406346776395,0.23320324956653915
2078.3083991692474,21.39539073672438,0.2350614159341304
2080.875846057654,21.423598106636476,0.23692855108386107
2083.4466778304504,21.452029532766538,0.2388036461977892
2086.0209213743824,21.480685970310272,0.24068579439435525
2088.59860369082,21.509568265637593,0.2425740510968124
2091.179751882696,21.53867715176921,0.2444675334088277
2093.7643931409084,21.56801325577827,0.24636524735929952
2096.3525547316017,21.597577085461385,0.24826619923960944
2098.944263981857,21.627369029370136,0.2501694516566737
2101.5395482653817,21.65738936356894,0.2520739963702928
2104.13843498901,21.687638243133375,0.2539788661566442
2106.740951578186,21.718115707072172,0.25588303542929774
2109.347125463035,21.74882167132369,0.2577855654532433
2111.9569840635936,21.779755939178077,0.2596854197914609
2114.570554776295,21.810918189553053,0.2615815780549796
2117.1878649590412,21.84230797891965,0.2634731714403777
2119.8089419165117,21.873924759492496,0.26535914498295865
2122.4338128876507,21.905767856890453,0.26723846536852175
2125.0625050304775,21.937836472734677,0.26911022228480924
2127.6950454072057,21.970129699408854,0.27097355037170207
2130.3314609711347,22.002646525453457,0.27282755977823153
2132.9717785541893,22.035385832626844,0.27467130395625405
2135.6160248541046,22.068346389101595,0.2765039465129225
2138.2642264207966,22.101526862683148,0.27832454211711244
2140.9164096443187,22.1349258077372,0.28013217990591327
2143.5726007412472,22.16854166932591,0.28192601771926185
2146.2328257415666,22.202372791452223,0.2837051845973969
2148.897110476541,22.23641741360391,0.28546881741119795
2151.5654805661734,22.270673671693253,0.2872160909360634
2154.237961406777,22.30513960260558,0.2889462549961295
2156.9145781590896,22.339813153205114,0.29065852542633325
2159.595355737474,22.374692176256275,0.2923521006044756
2162.280318798625,22.409774428328813,0.29402621337894047
2164.9694917300244,22.445057573934285,0.2956800884921323
2167.6628986388964,22.48053918455334,0.29731296004500124
2170.360563341043,22.51621673975874,0.2989240964065591
2173.062509349814,22.552087631327527,0.30051283256150796
2175.768759865573,22.588149171234907,0.30207854305084214
2178.4793377661213,22.624398596401008,0.30362058775731354
2181.1942655976895,22.660833066931886,0.3051383329849805
2183.9135655657215,22.697449666890083,0.30663113610451137
2186.637259525748,22.734245403222626,0.3080984616942155
2189.365368974135,22.77121721862593,0.30953978122043513
2192.09791504037,22.808361992372383,0.31095452603059276
2194.8349184794547,22.845676535496054,0.3123421753751472
2197.5763996637143,22.88315759654107,0.31370219933110366
2200.3223785752994,22.920801860460802,0.31503407606188827
2203.0728747985545,22.95860594958823,0.31633731530658177
2205.827907512505,22.99656642742502,0.31761139525018633
2208.587495483796,23.03467979485504,0.3188558619128929
2211.3516570591787,23.07294249828459,0.32007031310217016
2214.120410158973,23.11135093585685,0.3212543589793969
2216.893772271276,23.14990145893438,0.3224076023219126
2219.671760446348,23.18859037121301,0.3235296767421975
2222.4543912908935,23.227413932422074,0.3246202815218865
2225.241680962784,23.266368366204702,0.3256791059851986
2228.0336451667285,23.305449858922927,0.32670586941179885
2230.8302991497994,23.34465456325234,0.32770031193559446
2233.6316576973895,23.383978600684614,0.32866218084263965
2236.4377351294715,23.423418062385732,0.3295912451258026
2239.2485452969577,23.46296901180083,0.33048728518710896
2242.064101578374,23.502627486023282,0.33135011546937865
2244.884416876697,23.542389499879608,0.3321795548206938
2247.7095036166825,23.58225104645809,0.3329754502237941
2250.5393737422573,23.622208100484947,0.3337376587029928
2253.3740387143157,23.662256619529305,0.3344660172177539
2256.213509508659,23.702392541595437,0.33516038935093073
2259.0577966136507,23.74261178831755,0.33582066616049766
2261.9069100282486,23.78291026825681,0.3364467878106755
2264.7608592604392,23.82328388279409,0.3370387046144452
2267.6196533263746,23.863728527347824,0.33759639341902675
2270.4833007496563,23.90424009455811,0.33811986341923383
2273.3518095610034,23.944814478168418,0.3386091059789079
2276.2251872983834,23.985447570885885,0.33906411434052036
2279.1034410068896,24.026135264606747,0.3394848839822665
2281.9865772386424,24.066873450684618,0.33987142684079763
2284.8746020527246,24.107658021905515,0.3402237634320946
2287.7675210153534,24.148484873517365,0.34054176910436146
2290.6653392001754,24.18934988580989,0.3408253724209477
2293.5680611864727,24.2302489305004,0.34107453861961146
2296.4756910581327,24.271177875134754,0.3412892751283424
2299.388232403149,24.312132588150156,0.3414696150443748
2302.305688313727,24.35310894195548,0.34161562710866644
2305.2280613867615,24.39410281720852,0.3417274092885619
2308.1553537248265,24.435110106323148,0.34180506873556404
2311.087566937585,24.476126714571414,0.3418487253598269
2314.024702143334,24.517148561614594,0.34185852628529034
2316.9667599707277,24.55817158476883,0.34183463204569253
2319.9137405609,24.599191740614312,0.34177721828423074
2322.8656435697735,24.64020500680842,0.3416865118646085
2325.8224681705906,24.68120738823217,0.34156273517618196
2328.7842130571785,24.72219491645331,0.34140610452275516
2331.7508764471527,24.76316364899604,0.3412168400502678
2334.7224560850323,24.804109669802074,0.34099516199849955
2337.6989492454086,24.845029089241894,0.3407412838079893
2340.6803527361176,24.885918043298854,0.3404554402253725
2343.6666629013134,24.926772696125898,0.340137880792201
2346.6578756248487,24.967589241820964,0.33978886159024235
2349.653986333867,25.00836390521179,0.3394087018526982
2352.6549900024925,25.049092949434115,0.33899761780829296
2355.6608811564247,25.08977266357111,0.33855549243681593
2358.6716538760534,25.13039932266353,0.3380824379743578
2361.687301794773,25.170969215220452,0.33757884903649654
2364.707818100599,25.211478677104832,0.3370451079560106
2367.7331955418517,25.251924090059553,0.3364815853023487
2370.763426432659,25.292301880295835,0.3358886266355544
2373.798502658294,25.3326085154921,0.33526654569852743
2376.838415680153,25.372840500975926,0.3346156599956338
2379.88315654027,25.4129943801754,0.3339362547453568
2382.932715865891,25.453066730744844,0.33322863153504595
2385.9870838735806,25.49305416652905,0.33249311514454855
2389.046250373564,25.532953340346396,0.33173000923743234
2392.1102047744057,25.572760941454888,0.3309395957631343
2395.1789360873804,25.612473692946462,0.3301221729851704
2398.252432930534,25.652088353704684,0.32927803462053895
2401.3306835329786,25.69160171785915,0.32840745625546625
2404.4136757391216,25.731010612609808,0.32751064797025126
2407.5013970126347,25.770311890366237,0.32658779674831984
2410.5938344394785,25.809502425976035,0.32563932695355985
2413.690974730596,25.84857914521046,0.32466556043597955
2416.792804228021,25.887539012462778,0.32366684052122047
2419.8993089095165,25.926379033325325,0.32264346652601017
2423.010474393516,25.965096249308445,0.3215956710284007
2426.126285943433,26.003687729831853,0.32052368891325694
2429.2467284710124,26.042150572501445,0.3194278130426732
2432.3717865397125,26.080481910066567,0.31830848106790377
2435.5014443689206,26.118678927794715,0.3171661011314991
2438.635685840256,26.156738859930496,0.3160010706288906
2441.774494503448,26.194658988405962,0.3148137269561736
2444.9178535820565,26.232436635640703,0.3136043758825742
2448.0657459783333,26.270069160746612,0.31237336448766606
2451.218154277623,26.30755396448513,0.31112085053599464
2454.375060753361,26.34488846654945,0.30984729810809086
2457.536447369347,26.38207014232242,0.308552928454813
2460.702295786426,26.419096493736998,0.3072379863960596
2463.8725873656745,26.455965052104524,0.3059027059950016
2467.047303171927,26.492673376823923,0.30454737981027924
2470.2264239771457,26.529219062401157,0.3031723302167928
2473.4099302646337,26.56559974202717,0.30177784376590344
2476.5978022336767,26.60181308327908,0.3003641472292119
2479.79001980367,26.637856780946585,0.2989314289470478
2482.9865626173837,26.67372855242023,0.2974798717145138
2486.187410043674,26.70942613702597,0.29600969059508664
2489.392541180117,26.744947299897383,0.29452113852824874
2492.6019348561044,26.780289836520772,0.29301451778982873
2495.815569636487,26.81545157865555,0.2914900868879994
2499.0334238259256,26.85043038908211,0.2899481074186556
2502.2554754726157,26.88522416197235,0.288388824500993
2505.4817023720525,26.91983082091247,0.2868124437010209
2508.712082070562,26.954248314156594,0.2852191804344322
2511.9465918682604,26.988474615808727,0.28360925646047297
2515.1852088221576,27.022507726583985,0.2819829000380224
2518.4279097493477,27.05634567458855,0.2803402919363155
2521.6746712302984,27.089986509620907,0.27868165793730637
2524.925469611453,27.123428308573384,0.2770072419134909
2528.180281008482,27.156669177603003,0.2753172942993353
2531.4390813097943,27.189707252918925,0.2736120046324098
2534.7018461801445,27.222540693474816,0.27189175965609136
2537.9685510633612,27.255167704633546,0.27015674227203235
2541.2391711879172,27.28758651370619,0.26840725372098234
2544.513681569562,27.31979538415271,0.2666435403624444
2547.7920570156602,27.351792608996202,0.26486589526741866
2551.0742721287397,27.383576516428292,0.26307442344024534
2554.3603013107113,27.41514544724112,0.26126939719447323
2557.6501187643803,27.446497774904458,0.2594510713389574
2560.943698497369,27.477631903465134,0.25761971593659766
2564.241014325785,27.508546269377526,0.2557755604452482
2567.5420398781102,27.539239336630956,0.25391885050308266
2570.846748598506,27.569709598691325,0.2520498198377285
2574.155113750349,27.599955577071853,0.25016870819863385
2577.4671084195975,27.629975822055687,0.24827568631393043
2580.7827055182443,27.659768904413358,0.2463709677097175
2584.101877786774,27.689333420538524,0.24445474934946157
2587.4245977972387,27.71866799046046,0.2425272362223609
2590.750837956094,27.747771258807145,0.24058865235970434
2594.080570507151,27.77664189709031,0.2386392362990975
2597.413767534802,27.8052786054462,0.23667925896933437
2600.7504009674553,27.833680116522522,0.23470894769522915
2604.090442581438,27.86184519024595,0.23272855916570478
2607.4338640042674,27.889772617345837,0.23073832359458757
2610.780636718349,27.917461216177188,0.22873844986584724
2614.13073206429,27.94490983016109,0.22672914250129372
2617.484121243909,27.972117327261245,0.2247106250493773
2620.8407753231804,27.99908260226717,0.22268310541701664
2624.2006652354526,28.02580457491721,0.2206467935657224
2627.5637617844427,28.052282190145096,0.2186019207935923
2630.93003564726,28.078514420640328,0.21654873527149684
2634.299457377737,28.104500268872908,0.21448744247401177
2637.6719974100015,28.13023876196979,0.21241824514506474
2641.0476260614378,28.155728951387196,0.21034135699197004
2644.426313535604,28.18096991422623,0.20825697837293777
2647.808029925311,28.205960751630986,0.20616529066618294
2651.192745215507,28.230700586510928,0.20406649734449042
2654.5804292858884,28.255188566192267,0.20196080165820998
2657.9710519138316,28.27942386239125,0.1998484009206043
2661.3645827773184,28.303405670501725,0.19772948883273014
2664.760991457779,28.32713320916165,0.1956042742681657
2668.1602474428782,28.35060572207383,0.19347293950045608
2671.562320129527,28.373822474813885,0.19133566521582338
2674.9671788265046,28.396782754639784,0.18919261031817464
2678.374792757061,28.419485867877963,0.18704392783462154
2681.7851310612064,28.441931139218116,0.18488975636252233
2685.1981627979126,28.46411790998162,0.18273023943724362
2688.6138569471104,28.48604553871409,0.1805654881169892
2692.032182411756,28.50771339728813,0.17839565545508232
2695.4531080194306,28.529120875942738,0.176220898692779
2698.8766025245436,28.550267383785872,0.1740413806378851
2702.302634610598,28.57115234946242,0.17185726646130847
2705.7311728925333,28.591775221437775,0.16966871119289645
2709.162185919106,28.612135466780924,0.16747590618778302
2712.59564217512,28.632232575523457,0.16527900306557422
2716.0315100841826,28.652066055891325,0.16307812565140636
2719.4697580108896,28.671635430969495,0.16089576730657734
2722.910354262606,28.690942923046283,0.1587058926205184
2726.353267413371,28.709987630160747,0.15650903398923333
2729.7984659289905,28.728768714239454,0.15430527075875727
2733.245918174699,28.747285346730504,0.15209619462157067
2736.6955924163067,28.76553689008509,0.149881322608145
2740.1474568431167,28.78352264879807,0.14766217874380966
2743.6014795609726,28.801242110247326,0.14543842540299115
2747.0576286142023,28.818694721295685,0.14321074579668783
2750.5158719807578,28.83588001079129,0.14097805611788777
2753.9761775820525,28.852797377525437,0.13874091489796384
2757.4385132673556,28.869446287313192,0.13650030495002732
2760.902846821833,28.885826323907196,0.13425723338196122
2764.369145980702,28.90193719191303,0.13201006428437714
2767.8373784437313,28.917778399627156,0.12976065108179677
2771.3075118516867,28.933349677756972,0.1275095666089581
2774.7795138130177,28.948650825750047,0.12525723255041812
2778.2533519121075,28.963681693656095,0.12300261123008382
2781.7289937153464,28.978442007003707,0.12074483791049129
2785.206406756187,28.992931387552964,0.11848485374091945
2788.685558522693,29.007149570001875,0.11622078469469574
2792.1664164710933,29.02109606416524,0.11395687396789246
2795.648947998793,29.034770889041386,0.1116925256505417
2799.133120505478,29.04817399211945,0.10942585535349304
2802.6189013845324,29.06130509476187,0.10715775073374777
2806.106257995904,29.07416402484992,0.10488950706084406
2809.5951576788857,29.08675076569722,0.10262131089661922
2813.0855677707696,29.099065323004815,0.10035259574061405
2816.5774556095303,29.11110763449369,0.0980834868298116
2820.0707885256693,29.122877652913267,0.09581614158131599
2823.565533844019,29.134375589903026,0.09354925626755367
2827.061658914807,29.145601500655133,0.09128271397847966
2830.5591310948857,29.15655542633255,0.089017710577998
2834.057917746046,29.167237551601907,0.08675202223319163
2837.557986252238,29.17764779426989,0.08448619206847181
2841.0593039875507,29.187786137318106,0.08222162911734623
2844.561838324029,29.197652732812188,0.07995725446079827
2848.0655566519663,29.207247603347483,0.07769313323008066
2851.570426364368,29.216570779335093,0.07542847331050552
2855.0764148578883,29.225622196132353,0.07316570188113514
2858.5834895214243,29.234402080358088,0.07090373679449781
2862.0916177710674,29.24291052877343,0.06864291244087158
2865.6007670345202,29.251147678266335,0.06637378593658794
2869.110904755912,29.259112532578726,0.06409216781707228
2872.6219982598213,29.266803592716776,0.06180154369051662
2876.1340146909474,29.274219777959637,0.05950411059965181
2879.6469210643027,29.281360271231595,0.057202263481938374
2883.1606842968504,29.288224542849427,0.054897578784479935
2886.6752712419925,29.294812252303565,0.052591829462597585
2890.1906487122687,29.301123271839078,0.050286496125747315
2893.7067835048892,29.30715765137417,0.047982014336346426
2897.223642423054,29.31291549309453,0.04567978629675374
2900.7411922822253,29.31839706745014,0.043380472721571445
2904.2593999303194,29.323602724176727,0.04108590477925767
2907.7782322572207,29.328533032750236,0.0387963975354132
2911.2976562211506,29.333188600454488,0.036512779949177496
2914.817638853205,29.337570134048388,0.034236616634084165
2918.338147269291,29.34167852804448,0.03196765873866281
2921.859148692656,29.34551464709312,0.029705644323521414
2925.3806104503074,29.349079324411942,0.027449994791311005
2928.902499969237,29.3523733237869,0.025202643871576603
2932.4247847680913,29.35539764105149,0.02296481968152754
2935.9474324850175,29.358153419413274,0.02073708647776928
2939.470410895347,29.360641869790605,0.01852007210969819
2942.9936879197217,29.36286427844377,0.016313356364735705
2946.517231633135,29.364821881207536,0.014117293968112954
2950.04101025888,29.36651595648371,0.011932483631558386
2953.564992173658,29.367947854519496,0.009758830541997122
2957.0891459162003,29.369118914184536,0.007595936359721351
2960.6134401859026,29.370030426547704,0.005443678380108017
2964.1378438370884,29.370683667953315,0.0033026574736780426
2967.662325877243,29.371079986850155,0.0011724437487379384
2971.1868554756647,29.371220680100002,-0.0009481694495202034
2974.711401957277,29.37110689976606,-0.003059224358497107
2978.235934785249,29.37073979284304,-0.005160803462011464
2981.76042356039,29.3701204964276,-0.007252678208609587
2985.284838019961,29.369250175042566,-0.009334046391855425
2988.809148040966,29.368130089475542,-0.011404895475813385
2992.3333236517033,29.366761502018445,-0.013464660032580431
2995.8573350319457,29.365145742814537,-0.015512764278906322
2999.3811525210835,29.363284211101067,-0.01754816950410568
3002.9047466264155,29.361178430760575,-0.019570402154964608
3006.428088038107,29.35882998250198,-0.021579280301937506
3009.951147636007,29.35624046886575,-0.02357414863024523
3013.4738964922713,29.35341157103012,-0.0255548050863329
3016.996305880795,29.350344994419757,-0.027520208414862468
3020.518347280125,29.347042569409975,-0.029469708778266355
3024.0399923884543,29.343506204356583,-0.031402852551986084
3027.561213132977,29.339737862050345,-0.03331904134691014
3031.0819816764233,29.335739577088717,-0.035218020711327735
3034.602270425674,29.331513414603357,-0.03709951378377878
3038.1220520354263,29.327061472949303,-0.03895279170213593
3041.64129941218,29.322387137945046,-0.04079071110069808
3045.1599858687337,29.31749225261296,-0.04261275184257797
3048.678084939047,29.312378722391852,-0.04441850780707402
3052.195570385734,29.307048501455004,-0.046206291590574086
3055.7124162059085,29.301503746464135,-0.04797608011946488
3059.228596655484,29.2957466168498,-0.049726695990061104
3062.744086249506,29.289779413330994,-0.051458358575746786
3066.2588597791055,29.283604410301905,-0.05317067619901007
3069.772892308342,29.277223929158023,-0.054863986585082035
3073.286159179841,29.270640250767812,-0.05653769625208677
3076.798636009933,29.26385572721756,-0.058190782446039126
3080.310298697199,29.256872833324035,-0.059822897806157495
3083.821123437198,29.249694085587297,-0.061434838109047714
3087.3310867274686,29.24232190501421,-0.06302514871894674
3090.8401653560704,29.23475888716794,-0.06459342647316148
3094.348336422531,29.22700767599116,-0.06613931647099608
3097.8555773436497,29.21907095801464,-0.06766314164779401
3101.3618658586115,29.210951381016905,-0.0691647934502447
3104.8671800243337,29.202651605802874,-0.07064317774337195
3108.37149821703,29.19417442447367,-0.07209872752215432
3111.8747991479668,29.18552257717101,-0.07352870903346602
3115.377061857227,29.176699132086995,-0.07493320688019613
3118.8782657530774,29.16770714726137,-0.07631277376708737
3122.3783906107487,29.15854961440932,-0.07766636695018175
3125.8774165644777,29.1492296503753,-0.07899288898946434
3129.3753241225227,29.139750503696565,-0.08029181107297673
3132.872094182966,29.130115486367806,-0.08156305819896512
3136.3677080413304,29.120327919383932,-0.08280621884288715
3139.8621473916564,29.110391173122785,-0.08401986212078166
3143.3553943324314,29.10030878966829,-0.08520454324877898
3146.8474313871916,29.090084244478437,-0.08636003153335615
3150.338241496529,29.079721040694434,-0.08748556053307867
3153.8278080214122,29.069222773430464,-0.088581988350051
3157.3161147542237,29.058592934828457,-0.08964338965911495
3160.803145906403,29.047835728069362,-0.0906587396172314
3164.2888861937713,29.036956679315296,-0.09163114080639008
3167.773320995289,29.02596094241853,-0.09256287846601655
3171.2564363083793,29.014853397002607,-0.0934563438321963
3174.7382187160197,29.003638635742742,-0.09431166028604819
3178.218655352309,28.992321236508417,-0.095130842489568
3181.69773390069,28.98090553540967,-0.09591460888558036
3185.175442564939,28.969395782343398,-0.09666371729042285
3188.6517700588206,28.95779613626855,-0.0973796100055802
3192.126705595173,28.946110583067878,-0.09806327132269795
3195.6002388651414,28.934342990509155,-0.0987157763777134
3199.0723600240026,28.92249709734383,-0.09933712934965412
3202.5430596756837,28.91057664182187,-0.09992791811518897
3206.0123288727023,28.898585291648047,-0.10048876136860765
3209.4801591077,28.886526640283815,-0.10101937765790106
3212.946542304534,28.874404314964867,-0.10151957165829952
3216.4114708223296,28.862221966365873,-0.101992187719819
3219.8749374582935,28.849982903839493,-0.10244306762094403
3223.336935406754,28.83768973572498,-0.1028709587558537
3226.797458175041,28.825345220674276,-0.10327552615731019
3230.2564996015217,28.8129521575354,-0.10365662965210187
3233.714053860426,28.800513361977146,-0.10401188208826648
3237.170115463863,28.788031936126554,-0.10434066568002104
3240.6246792961983,28.77551105624495,-0.1046432419094257
3244.0777406229477,28.76295386721582,-0.10491964811967995
3247.5292950870135,28.75036350944146,-0.10516817890086186
3250.9793387081463,28.737743327973355,-0.10538754443677427
3254.4278679075032,28.725096822640943,-0.1055778636559813
3257.87487952622,28.712427479002226,-0.10573821962098968
3261.3203708237,28.69973889264771,-0.10586723589873376
3264.7643394908177,28.68703482433986,-0.10596435972339557
3268.2067836697383,28.674319101173054,-0.10602935790647897
3271.647701961879,28.661595578224276,-0.10606219904490162
3275.087093431266,28.64886811433889,-0.10606389708771094
3278.524957604987,28.636140446688362,-0.10603458854859114
3281.9612944585897,28.62341629606253,-0.10597355747252983
3285.3961044141174,28.610699469165827,-0.10588087319115257
3288.8293883504175,28.59799376438289,-0.1057575198477695
3292.2611476021434,28.585302862001157,-0.10560502251869547
3295.6913839455838,28.572630259298915,-0.10542326393290608
3299.1200995766994,28.559979467626967,-0.10521263312872012
3302.5472971128147,28.54735395165152,-0.10497364257382483
3305.972979587013,28.53475711454266,-0.10470724781239388
3309.397150440758,28.522192244805172,-0.10441461124191137
3312.8198135101347,28.509662491456144,-0.10409652142838638
3316.2409730091094,28.497170908884737,-0.10375407315250001
3319.6606335181755,28.484720420106438,-0.10338829159816329
3323.078799968588,28.472313825114657,-0.10299992747276467
3326.4954776276018,28.459953833817927,-0.10258938882046492
3329.91067208766,28.44764310715947,-0.10215703207668256
3333.3243892605187,28.43538426331027,-0.10170295849477703
3336.736635372116,28.423179908290894,-0.10122793360774379
3340.1474169611106,28.411032556257965,-0.10073319654531307
3343.5567408678617,28.398944572672526,-0.10021897469734702
3346.9646142165825,28.386918295708846,-0.09968566805219874
3350.3710444120675,28.374956015542583,-0.09913358127975262
3353.7760391339325,28.363059985789015,-0.09856327493002122
3357.179606332227,28.351232392797414,-0.09797494784883139
3360.5817542193627,28.339475399055555,-0.09736938758201796
3363.9824912672493,28.32779107254571,-0.09674769098129037
3367.381826195955,28.316181349627957,-0.09610987618333132
3370.7797679579103,28.304648164485958,-0.09545642382695747
3374.1763257376488,28.293193393626723,-0.09478818392033395
3377.571508944884,28.28181881155628,-0.09410587517292616
3380.9653272022706,28.27052610653553,-0.09341017707041162
3384.3577903350547,28.25931688528708,-0.092702132397526
3387.748908361289,28.248192629399377,-0.09198313524439367
3391.138691476817,28.237154653170048,-0.09125427246543627
3394.5271500351973,28.226204140474195,-0.09051678175335623
3397.914294532054,28.215342126663792,-0.08977180288633903
3401.300135587254,28.20456951031743,-0.08902020895555099
3404.684683928492,28.193887085242764,-0.08826297051189605
3408.0679503787214,28.183295528781336,-0.08750160367410635
3411.449945842175,28.172795336340442,-0.08673782045519499
3414.830681282536,28.16238679788582,-0.08597291201000189
3418.210167698282,28.152070048444617,-0.08520819885603916
3421.5884161040954,28.141845064581894,-0.08444500669312847
3424.9654375118453,28.131711663778717,-0.08368490913743086
3428.3412429114987,28.121669474682225,-0.08292930310570067
3431.7158432484607,28.11171795830954,-0.0821795239494828
3435.089249403458,28.101856415435602,-0.08143743917699119
3438.46147217331,28.092083922734364,-0.08070480345406851
3441.832522244038,28.082399346319875,-0.07998333473892459
3445.2024101655966,28.072801346151202,-0.07927468802928343
3448.5711463271346,28.06328838358769,-0.07858046344700494
3451.9387409331653,28.05385872797405,-0.07790205388072498
3455.305203980522,28.04451048150836,-0.07724096452266664
3458.670545238303,28.03524156576564,-0.07659894694360093
3462.0347742261947,28.02604969213241,-0.07597763877098147
3465.397900189251,28.016932375479893,-0.07537846982002484
3468.7599320743084,28.00788695910149,-0.07480297523868182
3472.1208785094004,27.99891060207285,-0.07425287883034748
3475.4807477816494,27.990000256613207,-0.07372973117434375
3478.839547812443,27.981152688872285,-0.07323529892343866
3482.197286135108,27.97236445300147,-0.07277150300805815
3485.553969869468,27.963631872640505,-0.07234017662837092
3488.909605694185,27.9549510514451,-0.0719431621679867
3492.264199820358,27.94631787198494,-0.0715824365588785
3495.617757964996,27.937727979597877,-0.07126016844514875
3498.970285322548,27.92917675938446,-0.0709783720027552
3502.321786533674,27.92065935474413,-0.07073916306193133
3505.6722656562433,27.9121706551767,-0.07054479679140926
3509.0217261348644,27.90370527956173,-0.07039751075806193
3512.3701707684118,27.895257578270762,-0.07029961727253296
3515.7176016778044,27.886821624198056,-0.07025345069533032
3519.064020272708,27.878391210114618,-0.07026141372561918
3522.409427217922,27.869959840467544,-0.07032591717011698
3525.753822398778,27.86152073040713,-0.0704495552329297
3529.097204886427,27.853066783779177,-0.07063506927466011
3532.4395729004805,27.844590575466217,-0.0708851022599169
3535.7809237695365,27.836084363195027,-0.07120224741174394
3539.12125389312,27.82754009350562,-0.07158912648052942
3542.4605587043407,27.818949398327955,-0.07204854973008219
3545.79883263214,27.810303572360347,-0.07258326956700309
3549.1360690608235,27.801593580012305,-0.07319610698144464
3552.472260290425,27.79281004717453,-0.07388997695422841
3555.8073974960857,27.783943249940023,-0.07466784364990381
3559.1414706860787,27.774983108702035,-0.07553267173605617
3562.474468659123,27.765919188093708,-0.07648738966754885
3565.806378961694,27.7567407013336,-0.07753508220512206
3569.137187845854,27.74743649146899,-0.07867886714901867
3572.46688022483,27.737995027411106,-0.07992197149258473
3575.7954396281198,27.728404390831997,-0.08126783299525857
3579.1228481550197,27.718652250872566,-0.08271995993045918
3582.4490864251243,27.70872585568091,-0.08428187655463637
3585.774133527806,27.698612030494353,-0.08595719959437136
3589.097966971465,27.688297166543027,-0.0877497190936469
3592.4205626314506,27.67776720025179,-0.08966329875484844
3595.741894695481,27.667007604401206,-0.09170157421916007
3599.0619356080088,27.656003415494908,-0.09386840276861139
3602.380656017868,27.644739207162676,-0.09616777621198852
3605.698024722728,27.633199074017238,-0.09860374608845919
3609.01400861161,27.621366624486622,-0.10118049668372527
3612.3285726065483,27.609224964884575,-0.103902174831843
3615.6416796023345,27.596756703904752,-0.10677269832922563
3618.9532904068033,27.583943980105246,-0.10979667569640791
3622.2633636844157,27.57076837902168,-0.1129788752259697
3625.5718558898984,27.557210913994563,-0.11632421781376383
3628.8787211995777,27.54325200785691,-0.11983768864804464
3632.1839114405207,27.528871485219145,-0.12352435599386209
3635.487376018747,27.51404856249988,-0.12738935745249355
3638.789061846247,27.49876183960558,-0.13143788283179889
3642.0889132669995,27.482989293665767,-0.13567515967895022
3645.3868719822394,27.466708274504292,-0.14010655441005318
3648.68287697518,27.449895487975084,-0.14473724751169956
3651.976864433737,27.43252701827368,-0.14957241123407092
3655.2687676759297,27.414578328925593,-0.1546172601350744
3658.5585170754007,27.396024257709385,-0.15987711332946927
3661.8460399863256,27.376839004109847,-0.16535728714613124
3665.131260666819,27.356996129652313,-0.1710630843074798
3668.414100202377,27.336468559535415,-0.17699979423157072
3671.6944764295213,27.315228584227626,-0.183172684585317
3674.9723038596285,27.293247862077386,-0.18958689300340148
3678.2474936030776,27.27049743491698,-0.19624740674222033
3681.5199532952674,27.246947746107914,-0.20315912889640758
3684.7895870248003,27.222568650640344,-0.21032673313766928
3688.056295262877,27.197329442663825,-0.21775480952675738
3691.3199747959966,27.171198865520616,-0.2254478339833796
3694.580518659859,27.14414512544261,-0.23341006017425517
3697.837816074912,27.116135918221698,-0.24164549754915587
3701.0917523850985,27.0871384585158,-0.25015783205622616
3704.3422090001204,27.05711951866905,-0.2589505226996567
3707.5890633423605,27.02604545594509,-0.2680266522495855
3710.8321887970737,26.993882257675143,-0.27738884602771713
3714.0714546679947,26.960595596151816,-0.2870394776730242
3717.3067261395327,26.926150858831054,-0.29698059488179135
3720.5378642425926,26.89051318744524,-0.3072138863177791
3723.764725825086,26.853647521087108,-0.3177406561682824
3726.9871635276163,26.815518642346916,-0.32856170081631547
3730.205025764698,26.77609123824896,-0.339677238641966
3733.4181567132878,26.735329969611925,-0.35108685529924155
3736.626396309641,26.693199546976015,-0.36278953072589465
3739.8295802552784,26.649664803288907,-0.3747835835657944
3743.027540031673,26.604690773261012,-0.3870665633001105
3746.2201029244643,26.558242785664998,-0.39963535536774797
3749.407092058744,26.510286543020868,-0.4124860350982581
3752.5883264439067,26.46078821880908,-0.4256138559565171
3755.763621030164,26.409714556094297,-0.43911907407022044
3758.9327867768952,26.357020267205872,-0.4529818536525121
3762.09562920896,26.30266244476757,-0.4671793209295464
3765.251948702332,26.246600926256026,-0.48157354046551043
3768.401540813483,26.188812101400163,-0.4961638659175985
3771.5441982656507,26.12927243749005,-0.5109436895800186
3774.6797109581494,26.06795919474045,-0.5259128829454474
3777.8078660615183,26.004849648786998,-0.5410605445310432
3780.928448019373,25.93992238344327,-0.5563812083473935
3784.041238705386,25.873156638441582,-0.5718548818520819
3787.1460175019993,25.80453405261933,-0.5874650760402156
3790.2425615883135,25.734038243494506,-0.6031955255708814
3793.330646177533,25.661654780426,-0.6190403887127127
3796.4100447511837,25.587369933780476,-0.6349808532171834
3799.480529143237,25.511172231394415,-0.6510012361730638
3802.5418698110043,25.433052083053646,-0.6670826357310595
3805.5938360609707,25.35300216676592,-0.6832174717748004
3808.6361963209824,25.271016070152942,-0.6993807112511278
3811.6687182494006,25.187090384802808,-0.7155377489178997
3814.691169095577,25.10122585493266,-0.7316557986417147
3817.703316198169,25.013427159095656,-0.7476969545836963
3820.7049274572605,24.923703524545612,-0.7636521945135786
3823.695771880206,24.832065261203983,-0.7795035004948512
3826.6756197115506,24.7385248411446,-0.7952324208853443
3829.6442426924878,24.64309695063836,-0.8107979337973727
3832.6014143265643,24.545801198582673,-0.8261700026308516
3835.5469104703943,24.446660798266972,-0.8413315584866031
3838.4805097661865,24.34570101124858,-0.8562558320132548
3841.4019938875363,24.24295031140699,-0.8709074774460379
3844.311147924905,24.138441414113466,-0.8852631878220667
3847.207760894599,24.032209831574818,-0.8992954549363474
3850.091626074388,23.924294376982456,-0.9129750143636274
3852.962541399626,23.81473737525882,-0.926265520054315
3855.820309884657,23.7035855128523,-0.9391256830621623
3858.664740146199,23.59089043088484,-0.9515181433626578
3861.495646997905,23.476708253681323,-0.9634070753633875
3864.312851988347,23.361099404637717,-0.9747653466139242
3867.1161839169035,23.244127563044046,-0.9855624532237519
3869.9054792244688,23.125860068657197,-0.9957529176857226
3872.6805824327075,23.00636971853491,-1.005315884579306
3875.4413467989316,22.88573181238539,-1.0142241103756875
3878.1876346164177,22.764024919140308,-1.0224591729334949
3880.9193176067147,22.64132981838829,-1.0299898860115437
3883.6362771849213,22.517731032066905,-1.0368705011341917
3886.3384049087695,22.3933065719308,-1.0432109046962845
3889.0256016974013,22.268121263367245,-1.0489412676352154
3891.6977762490055,22.14224831125102,-1.0540093502608705
3894.3548460463558,22.015767189219716,-1.0583619498482366
3896.9967381090623,21.888763755237928,-1.061961249388491
3899.623389759691,21.76132840531131,-1.0647702156837309
3902.234749168328,21.633555979429264,-1.0667588746643943
3904.8307758858596,21.505544914469535,-1.0678943140538635
3907.4114412755957,21.377397596783073,-1.0681373833452632
3909.9767289872098,21.24922111078164,-1.0674558526314282
3912.5266355205035,21.12112640846587,-1.0658243163111158
3915.0611706895193,20.993227490508534,-1.0632353643474357
3917.5803579883805,20.86563924678684,-1.0596827009102072
3920.084234697995,20.738477322677618,-1.055154464454183
3922.5728519767163,20.611858786943117,-1.0496627130631206
3925.0462750311494,20.485899261375543,-1.043200020747164
3927.5045829425144,20.360715258885882,-1.0357656190854236
3929.947868773581,20.236423384595632,-1.027371094587827
3932.3762395797326,20.113138853245093,-1.018016870531403
3934.789816242122,19.990976828781324,-1.0077093689121295
3937.188733461576,19.87005170451187,-0.9964332954644942
3939.573139666117,19.75047970905613,-0.984223627215223
3941.943197231204,19.632372873790302,-0.9710970065708556
3944.299081976059,19.5158412330018,-0.9570616473616457
3946.640982924019,19.400993835318403,-0.9421362889806069
3948.9691021842573,19.28793748064073,-0.9263535353634578
3951.283654681934,19.176775056397112,-0.9097481219560042
3953.5848676887017,19.06760528176239,-0.8923532264491167
3955.8729803225133,18.960522894588497,-0.8742086987137522
3958.148243069864,18.855617850742846,-0.8553628318568773
3960.410917211953,18.75297431092002,-0.8358527150394421
3962.6612741292633,18.652671985115287,-0.8157234819841712
3964.899594767477,18.554785167277185,-0.7950189197264629
3967.1261689875505,18.45938289691001,-0.773768748062993
3969.3412949351796,18.36653064714245,-0.7520144575830403
3971.5452786128367,18.276288912232484,-0.7298028130738956
3973.7384332823044,18.188712574663615,-0.7071702473420451
3975.921078791264,18.103852144982568,-0.68414574490482
3978.093541048662,18.02175465559399,-0.660764750943637
3980.256151607333,17.942462885480754,-0.6370757999329367
3982.4092471535905,17.8660137894888,-0.6131189211514912
3984.5531688083292,17.792439518950623,-0.5889376647230754
3986.6882615506033,17.721766999183853,-0.5645731721468937
3988.8148735905056,17.654018218526225,-0.5400644733835899
3990.9333557767286,17.589210481720194,-0.5154548296789052
3993.044061034535,17.527355902158725,-0.490785067974658
3995.147343742794,17.468461694001764,-0.4661017481068226
3997.2435591460744,17.412529484228944,-0.44144788661955275
3999.333062684182,17.359555737834597,-0.41687296530290346
4001.4162093727223,17.30953098199825,-0.39242308802036885
4003.493353090562,17.262440211435806,-0.3681365291921127
4005.5648459159343,17.218263827932752,-0.3440482438108814
4007.631037575286,17.176978038675447,-0.32018810273823956
4009.692274939927,17.13855546634686,-0.2965938738051045
4011.7489015958886,17.102964201490245,-0.2732963397245955
4013.8012573000674,17.070168640723292,-0.2503249523307804
4015.849677536954,17.0401296464436,-0.22771450495479215
4017.894493094527,17.012803905849026,-0.20549377415651784
4019.936029563229,16.988144652950243,-0.1836890307760484
4021.974606921583,16.966101969257117,-0.16232027768496893
4024.010539157894,16.946623535934922,-0.14141515154231507
4026.0441339822064,16.929653717749844,-0.12099774322403194
4028.0756924283364,16.91513398856296,-0.10108480971380492
4030.105508506964,16.903003811397305,-0.0816956447319244
4032.1338689643317,16.893200334029473,-0.06284416634884556
4034.1610530044154,16.88565903406761,-0.04454154600049539
4036.1873320885034,16.88031404854755,-0.026795912091887968
4038.212969774329,16.877098539096522,-0.00961307872010154
4040.2382215990206,16.87594496965011,0.007005103676317851
4042.2633349953785,16.87678558209127,0.02305968429891722
4044.2885492652294,16.87955274420714,0.038548316574658584
4046.314095594534,16.884178542196096,0.05347189148416245
4048.340197019598,16.890595169174198,0.06783684777988555
4050.3670684398985,16.898735590907783,0.08164962795573896
4052.3949167108076,16.908533546262472,0.09491569635799083
4054.423940736359,16.91992342982543,0.10764196480868687
4056.4543315479377,16.932840465602474,0.11983771343717507
4058.48627240381,16.947220991214934,0.13151222824736863
4060.5199389227555,16.963002458604617,0.14267481415786584
4062.555499217788,16.98012343630356,0.1533370821085092
4064.5931140301445,16.998523886156583,0.1635115130710287
4066.6329368964834,17.018145267725107,0.1732115940293615
4068.6751143286106,17.03893065900863,0.18245171646130276
4070.7197860076917,17.06082486498399,0.1912468960721789
4072.76708499149,17.08377449251265,0.1996130548251702
4074.8171379305913,17.10772805909167,0.20756513016712508
4076.8700652976822,17.132635874711724,0.215119813075793
4078.9259816026474,17.15845025228082,0.22229323923742028
4080.9849956329213,17.18512544098931,0.22910004409621307
4083.04721068584,17.212617446280856,0.23555527945804816
4085.112724779394,17.24088407981582,0.24167372138100124
4087.1816308689718,17.26988492638154,0.24747075020063977
4089.2540170601374,17.299581416405616,0.25295924545397475
4091.329966830106,17.32993652586009,0.2581536968973861
4093.4095592132094,17.360914969487776,0.26306914059522085
4095.492869009548,17.392483266359203,0.2677176242916172
4097.579967001511,17.4246093812742,0.27211153034080837
4099.670920127264,17.457262764915097,0.2762627914524764
4101.765791659054,17.490414299889395,0.28018373762104054
4103.864641375041,17.524036348403918,0.2838856632213481
4105.96752573685,17.55810262799048,0.2873797965680902
4108.074498052209,17.59258820357865,0.29067796609169383
4110.185608636638,17.627469559509652,0.2937898300006839
4112.300904983779,17.662724339109733,0.2967255388633056
4114.420431904472,17.69833140377333,0.2994945251672796
4116.544231672925,17.734270746793403,0.3021049414130916
4118.67234416254,17.770523339762974,0.30456448786498147
4120.804806963311,17.807071078306773,0.30688090770578974
4122.941655492708,17.84389678723147,0.30906205248005963
4125.082923107176,17.880984233529077,0.31111386341011826
4127.228641215199,17.91831789713829,0.3130420051411271
4129.378839362856,17.955882937755227,0.31485238246621033
4131.533545315387,17.993665223651174,0.3165506278976509
4133.692785142225,18.03165129899889,0.31814208583291126
4135.856583298105,18.06982834929884,0.31963171301341586
4138.02496270002,18.108184154860453,0.3210247515493194
4140.197944798603,18.146707125046373,0.3223258865643474
4142.375549653609,18.185386231434094,0.32353949120557884
4144.557796001381,18.224210970378763,0.32467008749925386
4146.744701317826,18.263171380878674,0.32572181139293
4148.936281883532,18.302257998245825,0.3266986819999352
4151.132552843321,18.341461840085817,0.32760461094538057
4153.333528264131,18.380774393399264,0.3284436329789726
4155.539221191339,18.42018762935674,0.32921941936619786
4157.749643706861,18.459693959680685,0.32993502871845665
4159.964806982023,18.4992861631269,0.330593923158454
4162.184721321599,18.538957433905914,0.33119928783157676
4164.409396213668,18.5787013484457,0.33175364211654296
4166.638840375481,18.618511785499688,0.3322598629029204
4168.873061789741,18.658382969048038,0.3327209524785679
4171.112067746027,18.698309483345465,0.3331399246689129
4173.355864884028,18.738286274305736,0.33351926563311624
4175.604459236944,18.77830858618171,0.3338617024378944
4177.8578562672865,18.818371990474255,0.33417015981628473
4180.1160609061435,18.858472409652208,0.3344460696678961
4182.379077595302,18.898605938012356,0.33469114320272786
4184.646910307863,18.938768875196683,0.3349069452398451
4186.919562572887,18.978957708625465,0.3350949009272877
4189.197037497922,19.01916909673674,0.3352563400157162
4191.47933778953,19.059399857538626,0.33539258290844076
4193.766465772435,19.09964696748764,0.33550502281180505
4196.058423408534,19.139907570225056,0.3355944777623203
4198.35521231696,19.180178907556535,0.3356619098150822
4200.656833785867,19.220458336734346,0.33570833029966934
4202.963288786275,19.260743336370307,0.33573432323656494
4205.27457798664,19.301031455158697,0.3357403004270176
4207.590701761259,19.34132029120994,0.3357265436265674
4209.911660196204,19.381607476445126,0.33569355298839315
4212.237453093378,19.421890702803733,0.3356413363000449
4214.568079977714,19.46216766315974,0.3355697211098745
4216.9035400972925,19.502436029692923,0.3354784905195402
4219.243832420856,19.54269344855527,0.33536717379351344
4221.588955634683,19.582937509410492,0.33523522103203357
4223.938908135812,19.623165735934336,0.3350818070896822
4226.293688024124,19.663375552785098,0.3349061706194185
4228.653293090459,19.70356429325943,0.33470718731675275
4231.017720805649,19.74372915573744,0.3344834189527593
4233.386968304338,19.78386716601177,0.3342300198846483
4235.761032364259,19.823974768397928,0.3339455413529758
4238.139909336467,19.864048233360286,0.3336286254070832
4240.52359512447,19.904083668409136,0.33327773314091996
4242.912085164679,19.944076996386045,0.3328910449303068
4245.305374404245,19.98402392177768,0.33246664014529004
4247.703457274859,20.023919918595116,0.3320020672563607
4250.10632766509,20.06376016666588,0.33149498289150847
4252.51397888509,20.10353956461286,0.33094275460912176
4254.926403632844,20.143252695165955,0.3303425488879032
4257.343593956264,20.182893801032503,0.32969148140940885
4259.765541212388,20.222456778801632,0.3289864630605438
4262.192236025844,20.2619351543689,0.3282240831789003
4264.623668244369,20.301322044350368,0.32740103137255855
4267.059826889691,20.340610168115074,0.32651380521452544
4269.500700109865,20.379791824740817,0.32555903169642003
4271.946275128834,20.418858908544387,0.3245327555817612
4274.396538197859,20.4578028392142,0.32343125264370753
4276.851474538565,20.496614589531443,0.3222508964389537
4279.311068289308,20.535284697104117,0.3209878228089182
4281.775302452961,20.573803235841186,0.31963848167552505
4284.244158841262,20.61215985364225,0.3181987483450684
4286.717618023699,20.65034370344366,0.3166646309356491
4289.195659268113,20.688343459155938,0.31503236834546794
4291.6782604832115,20.726147343357393,0.31329827910292257
4294.165398164414,20.763743136849744,0.3114593498510925
4296.657047340836,20.801118258831874,0.3095123402802837
4299.153181531896,20.838259739665506,0.30745405629562517
4301.653772700655,20.87515422642098,0.30528118874363086
4304.158791207826,20.911787969070218,0.3029902260669776
4306.668205764114,20.948146796198255,0.3005777488414154
4309.181983379657,20.984216126059223,0.29804038799927246
4311.700089314784,21.019980972619138,0.29537469396188976
4314.2224870314985,21.055425935894565,0.29257753142877563
4316.749138143806,21.090535239666018,0.28964579182107775
4319.280002372566,21.125292734684546,0.286576181533446
4321.815037500728,21.15968187646856,0.283365778102911
4324.354199325904,21.19368576984091,0.2800117496702971
4326.897441618285,21.227287179801348,0.27651139072128816
4329.444716079861,21.260468546687903,0.27286190885291056
4331.9959723054635,21.293211975750253,0.26906078865007566
4334.551157742553,21.325499270388264,0.26510566868277147
4337.110217654999,21.357311950630198,0.2609942839562661
4339.673095089075,21.38863126470495,0.25672467702120677
4342.23973084084,21.419438225947495,0.25229491578411417
4344.8100634279535,21.44971361584159,0.24770313865499777
4347.384029061855,21.47943799248019,0.24294771768823137
4349.961561620952,21.508591718602776,0.23802725554594825
4352.542592627185,21.53715498926829,0.2329403455065124
4355.127051225897,21.565107830729072,0.22768575721784745
4357.714864165585,21.592430121595214,0.222262613322572
4360.305955780176,21.61910163519392,0.21667028038258113
4362.900247976399,21.64510206883983,0.21090846980426944
4365.497660224661,21.67041108521634,0.2049770267516963
4368.098109554887,21.695008328426542,0.19887615607403283
4370.701510554298,21.718873467155426,0.19260632269212222
4373.3077753703565,21.74198622587848,0.1861681699880796
4375.916813717462,21.76432640627705,0.17956269109851047
4378.5285328862155,21.785873929208872,0.1727910642441494
4381.14283775772,21.80660885691817,0.16585484927036612
4383.75963082055,21.826511438830615,0.1587557697284691
4386.37881219321,21.84556213119803,0.15149575962348372
4389.000279648954,21.863741622352848,0.14407713307567976
4391.623928643637,21.88103087832193,0.1365023877597014
4394.249652349035,21.897411164853093,0.12877433577464353
4396.877341688818,21.91286408514605,0.1208960589578434
4399.506885379035,21.92737161222099,0.11287096387300824
4402.138169972502,21.940916127885753,0.10470276417087229
4404.771079907848,21.95348045958626,0.09639549318048503
4407.405497562998,21.96504791876792,0.08795350156624795
4410.04130331325,21.97560233895587,0.07938135417003817
4412.678375593925,21.985128101456276,0.07068391998914658
4415.3165909661,21.993610171854975,0.06186645328700798
4417.955824186723,22.001034146249417,0.05293456288821022
4420.595948284273,22.007386293796003,0.04389412647697137
4423.236834639528,22.01265358897324,0.03475138518227934
4425.878353070205,22.016823755195112,0.02551287957362876
4428.520371920828,22.019885300743947,0.016185399028123267
4431.162758156917,22.02182754862732,0.00677604524979941
4433.805377462752,22.022640674057296,-0.002707798209634676
4436.448094343639,22.02231573827214,-0.012258459475956347
4439.090772232232,22.020844723135028,-0.021867965438892224
4441.733273599008,22.01822056728236,-0.03152802176330118
4444.375460067082,22.014437204670763,-0.041230071766683335
4447.017192531643,22.00948959605876,-0.05096530693122693
4449.65833128317,22.003373759227014,-0.06072464895415924
4452.2987361342775,21.996086801352515,-0.07049875472222779
4454.93826655044,21.98762695078585,-0.08027806138988304
4457.576781784534,21.977993583419064,-0.0900527948939355
4460.214141014545,21.96718724803179,-0.09981295897138438
4462.850203484309,21.955209692955226,-0.10954839176465792
4465.4848286474635,21.942063885943465,-0.11924873638168398
4468.117876313777,21.927754037577664,-0.1289035245973297
4470.749206798286,21.912285614625983,-0.13850217316362137
4473.378681072041,21.895665353846347,-0.14803396193204596
4476.006160914503,21.8779012784145,-0.1574881264626024
4478.631509067913,21.85900270323899,-0.16685381805306054
4481.254589392302,21.838980245072623,-0.1761201583799674
4483.87526702171,21.81784582606703,-0.18527624206231869
4486.493408520838,21.79561267701955,-0.19431116760611464
4489.10888204208,21.77229533690682,-0.20321406160786484
4491.721557482509,21.747909649513876,-0.21197406185285086
4494.33130664045,21.722472762091535,-0.2205804016268757
4496.938003371901,21.69600311389631,-0.2290224005189008
4499.541523745568,21.668520425834043,-0.23728948483294884
4502.1417461966685,21.640045687654087,-0.24537124700411259
4504.738551679187,21.610601138013593,-0.25325744920141785
4507.331823815749,21.580210244109423,-0.26093803634153684
4509.921449045042,21.54889767974844,-0.2684033696900296
4512.507316766612,21.516689275385634,-0.27564399238777737
4515.089319479659,21.4836119962991,-0.28265072573053934
4517.667352919215,21.449693909211437,-0.28941464039138853
4520.2413161883205,21.41496415236447,-0.29592710942496564
4522.8111118866045,21.379452899233474,-0.30217981736252986
4525.376646234513,21.34319132114997,-0.3081647987928396
4527.937829193051,21.30621154529483,-0.3138744412651375
4530.494574578486,21.268546612343012,-0.31930153555960267
4533.046800171967,21.23023042807586,-0.3244392586374866
4535.594427823336,21.19129771703936,-0.3292812228160737
4538.137383549381,21.151783970301434,-0.3338215039443228
4540.675597625817,21.111725389828116,-0.3380546542166508
4543.209004672597,21.07115883132212,-0.34197568820389884
4545.737543732355,21.030121748737653,-0.3455801289528045
4548.261158342204,20.988652133263315,-0.348864021847256
4550.779796598195,20.946788450641645,-0.3518239488452641
4553.293411212272,20.90456957678021,-0.3544570353573752
4555.801959561486,20.862034732537328,-0.3567609357880826
4558.3054037293905,20.819223420242757,-0.35873386470128793
4560.80371053982,20.776175356478603,-0.36037456156543163
4563.296851582597,20.732930409090752,-0.3616823443288396
4565.784803231688,20.68952852777129,-0.3626570930792548
4568.267546655021,20.646009676601782,-0.3632992793469081
4570.745067816213,20.602413763080154,-0.3636208720656095
4573.217357467783,20.55877925843228,-0.3637082983606773
4575.684410978794,20.515134262629,-0.3635421119544895
4578.14622709031,20.471509209194462,-0.36310711064250034
4580.602808195414,20.42793635591736,-0.3623896721292591
4583.054160558124,20.38444959526185,-0.3613829077780283
4585.500294509556,20.341083646328485,-0.3600788339540064
4587.941224547115,20.297874186254006,-0.3584759422893139
4590.376969449465,20.254857073179288,-0.3565718033478785
4592.807552298246,20.212068456777544,-0.3543667561229333
4595.23300051306,20.169544446042792,-0.3518572767296307
4597.653345846585,20.127321572835235,-0.3490429555972771
4600.068624435325,20.085436418163564,-0.3459280037379903
4602.478876805504,20.043925057715004,-0.34251972359189214
4604.88414781243,20.002822690883978,-0.3388190751570509
4607.284486535335,19.96216440186513,-0.33483495925365764
4609.679946263559,19.921984206754694,-0.33057852010481925
4612.07058436837,19.882314784342114,-0.3260616403014486
4614.456462142491,19.84318738750594,-0.32129110572166814
4616.837644628991,19.804632454819338,-0.31627051103944354
4619.214200523569,19.766679993494606,-0.31100644660754967
4621.586202122789,19.7293592199017,-0.30549977904342696
4623.953725229177,19.69269924641649,-0.29976848403809386
4626.316849138747,19.656727028331918,-0.29382642414045174
4628.675656382146,19.621467857435064,-0.28767955811796087
4631.030232525039,19.58694631046091,-0.2813377497286787
4633.380666082294,19.553185780493468,-0.2748160632513951
4635.727048375953,19.5202078529033,-0.2681293552945757
4638.069473318302,19.488032330267952,-0.26128927868865826
4640.408037197934,19.456677616825313,-0.25430829268234434
4642.742838511954,19.42616062170343,-0.24720640155628693
4645.073977786558,19.396495853516676,-0.2399970319306216
4647.40155728898,19.367696209685,-0.2326930761409804
4649.725680834143,19.33977304054808,-0.22531042342593408
4652.046453599009,19.31273578973697,-0.2178556282119949
4654.363981893777,19.28659311435153,-0.21033774947667738
4656.6783730675,19.26135258441433,-0.20277044090500707
4658.98973537763,19.237020131505727,-0.19516214155364314
4661.29817779341,19.213600674519288,-0.18752010852203568
4663.603809874352,19.191098261496645,-0.1798488417390939
4665.906741665732,19.169516400487954,-0.17216144888229423
4668.207083633791,19.14885702662208,-0.16446571001588123
4670.504946476985,19.12912114142017,-0.15677030106659864
4672.800441013956,19.11030870529218,-0.14908458891777648
4675.093678058591,19.092418554622046,-0.14141354100871126
4677.384768285146,19.075448929701,-0.13376544411389502
4679.673822156709,19.059397076407333,-0.1261471524401917
4681.960949805878,19.04425941811451,-0.1185673845470388
4684.246260936052,19.030031331968864,-0.1110340923165282
4686.529864695888,19.01670724089088,-0.10355695649276218
4688.811869564795,19.00428040611175,-0.09614594866604934
4691.092383213529,18.992742892271824,-0.08880792592521118
4693.371512360602,18.9820859411608,-0.0815490184013607
4695.649362673541,18.972300058952637,-0.07437196012245274
4697.926038680615,18.963375423737943,-0.06728256927830532
4700.201643731464,18.955301515424548,-0.06028589922209342
4702.476279913315,18.948067207517898,-0.053386199843910305
4704.7500479782175,18.94166086353663,-0.04659075592103941
4707.023047281842,18.936069972826104,-0.03990533109032415
4709.295375678581,18.931281333095264,-0.03333470113112737
4711.567129438552,18.927281168959528,-0.026880545026849695
4713.838403178827,18.924055503556307,-0.020548437756018778
4716.109289839254,18.921589691025584,-0.01434475160423879
4718.379880602178,18.919868320833075,-0.008271746901164249
4720.650264800678,18.918875711204937,-0.0023334753522289194
4722.920529886022,18.91859569416267,0.003466089085883014
4725.190761369322,18.919011624852974,0.00912420226576871
4727.461042764305,18.920106529124865,0.014639028829611154
4729.7314555478,18.92186321258442,0.020009536550422966
4732.00207913331,18.924264356970472,0.025235181359615312
4734.272990856147,18.927292578733624,0.03031617044486096
4736.544265965595,18.930930519187008,0.03525091134532717
4738.815977627897,18.93516062854845,0.0400372761717316
4741.088196903323,18.939965101689058,0.04467574370078467
4743.360992715525,18.94532619093315,0.049166996854163425
4745.634431858437,18.95122623055565,0.05351013538492038
4747.9085790061035,18.957647446801843,0.05770530009179918
4750.183496699719,18.964572082812857,0.0617522424536097
4752.459245349657,18.97198235190729,0.0656511881839627
4754.735883231886,18.979860494489365,0.0694015272201294
4757.013466491225,18.98818867775578,0.07300335621110843
4759.292049132556,18.996949080501114,0.07645726871059681
4761.571683022216,19.006123952746385,0.07976365281234123
4763.852417896546,19.015695591083865,0.08292367067407816
4766.134301367476,19.025646431564756,0.08593842187714903
4768.4173789392635,19.035959042190015,0.0888096160969467
4770.701694024327,19.046616196121647,0.09153831026315394
4772.987287967861,19.057600793353224,0.0941257511441068
4775.274200063064,19.068895883490516,0.09657376474720517
4777.562467569083,19.080484735260182,0.09888354564049485
4779.852125737315,19.09235076073704,0.10105660919916705
4782.143207828603,19.10447755384094,0.103094225503527
4784.435745135064,19.116848860901364,0.10499841577559964
4786.729766998373,19.129448670794435,0.10677056464547463
4789.025300838868,19.14226113855189,0.10841228544018262
4791.322372175494,19.155270612804713,0.10992639011514846
4793.6210046490305,19.168461779618532,0.11131433549421031
4795.921220062584,19.181819499877836,0.1125778387365388
4798.22303840257,19.19532884052622,0.11371886909692513
4800.526477863433,19.20897510481785,0.11473995055109018
4802.831554876011,19.22274389888398,0.11564350455812314
4805.138284143877,19.236621119430954,0.11643153320151518
4807.446678678209,19.250592903415136,0.11710666618350143
4809.756749826618,19.264645703357157,0.11767102499417091
4812.068507311021,19.278766226356456,0.11812687718293902
4814.381959258183,19.292941451618407,0.11847692553135297
4816.697112232378,19.30715868268217,0.1187232994171459
4819.013971274299,19.321405478612228,0.11886827457819933
4821.332539931733,19.33566967156161,0.11891435132672823
4823.65282029232,19.349939393720817,0.1188645219684912
4825.974813019567,19.364203136357037,0.11872133135755554
4828.29851739593,19.378449696119944,0.11848700241641562
4830.623931359464,19.392668136409913,0.11816419110330036
4832.951051535833,19.40684783934231,0.11775555575325457
4835.279873276554,19.4209785060327,0.11726367278336591
4837.610390697278,19.435050146766702,0.11669126426488452
4839.94259671489,19.449053098478487,0.11604116336596443
4842.276483086707,19.4629780380824,0.11531625683394561
4844.612040451277,19.476815988902473,0.1145192358254534
4846.949258369945,19.490558297201527,0.11365279218488943
4849.288125365609,19.504196632263714,0.11271963152860502
4851.62862896148,19.517722988047147,0.11172228987703851
4853.970755720045,19.53112966283239,0.11066336412491704
4856.314491279585,19.54440926652738,0.10954547765278802
4858.659820391568,19.557554723845715,0.10837132910590125
4861.00672695843,19.570559283338422,0.10714337051116678
4863.35519407243,19.583416487799763,0.10586312720965223
4865.705204050966,19.59612006306492,0.10453225308026064
4868.056738458534,19.60866393343455,0.10315325608269334
4870.409778130546,19.621042324164474,0.10172880742929913
4872.764303209446,19.63324978105599,0.10026155719371259
4875.120293183172,19.645281167919237,0.09875409802538634
4877.477726923323,19.657131659682282,0.09720875553488405
4879.836582722484,19.668796710346466,0.0956277270596549
4882.196838327726,19.680272037593625,0.09401354040114508
4884.558470972237,19.691553662441763,0.09236833051532985
4886.92145741173,19.702637862103604,0.0906942278674264
4889.285773955183,19.713521169447695,0.08899336615804357
4891.651396495517,19.72420037338666,0.08726762766520924
4894.018300540323,19.734672488706487,0.0855189844522495
4896.386461238968,19.744934766840757,0.08374926797318114
4898.7558534109885,19.754984678997538,0.08196033104986425
4901.126451572468,19.76481991872352,0.08015376361783395
4903.4982299627145,19.77443837035766,0.0783311658251503
4905.871162567158,19.783838110256678,0.07649439140240458
4908.245223140389,19.793017437224968,0.07464509678275467
4910.620385232855,19.8019748488389,0.07278492931003183
4912.996622214716,19.8107090403561,0.070915409789403
4915.373907299559,19.81921888953083,0.06903798394739549
4917.752213566302,19.827503447604517,0.067154374318388
4920.1315139800145,19.835561972522722,0.0652664494016468
4922.511781416717,19.84339394645092,0.06337593764008617
4924.8929886902915,19.85099905896773,0.06148431126881483
4927.275108577368,19.858377176319987,0.05959289847476506
4929.658113838526,19.86552832413696,0.0
