position,velocity,acceleration
-407.1344306907663,19.444444444444443,-2.227196205240034e-15
-404.801097357433,19.444444444444443,0.0007344154727940813
-402.46776402409967,19.444532574301178,0.0014250571250803753
-400.1344201151835,19.444703581156187,0.0020767103143052063
-397.80105568544474,19.444952786393902,0.0026937406698152116
-395.4676613510775,19.44527603527428,0.0032801184472584237
-393.1342282268446,19.44566964948795,0.0038394421168011865
-390.80074786890606,19.446130382541966,0.004374961174058185
-388.467212223001,19.446655377882852,0.004889598165140425
-386.13361357765507,19.44724212966267,0.0053859699198794304
-383.79994452209553,19.447888446053053,0.005866407989794133
-381.46619790856914,19.448592415011827,0.006332978289710824
-379.1323668187677,19.449352372406594,0.00678749994432932
-376.7984445340789,19.45016687239991,0.007231563343202812
-374.4644245093909,19.451034660001095,0.007666547409627698
-372.13030035019074,19.45195464569025,0.008093636091069879
-369.7960657927079,19.45292588202118,0.008513834080400176
-367.4617146868654,19.45394754211083,0.008927981779053532
-365.12724098181207,19.455018899924315,0.009336769514749285
-362.79263871382113,19.456139312266085,0.00974075102785809
-360.4579019963492,19.457308202389427,0.010140356241755483
-358.1230250120625,19.458525045138437,0.010535903333734917
-355.7880020066459,19.459789353538486,0.010927610124020957
-353.4528272842213,19.461100666753367,0.011315604801344034
-351.1174952042109,19.46245853932953,0.011699936004278924
-348.7820001794914,19.46386253165004,0.012080582278216184
-346.4463366756934,19.465312201523425,0.012457460928330237
-344.11049921151056,19.466807096834824,0.012830436289332751
-341.7744823598904,19.468346749189543,0.013199327433107009
-339.43828074998765,19.469930668481517,0.013563915335444316
-337.10188906976987,19.47155833832177,0.013923949523361769
-334.76530206917124,19.473229212264574,0.014279154224286859
-332.4285145636995,19.474942710771487,0.01462923403849569
-330.0915214384069,19.476698218856107,0.014973879155982122
-327.7543176521442,19.478495084354826,0.015312770138722672
-325.4168982420216,19.480332616771474,0.01564558228901176
-323.079258328009,19.482210086646155,0.015971989624275013
-320.7413931176115,19.48412672540107,0.016291668478330253
-318.40329791056337,19.48608172561847,0.016604300748656303
-316.06496810348915,19.488074241708308,0.01690957680881601
-313.72639919448415,19.490103390925366,0.01720719810460949
-311.3875867875731,19.49216825469792,0.01749687945210703
-309.04852659700936,19.494267880232172,0.017778351055058133
-306.7092144513815,19.49640128235878,0.01805136025877293
-304.36964629749843,19.49856744558983,0.018315673056802283
-302.02981820402766,19.500765326356646,0.01857107536636566
-299.68972636486484,19.50299385540061,0.01881737408767593
-297.3493671022168,19.50525194029113,0.01905439796195084
-295.00873686938183,19.507538468046565,0.019281998242089305
-292.66783225321626,19.509852307835615,0.019500049189550388
-290.326649976276,19.51219231373836,-0.5385803866581467
-287.9851868986274,19.447562667339383,-0.2473748981745088
-285.65147937854664,19.417877679558444,-0.21693614698712557
-283.3213340569996,19.39184534191999,-0.05975250512374474
-280.9943126159692,19.38467504130514,-0.047850939464658404
-278.6681516110126,19.37893292856938,-0.002683287629497756
-276.3426796595843,19.37861093405384,0.09538412445547481
-274.0172463474978,19.390057028988497,0.05812903737030665
-271.6904395040192,19.397032513472933,0.06746493826761357
-269.36279560240246,19.405128306065045,0.04486145024314938
-267.03418020567466,19.410511680094224,0.05185343203303708
-264.70491880406337,19.41673409193819,0.049082591766431025
-262.3749107130308,19.422624002950162,0.05058246232754989
-260.04419583267673,19.42869389842947,0.027216250339409328
-257.7127525648652,19.431959848470196,0.021708957942695194
-255.38091738304877,19.43456492342332,0.01637337957542026
-253.04876959223796,19.43652972897237,-0.005361862144159442
-250.71638602476128,19.435886305515073,0.08699882378500386
-248.38407966809947,19.446326164369275,0.09055902657167408
-246.05052052837516,19.457193247557875,0.13012228844341978
-243.71565733866822,19.472807922171086,0.10801343922783872
-241.37892038800769,19.485769534878425,0.08110066483091055
-239.04062804382227,19.495501614658135,0.09746727198215897
-236.70116785006329,19.507197687295996,0.11180872157277011
-234.36030412758777,19.520614733884727,0.10620514994103086
-232.0178303595216,19.53335935187765,0.1064579679180966
-229.67382723729628,19.54613430802782,0.13477754120322175
-227.32829112033295,19.56230761297221,0.11430314161478441
-224.98081420677627,19.576023989965982,0.11008861510342861
-222.63169132798035,19.589234623778395,0.10898331156565245
-220.28098317312694,19.602312621166273,0.1421205154256558
-217.92870565858698,19.61936708301735,0.17258103346072376
-215.5743816086249,19.64007680703264,0.17101056498173675
-213.21757239178098,19.660598074830446,0.10659048890627168
-210.85830062280132,19.673388933499197,0.11102789894330048
-208.49749395078143,19.686712281372394,0.14099762163794916
-206.13508847701675,19.703631995968948,0.16140482724669308
-203.7706526375005,19.72300057523855,0.16117867816623502
-201.40389256847186,19.742342016618498,0.18368424539681175
-199.03481152647765,19.764384126066115,0.16931352987273598
-196.6630854313497,19.784701749650843,0.09263130215394416
-194.2889212213916,19.795817505909316,0.02399226481378813
-191.9134231206825,19.79869657768697,0.057277367098462
-189.53757953136005,19.805569861738785,-0.04433533827287339
-187.1609111479514,19.80024962114604,-0.06390026378360791
-184.78488119341387,19.79258158949201,-0.037591240977273115
-182.40977140267483,19.788070640574738,-0.012986972546223632
-180.03520292580586,19.78651220386919,0.08464869160473658
-177.66082146134156,19.79667004686176,0.07151285526139299
-175.28522105571815,19.80525158949313,0.06236976342982554
-172.90859086497898,19.812735961104707,0.0843752149695888
-170.5310625496464,19.82286098690106,0.08920528272854579
-168.15231923121829,19.833565620828484,0.09511476911226312
-165.77229135671888,19.844979393121957,0.043499262255590025
-163.39089382954424,19.85019930459263,0.012526044103931907
-161.00886991299313,19.8517024298851,-0.005374584554833053
-158.62666562140691,19.85105747973852,-0.01254122838468546
-156.2445387238383,19.84955253233236,-0.01169839953002649
-153.86259241995842,19.848148724388757,0.003776644370007853
-151.48081457303178,19.848601921713158,-0.000503231471734672
-149.0989823424262,19.84854153393655,0.009023470241497763
-146.71715735835383,19.84962435036553,-0.00889308858465074
-144.33520243630997,19.848557179735373,-0.01707931845483951
-141.95337557474173,19.846507661520793,-0.0008534998622043871
-139.57179465535924,19.84640524153733,-0.02850959393440583
-137.19022602637477,19.8429840902652,-0.0421964551878256
-134.80906793554294,19.83792051564266,-0.07408900613524488
-132.42851747366583,19.829029834906432,-0.0940830985003008
-130.04903389347706,19.817739863086395,-0.08412120380598813
-127.6709051099067,19.807645318629675,-0.06884975016691494
-125.29398767167113,19.799383348609645,-0.054316170766617385
-122.91806166983798,19.792865408117652,-0.039021369300951333
-120.54291782086386,19.78818284380154,-0.02763138168045173
-118.16833587960768,19.784867077999884,-0.0373846313098971
-115.7941518302477,19.780380922242696,-0.03953130263896307
-113.42050611957858,19.77563716592602,-0.016116399438568272
-111.04742965966746,19.77370319799339,-0.0176869033146112
-108.67458527590826,19.771580769595637,-0.026994852208444962
-106.30199558355677,19.768341387330622,-0.021059345701821684
-103.9297946170771,19.765814265846405,-0.004677532209304219
-101.55789690517554,19.76525296198129,0.0024741587532534793
-99.18606654973779,19.76554986103168,-0.003397742353976779
-96.81420056641399,19.7651421319492,-0.01609576949641888
-94.44238351058009,19.763210639609632,-0.03197965695339055
-92.07079823382693,19.759373080775227,-0.047403669311220545
-89.69967346413391,19.75368464045788,-0.03906626983842918
-87.32923130727896,19.74899668807727,-0.04665619275802168
-84.95935170470969,19.743397944946306,-0.0457246831691174
-82.59014395131614,19.73791098296601,-0.02592477721277061
-80.22159463336021,19.73480000970048,-0.022042005625855156
-77.85341863219615,19.732154969025377,0.01309140629867905
-75.48556003591311,19.73372593778122,0.04519347888989899
-73.11751292337937,19.739149155248008,0.05277227351524954
-70.7488150247496,19.74548182806984,0.05530447795778174
-68.37935720538123,19.75211836542477,0.034191107105382444
-66.00910300153025,19.756221298277417,0.030354774596043414
-63.63835644573696,19.75986387122894,0.03253149660961799
-61.26717278118949,19.763767650822096,0.027574472381432676
-58.895520663090835,19.76707658750787,0.02387333933868959
-56.52347147258989,19.769941388228514,0.01914468042899384
-54.15107850600247,19.772238749879993,0.024946389551447103
-51.77840985601687,19.775232316626166,0.03721343103877249
-49.40538197802173,19.779697928350817,0.045236770503116606
-47.031818226619635,19.785126340811193,0.05721733961478589
-44.65760306572229,19.791992421564967,0.059821166831695534
-42.282563975134494,19.79917096158477,0.048801037751347885
-39.90666345974432,19.805027086114933,0.044486825176990805
-37.53006020941053,19.810365505136172,0.030912871164276552
-35.15281634879419,19.814075049675886,0.025614503478844246
-32.77512734283308,19.81714879009335,0.02362714941527485
-30.397069488021877,19.81998404802318,0.012714325801985012
-28.018671402259095,19.82150976711942,0.015359628845937192
-25.640090230204763,19.82335292258093,0.024976760538427865
-23.26128787949505,19.82635013384554,0.03365819385939337
-20.882125863433586,19.830389117108666,0.03925023350785176
-18.502479169380546,19.835099145129607,0.043073243539867856
-16.122267271964994,19.84026793435439,0.043292593023312946
-13.741435119842468,19.84546304551719,0.03907874046549278
-11.359979554380406,19.85015249437305,0.042868909118517595
-8.97796125505564,19.855296763467273,0.04665477790314026
-6.595325643439567,19.86089533681565,0.046453693149680265
-4.21201820302169,19.86646977999361,0.04590906590681482
-1.8280418294224563,19.871978867902428,0.04416175038617778
0.5565956347258347,19.87727827794877,0.045409685230363095
2.9418690280796866,19.882727440176414,0.0514089276316454
5.327796320900856,19.88889651149221,0.05349524652638745
7.714463902279921,19.895315941075374,0.04740293291544312
10.101901815208965,19.901004293025228,0.03829874354130835
12.490022330371993,19.905600142250183,0.04088726493991878
14.878694347442014,19.910506614042973,0.048677143773184585
17.26795514112717,19.916347871295756,0.05700624497782085
19.65791688568266,19.923188620693093,0.06946293708066033
22.04869952016583,19.931524173142773,0.07510475549130005
24.440482420942963,19.94053674380173,0.08249799606267734
26.833346830199172,19.95043650332925,0.09251309173239936
29.227399210598684,19.96153807433714,0.09650336127235733
31.62278377951914,19.97311847768982,0.103408572538949
34.01955799684192,19.985527506394494,0.10176413258406865
36.41782129760926,19.997739202304583,0.09472164028507084
38.817550001885806,20.00910579913879,0.09309206102528911
41.218642697782464,20.020276846461826,0.09378774783073086
43.621075919357885,20.031531376201514,0.09992176416858911
46.02485968450207,20.043521987901745,0.1056348870122492
48.43008232305028,20.056198174343216,0.11035264388937471
50.83682610397146,20.069440491609942,0.11732724813309094
53.24515896296465,20.08351976138591,0.1227182858308815
55.65518133433096,20.098245955685616,0.1275811457530632
58.06697084901324,20.113555693175982,0.12824619054045247
60.48059753219435,20.12894523604084,0.12219246380793877
62.89607096051925,20.14360833169779,0.11710613589643411
65.31330396032298,20.157661068005364,0.10938397627813987
67.73222328848362,20.17078714515874,0.10308928205146377
70.15271774590268,20.183157859004915,0.10359083106251937
72.57469668898327,20.195588758732416,0.10135940518806431
74.99816734003116,20.207751887354984,0.09929084730424029
77.42309756651376,20.219666789031493,0.09901333054307435
79.84945758119754,20.231548388696662,0.09905042275927065
82.27724338784114,20.243434439427777,0.1007532403872588
84.70645552057248,20.255524828274247,0.1001459551030544
87.13711849996538,20.267542342886614,0.09549264779320432
89.56922358111177,20.2790014606218,0.08684585252168496
92.00270375638638,20.2894229629244,0.07944399432732026
94.43743451193731,20.29895624224368,0.074462730126778
96.87330926100655,20.307891769858895,0.06960820147052553
99.31025627338963,20.316244754035356,0.06574857180304818
101.74820564387387,20.324134582651723,0.06059971412136353
104.18710179379208,20.331406548346287,0.053188139814135116
106.62687057959363,20.337789125123983,0.04729544736934235
109.0674052746085,20.343464578808305,0.04362201793872164
111.5086210240655,20.348699220960953,0.0404429171118809
113.95046493058082,20.353552371014377,0.035714220408013926
116.39289121510255,20.357838077463338,0.030287984059505405
118.83583178439815,20.361472635550477,0.0263621626632597
121.27920850066421,20.364636095070068,0.024912097968432436
123.72296483207262,20.36762554682628,0.02653822915386573
126.16707989769178,20.370810134324742,0.0265720342240298
128.61157711381074,20.373998778431627,0.024619998801890076
131.05645696722254,20.376953178287852,0.02300304668752705
133.5016913486171,20.379713543890354,0.0192503153739325
135.94725697388395,20.382023581735226,0.01653651703682946
138.39309980369217,20.384007963779645,0.013924589295642423
140.83918075934574,20.385678914495124,0.00905127269756577
143.28546222908514,20.386765067218832,0.005517341830581813
145.7318740371514,20.3874271482385,0.003069955171238441
148.17836529494002,20.38779554285905,0.003122441555046667
150.6249007600831,20.388170235845653,0.005923431242823113
153.07148118838458,20.38888104759479,0.00785754014683672
155.51814691409595,20.38982395241241,-0.017055052825189414
157.96492578838544,20.38777734607339,-0.05289279484331631
160.41145906991426,20.38143021069219,-0.08002092150479524
162.85723069519733,20.371827700111616,-0.08503110278034953
165.30185001921072,20.361623967777973,-0.07362189542393596
167.7452448953441,20.3527893403271,-0.06927718195986031
170.18757961618334,20.344476078491915,-0.06539103780931076
172.62891674560237,20.3366291539548,-0.06351300340405255
175.06931224407694,20.32900759354631,-0.06075737871822434
177.5087931553025,20.321716708100123,-0.06170389975181458
179.9473991602745,20.314312240129905,-0.06534718926605645
182.38511662909008,20.30647057741798,-0.06756394116191365
184.82189309838023,20.298362904478548,-0.07159045546028127
187.25769664691765,20.289772049823313,-0.07744260794687295
189.69246929289645,20.280478936869688,-0.08539614593565774
192.1261267653208,20.27023139935741,-0.095525010386205
194.5585545332437,20.258768398111066,-0.10855116354511898
196.989606741017,20.245742258485652,-0.11911563398863662
199.4190958120353,20.231448382407017,-0.12550215981566748
201.84686961792414,20.216388123229137,-0.1281929897897415
204.27283619271165,20.20100496445437,-0.13082274372580407
206.6969567884462,20.185306235207275,-0.13844598024670016
209.11919353667105,20.16869271757767,-0.14949039897181857
211.53943666278036,20.150753869701052,-0.16101950158226613
213.9575271271445,20.13143152951118,-0.1707274034398829
216.37329891068583,20.110944241098395,-0.17891546971735428
218.78661221961764,20.089474384732313,-0.18544551880489463
221.19734914578552,20.067220922475727,-0.19227400101872047
223.60541565648262,20.04414804235348,-0.20193265765441545
226.01071342156504,20.01991612343495,-0.21386530923740557
228.41310335637723,19.99425228632646,-0.22388824770802465
230.81241363073642,19.967385696601497,-0.22948591994266587
233.2084999143286,19.939847386208378,-0.23345037764659538
235.60128160067362,19.911833340890787,-0.2416404156309893
237.9907016015805,19.88283649101507,-0.255100126863907
240.3766419805023,19.852224475791402,-0.26854023751254497
242.7589089175973,19.819999647289897,-0.27734886779221674
245.13730887527208,19.78671778315483,-0.28359666402340356
247.51171500925065,19.752686183472022,-0.2898551780914264
249.8820373512673,19.71790356210105,-0.2979153215483196
252.2481857787194,19.682153723515253,-0.30981055510093153
254.61004422554123,19.64497645690314,-0.32470778542843065
256.9674414003696,19.60601152265173,-0.3391207528318927
259.32016278308777,19.565317032311903,-0.35356668806119584
261.66800082696517,19.522889029744558,-0.3702873877858289
264.01074751053454,19.47845454321026,-0.3876028175521654
266.3481620557198,19.431942205103997,-0.40122763332722533
268.67999512033225,19.38379488910473,-0.40761039070989435
271.00605050702484,19.334881642219543,-0.4107880997448062
273.3262363040912,19.285587070250166,-0.4160024401365346
275.6405067525212,19.23566677743378,-0.42250846824017785
277.9487867658133,19.18496576124496,-0.4295683976771815
280.2509826571627,19.1334175535237,-0.4305313355882558
282.54699276358554,19.08175379325311,-0.4306579326461794
284.8368032187759,19.03007484133557,-0.43424952701114317
287.12041219973617,18.977964898094232,-0.4423896364247346
289.39776798750745,18.924878141723262,-0.4569334020909474
291.66875336451426,18.87004613347235,-0.4690629076438118
293.93315890053094,18.813758584555092,-0.47983862970209995
296.1908099306776,18.75617794899084,-0.48949496920481966
298.44155128455645,18.69743855268626,-0.4989129973616896
300.6852439108788,18.63756899300286,-0.5087554886542689
302.9217521900391,18.576518334364348,-0.5181316897021966
305.15093439016283,18.514342531600086,-0.5260746641943701
307.3726554939548,18.451213571896762,-0.5329769494616755
309.5868011225824,18.38725633796136,-0.5403529492360357
311.7932718831378,18.322413984053036,-0.5489527780191995
313.9919615612241,18.256539650690733,-0.5586496964141742
316.182746319307,18.189501687121034,-0.5675225096962337
318.3654865217615,18.121398985957487,-0.5755519830623813
320.54005440007643,18.05233274799,-0.5822952733266538
322.7063343298352,17.982457315190803,-0.5884624427987712
324.8642292076581,17.91184182205495,-0.5953081668714012
327.0136502263047,17.84040484203038,-0.6029235160072505
329.1544988073484,17.76805402010951,-0.6114035316215045
331.2866652897615,17.69468559631493,-0.6188440366465514
333.4100275613193,17.620424311917343,-0.6249056804288255
335.52447847874936,17.545435630265885,-0.6311885548691104
337.6299307543813,17.46969300368159,-0.6384495165030011
339.7262939148231,17.393079061701233,-0.6451200393676269
341.8134634022272,17.315664656977116,-0.6492020815127992
343.89134316106447,17.23776040719558,-0.6535702354094853
345.9598744099279,17.15933197894644,-0.6585021852591874
348.0189942474015,17.080311716715336,-0.6654582651452372
350.06863165340735,17.00045672489791,-0.6738476520384405
352.1086864603951,16.919595006653296,-0.6812064520154558
354.1390378611935,16.83785023241144,-0.6867041692040913
356.15957988908286,16.75544573210695,-0.6911097401448025
358.1702333769357,16.672512563289573,-0.6958994994642075
360.1709348845304,16.58900462335387,-0.7012820551015034
362.1616154393329,16.504850776741687,-0.7053665558770339
364.1421975325419,16.420206790036442,-0.7066956806804655
366.11262234734625,16.335403308354785,-0.7057609742638605
368.07287074434885,16.250711991443122,-0.7042022694758981
370.02295618332204,16.166207719106016,-0.7044526765059288
371.96290110961473,16.081673397925304,-0.7057788374595124
373.8927019173658,15.996979937430162,-0.7070690658003672
375.8123395098574,15.912131649534118,-0.7082517233897405
377.7217953078015,15.82714144272735,-0.7087773924310989
379.6210522809288,15.742088155635617,-0.7104303964004235
381.51010285960507,15.656836508067567,-0.7123747565840527
383.38892324057315,15.571351537277481,-0.7131442661588648
385.25748542504647,15.485774225338417,-0.7123024688622906
387.1157783320871,15.400297929074943,-0.7092262509970747
388.96381408357604,15.315190778955294,-0.7052295249573862
390.8016369770507,15.230563235960409,-0.7022879941320856
392.62930456536594,15.146288676664557,-0.7003886635338112
394.4468592065657,15.0622420370405,-0.6977894646322821
396.2543282510106,14.978507301284626,-0.6944587963251748
398.0517491271647,14.895172245725606,-0.6908817443752077
399.8391697966518,14.81226643640058,-0.6877205252164525
401.61664176901985,14.729739973374606,-0.6844890850632744
403.3842105658248,14.647601283167013,-0.6805638983181828
405.1419227198048,14.56593361536883,-0.6754310338080273
406.8898347536491,14.484881891311867,-0.6691407422497332
408.6280205806065,14.404585002241898,-0.6626579497081236
410.35657078087553,14.325066048276923,-0.6562341246075523
412.07557870666875,14.246317953324017,-0.6500177214241988
413.78513686106766,14.168315826753112,-0.6436016535108976
415.485334760278,14.091083628331804,-0.6360677842694104
417.17626479567787,14.014755494219475,-0.6276613399418298
418.8580354549842,13.939436133426456,-0.6192932018846448
420.53076779099536,13.865120949200298,-0.6114873531063063
422.19458230489937,13.791742466827541,-0.6036133737980879
423.84959140091865,13.71930886197177,-0.595366378995349
425.4959084643553,13.647864896492328,-0.5863694576270568
427.1336522519344,13.57750056157708,-0.5770857896912354
428.76295231932363,13.508250266814132,-0.5685410273477035
430.3839423513413,13.440025343532408,-0.5602895458675301
431.99674539256523,13.372790598028304,-0.5512836300733267
433.60148026432864,13.306636562419506,-0.5412150510262473
435.19827665181896,13.241690756296356,-0.5297706789983363
436.78727954257454,13.178118274816555,-0.5177868791862783
438.3686537355525,13.115983849314201,-0.5058461682477426
439.94257179747024,13.055282309124472,-0.4938071255675889
441.5092056745652,12.996025454056362,-0.48111800114146946
443.06872872905194,12.938291293919386,-0.4675765763915245
444.62132368432225,12.882182104752403,-0.4539873209782892
446.16718553689253,12.827703626235008,-0.4412586408536873
447.70650997204075,12.774752589332566,-0.4294869505185685
449.23948028276067,12.723214155270337,-0.4180790581427373
450.76626598139313,12.673044668293208,-0.406272601792883
452.2870313415883,12.624291956078062,-0.393601848878672
453.8019463763177,12.577059734212622,-0.38098186053098976
455.3111935444232,12.531341910948903,-0.3682778345628517
456.81495457373705,12.487148570801361,-0.3555962242887755
458.3134124022332,12.444477023886709,-0.34255934902589713
459.8067496450996,12.4033699020036,-0.3290392865761179
461.29515403334005,12.363885187614466,-0.31578246829499146
462.7788202558538,12.325991291419067,-0.30335514955114024
464.2579392108241,12.28958867347293,-0.2916231581345018
465.7326898516408,12.25459389449679,-0.2802382888599455
467.20324111898043,12.220965299833596,-0.26874748775618346
468.66975695496046,12.188715601302853,-0.25699992534479194
470.1324028271168,12.157875610261478,-0.24541140957187452
471.5913479003482,12.128426241112853,-0.23419405021441408
473.0467590492817,12.100322955087124,-0.2221342460845678
474.49879780389216,12.073666845556977,-0.20914237169385927
475.947637825359,12.048569760953713,-0.19654848818254267
477.39346619667344,12.024983942371808,-0.18448534295042962
478.83646426975804,12.002845701217757,-0.1731309510152658
480.27680575390417,11.982069987095924,-0.16266352716005752
481.7146541523557,11.962550363836717,-0.15282170026139
483.1501601960161,11.94421175980535,-0.1430852834374524
484.58346560719275,11.927041525792855,-0.13305740039704772
486.0147105902879,11.91107463774521,-0.12320759542231585
487.44403954681735,11.896289726294533,-0.11378058972655354
488.8715943139727,11.882636055527346,-0.10501861919825194
490.297510640636,11.870033821223556,-0.09653913994887525
491.72191469918283,11.858449124429692,-0.08777918092174081
493.1449285941144,11.847915622719082,-0.0760075264212518
494.5666784688407,11.838794719548531,-0.06425716842599632
495.9873338351865,11.831083859337411,-0.05346422641450678
497.407063898307,11.824668152167671,-0.04366301776792749
498.82602407656714,11.81942859003552,-0.034019083199654014
500.2443555073714,11.81534630005156,-0.02425808444273704
501.66219706337756,11.812435329918433,-0.014998250866783299
503.0796893029678,11.810635539814418,-0.005812431715301021
504.4969655677455,11.809938048008583,0.004406713650660643
505.91415813350653,11.810466853646663,0.016884339223141632
507.3314141559441,11.81249297435344,0.028136048910939265
508.74891331286653,11.815869300222753,0.03862104356785202
510.1668176288933,11.820503825450896,0.048114444396467004
511.5852780879474,11.826277558778472,0.05703657972505978
513.0044313950008,11.833121948345479,0.06538880332477401
514.4244060288022,11.840968604744452,0.07352549708442692
515.8453222613715,11.849791664394584,0.08204785032524356
517.2672972610989,11.859637406433613,0.09007926822069884
518.6904537498709,11.870446918620097,0.09754780751144161
520.1149073801054,11.88215265552147,0.10429756652190461
521.5407656987679,11.894668363504097,0.11089853829352572
522.9681259023885,11.90797618809932,0.12106562180538001
524.3970830449604,11.922504062715966,0.13506087200401207
525.8277835324863,11.938711367356447,0.1462112543152453
527.260428896569,11.956256717874277,0.15568349630688483
528.695179702714,11.974938737431103,0.16399424788215367
530.1321723512057,11.994618047176962,0.1714375869460694
531.5715265168669,12.01519055761049,0.17819623212734975
533.0133493837802,12.036574105465771,0.184337474975665
534.4577382764361,12.05869460246285,0.19080734219218684
535.9047816287316,12.081591483525912,0.19713337771314735
537.3545726067547,12.10524748885149,0.206953292462482
538.8072023054169,12.130081883946987,0.21638834210157126
540.2628121314906,12.156048484999175,0.22455365390480714
541.7215379496905,12.182994923467753,0.2308910119584845
543.1834973405066,12.21070184490277,0.2359580793091549
544.6487815618949,12.23901681441987,0.24018831973130958
546.1174635796253,12.267839412787627,0.24397523156168724
547.5896043091599,12.29711644057503,0.24755226187235438
549.0652582820289,12.326822711999712,0.2505647205037121
550.5444770074689,12.356890478460159,0.2534716503857997
552.0273038648842,12.387307076506454,0.25656237978736124
553.513780714065,12.418094562080938,0.2601747718657716
555.0039520615147,12.44931553470483,0.26406280769379675
556.4978699256793,12.481003071628086,0.2689698575551869
557.9955902942747,12.51327945453471,0.27893288120496645
559.497183828819,12.546751400279305,0.2864348479726037
561.0027939968525,12.581123582036017,0.2921568567309936
562.5125288266968,12.616182404843737,0.2956896495962349
564.026470715278,12.651665162795286,0.2993963075562697
565.5446705348135,12.687592719702039,0.3030685899519503
567.0671816611778,12.723960950496274,0.3085358898723721
568.5940569752373,12.760985257280959,0.3154797663978602
570.125375206111,12.798842829248702,0.32019285246781065
571.6612363456209,12.83726597154484,0.3726900293657926
573.2017082622062,12.881988775068734,0.3515892012046951
574.7475469152145,12.924179479213297,0.34374126112770165
576.2984484527201,12.965428430548622,0.3735342018164377
577.8542998643859,13.010252534766595,0.3507599095230012
579.4155301685579,13.052343723909354,0.3403262778473875
580.981811415427,13.09318287725104,0.32401240333444736
582.5529933606972,13.132064365651175,0.3247112435602889
584.1288410845754,13.17102971487841,0.32340654706464567
585.7093646503607,13.209838500526168,0.3156152433246774
587.2945452704239,13.247712329725129,0.319102488172463
588.884270749991,13.286004628305825,0.31841793463272317
590.4785913053877,13.324214780461752,0.31929996696109375
592.077497079043,13.362530776497083,0.32106005539109217
593.6810007722227,13.401057983144014,0.318864557676813
595.2891277302,13.439321730065231,0.319705145808654
596.9018463378078,13.477686347562269,0.3196090878163406
598.5191686995153,13.51603943810023,0.3093104122784526
600.1410934320872,13.553156687573644,0.31004677375123363
601.7674722345961,13.590362300423791,0.30880092234046735
603.3983157106469,13.627418411104648,0.3034409951160272
605.0336059199794,13.66383133051857,0.30495167972431336
606.6732656796416,13.700425532085488,0.3012384236140502
608.3173167434919,13.736574142919174,0.298767940671064
609.9657056406422,13.772426295799702,0.2979472656355921
611.6183967961382,13.808179967675974,0.29378557899140545
613.2753783922593,13.843434237154943,0.2851301327949551
614.9365905007179,13.877649853090338,0.28286641438584603
616.6019084830888,13.91159382281664,0.2823427788394167
618.2712997418267,13.94547495627737,0.27989075215413584
619.9447567365801,13.979061846535865,0.27968356623850144
621.6222441581643,14.012623874484484,0.27903690623130345
623.3037590231024,14.046108303232241,0.2803519085297949
624.9892920194903,14.079750532255817,0.28194387745784444
626.6788620833611,14.113583797550758,0.27808603044362235
628.3724921390672,14.146954121203994,0.27507693928520893
630.0701266336116,14.179963353918218,0.270419194292185
631.7717222360818,14.21241365723328,0.26674194099356247
633.4772118749498,14.244422690152508,0.2614513825937891
635.1865425977682,14.275796856063762,0.2526822381706866
636.8996382204958,14.306118724644245,0.2519035280656768
638.6163724674532,14.336347148012125,0.25008079799953536
640.3367341252147,14.366356843772069,0.23899498418902168
642.0606969464673,14.39503624187475,0.23151694831691877
643.7881012954922,14.42281827567278,0.20050283795066814
645.5188394885729,14.44687861622686,0.1732837911995853
647.2524649225201,14.46767267117081,0.16688929926582693
648.9885856430606,14.48769938708271,0.17766058699894544
650.7271095695105,14.509018657522583,0.18527643035303887
652.4681918084132,14.531251829164948,0.18876394616036118
654.211942027913,14.553903502704191,0.18567343541724388
655.9584104482375,14.57618431495426,0.18897457882636323
657.707552566032,14.598861264413424,0.18599375052363523
659.4594159177616,14.62118051447626,0.18314153131693
661.2139575794987,14.643157498234292,0.1571151926642997
662.9711364792868,14.662011321354008,0.15798024020744322
664.7305778378493,14.680968950178901,0.15749402093642706
666.4922941118708,14.699868232691273,0.15341592942554394
668.2562782997937,14.718278144222339,0.146789680466197
670.0224716771004,14.735892905878282,0.14104571511796923
671.7907788258058,14.752818391692438,0.133966937539418
673.5611170328089,14.768894424197168,0.12886428816848713
675.3333843637125,14.784358138777385,0.1280135307080246
677.1075073403658,14.799719762462349,0.12499053864730389
678.8834737118613,14.814718627100026,0.12104928859364936
680.6612399471132,14.829244541731263,0.11711129114473189
682.440749292121,14.84329789666863,0.10953057638018973
684.2219450397213,14.856441565834253,0.10542199328599902
686.0047180276214,14.869092205028572,0.10228086328421533
687.7890090922248,14.881365908622678,0.09851968745112603
689.5747730012595,14.893188271116813,0.0947007059271601
691.3619555937935,14.904552355828072,0.09377598122361572
693.1505018764929,14.915805473574906,0.08708760759292877
694.9403985333219,14.926255986486058,0.08071669192841728
696.7315492517001,14.935941989517469,0.07452010097289165
698.5238622904423,14.944884401634216,0.06764220107400577
700.3172484186383,14.953001465763096,0.0624034331357152
702.1116085945299,14.960489877739382,0.05383261964556239
703.9068673798587,14.96694979209685,0.04399627079824819
705.7029013549103,14.97222934459264,0.035429127654374046
707.4995688762614,14.976480839911165,0.03303382635853783
709.2967465770507,14.98044489907419,0.03117714683509263
711.0943999649396,14.9841861566944,0.025461739217822386
712.892502303743,14.98724156540054,0.01943015781582273
714.690971291591,14.989573184338438,0.01393337187879609
716.4897200737116,14.991245188963893,0.005435982273477863
718.2886694963873,14.99189750683671,0.0010075502385594249
720.0876971972077,14.992018412865336,-0.006984894389283102
721.8867394067515,14.991180225538622,-0.015249693196002514
723.6856810338162,14.989350262355103,-0.021209840376277968
725.4844030652988,14.98680508150995,-0.025402548052525686
727.28281967508,14.983756775743647,-0.027813187453113366
729.0808704881692,14.980419193249274,-0.02851799987795299
730.8785207913592,14.976997033263919,-0.03277740905360184
732.6757604353509,14.973063744177486,-0.039105429559246466
734.4725280846521,14.968371092630376,-0.0469074579154319
736.2687326157678,14.962742197680523,-0.04925503583779632
738.0642616794895,14.956831593379988,-0.055125251665334
739.8590814706951,14.950216563180147,-0.05996861806832381
741.6531074582766,14.943020329011949,-0.06385577603081054
743.446269897758,14.935357635888252,-0.06835482403544074
745.2385128140646,14.927155057003999,-0.06916947370318806
747.0297714209051,14.918854720159617,-0.06991295891518828
748.8200339873243,14.910465165089795,-0.07248952551062736
750.6092898071352,14.901766422028519,-0.07556011257494384
752.3975017777785,14.892699208519526,-0.07908957471537978
754.1846256828009,14.88320845955368,-0.08247769365949838
755.9706106979473,14.873311136314541,-0.08646724250812864
757.7554080343051,14.862935067213566,-0.08878059696193875
759.5389602423708,14.852281395578133,-0.092294703319123
761.3212340098402,14.841206031179839,-0.09599027361900703
763.1021787335817,14.829687198345558,-0.09892691616179286
764.8817411973831,14.817815968406144,-0.10173430751291113
766.6598791135918,14.805607851504595,-0.10395697023411643
768.4365520557724,14.793133015076501,-0.10466940292894789
770.2117280175815,14.780572686725026,-0.10700413989987667
771.9853967399886,14.76773218993704,-0.11008665434516711
773.757524602781,14.754521791415621,-0.11288302640844929
775.5280672177508,14.740975828246608,-0.11709515530593034
777.2969843171404,14.726924409609897,-0.1200289277673968
779.0642152462937,14.712520938277809,-0.12221057903562792
780.829717758887,14.697855668793533,-0.1238429565963442
782.5934604391422,14.682994514001972,-0.12610590044086678
784.3554197808224,14.667861805949068,-0.12817237690906547
786.1155631975363,14.65248112071998,-0.12887048300095175
787.8738609320227,14.637016662759866,-0.12979095077444333
789.6303029315538,14.621441748666932,-0.1308198421763871
791.3848759413938,14.605743367605765,-0.13266060994101947
793.1375651455065,14.589824094412842,-0.13639485477845847
794.8883440368361,14.573456711839427,-0.13798131975127884
796.6371588422568,14.556898953469274,-0.13889174754023204
798.3839867166731,14.540231943764446,-0.13978456400493663
800.1288145499249,14.523457796083854,-0.14002125783706823
801.871629485455,14.506655245143405,-0.1405379068892702
803.6124281148722,14.489790696316692,-0.14068552906516166
805.3512029984302,14.472908432828874,-0.1395869060109333
807.0879520103696,14.45615800410756,-0.138451735239396
808.8226909708625,14.439543795878834,-0.13753276386457292
810.555436226368,14.423039864215085,-0.1381408220606874
812.2862010100738,14.406462965567803,-0.13809812237546407
814.0149765659419,14.389891190882746,-0.137819197052792
815.7417635088478,14.373352887236411,-0.1367084570754817
817.4665658553162,14.356947872387353,-0.13408348016383317
819.1893996000026,14.340857854767693,-0.13179693289340386
820.9103025425748,14.325042222820484,-0.12970314157077176
822.6293076093132,14.30947784583199,-0.12711580859422025
824.3464449508131,14.294223948800685,-0.12490032774074004
826.0617518246692,14.279235909471796,-0.12220929294902518
827.7752601338058,14.264570794317912,-0.12006836216250216
829.4870086291239,14.250162590858412,-0.11825803370217795
831.1970281400269,14.235971626814152,-0.11734219477916781
832.9053447352446,14.221890563440652,-0.11666300478188826
834.6119716028575,14.207891002866825,-0.11464710761680227
836.3169185232015,14.194133349952809,-0.11206786175880755
838.0202145251958,14.180685206541751,-0.10869990262360611
839.7218967499808,14.167641218226919,-0.10561564725295071
841.422013696168,14.154967340556565,-0.10293351522566155
843.1206097770348,14.142615318729487,-0.09945382980149195
844.8177236152824,14.130680859153307,-0.09602810105886024
846.5134053183808,14.119157487026243,-0.09274081764760057
848.2077042168239,14.10802858890853,-0.08945041145513777
849.9006676474929,14.097294539533914,-0.08695033092722333
851.592342992237,14.086860499822647,-0.08416730193607881
853.2827662522158,14.076760423590317,-0.08083273373996455
854.9719775030466,14.06706049554152,-0.07692235868542424
856.6600247625115,14.05782981249927,-0.07276962533754161
858.3469643400114,14.049097457458764,-0.06906141845724882
860.0328560349064,14.040810087243894,-0.06517003957300598
861.7177532453757,14.032989682495133,-0.061263630356145474
863.401712007275,14.025638046852395,-0.05709373375006238
865.0847885728973,14.018786798802386,-0.05243797513764605
866.7670429887536,14.01249424178587,-0.04860421808541394
868.4485422977679,14.00666173561562,-0.04457661367425032
870.1293417060417,14.001312541974709,-0.04032468141200162
871.8094992110787,13.996473580205269,-0.03583360701466196
873.4890760407033,13.992173547363508,-0.030586764559282838
875.1681368663869,13.988503135616394,-0.025372922244767195
876.8467572426609,13.985458384947021,-0.020587741208844497
878.5250122488546,13.98298785600196,-0.01607349444911736
880.2029707915749,13.981059036668066,-0.011747331093501543
881.8806978759751,13.979649356936847,-0.006983021671499761
883.5582557988075,13.978811394336267,-0.002306620953711083
885.2357131661279,13.978534599821822,0.0023056051228544402
886.9131373181065,13.978811272436564,0.00677857144178594
888.5905946707989,13.979624701009579,0.010915639130995844
890.26814963492,13.980934577705298,0.01570051458178626
891.9458617842446,13.982818639455113,0.020887480817910586
893.6238000209792,13.985325137153263,0.02613359022644682
895.3020390374376,13.988461167980436,0.03140177561770889
896.9806543775952,13.99222938105456,0.036082774910940904
898.6597219033217,13.996559314043873,0.04070370359415261
900.339309021007,14.00144375847517,0.045325822759428924
902.019482272024,14.006882857206302,0.05003695683135939
903.7003082148888,14.012887292026065,0.054755033745952524
905.3818546899319,14.01945789607558,0.05914295702249383
907.0641896374609,14.026555050918278,0.06375286487003487
908.7473762435711,14.034205394702681,0.06846635423942357
910.4314808909354,14.042421357211412,0.07350183277598103
912.1165714538008,14.051241577144529,0.07825974499581606
913.8027204430582,14.060632746544027,0.08216911229587688
915.4899963726435,14.070493040019532,0.08657552091283392
917.1784555374459,14.080882102529072,0.09109377897468007
918.8681613897494,14.091813356006034,0.09576880508659971
920.5591789924702,14.103305612616426,0.1007941299249211
922.2515756659841,14.115400908207416,0.10571836012356545
923.945423774969,14.128087111422245,0.11070401787733136
925.6407942283396,14.141371593567523,0.11563646641525403
927.3377588195677,14.155247969537355,0.12077880933348088
929.0363885759123,14.169741426657373,0.12633215685804253
930.7367575471112,14.184901285480338,0.13188930587185346
932.4389457013689,14.20072800218496,0.1374196477646672
934.1430330616311,14.21721835991672,0.14261074567636142
935.8490992648211,14.234331649397882,0.19330669213630278
937.5572190627489,14.257528452454238,0.2544367272886627
939.2681224770434,14.288060859728878,0.21378721867795095
940.9826897802109,14.313715325970232,0.1966829664530258
942.7003356193273,14.337317281944596,0.18599435924153035
944.4208136931607,14.35963660505358,0.24759625567877142
946.1439700857671,14.389348155735034,0.21287469315892416
947.8706918644554,14.414893118914105,0.19512523318848798
949.6004790387251,14.438308146896723,0.19190876378415586
951.3330760163527,14.461337198550822,0.1930711350113033
953.0684364801788,14.48450573475218,0.19790939606765398
954.806577168349,14.508254862280298,0.19333403865488863
956.5475677518226,14.531454946918885,0.19917365227416084
958.2913423454529,14.555355785191784,0.20330508505170206
960.037985039676,14.579752395397989,0.20790861213416997
961.7875553271238,14.604701428854089,0.2167103138614595
963.5401194985863,14.630706666517463,0.2251336573094995
965.2958042985683,14.657722705394603,0.22877600375741805
967.0547310232157,14.685175825845493,0.22327620380397079
968.8169521223172,14.71196897030197,0.22783663772289664
970.5823883987534,14.739309366828717,0.23417738835515509
972.3511055227729,14.767410653431336,0.2484553479171404
974.1231948011846,14.797225295181393,0.2489031881363851
975.8988618366063,14.827093677757759,0.2516742587169395
977.6781130779373,14.857294588803791,0.25142479965339554
979.4609884285937,14.887465564762199,0.25744632664518874
981.2474842963652,14.918359123959622,0.2610687115194436
983.0376873912404,14.949687369341955,0.2605897803169794
984.8316498755614,14.980958142979993,0.2687627594168295
986.629364852719,15.013209674110012,0.28014628160543326
988.4309500136122,15.046827227902664,0.2876334295582583
990.2365692809606,15.081343239449655,0.28680967655154715
992.0463304696946,15.11576040063584,0.29293260178743424
993.8602217177709,15.150912312850332,0.3085616409034186
995.6783311953129,15.187939709758743,0.325526687386945
997.500883960484,15.227002912245176,0.3310711397713183
999.3281243099534,15.266731449017735,0.32907416932082884
1001.1601320838355,15.306220349336234,0.3294636710393015
1002.9968785257558,15.345755989860951,0.34085095947596766
1004.8383692445392,15.386658104998068,0.3459041461230875
1006.684768217139,15.428166602532839,0.3513279113643503
1008.5361482094429,15.47032595189656,0.35880208752097753
1010.3925873236705,15.513382202399077,0.3620990271080361
1012.2541931879583,15.556834085652042,0.36201994394178816
1014.1210132782365,15.600276478925057,0.3761152097982643
1015.9930464557076,15.64541030410085,0.38354471297350395
1017.8704956921997,15.69143566965767,0.391016482093806
1019.7534679725586,15.738357647508927,0.3821142316285547
1021.6420708902597,15.784211355304354,0.38537782890870687
1023.5361762528962,15.8304566947734,0.3928512979688354
1025.435831056269,15.87759885052966,0.398518861081801
1027.3411429183327,15.925421113859477,0.4069339954927322
1029.252193451996,15.974253193318605,0.4030917676832552
1031.1691038351942,16.022624205440597,0.4069530776539534
1033.091818739847,16.07145857475907,0.41527940725119794
1035.0203937688182,16.121292103629216,0.4207010089153455
1036.9549488212538,16.17177622469906,0.4272570985026871
1038.8955619682176,16.223047076519382,0.42647439151302463
1040.8423276173999,16.274224003500944,0.42876997890305035
1042.79523449782,16.32567640096931,0.4308759620589991
1044.7543156659365,16.377381516416392,0.43516779358801355
1046.7196014479064,16.429601651646955,0.4392665455606555
1048.691153646104,16.482313637114235,0.444852030588419
1050.6690312825579,16.535695880784846,0.4474249383969943
1052.6533147882521,16.589386873392485,0.4510444494202871
1054.6440412130592,16.64351220732292,0.45638853968084375
1056.641262677938,16.698278832084622,0.4640890246749554
1058.645056137788,16.753969515045615,0.4703329043649312
1060.6555324795936,16.810409463569407,0.4725728755576357
1062.672781615222,16.867118208636324,0.4763407650787174
1064.6968358002584,16.92427910044577,0.4781177711875957
1066.727749292312,16.981653232988283,0.48144224453089635
1068.7655476802706,17.03942630233199,0.4858374460079941
1070.8102788365504,17.09772679585295,0.4915329121287204
1072.8620060520527,17.156710745308395,0.49701839038845047
1074.9208113414898,17.21635295215501,0.49975211180328305
1076.9867736957483,17.276323205571405,0.5011210173798014
1079.0599324804168,17.33645772765698,0.5041025680340183
1081.1403074077357,17.396950035821064,0.5101868149321909
1083.2279414120342,17.458172453612928,0.51518711316905
1085.3229221064678,17.519994907193215,0.514694902039312
1087.425321495331,17.581758295437933,0.5154320230670074
1089.5351324907836,17.643610138205972,0.5170147022928836
1091.6523657073683,17.70565190248112,0.5206830286834068
1093.777043935666,17.768133865923126,0.5255593281136213
1095.9092199995766,17.83120098529676,0.5280671648360785
1098.0489641178121,17.89456904507709,0.527804981526979
1100.1963124032213,17.95790564286033,0.52909769790887
1102.3512610803646,18.021397366609392,0.5299213859396559
1104.5138287643576,18.08498793292215,0.5334402512793606
1106.6840273163084,18.149000763075673,0.5338674261972347
1108.8619074078774,18.21306485421934,0.5325001187913195
1111.0474751903837,18.2769648684743,0.5314914430071881
1113.2407109746007,18.34074384163516,0.529819956630277
1115.441600235597,18.404322236430794,0.5332674977118128
1117.6501189039686,18.46831433615621,0.5349574030569112
1119.8663166243073,18.53250922452304,0.5340709627952215
1122.09021773125,18.596597740058467,0.533692581038464
1124.321809460057,18.660640849783082,0.5312100430089647
1126.561086362031,18.72438605494416,0.5326487997351239
1128.808012688624,18.788303910912372,0.5329651655346395
1131.0626091579336,18.852259730776527,0.5316908650318924
1133.3248803256267,18.916062634580353,0.5302120969555492
1135.5948078417764,18.97968808621502,0.5278088056185989
1137.872370412122,19.043025142889253,0.5264026058739993
1140.1575334292688,19.106193455594134,0.5260844626602683
1142.45027664394,19.169323591113365,0.5259234906788232
1144.7505954748735,19.232434409994823,0.5254031363240315
1147.058487604073,19.295482786353706,0.5234709348534023
1149.3739455384355,19.358299298536114,0.5209029370023557
1151.6969414542598,19.420807650976396,0.5192225625802119
1154.027438372377,19.48311435848602,0.5173013334928108
1156.3654120953954,19.54519051850516,0.5159303252152783
1158.710834957616,19.607102157530992,0.5133261471381371
1161.0636872165198,19.668701295187567,0.5098293580964749
1163.4239313719424,19.729880818159145,0.5070885721766683
1165.7915170701215,19.790731446820345,0.5045807606161716
1168.1664048437399,19.851281138094286,0.5028413536771797
1170.5485585803112,19.91162210053555,0.5007473906212355
1172.9379532323755,19.971711787410097,0.4975021761513138
1175.3345586468647,20.031412048548255,0.49307691984788593
1177.7383280926906,20.09058127893,0.4885538366583052
1180.1491978461622,20.149207739328997,0.4854362925919392
1182.5671027748817,20.20746009444003,0.481758403990728
1184.9919979862145,20.265271102918916,0.47780251920772643
1187.4238305185647,20.322607405223845,0.47244187059449216
1189.8625434071917,20.379300429695185,0.4665392684611979
1192.308059458755,20.43528514191053,0.4622283996754057
1194.7602936757842,20.49075254987158,0.4583831128166727
1197.2191839817688,20.54575852340958,0.45377580589774247
1199.684675004578,20.60021162011731,0.44825718465366565
1202.156700398992,20.65400248227575,0.44133529143577593
1204.635180696865,20.706962717248043,0.4353526720580763
1207.1200162229347,20.75920503789501,0.4298536839434435
1209.6111208274822,20.810787479968223,0.4242423441963746
1212.1084153250783,20.86169656127179,0.41860991396177927
1214.6118189124309,20.911929750947202,0.41126315169778815
1217.1212504825446,20.961281329150935,0.4045620621700436
1219.6366042420427,21.00982877661134,0.3985864466344134
1222.157783695236,21.05765915020747,0.39247723281444763
1224.6847027932608,21.104756418145204,0.3871695584848874
1227.2172735634383,21.15121676516339,0.37981175179284987
1229.755419575258,21.196794175378532,0.3722763862521119
1232.2990348763035,21.241467341728786,0.3652121112042494
1234.8480109573109,21.285292795073296,0.3579886266417155
1237.4022460927197,21.328251430270303,0.35161895461491116
1239.9616362643521,21.370445704824093,0.34440564682555935
1242.526089748931,21.41177438244316,0.3366908023622101
1245.0955026748243,21.452177278726623,0.32916207324327956
1247.6697639482716,21.491676727515816,0.3216065939600771
1250.2487651555734,21.530269518791027,0.3146808657314544
1252.8323974978284,21.5680312226788,0.30756377230555276
1255.4205612445498,21.60493887535547,0.29974866052312227
1258.0131539095926,21.640908714618245,0.29162328064506515
1260.6100629553468,21.675903508295654,0.28297742226761563
1263.2111713763422,21.709860798967767,0.2748746847979175
1265.8163546722183,21.742845761143517,0.2672370303982241
1268.4254961635554,21.774914204791305,0.2591735405895
1271.0384858681305,21.806015029662046,0.2508992899174017
1273.6552076716898,21.836122944452132,0.2421200039855963
1276.275542425024,21.865177344930405,0.23346712584859647
1278.8993637064157,21.893193400032235,0.22529105671279923
1281.5265469144194,21.920228326837773,0.21707049527830552
1284.15697431364,21.94627678627117,0.20850779280225365
1286.7905275279925,21.971297721407442,0.19917348581765534
1289.4270832545615,21.995198539705562,0.1898332242779353
1292.0665070793261,22.017978526618915,0.18061798847918428
1294.7086645025204,22.039652685236415,0.17189490169886815
1297.3534228247488,22.06028007344028,0.16333334981332526
1300.0006564335617,22.079880075417876,0.1540211762725331
1302.6502420426118,22.09836261657058,0.14452551974958483
1305.3020455566002,22.11570567894053,0.13508235776954283
1307.955930238073,22.131915561872873,0.1259585436211179
1310.6117601054978,22.147030587107405,0.1172571118047952
1313.2694037759507,22.161101440523982,0.10793372192089874
1315.9287359488135,22.17405348715449,0.09826058196502914
1318.589622367272,22.185844756990296,0.08848672769232659
1321.251923738111,22.196463164313375,0.07889278323230736
1323.9154993178286,22.20593029830125,0.07004316997938906
1326.5802109536246,22.21433547869878,0.06098610776715779
1329.2459312110684,22.221653811630837,0.051710086241643693
1331.912529668464,22.227859021979835,0.042363634373405845
1334.5798727511017,22.232942658104644,0.03272048788755643
1337.2478258700742,22.23686911665115,0.023854249896241738
1339.9162501640724,22.239731626638697,0.014994836432013683
1342.585017959269,22.24153100701054,0.005889190118607859
1345.2540016801102,22.242237709824774,-0.0031951652667221862
1347.9230702052892,22.24185428999277,-0.012737246939733349
1350.5920927200882,22.240325820360002,-0.021752870732629666
1353.2609318185314,22.237715475872086,-0.03038730207834985
1355.929457675636,22.234068999622686,-0.039021418580712036
1358.5975459555907,22.229386429393,-0.04754052672878889
1361.2650723271179,22.223681566185544,-0.05643147876046608
1363.9319141150602,22.216909788734288,-0.06518924858387758
1366.5979432897084,22.209087078904222,-0.07363005576341734
1369.263033739177,22.200251472212614,-0.08196534667489554
1371.9270639158426,22.190415630611625,-0.09010299689508286
1374.589913791516,22.179603270984217,-0.09852457875566792
1377.2514661840341,22.167780321533538,-0.10703955312486421
1379.9115998226182,22.154935575158554,-0.1152499520883122
1382.5701920916372,22.141105580907958,-0.12322919701661646
1385.2271247613462,22.126318077265964,-0.13084053376464339
1387.8822829306182,22.110617213214205,-0.13847342001233293
1390.535556996204,22.094000402812725,-0.14632249159587035
1393.1868370445416,22.07644170382122,-0.15409471555524376
1395.8360100490002,22.05795033795459,-0.16166996337880388
1398.4829640895548,22.038549942349135,-0.16887165809863128
1401.1275900826367,22.0182853433773,-0.17598286500820942
1403.769784323842,21.997167399576316,-0.1831345486744486
1406.4094444117911,21.97519125373538,-0.1903564090267324
1409.0464673622394,21.952348484652173,-0.19743799047375168
1411.6807491803977,21.928655925795322,-0.2040277396815776
1414.312187891493,21.904172597033533,-0.21039179209370004
1416.940688603137,21.87892558198229,-0.21662321425368705
1419.566159672975,21.85293079627185,-0.2229072038657347
1422.1885113685275,21.826181931807962,-0.22926252669942415
1424.8076532003445,21.79867042860403,-0.23522365036777357
1427.4234936517769,21.770443590559896,-0.24091165710785162
1430.035946882644,21.741534191706954,-0.2463623366516269
1432.644930985649,21.71197071130876,-0.2517355742501457
1435.250367471006,21.681762442398743,-0.2572233455730381
1437.8521789640938,21.650895640929978,-0.2623765364666552
1440.4502864410053,21.61941045655398,-0.26721296759506313
1443.044615695792,21.58734490044257,-0.27174227865950334
1445.635097083845,21.55473582700343,-0.2759886896538533
1448.2216653830853,21.521617184244967,-0.2804014251156733
1450.8042594451947,21.487969013231087,-0.28462758848854836
1453.3828157267824,21.45381370261246,-0.2870739390750156
1455.9572733710959,21.41936482992346,-0.29094298717250533
1458.5275971506867,21.38445167146276,-0.29420408640480933
1461.0937313512622,21.34914718109418,-0.29761462020572366
1463.6556290129936,21.313433426669494,-0.30085581933803646
1466.2132410241938,21.27733072834893,-0.3038488681303776
1468.7665207115958,21.240868864173283,-0.307042029243492
1471.3154249752965,21.204023820664062,-0.30957471372066314
1473.8599078337763,21.166874855017582,-0.31202104497603883
1476.3999328163784,21.129432329620457,-0.3144353991414915
1478.9354646959328,21.091700081723477,-0.316475886235877
1481.4664687057395,21.053722975375173,-0.31865237450509015
1483.9929154627846,21.015484690434562,-0.3204009404775923
1486.5147736256367,20.977036577577252,-0.32191333382077025
1489.032018014946,20.93840697751876,-0.3232741741537101
1491.5446268522483,20.899614076620313,-0.3243598406220603
1494.0525805414427,20.860690895745666,-0.3252684815038078
1496.555863448932,20.82165867796521,-0.3261590371450747
1499.054462490288,20.7825195935078,-0.32654928500045843
1501.5483648415088,20.743333679307746,-0.3267436634290264
1504.0375648830257,20.704124439696262,-0.3267298918289818
1506.5220598157891,20.664916852676782,-0.32662750142097774
1509.0018498381103,20.625721552506263,-0.32631596187759593
1511.476936424411,20.586563637080953,-0.325753670901667
1513.9473240608606,20.547473196572753,-0.3248614108666763
1516.4130208444494,20.50848982726875,-0.32187495444343334
1518.8740396237217,20.46986483273554,-0.3151868004840879
1521.33042340365,20.432042416677447,-0.31118219212452625
1523.7822684936514,20.394700553622503,-0.30841218145478705
1526.229632560086,20.35769109184793,-0.30633473154433905
1528.6725554911077,20.32093092406261,-0.30414773032542086
1531.1110672019952,20.284433196423556,-0.3021456783403824
1533.545199185566,20.24817571502271,-0.29971925767235175
1535.9749802713686,20.21220940410203,-0.2963277815023735
1538.400445399861,20.176650070321745,-0.293435688375513
1540.8216434082995,20.141437787716683,-0.2905836327691729
1543.2386159428254,20.106567751784382,-0.2877353178907465
1545.6514040730394,20.072039513637492,-0.28478302098635216
1548.0600488146758,20.03786555111913,-0.2819734460774836
1550.46459268081,20.00402873758983,-0.27912039199812855
1552.8650761293209,19.970534290550056,-0.27576952428242774
1555.2615402441868,19.937441947636163,-0.27205130053434673
1557.6540332779032,19.90479579157204,-0.2682629935726003
1560.0426087728918,19.87260423234333,-0.26474626186085726
1562.427321280773,19.84083468092003,-0.26146528820199477
1564.8082214424833,19.80945884633579,-0.2578343330283664
1567.1853565040435,19.778518726372386,-0.2537126082050364
1569.5587787512081,19.748073213387784,-0.2493225859129749
1571.9285475368147,19.718154503078228,-0.24478456800272716
1574.2947260771841,19.688780354917903,-0.24061676886652056
1576.6573797197743,19.65990634265392,-0.2363496490949744
1579.0165684808928,19.63154438476252,-0.23224682748903036
1581.3723538070644,19.603674765463836,-0.22835501553967683
1583.72479477892,19.576272163599075,-0.22374546012577431
1586.073947438552,19.549422708383982,-0.21878284846607826
1588.4198781635582,19.523168766568052,-0.21354203330477656
1590.7626584155464,19.49754372257148,-0.20834772958330766
1593.102363662255,19.47254199502148,-0.20321419739251623
1595.4390687016576,19.448156291334378,-0.19766274823026966
1597.7728474566177,19.424436761546744,-0.19156481122527416
1600.1037798680034,19.40144898419971,-0.18539350797946066
1602.4319537461074,19.379201763242175,-0.1793428684925243
1604.7574579576965,19.35768061902307,-0.1736548307567881
1607.0803796319792,19.336842039332257,-0.16799103277403943
1609.4008006766992,19.31668311539937,-0.16134065910575254
1611.718802650547,19.29732223630668,-0.1460795644205579
1614.034481318904,19.27979268857621,-0.1343976164859625
1616.3480564415331,19.263664974597898,-0.12448419748846296
1618.659696238485,19.248726870899283,-0.11636243982930838
1620.9695434629928,19.234763378119766,-0.10833536945543423
1623.2777150683671,19.221763133785114,-0.10089660702829571
1625.5843266444213,19.209655540941718,-0.09537805249439955
1627.8894853093343,19.19821017464239,-0.08986481240442762
1630.1932705302913,19.18742639715386,-0.08493559143054383
1632.4957616979498,19.177234126182196,-0.08002488283948708
1634.7970297930917,19.167631140241458,-0.07491696902218126
1637.0971455299207,19.158641103958796,-0.07015383550444759
1639.3961824623957,19.150222643698264,-0.06554458997249822
1641.6942091796395,19.142357292901565,-0.06114253857343878
1643.9912920547877,19.13502018827275,-0.05630061779068571
1646.2874944773805,19.12826411413787,-0.05124260928962417
1648.582886171077,19.122115001023115,-0.04593528066238681
1650.8775399712,19.11660276734363,-0.04232443422126489
1653.171532303281,19.111523835237076,-0.03919143901710571
1655.4649151635094,19.106820862555022,-0.036465508598118666
1657.757733667016,19.102445001523247,-0.033415880266118615
1660.050027067199,19.09843509589131,-0.02982518446666174
1662.341839278706,19.094856073755313,-0.0262836249035214
1664.6332220075567,19.09170203876689,-0.023087474949543017
1666.9242262522087,19.088931541772943,-0.020226575992031176
1669.2148980372215,19.0865043526539,-0.017761046099972665
1671.5052785595399,19.084373027121902,-0.015912882206971003
1673.7954033227945,19.082463481257065,-0.013734160802207556
1676.0852989405453,19.0808153819608,-0.011105378773707597
1678.3749967863805,19.079482736507956,-0.0085068246453495
1680.6645347147614,19.078461917550513,-0.006371571396228394
1682.9539501448676,19.077697328982964,-0.0045255266531477765
1685.2432738243456,19.077154265784586,-0.0021954240070375234
1687.5325323362397,19.07689081490374,0.0013094083935331201
1689.8217592340281,19.077047943910966,0.005096745712922543
1692.1110049872975,19.077659553396515,0.008601127921739045
1694.400324133705,19.078691688747124,0.011376442387309827
1696.6897671363547,19.0800568618336,0.014016925786549497
1698.9793739597746,19.081738892927987,0.016470576665406578
1701.269182626926,19.083715362127837,0.019035034918296223
1703.5592284703814,19.085999566318034,0.021922083085839573
1705.8495484183395,19.088630216288333,0.0251857080639053
1708.140184044294,19.091652501256,0.027724398637659808
1710.4311823444448,19.09497942909252,0.03158268775207742
1712.722579875936,19.098769351622767,0.035738222200392085
1715.0144321981306,19.103057938286813,0.03943898200714236
1717.306799150725,19.10779061612767,0.042759369226564474
1719.5997340246604,19.112921740434857,0.04484121847674492
1721.8932846335126,19.118302686652065,0.046992672925159996
1724.1874809559108,19.123941807403085,0.04925341523747719
1726.4823539727993,19.129852217231583,0.05122864721098004
1728.7779362388671,19.1359996548969,0.05297104743427374
1731.0742561974548,19.14235618058901,0.05407425199559213
1733.3713389391255,19.148845090828484,0.055586454608917105
1735.669200350025,19.155515465381555,0.057313914881472604
1737.9678622058707,19.16239313516733,0.05920788228571784
1740.2673493820907,19.169498081041617,0.06095854356378217
1742.5676891518158,19.17681310626927,0.06224616587424064
1744.8689067245682,19.184282646174182,0.06304711129984322
1747.1710206421092,19.191848299530164,0.06382578917623362
1749.4740424380527,19.19950739423131,0.06440582000779606
1751.7779833253605,19.207236092632247,0.06497491620490821
1754.0828516564764,19.215033082576834,0.06544385328655682
1756.3886556263856,19.222886344971222,0.06556908842194561
1758.6954019877821,19.230754635581857,0.06609141076260608
1761.003092544052,19.238685604873368,0.06664107548246538
1763.3117348166368,19.246682533931263,0.06725139050825542
1765.6213367207085,19.254752700792253,0.06787661530795959
1767.9319070448037,19.26289789462921,0.06837973658419752
1770.2434547921591,19.271103463019312,0.06964381466126442
1772.5559872077215,19.279460720778662,0.07183578567717151
1774.8695224942148,19.288081015059923,0.07313213680255447
1777.184092216022,19.29685687147623,0.07408647352347783
1779.499715040599,19.305747248299046,0.0749698490951792
1781.8164047103949,19.314743630190467,0.07583608798015856
1784.1341739460177,19.323843960748086,0.0762820069764283
1786.4530352213073,19.332997801585257,0.0767119780374026
1788.7729949574975,19.342203238949747,0.07756007338428236
1791.0940593461714,19.35151044775586,0.07860450548658021
1793.416240599902,19.36094298841425,0.07939924530065885
1795.7395537585116,19.370470897850332,0.07987899929433828
1798.0640102662537,19.38005637776565,0.08011710552384714
1800.3896170315857,19.389670430428513,0.08044741244627168
1802.716377483237,19.399324119922067,0.08111865635681004
1805.0442963776277,19.409058358684884,0.08217011685156518
1807.3733833806698,19.418918772707073,0.08330343518360755
1809.7036536333947,19.428915184929107,0.08413296094990659
1812.0351234555862,19.439011140243096,0.08480348182065524
1814.3678047924154,19.449187558061574,0.08549037433695894
1816.7017072993829,19.45944640298201,0.08637095772009944
1819.0368408677407,19.469810917908422,0.08703620282344529
1821.3732181778896,19.480255262247237,0.08737151424741285
1823.7108488093593,19.490739843956927,0.08766938839809292
1826.049737590634,19.5012601705647,0.08804890864814181
1828.3898888111019,19.511826039602475,0.08863663593281189
1830.7313079358541,19.522462435914413,0.08901184529472649
1833.074003428164,19.53314385734978,0.08913906133314942
1835.4179806910458,19.54384054470976,0.08942808078105816
1837.763241556411,19.554571914403486,0.08988624799785869
1840.1097901861394,19.56535826416323,0.09042958626624781
1842.457633177839,19.57620981451518,0.09075312728076723
1844.8067783555807,19.587100189788874,0.09079218435395175
1847.1572303783553,19.59799525191135,0.09073068205667915
1849.5089898085846,19.60888293375815,0.09069529152374294
1851.8620557606355,19.619766368740997,0.0906894535709499
1854.2164277248844,19.63064910316951,0.0907145244700852
1856.5721056172647,19.64153484610592,0.09061728110437753
1858.9290897987973,19.652408919838447,0.09054131908688884
1861.287378869178,19.663273878128873,0.0904208807707086
1863.6469717345533,19.674124383821358,0.09044405920276723
1866.0078666606119,19.68497767092569,0.09074950739138969
1868.370063981123,19.695867611812655,0.09108852342091897
1870.7335680945405,19.706798234623164,0.09138583451694554
1873.0983838826953,19.717764534765198,0.09180236690298882
1875.464515626867,19.728780818793556,0.09214602765335335
1877.8319693251224,19.73983834211196,0.09237461734258762
1880.2007499261758,19.75092329619307,0.09260251272376648
1882.570860721719,19.76203559771992,0.09288409044369095
1884.9423049934455,19.77318168857316,0.09329652173285732
1887.3150867960744,19.784377271181103,0.09372311341924544
1889.6892120686161,19.795624044791413,0.0941082571402507
1892.0646869539912,19.806917035648244,0.09452123226475445
1894.441516998269,19.818259583520014,0.09504415140016383
1896.8197081482913,19.829664881688032,0.0956455285800783
1899.1992679340938,19.841142345117643,0.09620800445482364
1901.5802050155078,19.85268730565222,0.0967729606830646
1903.962527492186,19.864300060934188,0.09743168784658034
1906.346243499498,19.87599186347578,0.09828241484779199
1908.7313625231152,19.887785753257514,0.09928043089020847
1911.1178968135061,19.899699404964338,0.10027250085956654
1913.505860742102,19.911732105067486,0.1012879037328053
1915.8952685947102,19.923886653515424,0.10233462445152115
1918.286134993132,19.936166808449606,0.10350690403782213
1920.678475010146,19.948587636934146,0.10476858380852733
1923.072305526578,19.96115986699117,0.10600175107765723
1925.467644710617,19.97388007712049,0.10718416204577692
1927.8645103198714,19.986742176565983,0.1082668723899229
1930.2629193810594,19.999734201252775,0.10946313238076437
1932.6628874852097,20.012869777138466,0.11085405042160053
1935.0644318584664,20.026172263189057,0.11317470011998768
1937.467572530049,20.039753227203455,0.11637924069595812
1939.8723429173133,20.05371873608697,0.11958101190823482
1942.2787891656437,20.06806845751596,0.12266349661045016
1944.6869573805457,20.082788077109214,0.12558104551427396
1947.0968919497989,20.09785780257093,0.12823343649881475
1949.5086348861073,20.113245814950787,0.13053000801493025
1951.9222243839015,20.128909415912577,0.13259317032844495
1954.337693513811,20.14482059635199,0.13463224886783468
1956.7550719853732,20.16097646621613,0.13674434439520333
1959.1743891613191,20.177385787543553,0.13833519677225786
1961.5956754558244,20.193986011156223,0.1396383267237434
1964.0189537771632,20.210742610363074,0.14086920374491826
1966.4442428904067,20.227646914812464,0.14211005568507912
1968.8715605201842,20.244700121494674,0.14349917224526593
1971.3009245347635,20.261920022164105,0.14506734727077228
1973.7323549374232,20.279328103836598,0.14690438193380506
1976.1658743098835,20.296956629668653,0.14936697926770579
1978.6015091054437,20.314880667180777,0.15142032523415624
1981.0392947855055,20.333051106208874,0.15332270771715406
1983.4792609182505,20.351449831134932,0.15516483703594627
1985.9214348979867,20.370069611579247,0.15716832580019394
1988.3658432513762,20.38892981067527,0.15937468008680628
1990.8125148286572,20.408054772285684,0.16159532783079192
1993.2614814013314,20.42744621162538,0.1637851752135347
1995.7127749467263,20.447100432651006,0.1658936858678889
1998.1664269986445,20.467007674955152,0.16782628853885248
2000.6224679196391,20.487146829579814,0.16987417077914518
2003.0809255391887,20.50753173007331,0.17211772655176477
2005.5418293467974,20.528185857259523,0.17461988758286673
2008.0052116496686,20.549140243769468,0.177271351058598
2010.471108478921,20.5704128058965,0.18005512536286294
2012.9395580156286,20.592019420940044,0.182957529777452
2015.4106003461413,20.61397432451334,0.18619877318327183
2017.884277265083,20.636318177295333,0.1895728613970086
2020.3606354463584,20.659066920662973,0.19311914092525612
2022.839723476838,20.682241217574003,0.19680858331839154
2025.3215924229469,20.70585824757221,0.20051956882666627
2027.8062954126556,20.72992059583141,0.20414452951313733
2030.2938858841553,20.754417939372985,0.20767378316884236
2032.78441603688,20.779338793353247,0.21121178778207828
2035.2779366920824,20.804684207887096,0.21491978005970686
2037.7744987970289,20.83047458149426,0.21875630735991095
2040.2741557468082,20.85672533837745,0.22264363647969693
2042.7769627874136,20.883442574755016,0.22673364299684118
2045.2829758963842,20.910650611914637,0.23087590495555024
2047.792253969814,20.938355720509303,0.23490932812178617
2050.304856656275,20.966544839883916,0.2387050504187594
2052.820842037061,20.995189445934166,0.24235796928137954
2055.340264770573,21.02427240224793,0.24600034816395164
2057.8631774588425,21.053792444027604,0.24968337918530098
2060.389632552126,21.083754449529838,0.25326592359824046
2062.9196830860697,21.114146360361627,0.256792239996358
2065.453380649313,21.14496142916119,0.26012093609925324
2067.9907760208125,21.1761759414931,0.2634190126393027
2070.5319171337915,21.207786223009816,0.26672631688715015
2073.0768514805527,21.239793381036275,0.27004234247948394
2075.625626686277,21.27219846213381,0.27340227957131114
2078.178290501733,21.30500673568237,0.27665511071017956
2080.734891310015,21.33820534896759,0.27971107539452317
2083.295475951891,21.371770678014933,0.2827566830723535
2085.8600884332527,21.405701479983616,0.2856283166979142
2088.428772610851,21.439976877987366,0.2884286766038688
2091.0015698362095,21.47458831917983,0.29114499325303544
2093.578520434511,21.509525718370195,0.2937897050615803
2096.1596635207156,21.544780482977586,0.2964569805929961
2098.745037178673,21.580355320648746,0.2991388788657848
2101.334679817151,21.61625198611264,0.30183986778934285
2103.9286300554845,21.65247277024736,0.30455311571791366
2106.5269267879144,21.68901914413351,0.3072192905547853
2109.12960908521,21.725885459000086,0.3099103994875734
2111.73671534029,21.763074706938596,0.3126056754824805
2114.348284305123,21.800587387996494,0.315302375268477
2116.9643547916826,21.83842367302871,0.31809062433713947
2119.584965632446,21.876594547949168,0.3208970383333872
2122.2101569782,21.915102192549174,0.32371811203899714
2124.839969241306,21.953948365993853,0.3266030769108662
2127.474443045225,21.993140735223157,0.32955261743254344
2130.113619933452,22.03268704931506,0.33258579510614383
2132.7575423793696,22.0725973447278,0.33565314881810704
2135.406254060737,22.112875722585972,0.3386807257589965
2138.0597991474474,22.15351740967705,0.34169498736654286
2140.7182212366088,22.194520808161034,0.3447053474152413
2143.381563733588,22.235885449850862,0.34775325980088484
2146.0498699875698,22.277615841026968,0.35083814477089953
2148.723183888493,22.319716418399477,0.35396614169084223
2151.401549858701,22.362192355402378,0.35707976938228564
2154.0850129413493,22.405041927728252,0.36018304627700864
2156.7736179726767,22.448263893281492,0.3632747832866356
2159.4674096398703,22.49185686727589,0.3663317215691338
2162.1664324639432,22.535816673864186,0.3693275294401951
2164.870730464807,22.58013597739701,0.37222367074947704
2167.5803467820947,22.62480281788695,0.3749795114666837
2170.295323120241,22.66980035926295,0.3776574503827096
2173.0156991633526,22.715119253308874,0.38026404729671015
2175.74151347375,22.76075093898448,0.38282471973823934
2178.4728035864277,22.806689905353068,0.3852917095275041
2181.20960637507,22.85292491049637,0.3876537927458602
2183.9519573643297,22.899443365625874,0.38993875278875495
2186.699890568205,22.946236015960526,0.3921460808738992
2189.45343889012,22.993293545665395,0.39429002999699464
2192.2126341156,23.040608349265035,0.3963523956308891
2194.977507117512,23.08817063674074,0.3982706617352842
2197.7480875939204,23.135963116148975,0.4000734282336439
2200.5244031678585,23.183971927537012,0.4017567999848951
2203.306479799163,23.2321827435352,0.4033437132338323
2206.094341728387,23.28058398912326,0.40487975279122596
2208.888011807082,23.329169559458208,0.40634108401195573
2211.687512154217,23.377930489539644,0.40772803152377196
2214.492863812962,23.426857853322495,0.4090663501515258
2217.3040867553605,23.47594581534068,0.4103602240986653
2220.1212002532016,23.52518904223252,0.41161591520290947
2222.9442229382694,23.57458295205687,0.41280872034064475
2225.7731728925164,23.624119998497747,0.4139255242127638
2228.6080672923363,23.67379106140328,0.41498602085742414
2231.448922219705,23.72358938390617,0.4159950599271738
2234.2957529457735,23.77350879109743,0.4169871836379114
2237.148574000705,23.82354725313398,0.41800081768307673
2240.007399671081,23.873707351255952,0.4190346662775454
2242.872244553232,23.92399151120926,0.4200785971107333
2245.743123534577,23.974400942862548,0.4211062524458119
2248.6200516477206,24.024933693156047,0.42212170164018553
2251.503043690899,24.07558829735287,0.42313795300463003
2254.3921142865815,24.126364851713426,0.42412174497871125
2257.287278068787,24.17725946111087,0.4250571369050017
2260.1885492041206,24.22826631753947,0.42593163710482895
2263.0959411622252,24.279378113992053,0.4267578686746967
2266.0094665359043,24.330589058233016,0.4275560327402826
2268.929137222892,24.381895782161852,0.4283412626233232
2271.8549647167515,24.433296733676652,0.429093887773121
2274.7869603247927,24.484788000209427,0.42979850099640415
2277.725134884818,24.536363820328997,0.43044919367771867
2280.6694985432578,24.588017723570324,0.4310383493690612
2283.6200606700863,24.639742325494613,0.4315749065364035
2286.576829749146,24.691531314278983,0.43204991850327346
2289.5398135068594,24.743377304499376,0.43243132585569166
2292.5090187833994,24.79526906360206,0.43220234705888977
2295.484451071032,24.847133345249127,0.43260802027468565
2298.466107072462,24.899046307682088,0.4328354341341274
2301.4539926293837,24.950986559778183,0.434851714638138
2304.448111016557,25.00316876553476,0.4364681717293536
2307.448491268421,25.05554494614228,0.43748040435063246
2310.455156661958,25.108042594664358,0.43810149201564275
2313.4681217733178,25.160614773706236,0.43828790243283944
2316.4873955461626,25.213209321998175,0.4383165515775434
2319.5129806648024,25.26580730818748,0.43789608771864597
2322.544877541785,25.318354838713717,0.437368706358958
2325.5830801224306,25.370839083476792,0.43681213236753713
2328.627580812448,25.423256539360896,0.4360932265880741
2331.678371597171,25.475587726551463,0.4353272923224075
2334.735442124357,25.527827001630154,0.43440146299728466
2337.7987813645527,25.579955177189827,0.4342541213562517
2340.8683759858154,25.632065671752578,0.4328419256967974
2343.9442238664255,25.684006702836193,0.43176573863485856
2347.026304670766,25.735818591472377,0.4306886406280101
2350.1146029017427,25.78750122834774,0.429729122633739
2353.2091030491442,25.83906872306379,0.42844610728661775
2356.309791295912,25.890482255938185,0.42685154855383384
2359.4166491666247,25.941704441764646,0.4253771311156717
2362.5296536996366,25.992749697498528,0.42388865113867963
2365.6487836633364,26.04361633563517,0.42246228733355584
2368.7740176236125,26.094311810115197,0.42108860345237065
2371.9053350408262,26.14484244252948,0.41961865320260416
2375.04271613393,26.195196680913792,0.4180567676172602
2378.1861397356397,26.245363493027863,0.4163933842163805
2381.335583354803,26.295330699133828,0.41457157961468605
2384.491023038699,26.34507928868759,0.41620719266035
2387.6524325533414,26.395024151806833,0.42323189867992167
2390.8198354515584,26.445811979648425,0.42608053608395446
2393.993332889116,26.4969416439785,0.42711974293059357
2397.1729658863937,26.54819601313017,0.42671521401650364
2400.3587494079693,26.59940183881215,0.42599663106980157
2403.5506776286265,26.650521434540526,0.424786234277505
2406.7487402007714,26.701495782653826,0.4224762409241852
2409.95291969469,26.75219293156473,0.42057991055193694
2413.163182846478,26.80266252083096,0.4184685967137068
2416.3795023489774,26.852878752436606,0.41618694543489226
2419.6018477992698,26.902821185888794,0.41388295617680293
2422.8301863415763,26.95248714063001,0.4114313994871082
2426.0644847984518,27.00185890856846,0.4089439047408001
2429.30470786748,27.05093217713736,0.4066305289135806
2432.5508197287363,27.099727840606988,0.40420271844510736
2435.802787069609,27.1482321668204,0.4022779018937886
2439.060574929628,27.196505515047654,0.40042239130411683
2442.3241555914337,27.244556202004148,0.3975857201946825
2445.593502335674,27.29226648842751,0.39465290538615866
2448.8685743142855,27.33962483707385,0.3913368507820765
2452.1493292947343,27.3865852591677,0.3883393876286704
2455.4357195258344,27.43318598568314,0.38571062002981105
2458.7277018441164,27.479471260086715,0.3827429415824744
2462.0252383953266,27.52540041307661,0.3795043684920456
2465.3282864448956,27.570940937295656,0.38113020438607054
2468.6367993573713,27.616676561821986,0.3835381839020352
2471.95080054479,27.66270114389023,0.3826164676205062
2475.270324682057,27.70861512000469,0.38081058276912855
2478.5953584964577,27.754312389936985,0.378636172969825
2481.92587598325,27.799748730693363,0.37625183108361077
2485.2618458309335,27.844898950423396,0.3727299560875267
2488.603233704984,27.8896265451539,0.36877737908255526
2491.9499888904024,27.933879830643804,0.36572110905867977
2495.30205447008,27.977766363730844,0.36339067845629974
2498.6593864337274,28.0213732451456,0.3608961970306737
2502.0219512231447,28.064680788789282,0.3576845395494148
2505.3897129177994,28.10760293353521,0.35377361960593656
2508.7626252698237,28.150055767887924,0.3500093265641944
2512.1406319619705,28.192056887075626,0.3462595866267166
2515.5236787884196,28.233608037470834,0.342730239697318
2518.9117117529163,28.274735666234513,0.34021423820395635
2522.3046800328643,28.315561374818987,0.33715282747577296
2525.7025473978424,28.35601971411608,0.33297061133965133
2529.1052697635364,28.395976187476837,0.3295721193989696
2532.5127869060334,28.435524841804714,0.3261448952135171
2535.92504988705,28.474662229230336,0.32309559998193216
2539.342009354558,28.51343370122817,0.31988783520452896
2542.7636213987053,28.551820241452713,0.3154583866347671
2546.1898398276794,28.589675247848884,0.3110391885016039
2549.6206008574213,28.626999950469077,0.3066796906399633
2553.0558408514776,28.663801513345874,0.3021239800645987
2556.495497033079,28.700056390953627,0.297634430280909
2559.9395037999934,28.735772522587336,0.2933778521426763
2563.387796502704,28.770977864844458,0.28972444084646426
2566.8403138464855,28.805744797746033,0.28603305189450645
2570.297003222215,28.840068763973374,0.28211577152287387
2573.757811473892,28.87392265655612,0.27808404276044135
2577.222682192679,28.90729274168737,0.27415041603620827
2580.691557321681,28.940190791611716,0.2703769045559669
2584.1643802166745,28.972636020158433,0.2665102472739025
2587.6410965390937,29.004617249831302,0.26214922195825235
2591.1216506090736,29.036075156466293,0.25793149889198025
2594.6059796278496,29.06702693633333,0.25366549865858146
2598.0940228602094,29.097466796172363,0.24895163915145713
2601.58571887575,29.127340992870536,0.24454327487630456
2605.0809997948945,29.156686185855694,0.24078736378934196
2608.579802137197,29.185580669510415,0.23666504894173607
2612.0820718175382,29.213980475383423,0.23257094025070013
2615.587749474584,29.241888988213507,0.2287960448275418
2619.0967761531697,29.269344513592813,0.22465170770077234
2622.6090974948006,29.296302718516905,0.2205607103373668
2626.1246538210225,29.32277000375739,0.21615267839441082
2629.6433862214735,29.348708325164722,0.21155377852027718
2633.1652312204933,29.374094778587157,0.20737031487431998
2636.6901225939237,29.398979216372076,0.2032196724483757
2640.2180000998883,29.42336557706588,0.19901524337017082
2643.748803969136,29.4472474062703,0.1946732031747689
2647.2824736578887,29.470608190651273,0.1903627980008647
2650.8189466407666,29.493451726411376,0.18626878851334705
2654.358160847936,29.515803981032978,0.1819608498808039
2657.90005732566,29.537639283018674,0.17747748469276886
2661.4445740396222,29.558936581181808,0.17283293001239355
2664.991646429364,29.579676532783296,0.16792245349424956
2668.5412076132984,29.599827227202606,0.16329971318884873
2672.093186880563,29.61942319278527,0.15890333346501295
2675.6475176636973,29.63849159280107,0.15439391732888308
2679.2041366548333,29.657018862880538,0.1501887698644268
2682.762978918379,29.67504151526427,0.14572595600727017
2686.3239839002104,29.69252862998514,0.1410714473006261
2689.8870873358087,29.709457203661216,0.13670374416276562
2693.452222200248,29.72586165296075,0.1321870169009888
2697.0193255986032,29.741724094988868,0.12763279810408826
2700.588332490002,29.75704003076136,0.12310253016704283
2704.159177293693,29.771812334381405,0.11850171983419701
2707.731794773819,29.786032540761507,0.1140671405004947
2711.3061186787104,29.799720597621565,0.1096128660483761
2714.882085150425,29.812874141547372,0.10517155264090393
2718.459630047411,29.82549472786428,0.1007829403038055
2722.0386894147546,29.837588680700737,0.09649956576591846
2725.619200056439,29.849168628592647,0.09747592835261588
2729.20110029187,29.86086573999496,0.10930149716087607
2732.7844041806693,29.873981919654266,0.10805451790160793
2736.3692820110277,29.886948461802458,0.10452180548769704
2739.9557158264442,29.899491078460983,0.09992653034326487
2743.5436547558597,29.911482262102176,0.09500427890647273
2747.133032627312,29.92288277557095,0.08911270664879228
2750.72377856038,29.933576300368806,0.08263901007233818
2754.3158077164244,29.943492981577485,0.07787678446717622
2757.909026874214,29.952838195713547,0.0735149694157633
2761.5033674576994,29.961659992043437,0.06879993573523693
2765.0987666567444,29.969915984331664,0.0641407951077871
2768.695156574864,29.977612879744598,0.059051983594518624
2772.2924701204333,29.98469911777594,0.0539252571395205
2775.8906340145663,29.991170148632683,0.049224982355404054
2779.489574432402,29.99707714651533,0.044927264986860185
2783.089223689984,30.002468418313754,0.04074352788666661
2786.6895199001815,30.007357641660153,0.035910587418157475
2790.2904028171806,30.011666912150332,0.03044704779590251
2793.8918028466387,30.01532055788584,0.025811012347496994
2797.493641313585,30.01841787936754,0.021741944883592913
2801.0958514591093,30.02102691275357,0.01793348903186465
2804.69837468864,30.023178931437393,0.013523527671372534
2808.3011561604126,30.024801754757956,0.008197150498192357
2811.9041323709835,30.02578541281774,0.002124501965270345
2815.5072266205216,30.026040353053574,-0.00358923029746821
2819.110351462888,30.025609645417877,-0.008957380002661892
2822.713424620338,30.024534759817556,-0.013985751907782071
2826.316368791516,30.02285646958862,-0.017433666761117596
2829.919111567867,30.020764429577287,-0.020523311272453017
2833.5216032994163,30.018301632224592,-0.023835215986795347
2837.123799495283,30.015441406306177,-0.02687734223197654
2840.7256524640397,30.01221612523834,-0.029682893193756305
2844.3271183990682,30.00865417805509,-0.03213119404657485
2847.9281569004347,30.0047984347695,-0.03442894631823367
2851.528732712607,30.000666961211312,-0.037895022457505215
2855.1288127479525,29.996119558516412,-0.04226451882146928
2858.728347094974,29.991047816257836,-0.04652778729337883
2862.3272728329252,29.985464481782632,-0.05031821824581664
2865.925528570739,29.979426295593132,-0.053516341887059705
2869.5230597262102,29.973004334566685,-0.05632683015566137
2873.1198202463584,29.966245114948006,-0.05921940472993792
2876.715769660152,29.959138786380414,-0.06242002639194541
2880.3108663145176,29.95164838321338,-0.06652338789097277
2883.905064120503,29.943665576666465,-0.06988440257386
2887.498303989703,29.9352794483576,-0.07391208074875816
2891.0905375235056,29.92640999866775,-0.07754177944558949
2894.681706723346,29.91710498513428,-0.08463841264450485
2898.271759321562,29.90694837561694,-0.08457490295977042
2901.860593126636,29.896799387261765,-0.08676898105352433
2905.4482090531073,29.88638710953534,-0.0893932103800508
2909.0345755062517,29.875659924289735,-0.09219284788054972
2912.6196546971664,29.86459678254407,-0.09445945648554399
2916.203406311072,29.853261647765805,-0.09712268490855008
2919.785797708804,29.84160692557678,-0.10069422136933635
2923.366790539873,29.82952361901246,-0.10439203223056479
2926.9463333741546,29.816996575144792,-0.10817792896125077
2930.524372963172,29.804015223669442,-0.112113411663399
2934.1008547900124,29.790561614269834,-0.11545201386284411
2937.6757221837247,29.776707372606293,-0.11813379567161231
2941.2489270684373,29.7625313171257,-0.12045485756700781
2944.820430826492,29.74807673421766,-0.12266229223541528
2948.3902000345984,29.733357259149408,-0.12488328602155398
2951.9582029056965,29.71837126482682,-0.1272006228134858
2955.5244074574757,29.703107190089202,-0.12935963988266114
2959.0887803202863,29.68758403330328,-0.13172473075689206
2962.651290404283,29.671777065612453,-0.1337404847361821
2966.2119036521563,29.65572820744411,-0.13565303033812667
2969.7705910370496,29.639449843803536,-0.13736517092041275
2973.327325018306,29.62296602329309,-0.13899921061327006
2976.8820809411013,29.606286118019497,-0.14053584997514665
2980.4348352752636,29.58942181602248,-0.14203322766828194
2983.9855658931865,29.572377828702287,-0.14343864436769713
2987.5342512326306,29.555165191378162,-0.14482321734898645
2991.080871055596,29.537786405296284,-0.14669995729850738
2994.6254054242318,29.520182410420464,-0.14855066743542866
2998.167827313482,29.50235633032821,-0.15022099019501123
3001.7081100731216,29.48432981150481,-0.15173749384743201
3005.2462296505023,29.466121312243118,-0.15299178625347315
3008.7821642079716,29.4477622978927,-0.15386468816375876
3012.3158956837187,29.429298535313052,-0.15458436248544768
3015.847411507956,29.410748411814797,-0.15499879705394337
3019.3767013173738,29.392148556168323,-0.15551337218402178
3022.903759144114,29.37348695150624,-0.15636512241356476
3026.4285775782946,29.354723136816613,-0.15740777200950531
3029.9511443547126,29.335834204175473,-0.15841089513224035
3033.4714444592137,29.316824896759606,-0.15952076318940012
3036.9894634468246,29.29768240517688,-0.15926589983793482
3040.5051853354457,29.278570497196327,-0.1622346501639311
3044.018613795109,29.259102339176657,-0.1621042246317932
3047.5297060758103,29.23964983222084,-0.16187767167981604
3051.0384640556767,29.220224511619264,-0.16301699431386568
3054.544890997071,29.2006624723016,-0.16358783730317003
3058.048970493747,29.18103193182522,-0.16187736643776107
3061.5506943255664,29.16160664785269,-0.16144655808474942
3065.050087123309,29.14223306088252,-0.16194996727157518
3068.547155090615,29.122799064809932,-0.16349819615459113
3072.041890978392,29.10317928127138,-0.1631275713278509
3075.5342724921447,29.083603972712037,-0.1634450596357639
3079.02430496887,29.063990565555745,-0.16356304209470882
3082.511983836737,29.04436300050438,-0.16348150911505677
3085.997307396797,29.024745219410573,-0.16332517738512672
3089.4802768231266,29.005146198124358,-0.16320024603091546
3092.9608943669014,28.985562168600648,-0.16327782499413718
3096.4391618271334,28.96596882960135,-0.16479359446812128
3099.9150780866858,28.946193598265175,-0.16230703478292677
3103.3886213184774,28.926716754091224,-0.16324898097047794
3106.859827328968,28.907126876374768,-0.16440775005506406
3110.328682554133,28.88739794636816,-0.16337405076876
3113.7951703076974,28.86779306027591,-0.16165218850995156
3117.2593054749304,28.848394797654716,-0.16289478626011264
3120.721112850649,28.828847423303504,-0.16203438946075943
3124.180574541446,28.809403296568213,-0.1610505735709629
3127.637702937034,28.790077227739697,-0.16007954627638468
3131.092512204363,28.77086768218653,-0.16099940719429098
3134.545016326226,28.751547753323216,-0.1580590235757755
3137.9952020566247,28.732580670494123,-0.1583521187200418
3141.443111737084,28.713578416247717,-0.1589535053572096
3144.8887411470337,28.69450399560485,-0.15700003441864818
3148.3320816265064,28.675663991474615,-0.1570489116561235
3151.7731613054834,28.65681812207588,-0.155183783076692
3155.2119794801324,28.638196068106677,-0.15513582813359708
3158.6485630083052,28.619579768730645,-0.15400202399854082
3162.082912580553,28.60109952585082,-0.1528305186678877
3165.515044523655,28.582759863610672,-0.1519644554243562
3168.9449757072884,28.56452412895975,-0.1509022795572921
3172.3727186027636,28.546415855412874,-0.15096654747763058
3175.798288505413,28.528299869715557,-0.1492169111206846
3179.221684489779,28.510393840381074,-0.14814477537390613
3182.6429317506245,28.492616467336205,-0.14720003590136355
3186.062045726705,28.474952463028043,-0.14567913959171733
3189.4790400222682,28.457470966277036,-0.144552911219602
3192.8939365382216,28.440124616930685,-0.14321805041088062
3196.306751492253,28.42293845088138,-0.1416563914671078
3199.717504106359,28.405939683905327,-0.14066608471278547
3203.1262168684275,28.389059753739794,-0.13963210637264914
3206.532904038876,28.372303900975076,-0.13822464385912603
3209.937580506993,28.355716943711982,-0.1371934940196295
3213.3402665402386,28.33925372442963,-0.1358023434167042
3216.74097698717,28.322957443219625,-0.13471174478744455
3220.1397318803565,28.30679203384513,-0.1333638368339685
3223.536546924418,28.290788373425055,-0.13217796307967491
3226.931441529229,28.274927017855493,-0.1306941424457799
3230.3244327713714,28.259243720762,-0.1291894825686251
3233.715542017863,28.243740982853765,-0.12783668568349063
3237.1047909358053,28.228400580571748,-0.1263158370353243
3240.492199005474,28.213242680127507,-0.12476883490878402
3243.8777881270894,28.198270419938453,-0.12353706325543767
3247.261580577482,28.1834459723478,-0.12170818799911964
3250.6435940941637,28.168840989787906,-0.11266396940299976
3254.0238550129384,28.155321313459545,-0.09979803266150826
3257.4024935705534,28.143345549540165,-0.09228665073462784
3260.779695036498,28.13227115145201,-0.08730498590738725
3264.1555675746727,28.121794553143122,-0.0844722063412479
3267.53018292105,28.111657888382172,-0.08189258315450912
3270.9035818676557,28.10183077840363,-0.08078155896114085
3274.2758015610643,28.092136991328292,-0.08043544190276646
3277.6468580000237,28.08248473829996,-0.079931197707748
3281.01675616862,28.07289299457503,-0.07820147097630475
3284.3855033279688,28.063508818057876,-0.07656326396366477
3287.753124386136,28.054321226382235,-0.07561727428318595
3291.1196429333017,28.045247153468253,-0.07439886327939867
3294.485072591718,28.036319289874726,-0.07382577541208224
3297.849430906503,28.027460196825277,-0.07027530943295213
3301.212726130122,28.019027159693323,-0.07250707287808578
3304.5750093892852,28.010326310947953,-0.06706551902365061
3307.936248546599,28.002278448665116,-0.06813046141586442
3311.296521960439,27.994102793295212,-0.06529462979782315
3314.655814295634,27.986267437719473,-0.06730205714203488
3318.0141663881604,27.97819119086243,-0.06634413727582023
3321.3715493310638,27.97022989438933,-0.06455644634796008
3324.7279769183906,27.962483120827574,-0.06334668960879905
3328.08347489289,27.95488151807452,-0.06254442130578773
3331.438060675059,27.947376187517825,-0.06236255347872982
3334.791745817561,27.93989268110038,-0.06170808490694375
3338.144532939293,27.932487710911545,-0.06176887137930077
3341.4964314646027,27.92507544634603,-0.06195578680395616
3344.847440518164,27.917640751929554,-0.06116476406663546
3348.197557408396,27.91030098024156,-0.05980861272620891
3351.546793526025,27.903123946714413,-0.05789402746930983
3354.8951683996306,27.896176663418096,-0.056892001192269774
3358.2427095992407,27.889349623275024,-0.05494717408184033
3361.5894315540336,27.882755962385204,-0.05340196653451959
3364.93536226952,27.87634772640106,-0.05025602596475946
3368.280523996688,27.87031700328529,-0.04854187601023546
3371.6249620370822,27.86449197816406,-0.04702244387393293
3374.968701074462,27.85884928489919,-0.04604140989226873
3378.3117629886497,27.85332431571212,-0.04498083370956399
3381.654161906535,27.84792661566697,-0.04418951418141726
3384.9959131004152,27.842623873965202,-0.04327381773785361
3388.337027965291,27.83743101583666,-0.041103042772945124
3391.6775196871913,27.832498650703908,-0.039585578576553586
3395.0174195252757,27.82774838127472,-0.03812900638251164
3398.356749331029,27.82317290050882,-0.03619615900313286
3401.69553007909,27.818829361428442,-0.034238777714617384
3405.0337896024616,27.814720708102687,-0.032267222176545624
3408.371556087434,27.810848641441503,-0.030842337765747622
3411.708857924407,27.807147560909613,-0.03142588414172675
3415.045715631716,27.803376454812604,-0.02994514874603996
3418.3821208062936,27.799783036963078,-0.028983453045411674
3421.7180947707293,27.79630502259763,-0.026620201825010174
3425.053651373441,27.79311059837863,-0.02637450613868548
3428.3888246452466,27.789945657641987,-0.026434637291490346
3431.7236181241637,27.78677350116701,-0.02528786579265105
3435.058030944304,27.78373895727189,-0.02250914390416495
3438.3920796191765,27.78103786000339,-0.022789895102267227
3441.725804162377,27.778303072591118,-0.022122401932237384
3445.0592005310878,27.77564838435925,-0.023986740862183064
3448.392278337211,27.772769975455788,-0.022725266119438245
3451.7250107342657,27.770042943521457,-0.022733870249932765
3455.0574158874883,27.767314879091465,-0.021450767600511657
3458.3894936729794,27.764740786979402,-0.020949733595949524
3461.721262567417,27.762226818947887,-0.021058071294523518
3465.0527297856906,27.759699850392543,-0.021677573553158358
3468.383893767738,27.757098541566165,-0.01992312804174434
3471.7147455927256,27.754707766201157,-0.019995608262418762
3475.0453105246697,27.752308293209666,-0.01946956662214546
3478.375587519855,27.74997194521501,-0.021143355480812826
3481.7055841532806,27.74743474255731,-0.019726415034333387
3485.0352763223873,27.74506757275319,-0.01960078335813718
3488.364684431118,27.742715478750213,-0.019353056896714287
3491.693810288568,27.740393111922607,-0.019632051762120167
3495.0226574619987,27.738037265711153,-0.018494658352955287
3498.351221933884,27.7358179067088,-0.0185459959273844
3501.679520082689,27.733592387197515,-0.018127517205373294
3505.007551169153,27.73141708513287,-0.018322060341812923
3508.335321219369,27.729218437891852,-0.018407625553120647
3511.662827431916,27.727009522825476,-0.018749175670137053
3514.990068574655,27.72475962174506,-0.019062126195583902
3518.3170397292647,27.72247216660159,-0.01930293511744158
3521.643736389257,27.720155814387496,-0.019834494628893706
3524.9701550869836,27.71777567503203,-0.02039911144277911
3528.2962881679873,27.715327781658896,-0.020929194034959218
3531.6221275017865,27.7128162783747,-0.021266267934891534
3534.9476654551913,27.71026432622251,-0.02173003194722908
3538.272897174338,27.707656722388844,-0.022857507869541785
3541.5978159810247,27.7049138214445,-0.023845266582055116
3544.922405639598,27.702052389454654,-0.025047217844484274
3548.2466519263326,27.699046723313316,-0.026487692427611106
3551.57053753313,27.695868200222,-0.02790536056530286
3554.8940417171566,27.692519556954164,-0.03021275591545908
3558.217144063991,27.68889402624431,-0.03352903703067331
3561.53981134714,27.684870541800628,-0.03521182022311436
3564.8619958121562,27.680645123373854,-0.033889495280269744
3568.183673226961,27.67657838394022,-0.04056267295526344
3571.504862633034,27.671710863185588,-0.03921813555493132
3574.8254679366164,27.667004686918997,-0.04701370755621152
3578.1455084990466,27.66136304201225,-0.04804068776929939
3581.464872064088,27.655598159479936,-0.05173619433177582
3584.7835438432257,27.649389816160124,-0.054689832801676386
3588.101470621165,27.642827036223924,-0.057908756104987975
3591.418609865512,27.635877985491327,-0.06225471936423608
3594.7349152237707,27.62840741916762,-0.06552776992213534
3598.050324114071,27.620544086776963,-0.06982074794605315
3601.3647894044843,27.612165597023438,-0.0741124068247208
3604.678249276127,27.60327210820447,-0.07812509515936387
3607.990641929112,27.593897096785348,-0.08324047855757007
3611.3019095807263,27.58390823935844,-0.08794092696369783
3614.611978569449,27.573355328122798,-0.09302296662603199
3617.920781208824,27.562192572127675,-0.09785424107185851
3621.228244317479,27.55045006319905,-0.10400687305932696
3624.534298325063,27.53796923843193,-0.10916426466269293
3627.8388546336746,27.524869526672408,-0.11576998802123475
3631.141838976875,27.51097712810986,-0.12095870271630768
3634.4431562322484,27.496462083783904,-0.12717453882277246
3637.7427316823023,27.481201139125172,-0.13333869850046817
3641.0404758189975,27.465200495305115,-0.14008312963010142
3644.336299878434,27.448390519749502,-0.14684851605975865
3647.630106740804,27.43076869782233,-0.15393497666303468
3650.9217989845424,27.412296500622766,-0.16140826382343973
3654.2112745646173,27.392927508963954,-0.16849638780878545
3657.4984258656928,27.3727079424269,-0.17638131195135076
3660.783150818784,27.351542184992738,-0.1841126750611638
3664.065335880983,27.3294486639854,-0.19222244695181057
3667.3448697206613,27.306381970351183,-0.2008366422667859
3670.6216355571037,27.282281573279167,-0.2093704694107589
3673.895509345897,27.257157116949877,-0.21784941286947018
3677.166368199931,27.23101518740554,-0.2269543201591787
3680.4340900224197,27.203780668986436,-0.23610303440179373
3683.698543702698,27.17544830485822,-0.24604091210688406
3686.959597499281,27.145923395405397,-0.25563958923636526
3690.2171083067296,27.115246644697034,-0.2665429718616513
3693.4709379040933,27.083261488073635,-0.27915087723995285
3696.720929282662,27.04976338280484,-0.29171096978068306
3699.9669008885985,27.01475806643116,-0.30416340781141066
3703.20867185657,26.97825845749379,-0.31648221662855314
3706.4460628714696,26.940280591498365,-0.3271187783233954
3709.6788965424494,26.901026338099555,-0.3397156875775072
3712.9070197030214,26.860260455590254,-0.3502778427398543
3716.130250957692,26.81822711446147,-0.36260595505091353
3719.3484382114275,26.774714399855363,-0.375548152385868
3722.56140393941,26.72964862156906,-0.38731063442223296
3725.7689617739984,26.683171345438392,-0.3992055612185188
3728.970942335451,26.63526667809217,-0.4099814880652052
3732.167174336822,26.586068899524346,-0.42129948719993876
3735.3575026047647,26.535512961060352,-0.43307301320824015
3738.541764160092,26.483544199475364,-0.44430239535454036
3741.719789464029,26.43022791203282,-0.4565251628548527
3744.891416813473,26.375444892490236,-0.4682225372859043
3748.0564702005718,26.31925818801593,-0.48035283137452545
3751.2147811831337,26.261615848250987,-0.49232280424826663
3754.3661750849237,26.202537111741194,-0.5044071424967744
3757.5104795383327,26.14200825464158,-0.5166067503595535
3760.64752052889,26.080015444598434,-0.5291009472177508
3763.7771223822415,26.016523330932305,-0.541045322230248
3766.8991051819535,25.951597892264676,-0.5534281659427736
3770.0132969290253,25.88518651235154,-0.5657145939458549
3773.1195193105073,25.817300761078037,-0.5780206944817232
3776.2175954018367,25.747938277740232,-0.5906106684522733
3779.3073479951654,25.67706499752596,-0.6034300308578369
3782.3885957948687,25.60465339382302,-0.6169195738759057
3785.4611542021275,25.530623044957913,-0.6304549831987565
3788.5248289675224,25.454968446974064,-0.6438689912878014
3791.5794251811594,25.377704168019527,-0.6570004164896314
3794.6247496813216,25.298864118040772,-0.6701099799370946
3797.6606133754867,25.21845092044832,-0.6836549134757709
3800.6868274859407,25.136412330831227,-0.6971906677059577
3803.7031969656405,25.05274945070651,-0.7110120255743346
3806.7095268997255,24.96742800763759,-0.7246649906243549
3809.705618260642,24.880468208762668,-0.7379825336839498
3812.6912744456936,24.791910304720595,-0.7516167051502999
3815.66630368226,24.70171630010256,-0.7649003166433991
3818.6305096382725,24.609928262105353,-0.7784828522615367
3821.583701029725,24.51651031983397,-0.7916780688571686
3824.525682268105,24.42150895157111,-0.8044661139879127
3827.4562633422934,24.32497301789256,-0.8170878409814785
3830.3752601044403,24.22692247697478,-0.8288732003744286
3833.2824908016773,24.127457692929852,-0.8401528057265916
3836.177785724829,24.02663935624266,-0.8511879281186189
3839.060982447578,23.924496804868426,-0.8616392571420778
3841.9319220641623,23.821100094011378,-0.8742108159654084
3844.790454075444,23.71619479609553,-0.8856622592726295
3847.6363974509754,23.609915324982815,-0.8956297945727738
3850.4695872899733,23.502439749634082,-0.9044947108579544
3853.2898800599296,23.393900384331126,-0.9117132297771774
3856.097148106049,23.284494796757865,-0.9182716223213755
3858.89128748166,23.1743022020793,-0.9238503568890424
3861.6722037459094,23.063440159252615,-0.9287571898658344
3864.4398165650196,22.951989296468714,-0.9337707460159628
3867.194055280596,22.8399368069468,-0.9373648133596043
3869.9348476974296,22.727453029343646,-0.9396761634906245
3872.662142060951,22.61469188972477,-0.9409349819620106
3875.375905087718,22.50177969188933,-0.9415681931794033
3878.076118650745,22.3887915087078,-0.9423184700921324
3880.7627736317895,22.275713292296746,-0.9429179880376173
3883.435859226865,22.16256313373223,-0.9436139551063801
3886.095366802913,22.049329459119466,-0.9445409667232652
3888.7412863380073,21.935984543112674,-0.9448131450551063
3891.3736044831808,21.82260696570606,-0.9450663699636762
3893.9923173190655,21.70919900131042,-0.9452561909301457
3896.597421199223,21.595768258398802,-0.9453474559857903
3899.188913390231,21.48232656368051,-0.9456209854148155
3901.766792577873,21.36885204543073,-0.9455180648592824
3904.3310548233244,21.255389877647616,-0.9451528749799593
3906.8817016086423,21.14197153265002,-0.9445025854969523
3909.4187381925603,21.028631222390388,-0.938232215390339
3911.9421739392474,20.916043356543547,-0.9217439281643716
3914.4520991420327,20.80543408516382,-0.9124828608827242
3916.9487512322526,20.695936141857892,-0.9064228969333125
3919.4322635692756,20.587165394225895,-0.9025948171622082
3921.902723416583,20.47885401616643,-0.898754300168315
3924.360185898523,20.371003500146234,-0.8957973517498333
3926.8047063185404,20.263507817936254,-0.894159776316992
3929.2363272566927,20.156208644778214,-0.891441361448842
3931.655072294066,20.049235681404355,-0.8849580801854652
3934.0609805758345,19.9430407117821,-0.855344119134056
3936.454145461248,19.84039941748601,-0.8364435200925059
3938.8349933913464,19.74002619507491,-0.8220565770683665
3941.2037965347554,19.641379405826708,-0.8107139297641744
3943.5607620634546,19.544093734255007,-0.8000387418437374
3945.9060533115653,19.448089085233757,-0.7896042176134224
3948.2398240017933,19.353336579120146,-0.7826300206515188
3950.5622243912876,19.259420976641962,-0.7737516132581161
3952.8733549084845,19.16657078305099,-0.7659491830159622
3955.173343402451,19.074656881089073,-0.7577710111821885
3957.4623022281817,18.98372435974721,-0.7487016363189027
3959.7403491513514,18.893880163388943,-0.7397074276373108
3962.0076147709583,18.805115272072467,-0.7294109196403554
3964.264228603607,18.717585961715624,-0.7185158356113502
3966.510338919013,18.631364061442262,-0.7063359795235339
3968.746102606386,18.54660374389944,-0.6925323225452054
3970.971695055654,18.463499865194013,-0.6779100286051508
3973.187315039477,18.382150661761393,-0.6672787417778361
3975.3931731188886,18.302077212748053,-0.6554670147218731
3977.5894223844184,18.223421170981428,-0.6428094470941718
3979.7762329249363,18.146284037330126,-0.6288023545816032
3981.953787009416,18.070827754780336,-0.613937247935121
3984.1222863399894,17.99715528502812,-0.5993696731184062
3986.281944974193,17.925230924253913,-0.5843955028195456
3988.4329726851033,17.85510346391557,-0.56873787690351
3990.575585100773,17.786854918687148,-0.5539153049038807
3992.7100076910156,17.720385082098684,-0.5413791980343049
3994.8364539008676,17.655419578334566,-0.5282765330812407
3996.9551042502676,17.59202639436482,-0.5132519640361692
3999.0661474175913,17.530436158680477,-0.49861924416337966
4001.169799756633,17.47060184938087,-0.48425517888179825
4003.2662719785585,17.412491227915055,-0.46909771008968004
4005.3557709259085,17.356199502704293,-0.45247844205490617
4007.438514866233,17.301902089657705,-0.4339240414111713
4009.514743116992,17.249831204688366,-0.41403095458879413
4011.584722861555,17.20014749013771,-0.39544863829750165
4013.648740560371,17.15269365354201,-0.37913606538300954
4015.7070637987963,17.10719732569605,-0.36392638854197634
4017.75992747788,17.06352615907101,-0.3508667875787671
4019.8075506169685,17.02142214456156,-0.3372636151744292
4021.850121274316,16.980950510740627,-0.3222352300225939
4023.887835335605,16.942282283137914,-0.3057138248361248
4025.9209092095816,16.905596624157578,-0.29113706332007067
4027.9495808044803,16.87066017655917,-0.27351784831980264
4029.9740600256673,16.837838034760793,-0.25485121784325276
4031.9946005898387,16.807255888619604,-0.23780830305857392
4034.0114712964732,16.778718892252574,-0.22107482625507874
4036.0249175635436,16.752189913101965,-0.20745968665380413
4038.0351803531157,16.727294750703507,-0.19400423431510064
4040.0424557232,16.704014242585696,-0.18028539803224244
4042.04693743231,16.682379994821826,-0.1673709784773244
4044.0488230316887,16.662295477404548,-0.1543035492634846
4046.0482984889773,16.64377905149293,-0.14198485622617027
4048.0455519751563,16.62674086874579,-0.12850723764241329
4050.0407608794058,16.6113200002287,-0.11507264035716702
4052.034119279433,16.597511283385842,-0.10140161547924766
4054.0258206334393,16.585343089528333,-0.0791027865606228
4056.0160618041828,16.575850755141058,-0.060547899270597796
4058.0051638948,16.568585007228588,-0.044857504442683764
4059.993394095667,16.563202106695467,-0.030653190319119658
4061.9809783484707,16.559523723857172,-0.017606761333532426
4063.9681211953334,16.557410912497147,-0.005080427862251337
4065.955010504833,16.556801261153677,0.005463297712663235
4067.9418266561715,16.557456856879195,0.01541416753467558
4069.928721478997,16.559306556983355,0.02655528005197114
4071.915838265835,16.562493190589592,0.03808887346976083
4073.9033374487058,16.567063855405962,0.049378717461918416
4075.8913851113543,16.57298930150139,0.06025293494632708
4077.8801438275345,16.58021965369495,0.07082940478605108
4079.869770185978,16.588719182269276,0.08062799667841497
4081.86041648785,16.598394541870686,0.08967338032576747
4083.8522238328746,16.609155347509777,0.09917565353825421
4085.845322474576,16.621056425934366,0.10944279300687969
4087.839849245688,16.63418956109519,0.11915403468276851
4089.8359519930195,16.648488045257125,0.12920502352108604
4091.8337705584504,16.663992648079656,0.13856816886107193
4093.83344967622,16.680620828342985,0.14843002358409663
4095.8351241756213,16.698432431173075,0.15917789244512162
4097.838936067362,16.71753377826649,0.16952498227306503
4099.845040120754,16.737876776139256,0.178640640840095
4101.853585333891,16.759313653040067,0.18700101917125916
4103.864702972256,16.78175377534062,0.1944496502601673
4105.878513425297,16.80508773337184,0.20093372275621546
4107.895123953302,16.829199780102584,0.20809502951591907
4109.914627926914,16.854171183644496,0.2167178468334936
4111.937128468951,16.880177325264516,0.22526443574164431
4113.962749747983,16.907209057553512,0.23367595451438433
4115.991614834889,16.935250172095238,0.24221854548412697
4118.023844855541,16.964316397553333,0.2505846189755189
4120.059562823248,16.994386551830395,0.26058333612709744
4122.098889209467,17.025656552165646,0.269333708861111
4124.141967995727,17.05797659722898,0.2762262716889752
4126.1889251873945,17.091123749831656,0.2824233938268715
4128.2398600373745,17.125014557090882,0.28843342451167453
4130.294861784226,17.159626568032284,0.2944345446493935
4132.354016972389,17.19495871339021,0.30015412128290164
4134.417412017996,17.230977207944157,0.3063283779091285
4136.485129282949,17.267736613293252,0.313280297099434
4138.557257676544,17.305330248945182,0.3195256628777932
4140.633897306418,17.343673328490517,0.32730625182707807
4142.715138105837,17.382950078709765,0.3353377250086055
4144.801092115282,17.423190605710797,0.34255440346789706
4146.891874987967,17.464297134126944,0.3499278012771572
4148.987590644062,17.506288470280204,0.35528165512895893
4151.088345260496,17.54892226889568,0.36033621571277014
4153.194215932764,17.592162614781213,0.3657095835703152
4155.305275446537,17.63604776480965,0.3705248564031942
4157.421601178315,17.680510747578033,0.37519024910704574
4159.543262468024,17.72553357747088,0.3794497388805589
4161.670326497321,17.771067546136546,0.3838934776309453
4163.802854602857,17.81713476345226,0.3884360103038583
4165.940910774471,17.863747084688722,0.39258658250590184
4168.084560424634,17.91085747458943,0.39621021228435876
4170.233863321585,17.958402700063555,0.39917132147149387
4172.388871645592,18.006303258640134,0.40163915422338103
4174.549628036629,18.05449995714694,0.4040329779790774
4176.716168031487,18.10298391450443,0.40638861635257806
4178.888526101227,18.15175054846674,0.40933050026407297
4181.066736167043,18.20087020849843,0.4121296136528888
4183.250840592063,18.250325762136775,0.413965115135305
4185.440879683519,18.30000157595301,0.4156793806900356
4187.6368798726335,18.349883101635815,0.4170331497676335
4189.838865844829,18.39992707960793,0.41816404508686233
4192.046857094382,18.450106765018354,0.4187835625793659
4194.260869906185,18.50036079252788,0.41872851058747684
4196.480913201288,18.550608213798377,0.41796696049293236
4198.706986186944,18.60076424905753,0.4170254882950967
4200.939077896831,18.65080730765294,0.41624253118752746
4203.177174773749,18.700756411395442,0.41551318223579753
4205.4212655431165,18.750617993263738,0.41492520145095857
4207.671339702309,18.800409017437854,0.4144650565068412
4209.927388784401,18.850144824218674,0.4132612230683973
4212.1894061633075,18.89973617098688,0.4149558457085361
4214.457374503826,18.949530872471904,0.4230085786218815
4216.731318208523,19.00029190190653,0.4265758619226821
4219.011353236751,19.05148100533725,0.42804318625938104
4221.297530957392,19.102846187688378,0.4276520876949132
4223.589872499915,19.15416443821177,0.4264685747063826
4225.888372232501,19.205340667176536,0.42463979946465885
4228.193013112562,19.256297443112295,0.4214624889253941
4230.5037688057355,19.306872941783343,0.41879485550962026
4232.820593558749,19.3571283244445,0.41585567202679136
4235.143448957682,19.407031005087713,0.41285116949800765
4237.472292678292,19.456573145427473,0.4097936366035512
4239.807081455744,19.5057483818199,0.4057202542700147
4242.147771261562,19.5544348123323,0.4016220704621485
4244.494303439043,19.602629460787757,0.39700123602288895
4246.846618974337,19.650269609110502,0.39197301787814753
4249.20465132743,19.69730637125588,0.3873761163356282
4251.56832809198,19.743791505216155,0.3826039406715907
4253.937583072606,19.789703978096746,0.37754486893280154
4256.312347549977,19.835009362368684,0.37179771644796134
4258.692548673461,19.87962508834244,0.3653267815755669
4261.078103684062,19.923464302131507,0.3589707681525654
4263.468919400318,19.966540794309815,0.3526353392668838
4265.864904295635,20.00885703502184,0.3458456482203531
4268.265967139838,20.050358512808284,0.33827368669633967
4270.672010161375,20.090951355211846,0.33017583287301927
4273.082924324,20.13057245515661,0.3216195721240162
4275.4985930186185,20.169166803811493,0.31243455666890074
4277.918893035076,20.20665895061176,0.30388177514595555
4280.343692109149,20.243124763629275,0.296041619346102
4282.772867080785,20.278649757950806,0.2878961209538274
4285.206305051739,20.313197292465265,0.27949843451795003
4287.643888726835,20.34673710460742,0.27101050638879054
4290.085497179388,20.379258365374074,0.26289229461981023
4292.531008183233,20.410805440728453,0.25563321691180774
4294.980304836121,20.44148142675787,0.24785904691503532
4297.433282607331,20.471224512387675,0.23932485287825853
4299.889829548818,20.499943494733067,0.23011502054065955
4302.349822768186,20.527557297197948,0.25531674150970624
4304.81312964385,20.558195306179112,0.2663360789305053
4307.280113080591,20.590155635650774,0.2688904184318292
4309.750931756869,20.622422485862593,0.26514908155424627
4312.225622455173,20.654240375649103,0.2603098795184701
4314.704131300251,20.68547756119132,0.2536192752889332
4317.186388607594,20.71591187422599,0.24142778906698473
4319.672298032501,20.74488320891403,0.23065910268573125
4322.161684017571,20.772562301236317,0.22126080082978075
4324.654391493719,20.79911359733589,0.21229707655515462
4327.1502851254,20.824589246522507,0.20295800556937335
4329.649235834982,20.848944207190833,0.19272486102691072
4332.151109139845,20.872071190514063,0.18225457718243934
4334.655757682707,20.893941739775958,0.17233802005749801
4337.16303069148,20.914622302182856,0.16295663806354393
4339.672785367742,20.93417709875048,0.15453247339665885
4342.184886619592,20.95272099555808,0.1489099111852995
4344.699213139059,20.970590184900317,0.1384973378678032
4347.215683961247,20.987209865444452,0.12815254595161502
4349.734149145101,21.002588170958646,0.11679116049384637
4352.254459725616,21.016603110217908,0.10640386529997609
4354.776452098842,21.029371574053904,0.09762422750857712
4357.299976687728,21.041086481354935,0.08786943828047203
4359.824907065491,21.05163081394859,0.07652141215432581
4362.351102763165,21.060813383407112,0.0652301002291459
4364.8784003691735,21.06864099543461,0.054464709116880825
4367.4066372886255,21.075176760528635,0.04131092515061082
4369.935658499889,21.08013407154671,0.02949340778146628
4372.465274588474,21.083673280480486,0.02066244598552812
4374.995315382132,21.086152773998748,0.013143323931388173
4377.525653715012,21.087729972870516,0.005495964190667577
4380.0561813117565,21.088389488573394,-0.0024050480284666604
4382.586788050386,21.08810088280998,-0.010203454961392196
4385.117360156323,21.086876468214612,-0.014820892991556969
4387.647785332509,21.085097961055624,-0.019421467018108884
4390.177997087835,21.08276738501345,-0.025519658799842145
4392.7079291740365,21.07970502595747,-0.033604504915799034
4395.237493777151,21.075672485367573,-0.041323971630021265
4397.766574475395,21.07071360877197,-0.04931759170160185
4400.295060108448,21.06479549776778,-0.05784751530787292
4402.8228355681795,21.057853795930836,-0.06469588418475743
4405.349778023691,21.050090289828663,-0.06832634940316833
4407.8757888584705,21.041891127900282,-0.07673031601303848
4410.400815793819,21.032683489978716,-0.08159106140537242
4412.9247378126165,21.02289256261007,-0.08601943320155135
4415.44748492013,21.012570230625887,-0.09128164871306521
4417.968993347805,21.00161643278032,-0.09516262012278222
4420.489187319738,20.990196918365587,-0.10254616123137424
4423.008010949942,20.977891379017823,-0.1095330288326929
4425.525357915424,20.9647474155579,-0.11558757455613056
4428.041127605291,20.950876906611164,-0.12179813697928646
4430.555232834085,20.936261130173648,-0.126863470705497
4433.067584169706,20.921037513688987,-0.1332609136668989
4435.578108671349,20.905046204048958,-0.13852593782046346
4438.086714215835,20.888423091510504,-0.1435986774949168
4440.593324986816,20.871191250211112,-0.14906703858052459
4443.097867936841,20.853303205581447,-0.15475842294571893
4445.600264321511,20.83473219482796,-0.16119471678467434
4448.1004321848895,20.8153888288138,-0.16831430119467275
4450.598278844347,20.795191112670437,-0.17385597731889404
4453.093701777868,20.77432839539217,-0.17958690613934372
4455.5866211853145,20.75277796665545,-0.1840012933022999
4458.076954541313,20.730697811459176,-0.18746718739894966
4460.564638278688,20.7082017489713,-0.19231062752932213
4463.049622488565,20.685124473667784,-0.19654848914564174
4465.531837425405,20.661538654970308,-0.20018779749782764
4468.011222064001,20.63751611927057,-0.20340476848962377
4470.487723998313,20.613107547051815,-0.20654825039550406
4472.96129690396,20.588321757004355,-0.20942565737360086
4475.4318955148,20.563190678119522,-0.21246227697234546
4477.899478396174,20.53769520488284,-0.21560354647594912
4480.364001820761,20.511822779305728,-0.2181069941987518
4482.825420554277,20.485649940001878,-0.22038036760589874
4485.283698547078,20.45920429588917,-0.2218256874845371
4487.738803062584,20.432585213391025,-0.22216734914010605
4490.190713288192,20.40592513149421,-0.22305467361008743
4492.639424303971,20.379158570661,-0.22411504432184035
4495.084923332451,20.35226476534238,-0.22496336776658218
4497.527195104291,20.32526916121039,-0.22536225349133432
4499.966227403636,20.29822569079143,-0.22505004064085615
4502.402014486532,20.271219685914527,-0.22064383413519667
4504.834560848842,20.244742425818302,-0.21855138137375116
4507.26392993994,20.218516260053452,-0.21733143456919804
4509.690151891146,20.192436487905148,-0.21704152483690717
4512.113244269695,20.166391504924718,-0.2155503924523698
4514.5332112502865,20.140525457830435,-0.21527561916536336
4516.950074305226,20.114692383530592,-0.21549263590875353
4519.36383739125,20.088833267221542,-0.21474646371835335
4521.774497383317,20.06306369157534,-0.2151801936838811
4524.182065026306,20.037242068333274,-0.21426856213395734
4526.586534074506,20.0115298408772,-0.21370311115659604
4528.987917655411,19.985885467538406,-0.21379913902873077
4531.386223911516,19.96022957085496,-0.21324317772361925
4533.781451460019,19.934640389528127,-0.2130252425192263
4536.173608306762,19.90907736042582,-0.2115364323776502
4538.562697590013,19.8836929885405,-0.20974614161770241
4540.948740748638,19.858523451546375,-0.20797684786700912
4543.331763562824,19.833566229802333,-0.2067437920046473
4545.7117915104,19.808756974761774,-0.20577755755537008
4548.088842347372,19.78406366785513,-0.20435502775493017
4550.462929987514,19.759541064524537,-0.20245388797738506
4552.834074915257,19.73524659796725,-0.20071031162912076
4555.202304507013,19.711161360571758,-0.19855856583025397
4557.567643870281,19.687334332672126,-0.19677064790783497
4559.9301239902015,19.663721854923185,-0.19497889401671872
4562.289770612792,19.64032438764118,-0.1922393337386885
4564.646609539309,19.617255667592538,-0.1899123112757483
4567.00068021942,19.594466190239448,-0.18707942457002075
4569.352016162249,19.572016659291045,-0.1837938210547848
4571.700658161364,19.54996140076447,-0.1806220411708232
4574.046653529456,19.52828675582397,-0.17725612470170857
4576.3900479401555,19.507016020859766,-0.17372332195821405
4578.730889862659,19.48616922222478,-0.16985814715437064
4581.069230169326,19.465786244566257,-0.16561468844842067
4583.405124518674,19.445912481952448,-0.16123298147922702
4585.7386340165085,19.42656452417494,-0.15692499098365725
4588.06982175941,19.4077335252569,-0.1530140514457889
4590.398749782441,19.389371839083406,-0.14868629294464913
4592.725474403131,19.371529483930047,-0.14442977686231565
4595.050057941202,19.35419791070657,-0.14026767746918994
4597.372561690487,19.337365789410267,-0.13581390096233514
4599.693045585216,19.321068121294786,-0.13120461252437818
4602.011573759772,19.30532356779186,-0.1270942979687148
4604.328212587907,19.290072252035614,-0.12242329583486421
4606.643021258151,19.27538145653543,-0.1177554910280084
4608.956067032935,19.26125079761207,-0.11314384443575425
4611.267417128648,19.24767353627978,-0.10869283478897161
4613.5771379530015,19.234630396105104,-0.10431658836026583
4615.885293600534,19.22211240550187,-0.09989935580832884
4618.191947089194,19.210124482804872,-0.09566303998132202
4620.497162027131,19.198644918007112,-0.0911425757347854
4622.800999417292,19.187707808918937,-0.08708113970600977
4625.103524354362,19.177258072154217,-0.0830623986936647
4627.40479532302,19.167290584310976,-0.07861841844599647
4629.704870193137,19.157856374097456,-0.07454281792306257
4632.003812958029,19.148911235946688,-0.07015085195092574
4634.301682306343,19.140493133712578,-0.06614763595476016
4636.598541482388,19.132555417398006,-0.06234968394824603
4638.894448132476,19.125073455324216,-0.058390718135614805
4641.189456947115,19.118066569147942,-0.054415120403239176
4643.483624935413,19.111536754699554,-0.050259428563791786
4645.777009345977,19.1055056232719,-0.04620455928213473
4648.069670020769,19.099961076158042,-0.042256768819484175
4650.361665349908,19.094890263899703,-0.03833525994890904
4652.653052181577,19.090290032705834,-0.03454712611813831
4654.943886985501,19.086144377571657,-0.030493971377269023
4657.23422431081,19.082485101006384,-0.026385701674082405
4659.52412252293,19.079318816805493,-0.022589785188341267
4661.813640780947,19.076608042582894,-0.018593128129359218
4664.102833746057,19.07437686720737,-0.014815677733781547
4666.391758970121,19.072598985879317,-0.011156236313063794
4668.680470848427,19.07126023752175,-0.0073313610421087685
4670.96902207693,19.070380474196696,-0.003732451578678625
4673.257467733833,19.069932580007254,-7.710797915617699e-05
4675.545859643435,19.069923327049757,0.0035841600431958573
4677.834250442681,19.07035342625494,0.007078884655897831
4680.122692853832,19.07120289241365,0.010529836927663419
4682.411237200921,19.07246647284497,0.01384770085364168
4684.699933177662,19.074128196947406,0.01716705127019279
4686.988828561296,19.07618824309983,0.02023995312134124
4689.277971150468,19.07861703747439,0.023232829635301842
4691.567405194965,19.081404977030626,0.02620984370249055
4693.857173792209,19.084550158274926,0.028978885243226556
4696.147319811203,19.088027624504114,0.03169685806829608
4698.437883126143,19.09183124747231,0.034382857926865115
4700.72890287584,19.095957190423533,0.03679635703154534
4703.02041773869,19.10037275326732,0.03920458104182648
4705.312462469083,19.10507730299234,0.04190795817909583
4707.605071745442,19.11010625797383,0.043883688729245814
4709.898284496398,19.11537230062134,0.045894535843685184
4712.192129172473,19.12087964492258,0.04775829636457434
4714.486634729864,19.12661064048633,0.04958922698151829
4716.781828006722,19.132561347724113,0.05207471831586336
4719.077735368449,19.13881031392202,0.052532393173910875
4721.37439260612,19.14511420110289,0.0552871272632871
4723.671806310252,19.151748656374483,0.05637607070210854
4725.970016149016,19.158513784858737,0.05785011465026952
4728.269037803199,19.16545579861677,0.058954364486649424
4730.568892499034,19.17253032235517,0.06005657305616386
4732.869596137716,19.17973711112191,0.061523780570750954
4735.171164591051,19.187119964790398,0.06245097644220319
4737.473618986825,19.19461408196346,0.0635672244055028
4739.776972676661,19.20224214889212,0.06456616168818423
4742.081241734528,19.209990088294703,0.06545519772000359
4744.386440545123,19.217844712021105,0.06634448991548605
4746.692581910565,19.225806050810963,0.0671650661661308
4748.999678636663,19.2338658587509,0.06799467065649503
4751.307742539713,19.242025219229678,0.06874727580507284
4753.616785566021,19.250274892326285,0.06944390596496298
4755.9268185531,19.25860816104208,0.06997505214078464
4758.237851532425,19.267005167298976,0.07066587710103275
4760.549892152501,19.2754850725511,0.07107219574564465
4762.862950361207,19.284013736040578,0.07165669684497628
4765.177032009532,19.292612539661974,0.07196686137647819
4767.492145514291,19.30124856302715,0.07238469705434769
4769.808295341854,19.309934726673674,0.072777653694003
4772.125487509055,19.318668045116954,0.07266157914748576
4774.443727674469,19.327387434614653,0.07314110652368876
4776.763014166623,19.336164367397497,0.07366133817413681
4779.083353890711,19.345003727978394,0.07380494795097257
4781.404754338068,19.353860321732512,0.07383074919481002
4783.727217576677,19.36272001163589,0.07381044840030454
4786.050743978073,19.371577265443925,0.07389392130992187
4788.375333249926,19.380444536001114,0.07376440370362931
4790.700986594246,19.38929626444555,0.07437774987491849
4793.02770214598,19.39822159443054,0.07392262154326354
4795.355488737311,19.407092309015734,0.07273458002222001
4797.684339814393,19.415820458618402,0.0734702547225798
4800.014238269427,19.424636889185113,0.07306081441553353
4802.345194696129,19.433404186914977,0.07266846467065988
4804.677203198558,19.442124402675457,0.07204899773278346
4807.010258126879,19.45077028240339,0.07168012081237718
4809.344350560767,19.459371896900876,0.07144167875546058
4811.679475188395,19.467944898351533,0.07097315447539326
4814.015628576198,19.47646167688858,0.07038797909721672
4816.352803977425,19.484908234380246,0.0701205980962417
4818.69099296555,19.493322706151794,0.06937997443525823
4821.030191690288,19.501648303084025,0.0689662460447131
4823.3703894866585,19.50992425260939,0.06858550880219422
4825.711580396972,19.518154513665653,0.06792929966328169
4828.053758938611,19.526306029625246,0.06751488309966544
4830.396915662166,19.534407815597206,0.06656574889505647
4832.741044600038,19.542395705464614,0.06591752906749608
4835.086132084693,19.550305808952714,0.06536517583785423
4837.432168781767,19.558149630053258,0.06443883740288384
4839.779146737374,19.565882290541605,0.06389294909678497
4842.127052612239,19.57354944443322,0.06303399683157201
4844.475878545571,19.58111352405301,0.062280208032070156
4846.825612168457,19.588587149016856,0.06156757232396163
4849.176242626339,19.59597525769573,0.06075932717525519
4851.527759657263,19.60326637695676,0.05990359543934039
4853.8801516224985,19.610454808409482,0.05916317958817964
4856.233406199508,19.617554389960063,0.05844239797381718
4858.587512726303,19.62456747771692,0.05759123165590747
4860.9424608236295,19.631478425515628,0.056636677483516494
4863.298238234692,19.63827482681365,0.05579310047115798
4865.654831213909,19.644969998870188,0.054934829790047816
4868.012227613774,19.651562178444994,0.054003781381945046
4870.370415075187,19.658042632210826,0.053150884608020574
4872.729380191053,19.664420738363788,0.052052318447411004
4875.089110679656,19.670667016577475,0.0510894616070762
4877.449590721645,19.676797751970323,0.05017319988865338
4879.810806451882,19.68281853595696,0.049141582999548024
4882.172744676197,19.68871552591691,0.04809260026289213
4884.535390539307,19.694486637948454,0.04704470291283479
4886.89872893586,19.700132002297995,0.04605407670333529
4889.262744776136,19.705658491502394,0.044836557351965414
4891.627423795117,19.71103887838463,0.04377419094619547
4893.992748460522,19.716291781298175,0.04289883915462513
4896.358703474278,19.721439641996728,0.041539418349581796
4898.725276231317,19.72642437219868,0.04050197670205045
4901.092447155981,19.731284609402923,0.039321340747946555
4903.46020130911,19.736003170292676,0.038133369895473924
4905.828521689545,19.740579174680132,0.037115952038582006
4908.197391190506,19.74503308892476,0.03581538301310606
4910.566795161177,19.749330934886334,0.034612345720322346
4912.936714873363,19.75348441637277,0.03343363912597458
4915.307133003327,19.757496453067887,0.03217058338066275
4917.678032577695,19.761356923073567,0.031089200132220055
4920.049395408464,19.765087627089432,0.029824442386985527
4922.421205923715,19.76866656017587,0.02860138418488612
4924.7934459109365,19.772098726278056,0.027431002991250397
4927.16609775809,19.775390446637005,0.026140996801380056
4929.539144611686,19.77852736625317,0.025032925779614884
4931.912567895637,19.781531317346722,0.023817026863135537
4934.286351653719,19.784389360570298,0.022552730851857217
4936.660478376987,19.787095688272522,0.021460964479958437
4939.03492985958,19.789671004010117,0.020134452259081895
4941.409690380061,19.792087138281207,0.019000535795669935
4943.784740836655,19.794367202576687,0.017874674764267136
4946.160064900964,19.7965121635484,0.01250287451615124
4948.53564636059,19.798012508490338,0.017743984589798204
4950.911407861609,19.800141786641113,0.011006915504878458
4953.287424876006,19.8014626165017,0.01614961458479206
4955.663600389987,19.803400570251874,0.00877299490605045
4958.040008458417,19.8044533296406,0.011264088075551773
4960.416542857974,19.805805020209668,0.010280307364210508
4962.793239460399,19.807038657093372,0.008589802237846831
4965.17008409925,19.808069433361915,0.008054316357253654
4967.547052431253,19.809035951324784,0.006093061237345837
4969.924136745412,19.809767118673264,0.005786651960476624
4972.301308799653,19.81046151690852,0.004568223532976558
4974.678564181682,19.811009703732477,0.0032862084565822456
4977.05588534613,19.811404048747267,0.0024021271158435344
4979.4332538319795,19.81169230400117,0.0012001264097846335
4981.810656908459,19.811836319170343,0.00020102688599945166
4984.18807726676,19.811860442396664,-0.0009107290172537663
4986.565500519848,19.811751154914592,-0.0012132435986763254
4988.9429106584375,19.81160556568275,-0.0029833290586200453
4991.32030332632,19.811247566195718,-0.003023795912015852
4993.697653034264,19.810884710686278,-0.0051818302120829355
4996.074959199546,19.810262891060827,-0.005107224221157442
4998.452190746473,19.809650024154287,-0.006281439511923645
5000.829348749372,19.808896251412857,-0.006947720141299148
5003.206416299541,19.8080625249959,-0.007825476644821997
5005.583383802541,19.807123467798522,-0.008876350129021379
5007.960238618677,19.80605830578304,-0.009254715475161433
5010.336965615371,19.80494773992602,-0.010394361108712166
5012.713559344162,19.803700416592974,-0.01102921398398024
5015.0900033941525,19.802376910914898,-0.013849232776641011
5017.466288623462,19.8007150029817,-0.01166752075362445
5019.84237442382,19.799314900491265,-0.014575618476442058
5022.218292211879,19.79756582627409,-0.012847771902923685
5024.594000111032,19.79602409364574,-0.016278613980739997
5026.96952300227,19.794070659968053,-0.013887021450018721
5029.344811481466,19.79240421739405,-0.01682439937505453
5031.719899987554,19.790385289469043,-0.01676226428706107
5034.09474622229,19.788373817754596,-0.015491045591361807
5036.469351080421,19.786514892283634,-0.018183914019789978
5038.8437328674945,19.78433282260126,-0.018174890012060973
5041.217852806207,19.782151835799812,-0.018744970871649096
5043.591711026503,19.779902439295213,-0.01864591248612257
5045.9652993192185,19.777664929796877,-0.017883697066560535
5048.338619110794,19.77551888614889,-0.019599995760812887
5050.711681377132,19.773166886657595,-0.0182807895997906
5053.08446140353,19.77097319190562,-0.019902998806167877
5055.456978186559,19.76858483204888,-0.01895140573870658
5057.8292083664055,19.766310663360237,-0.019578394176654343
5060.201165646009,19.763961256059037,-0.02028519288401247
5062.572840996736,19.761527032912955,-0.02025296779895358
5064.944224240686,19.75909667677708,-0.019215978749196276
5067.315315841899,19.756790759327178,-0.020132337951576866
5069.686130733018,19.75437487877299,-0.02016660097734548
5072.056655718471,19.751954886655707,-0.02262716089440027
5074.42689030487,19.749239627348377,-0.02212575131651695
5076.796799060151,19.746584537190394,-0.02201648013464419
5079.166389204614,19.743942559574236,-0.022016533176569732
5081.535662311762,19.741300575593048,-0.02186156391161746
5083.904618380833,19.738677187923653,-0.021870785147327106
5086.273259643384,19.73605269370597,-0.021771944806388156
5088.6415859666295,19.733440060329205,-0.021845980837578376
5091.009598773869,19.730818542628697,-0.02218450432881933
5093.377296998984,19.72815640210924,-0.021938821999142696
5095.744675767237,19.725523743469342,-0.02217073392110716
5098.111738616453,19.72286325539881,-0.022077974820803585
5100.4784822071015,19.720213898420315,-0.021598679956857846
5102.844907874912,19.717622056825494,-0.022002994795213324
5105.211022521731,19.714981697450067,-0.021718860066114436
5107.576820325425,19.712375434242134,-0.02209401656459984
5109.942305377534,19.70972415225438,-0.02204346408707751
5112.307472275804,19.70707893656393,-0.02163232509412303
5114.672321748191,19.704483057552636,-0.021179016768439002
5117.036859715097,19.701941575540424,-0.02153390116282542
5119.401092704162,19.699357507400883,-0.02118153734547506
5121.7650156050495,19.696815722919425,-0.021255048202280254
5124.1286334917995,19.694265117135153,-0.020516231253884
5126.491945305856,19.691803169384688,-0.02066310790025783
5128.854961686182,19.689323596436658,-0.020018310820122395
5131.217680517754,19.686921399138242,-0.01967162372214558
5133.580111085651,19.684560804291586,-0.019784505631923584
5135.942258382166,19.682186663615756,-0.020663921989028288
5138.3041207818,19.67970699297707,-0.01853549192588499
5140.6656856209565,19.677482733945965,-0.020077575639707287
5143.02698354903,19.6750734248692,0.0
