position,velocity,acceleration
-83.13815549102495,19.444444444444443,-3.4168223805863816e-16
-80.80482215769162,19.444444444444443,0.0011601839226937569
-78.47148882435829,19.444583666515165,0.0022697933928729967
-76.13813878437647,19.44485604172231,0.003330294205241546
-73.8047560593698,19.44525567702694,0.004343116213072642
-71.47132537812656,19.445776850972507,0.005309654275512855
-69.13783215600986,19.44641400948557,0.006231269170757598
-66.80426247487159,19.44716176178606,0.0071092884766764475
-64.47060306345726,19.44801487640326,0.007945007420477095
-62.13684127828887,19.448968277293716,0.008739689698832242
-59.802965085013625,19.450017040057574,0.009494568269866567
-57.46896304020672,19.45115638824996,0.010210846118293962
-55.13482427361672,19.452381689784154,0.010889696994956961
-52.800538470842625,19.45368845342355,0.011532266131910602
-50.4660958564318,19.455072325359378,0.012139670934182716
-48.13148717738868,19.45652908587148,0.01271300164923297
-45.7967036870841,19.45805464606939,0.013253322015130896
-43.46173712955577,19.459645044711205,0.013761669888370019
-41.12657972419043,19.46129644509781,0.014239057852218212
-38.79122415077869,19.463005132040074,0.01468647380645629
-36.45566353493388,19.46476750889685,0.015104881539301793
-34.119891433866265,19.466580094681564,0.015495221282288649
-31.783901822504475,19.46843952123544,0.01585841024880723
-29.447689079956223,19.470342530465295,0.016195343157015377
-27.111247976300387,19.472285971644137,0.016506892737755692
-24.77457365970309,19.474266798772668,0.016793910228117763
-22.43766164385037,19.476282068000042,0.01705722585120171
-20.100507795690362,19.478328935102187,0.017297649282692285
-17.7631083234781,19.48040465301611,0.017515970104727687
-15.425459765116168,19.482506569428676,0.017712958247596125
-13.087558976784727,19.484632124418386,0.01788936441974957
-10.74940312185452,19.486778848148756,0.01804592052656149
-8.41098966007667,19.488944358611942,0.01818334007830465
-6.072316337043237,19.49112635942134,0.018302318587725228
-3.733381173912676,19.49332263765187,0.01840353395764254
-1.394182457394452,19.495531061726787,0.018487646858925604
0.9452812700127624,19.497749579349858,0.01855530109922825
3.2850112195347454,19.499976215481766,0.018607123982792816
5.625008365392557,19.5022090703597,0.018643726661688207
7.965273453835721,19.504446317559104,0.018665704478754833
10.305807011942813,19.506686202096553,0.018673637302576537
12.6466093561944,19.508927038572864,0.018668089854743504
14.987680600823143,19.511167209355435,0.01864961202969879
17.329020665945794,19.513405162799,0.018618739207394815
19.670629285481674,19.515639411503887,0.018575992559026536
22.01250601486214,19.517868530610972,0.018521879346053798
24.354650238535456,19.520091156132498,0.01845689321277086
26.697061177271355,19.52230598331803,0.018381514472581593
29.039737895269518,19.52451176505474,0.018296210388238403
31.382679307076085,19.52670731030133,0.018201435446185858
33.72588418431224,19.528891482554872,0.07366952808164354
36.06935116221883,19.53773182592467,0.09822099330482097
38.41387898132979,19.54951834512125,0.1324552287666256
40.75982118274434,19.565412972573245,0.16146188027844882
43.10767073945313,19.58478839820666,0.18554438868371487
45.45784534723793,19.607053724848704,0.20529939121833704
47.81069179421977,19.631689651794904,0.22114533371474274
50.16649455243516,19.658227091840672,0.23481534270740242
52.52548180345604,19.68640493296556,0.24587634817004667
54.8878503954119,19.715910094745965,0.25566994083703826
57.253759606781415,19.746590487646408,0.2633744819712279
59.623350465298984,19.778195425482956,0.2695792214471018
61.99673391635694,19.810544932056608,0.27352316778217467
64.37399930820374,19.843367712190467,0.27586855261300586
66.7552034336666,19.87647193850403,0.27575397647959193
69.14038006628708,19.90956241568158,0.27441553862442575
71.52952755616887,19.94249228031651,0.2724099089605152
73.92262662980686,19.975181469391774,0.2681721190903192
76.31964840613387,20.00736212368261,0.2620353918836604
78.72053186097578,20.038806370708652,0.25378906041555965
81.12518862546082,20.06926105795852,0.24514625167975662
83.53349995241584,20.098678608160093,0.23654317722190527
85.94534138539505,20.12706378942672,0.22846800769546133
88.36058904012626,20.154479950350176,0.22038183032400216
90.77912663416828,20.180925769989056,0.21141353018220946
93.20083772656696,20.206295393610922,0.2015139690949704
95.62559317380027,20.230477069902317,0.19105412451269335
98.05325042218854,20.25340356484384,0.1811338304773871
100.4836588499698,20.275139624501126,0.17096674510105395
102.91667560490994,20.295655633913253,0.16065211512984987
105.35215428097953,20.314933887728834,0.14943491837984405
107.789946347507,20.332866077934415,0.13740073107538206
110.22989027685912,20.34935416566346,0.12441845716710062
112.67181277673873,20.36428438052351,0.11169801097054864
115.11552690240156,20.377688141839975,0.09973447387428654
117.56084947942236,20.38965627870489,0.08734551404674558
120.00760823286694,20.4001377403905,0.07400644142366092
122.4556247617138,20.409018513361342,0.060666663219284975
124.90470698331717,20.416298512947655,0.04798422148731405
127.35466280487088,20.42205661952613,0.03647312253673067
129.805309599214,20.42643339423054,0.02491711852609554
132.25648160652167,20.429423448453672,0.01379143101390375
134.7080124203361,20.43107842017534,0.002986309137986256
137.15974183075716,20.431436777271898,-0.00785587179993035
139.6115142440298,20.430494072655907,-0.018397841340182824
142.0631735327485,20.428286331695084,-0.029145758940055635
144.5145678925519,20.424788840622277,-0.03902427815598732
146.96554255342656,20.420105927243558,-0.04719770144423792
149.41595526469578,20.414442203070248,-0.054655952397694565
151.8656883290642,20.407883488782524,-0.0605756504979654
154.3146343477181,20.400614410722767,-0.06399385635805786
156.76270807700485,20.3929351479598,-0.06455678549774349
159.20986029476003,20.38518833370007,-0.06487643522949402
161.65608289480403,20.377403161472532,-0.06619844303058046
164.10137127418074,20.36945934830886,-0.06840788730464613
166.5457063959778,20.361250401832304,-0.07125014385228773
168.98905644419767,20.35270038457003,-0.07457944256680107
171.43138049034607,20.343750851462016,-0.0780290937329377
173.87263059252152,20.334387360214063,-0.08143620966155565
176.31275707574721,20.324615015054675,-0.08448194689710954
178.75171087755376,20.314477181427023,-0.08739202932246533
181.189448139325,20.303990137908325,-0.09004558512994451
183.625926955874,20.29318466769273,-0.09285310816833221
186.06110911599714,20.282042294712532,-0.09573859138992635
188.49495419136264,20.27055366374574,-0.09868036481312975
190.92742063101213,20.258712019968165,-0.10137312116343042
193.3584660734083,20.24654724542855,-0.1038282799109854
195.78805174285972,20.234087851839234,-0.10635028916533733
198.21614228508042,20.221325817139395,-0.10887065692821431
200.64270138313714,20.20826133830801,-0.11118109087183173
203.06769274373409,20.19491960740339,-0.11287918743258489
205.4910830966225,20.181374104911477,-0.11384583395122895
207.91284798921188,20.16771260483733,-0.11419618107609394
210.33297350179237,20.154009063108198,-0.1142805625530292
212.75145458936535,20.140295395601836,-0.11428675827133575
215.16829003683756,20.126580984609276,-0.11412653044733818
217.58347975499066,20.112885800955596,-0.1137299852759715
219.99702605110534,20.09923820272248,-0.12202363080557209
222.40893463543205,20.08459536702581,-0.1307144504491528
224.81908607947514,20.06890963297191,-0.13909636264294026
227.22735523543176,20.052218069454756,-0.14770157158893513
229.63362140376634,20.034493880864083,-0.1565219542108182
232.03776066947003,20.015711246358784,-0.16536477765045038
234.4396460190331,19.99586747304073,-0.1744760965672922
236.839150115798,19.974930341452655,-0.1834784056155784
239.2361417567723,19.952912932778787,-0.19312915960883573
241.63049130870576,19.92973743362573,-0.2029331663946641
244.02205980074083,19.90538545365837,-0.2129056798390626
246.41070605517984,19.87983677207768,-0.2226698257764872
248.79628646782916,19.853116392984504,-0.23263802080395618
251.1786604349873,19.825199830488028,-0.242445727250406
253.55768441464588,19.79610634321798,-0.2526866294500383
255.93321717583203,19.765783947683975,-0.2631582043041965
258.3051112495541,19.73420496316747,-0.2734496664096801
260.6732158451342,19.70139100319831,-0.28379131617673914
263.03738276551803,19.6673360452571,-0.29380500075075994
265.39746309094886,19.63207944516701,-0.30389627374889205
267.7533126243689,19.595611892317145,-0.31376346996012283
270.104786051447,19.55796027592193,-0.3238054986855008
272.4517412845576,19.51910361607967,-0.3337924996530759
274.7940337184872,19.4790485161213,-0.34348757239214545
277.1315195404217,19.437830007434243,-0.35318409871329953
279.46405914131384,19.395447915588647,-0.363158612117525
281.7915128911845,19.351868882134543,-0.3737516704758666
284.11373715704065,19.307018681677437,-0.38449576838892296
286.4305793988419,19.260879189470767,-0.39553991111848347
288.74188490157843,19.21341440013655,-0.40645000350858845
291.04749462959484,19.16464039971552,-0.41733153138281
293.3472514775607,19.114560615949582,-0.42785579551192476
295.6409987514746,19.06321792048815,-0.4384403543250777
297.9285849019332,19.01060507796914,-0.44913109935112844
300.2098575112895,18.956709346047003,-0.4595545350160396
302.4846626328151,18.901562801845078,-0.4697654873259935
304.75285016903655,18.84519094336596,-0.4799892403472016
307.01427308224044,18.787592234524297,-0.4902482274608447
309.26878415038334,18.728762447228995,-0.5006535057426552
311.5162356440508,18.668684026539875,-0.5107217346780698
313.7564777272356,18.607397418378508,-0.5207049950921305
315.98936541744104,18.54491281896745,-0.5305281251640246
318.2147549557171,18.481249443947767,-0.5399388744066244
320.4325048889909,18.416456779018972,-0.5490664541586993
322.64247970247317,18.350568804519927,-0.5576737426875299
324.8445479590156,18.283647955397424,-0.566271312752986
327.0385857136633,18.215695397867066,-0.5750237548829027
329.22446916140734,18.146692547281116,-0.5835335195272666
331.40207226708105,18.076668524937844,-0.5921925365801507
333.57127249007357,18.005605420548225,-0.601161214303011
335.7319451405394,17.933466074831863,-0.610721062483336
337.8839610695192,17.860179547333864,-0.6199530502279416
340.0271826151993,17.78578518130651,-0.6288109670656677
342.16147683695607,17.71032786525863,-0.6373452187002359
344.2867161807871,17.6338464390146,-0.6456033238886127
346.40277775346885,17.55637404014797,-0.6535198508010616
348.50954263828663,17.47795165805184,-0.6611680676161821
350.60689683725286,17.3986114899379,-0.6685541699250402
352.6947302160454,17.318384989546892,-0.6758085607890296
354.77293641479105,17.23728796225221,-0.6827905839243815
356.84141097026134,17.155353092181286,-0.6895788529640063
358.9000533413231,17.072603629825604,-0.6960105933982966
360.9487657769022,16.989082358617807,-0.702225556563609
362.9874556599363,16.904815291830175,-0.708172122683631
365.01603349495593,16.81983463710814,-0.7139568467530232
367.0344136514089,16.73415981549778,-0.7195222572510666
369.0425128292686,16.647817144627652,-0.7226683157595515
371.04025088662394,16.561096946736505,-0.7210219040881742
373.02758252023233,16.474574318245924,-0.7183443763537277
375.00453143842185,16.388372993083475,-0.7149924271498246
376.9711361975919,16.302573901825497,-0.7108927338688551
378.92744506581096,16.217266773761235,-0.7061772872523886
380.8735170786623,16.13252549929095,-0.700735743772153
382.8094201385772,16.04843721003829,-0.6945091525666269
384.7352326037818,15.965096111730295,-0.6876677858394324
386.65104413718944,15.882575977429564,-0.6801430198260376
388.556953254481,15.80095881505044,-0.6721254677008213
390.4530683122871,15.72030375892634,-0.6634778788109555
392.33950476335826,15.640686413469025,-0.6543928057093669
394.21638713297455,15.5621592767839,-0.6447660306470072
396.0838462461886,15.48478735310626,-0.6347523453293219
397.9420207285614,15.408617071666741,-0.6241956401067029
399.7910547771614,15.333713594853936,-0.6133571227990101
401.63110040854383,15.260110740118055,-0.6024214268326397
403.462313697358,15.187820168898138,-0.5913096709464233
405.2848521176258,15.116863008384568,-0.5800511975965577
407.09887567863194,15.047256864672981,-0.5685719999091107
408.9045465023927,14.979028224683887,-0.5568801459418384
410.7020298893548,14.912202607170867,-0.5449178664680705
412.4914942022153,14.846812463194698,-0.5327506663239113
414.27311169779864,14.78288238323583,-0.5205471822947305
416.04705758378697,14.720416721360461,-0.5082937381793566
417.81350759035024,14.659421472778938,-0.49592049047967807
419.5726381670837,14.599911013921377,-0.48343109313401383
421.3246274887543,14.541899282745295,-0.4709790422576859
423.06965540268374,14.485381797674373,-0.45862888936209195
424.80790121840465,14.430346330950922,-0.4464783165580162
426.53954277811874,14.37676893296396,-0.4344807969402169
428.2647550500744,14.324631237331134,-0.4227188864263762
429.98371079855417,14.27390497095997,-0.4110124004175786
431.69657939506936,14.22458348290986,-0.39940377057857845
433.40352941301853,14.17665503044043,-0.38796942544238494
435.1047280166714,14.130098699387345,-0.37670082372694924
436.8003398605979,14.08489460054011,-0.3655220723919602
438.4905272126627,14.041031951853075,-0.35438272423254347
440.1754510468851,13.99850602494517,-0.34329556919556703
441.8552717698785,13.957310556641703,-0.3324087253446594
443.53014903667554,13.917421509600343,-0.32165242452446097
445.2002396178276,13.878823218657407,-0.311080949631534
446.8656984040665,13.841493504701623,-0.3006938204546003
448.5266776246307,13.805410246247071,-0.2904719367073279
450.18332685418034,13.770553613842191,-0.28041720814335747
451.8357932878414,13.736903548864989,-0.27039072915467643
453.4842217137052,13.704456661366427,-0.2604160106587387
455.12875651306916,13.673206740087378,-0.2491436687896804
456.7695413218797,13.643309499832617,-0.23510819543324174
458.40673846185956,13.615096516380628,-0.2213832462688494
460.04055004382525,13.588530526828366,-0.20812056719049227
461.67117370704466,13.563556058765506,-0.19548217505061327
463.2988004340965,13.540098197759432,-0.183494948789018
464.9236122178276,13.51807880390475,-0.1720400943747789
466.54578167429617,13.497433992579776,-0.16099661092336331
468.16547375340576,13.478114399268971,-0.15036617355648701
469.782847481318,13.460070458442193,-0.1400354643294422
471.3980559363311,13.44326620272266,-0.13008640510438468
473.01124788065783,13.427655834110134,-0.12042766296105521
474.622566580751,13.413204514554806,-0.1111381549650038
476.2321511224976,13.399867935959005,-0.10216555449543231
477.84013527481267,13.387608069419553,-0.09360513067273037
479.446648243143,13.376375453738826,-0.08524307341979853
481.05181329759165,13.36614628492845,-0.07720769645604945
482.65575085178307,13.356881361353723,-0.06957743112533313
484.2585766151455,13.348532069618683,-0.06231434360628975
485.86040046349973,13.341054348385928,-0.05537908615301646
487.461326985306,13.334408858047565,-0.04858415295307609
489.06145604827174,13.328578759693196,-0.04193605491611819
490.6608854994349,13.323546433103262,-0.03535682716583663
492.2597110714073,13.319303613843362,-0.02892543432207677
493.8580275050685,13.315832561724712,-0.0227186084332162
495.45592741247543,13.313106328712726,-0.016718233469166604
497.053500171921,13.311100140696427,-0.010882396626658629
498.65083218880454,13.309794253101227,-0.005168198487540551
500.2480074991767,13.309174069282722,0.0003534673724784313
501.84510838749065,13.30921648536742,0.005679603334914322
503.44221436573474,13.30989803776761,0.010727146840998146
505.03940213026686,13.31118529538853,0.015534278024825418
506.63674436571347,13.313049408751509,0.020091563265534688
508.23431029476365,13.315460396343372,0.024535468298177533
509.83216554232484,13.318404652539153,0.028821517949905406
511.43037410062954,13.321863234693142,0.032870934403567025
513.0289976887927,13.32580774682157,0.036721320754791995
514.6280946184113,13.330214305312145,0.04044637804285567
516.2277203350487,13.335067870677287,0.044098833816047206
517.82792847953,13.340359730735212,0.047676497171305905
519.4287716472182,13.346080910395768,0.05108046428702184
521.0303013564658,13.35221056611021,0.05436081034550107
522.632566624399,13.35873386335167,0.057465851012544554
524.2356146880012,13.365629765473175,0.06039114553701639
525.8394902598579,13.372876702937617,0.06315558679021065
527.4442354642105,13.380455373352442,0.06576125034357488
529.0498901090127,13.38834672339367,0.06834215566597845
530.6564917158199,13.396547782073588,0.07088558606001757
532.2640774496688,13.405054052400791,0.07337258055118644
533.8726839359568,13.413858762066933,0.07591525232147066
535.4823469874049,13.42296859234551,0.07854549328001241
537.0931032184864,13.432394051539111,0.08120925336450263
538.7049905046711,13.442139161942851,0.08366751560338241
540.3180472041042,13.452179263815257,0.08590711637295687
541.932308715762,13.462488117780012,0.08792453303928123
543.5478072898957,13.473039061744725,0.08973758705957255
545.1645719773051,13.483807572191873,0.09136946910560372
546.782628885968,13.494771908484546,0.0928522934373407
548.4020015149862,13.505914183697028,0.09420425114989689
550.0227112170298,13.517218693835016,0.09544353920247363
551.64477746029,13.528671918539313,0.09655864808778451
553.2682180905148,13.540258956309847,0.09755662469444933
554.8930491652719,13.551965751273181,0.09839875377829514
556.5192850554247,13.563773601726577,0.09910618814289993
558.1469378876319,13.575666344303725,0.0996750782727085
559.7760178489483,13.58762735369645,0.10013483053695552
561.4065331313918,13.599643533360885,0.10046468550164403
563.0384903553951,13.611699295621081,0.1006564494487983
564.6718942708696,13.623778069554938,0.1007318682383764
566.3067476392163,13.635865893743542,0.10071491162048812
567.9430515464655,13.647951683138,0.10063888892259801
569.5808057484421,13.660028349808712,0.10050756988686929
571.2200091504192,13.672089258195136,0.10031146191247359
572.8606598614026,13.684126633624633,0.10002672960304575
574.5027550574375,13.696129841176997,0.09964985036372653
576.1462906383788,13.708087823220644,0.09918870061929703
577.7912611771652,13.71999046729496,0.0986487656534514
579.4376600332406,13.731828319173374,0.09802846061370743
581.0854794315414,13.743591734447019,0.0973169978924532
582.734710439675,13.755269774194113,0.09652061133113955
584.3853428125783,13.76685224755385,0.09562146141570012
586.0373650822847,13.778326822923734,0.09463171771959324
587.6907643010355,13.789682629050086,0.09357003734898854
589.3455262165215,13.800911033531964,0.09245212327965822
591.0016355405454,13.812005288325523,0.09127363081418567
592.6590761751445,13.822958124023225,0.09002605149705617
594.3178311500272,13.833761250202873,0.08872598128728582
595.9778825000516,13.844408367957348,0.08739389735365695
597.6392115042065,13.854895635639787,0.08602118841956931
599.3017989804833,13.865218178250135,0.08460608740520874
600.9656251618734,13.875370908738761,0.08313434422024757
602.6306696709221,13.88534703004519,0.08161774047030952
604.2969113145275,13.895141158901628,0.08005419922645168
605.9643282535957,13.904747662808802,0.07844493950820343
607.6328979731327,13.914161055549787,0.07680397442871652
609.3025972997987,13.923377532481233,0.07514766231476
610.9734026036964,13.932395251959004,0.07349519803381369
612.6452900339315,13.941214675723062,0.0718448151720457
614.3182357950183,13.949836053543708,0.07019440833518642
615.9922161214436,13.95825938254393,0.06854860067803792
617.6672072473489,13.966485214625296,0.06689427197045404
619.3431854731039,13.97451252726175,0.06521653011829019
621.0201269763753,13.982338510875945,0.06349874201963987
622.6980075976804,13.989958359918301,0.061746279568990196
624.3768026008706,13.99736791346658,0.059964635950272266
626.0564867504867,14.004563669780612,0.05816134045387775
627.7370343908603,14.011543030635078,0.056346441283245986
629.4184195545365,14.018304603589067,0.05452861899937611
631.1006161069672,14.024848037868992,0.052713808604750716
632.7835978715115,14.031173694901563,0.05090482666469015
634.4673387148996,14.037282274101326,0.04909779737078181
636.1518125877917,14.043174009785819,0.04729215382487694
637.836993468966,14.048849068244804,0.04548274153989342
639.5228553571554,14.054306997229592,0.043675613836457634
641.209372196823,14.059548070889967,0.04187391137541687
642.8965179653297,14.064572940255017,0.04008331157841746
644.5842667181604,14.069382937644427,0.03830339104751995
646.2725926706777,14.07397934457013,0.03653699037996318
647.9614701920261,14.078363783415726,0.03478937837789367
649.650873846036,14.082538508821074,0.03306765005995671
651.3407784670945,14.08650662682827,0.03137565770330516
653.031159262314,14.090271705752667,0.02971113166224736
654.7219918670042,14.093837041552137,0.028069751429846423
656.4132523119905,14.097205411723719,0.026448171001071993
658.1049169613974,14.100379192243848,0.02484772860757465
659.7969624644667,14.103360919676756,0.02326918423486608
661.4893657748279,14.10615322178494,0.021711149779219743
663.1821041614421,14.108758559758446,0.02017453681345038
664.8751551886131,14.111179504176059,0.01865898870802622
666.5684967291143,14.113418582821023,0.017165502286591545
668.2621069590527,14.115478443095414,0.015692638897582482
669.9559643722242,14.117361559763124,0.014243594690622034
671.6500477593958,14.119070791126,0.01282346785436349
673.3443362543309,14.120609607268523,0.011433277997775656
675.0388094072031,14.121981600628256,0.010072448379815219
676.7334471992784,14.123190294433835,0.008740992011692943
678.4282300346105,14.124239213475239,0.007440629926611437
680.1231387402275,14.125132089066431,0.006172154615594325
681.8181545909155,14.125872747620303,0.0049315100353311036
683.5132593206299,14.126464528824542,0.003718292934358862
685.2084350640888,14.126910723976664,0.0025316066163994792
686.903664350966,14.127214516770632,0.0013737436498751075
688.5989300929784,14.127379366008617,0.00024487019650656125
690.2942156168995,14.127408750432197,-0.0008537796032129889
691.9895046669513,14.127306296879812,-0.0019190930028263051
693.684781422577,14.127076005719474,-0.002948747373569653
695.3800305432633,14.126722156034646,-0.0039421354880253175
697.0752372019874,14.126249099776082,-0.004901493786617029
698.7703870939605,14.125660920521687,-0.005829831917260739
700.4654664044231,14.124961340691616,-0.006729661390054554
702.1604617653061,14.124153781324809,-0.007604685006587004
703.855360219065,14.123241219124019,-0.008456360780423769
705.5501491653599,14.122226455830369,-0.009285075641183473
707.2448163400595,14.121112246753427,-0.010089267021703291
708.9393498096699,14.119901534710822,-0.010867561654516654
710.6337379938352,14.11859742731228,-0.01161861495439587
712.3279696851126,14.117203193517751,-0.012340853428381673
714.0220340683347,14.115722291106346,-0.013033586030916307
715.7159207432675,14.114158260782636,-0.013697148755239166
717.4096197345614,14.112514602932007,-0.014332599513976457
719.1031214869132,14.11079469099033,-0.014941593334479102
720.7964168498321,14.109001699790193,-0.015525006052494983
722.4894970538069,14.107138699063894,-0.016083622089974638
724.1823536976946,14.105208664413096,-0.016616661710838917
725.8749787374242,14.103214665007796,-0.017123531592224968
727.5673644972251,14.10115984121673,-0.017603370296410244
729.2595036781711,14.09904743678116,-0.01805639290692761
730.9513893705848,14.096880669632329,-0.018482316938739647
732.6430150509407,14.09466279159968,-0.018880896034492396
734.3343745859327,14.092397084075541,-0.019251839911116838
736.0254622360218,14.090086863286206,-0.019595901223847842
737.7162726596162,14.087735355139344,-0.0199147086329806
739.4068009022328,14.085345590103387,-0.020209558157081593
741.0970423730453,14.082920443124538,-0.02048111398481957
742.7869928262202,14.08046270944636,-0.020729761772402915
744.4766483513538,14.077975138033672,-0.020956046673515815
746.1660053679178,14.07546041243285,-0.02116064170379572
747.8550606174098,14.072921135428395,-0.021343351629844635
749.5438111536612,14.070359933232814,-0.021504354007094505
751.2322543456492,14.067779410751962,-0.02164385771975592
752.9203878749394,14.065182147825592,-0.021762110716966435
754.6082097326785,14.062570694539556,-0.021858850263423747
756.2957182160233,14.059947632507944,-0.021933743513694523
757.9829119319243,14.0573155832863,-0.021987295651864414
759.6697898019186,14.054677107808077,-0.022020064985494702
761.3563510548555,14.052034700009818,-0.022032558470073235
763.0425952188567,14.049390792993409,-0.022025393247752507
764.728522114016,14.046747745803678,-0.021999295872872224
766.4141318435125,14.044107830298934,-0.021955269149884615
768.0994247831484,14.041473198000947,-0.021893451099281695
769.7844015669085,14.038845983869033,-0.02181399383094063
771.4690630849728,14.03622830460932,-0.021716826457945357
773.153410481526,14.033622285434367,-0.021602170664661823
774.837445155778,14.031030024954608,-0.021470165654472795
776.5211687587725,14.028453605076072,-0.02132092593942265
778.2045831913816,14.02589509396334,-0.021154949534606702
779.8876906026572,14.023356500019188,-0.020973152965036327
781.5704933826595,14.020839721663384,-0.020776718153720706
783.252994149259,14.018346515484938,-0.020566894204362453
784.9351957311172,14.015878488180414,-0.02034461726492157
786.6171011496989,14.013437134108624,-0.020110646673101237
788.2987136057919,14.011023856507853,-0.019865193517303134
789.9800364685728,14.008640033285776,-0.019608348091842732
791.6610732725671,14.006287031514754,-0.019340136023635997
793.3418277163489,14.003966215191918,-0.01906072254821903
795.0223036621719,14.00167892848613,-0.01877035142278137
796.7025051335902,13.999426486315397,-0.018469376552308812
798.382436311948,13.99721016112912,-0.018158403118348158
800.0621015312835,13.995031152754917,-0.017838205947523802
801.7415052696141,13.992890568041215,-0.0175095667489882
803.420652137779,13.990789420031337,-0.017173172385952184
805.0995468681828,13.988728639345023,-0.01682955451803032
806.7781943049041,13.98670909280286,-0.016479153842275125
808.4565993960405,13.984731594341786,-0.016122190239962905
810.1347671873615,13.982796931512992,-0.015758906306402493
811.812702819143,13.980905862756224,-0.015389569073657619
813.4904115226738,13.979059114467384,-0.01501467479161116
815.1678986164098,13.97725735349239,-0.014634687138287063
816.8451694988289,13.975501191035796,-0.014250115613873677
818.5222296417533,13.973791177162132,-0.013861530657701144
820.1990845830127,13.972127793483208,-0.013469640300520913
821.8757399182307,13.970511436647145,-0.013075165200620383
823.5522012906283,13.96894241682307,-0.01267866377015831
825.2284743806471,13.96742097717065,-0.012280585692921071
826.9045648979076,13.9659473068875,-0.011881403799521075
828.5804785747341,13.964521538431558,-0.011481541997434324
830.256221159346,13.963143753391867,-0.011081373493190647
831.931798409753,13.961813988572684,-0.010681128038495205
833.6072160883817,13.960532253208065,-0.010281135665936476
835.2824799587667,13.959298516928152,-0.009881741004254077
836.957595780798,13.958112708007642,-0.009483267823558175
838.6325693057589,13.956974715868816,-0.009086012172175664
840.3074062716631,13.955884394408155,-0.008690294300030153
841.9821123989921,13.954841559092152,-0.008296537494556451
843.6566933860831,13.953845974592806,-0.007905144457230364
845.3311549030343,13.952897357257939,-0.007516503327652573
847.0055025859052,13.951995376858621,-0.007131008932708591
848.6797420311283,13.951139655786696,-0.006748995820014424
850.3538787898227,13.950329776288294,-0.006370748097053139
852.0279183629773,13.949565286516648,-0.005996414966399652
853.7018661973593,13.94884571672068,-0.005626164457736198
855.3757276833658,13.948170576985751,-0.005260172999900055
857.0495081526041,13.947539356225763,-0.0048986596756701506
858.7232128753511,13.946951517064683,-0.0045418615759299725
860.3968470573989,13.946406493675571,-0.004190048170280761
862.07041583664,13.945903687895138,-0.003843543586125864
863.7439242791875,13.945442462664802,-0.0035026949719841344
865.4173773747073,13.945022139268165,-0.003167818816587743
867.0907800314194,13.944642001010175,-0.002839184106754595
868.7641370715406,13.944301298917365,-0.002516955137142709
870.4374532274107,13.943999264300908,-0.0022012240435190468
872.1107331391269,13.943735117415686,-0.0018920009207713804
873.7839813532167,13.943508077305193,-0.0015893084659646312
875.4572023224933,13.943317360289278,-0.001293191042275267
877.1304004057281,13.943162177364204,-0.0010037305598473358
878.8035798670118,13.943041729697022,-0.0007210267302075889
880.4767448745754,13.942955206489398,-0.0004452085505796442
882.1498994993541,13.942901781463329,-0.00017643090804192032
883.8230477131297,13.942880609754363,8.516709674684039e-05
885.4961933863002,13.942890829805973,0.0003394917172060879
887.169340285877,13.942931568812039,0.0005864953593759481
888.8424920741344,13.943001948255164,0.0008261605683733336
890.515652307925,13.943101087523369,0.001058492029887342
892.1888244384279,13.943228106566956,0.0012835277964375685
893.8620118112159,13.943382129902528,0.001501293348088542
895.5352176668042,13.943562285104298,0.0017117946982730533
897.2084451410167,13.94376770046809,0.0019150002159243128
898.8816972650728,13.943997500494001,0.0021108834091702385
900.5549769651321,13.944250806503101,0.0022994161299285756
902.2282870619125,13.944526736438693,0.0024805662198570462
903.9016302702852,13.944824404385075,0.0026543078345087115
905.5750091988114,13.945142921325216,0.0028206425778042332
907.2484263493703,13.945481398434552,0.0029796084584446793
908.9218841171825,13.945838951449565,0.0031312594641230754
910.5953847913564,13.946214702585259,0.0032756488052523357
912.2689305556667,13.946607780441889,0.003412853147537863
913.9425234893197,13.947017322819594,0.003542960363577847
915.616165568058,13.947442478063223,0.0036660706528925165
917.2898586654256,13.94788240654157,0.0037822633729256063
918.9636045542106,13.948336278146321,0.0038916156261501406
920.6374049075882,13.94880327202146,0.003994206850607398
922.3112613002309,13.949282576843533,0.004090114360430763
923.9851752094521,13.949773390566785,0.004179412305344889
925.6591480163202,13.950274920043427,0.0042621703845020075
927.3331810067253,13.950786380489566,0.004338468229682351
929.0072753723841,13.951306996677127,0.004408394867803054
930.6814322119853,13.951836004061263,0.0077309761204366655
932.3556525324727,13.952763721195716,0.011564900309018113
934.0299841790162,13.954151509232798,0.015674425634313746
935.7044823601241,13.956032440308915,0.020151809441276074
937.3792062529611,13.958450657441869,0.024946681445051324
939.0542203318541,13.961444259215275,0.030023725128375794
940.72959364296,13.96504710623068,0.03552211423922168
942.4053992957078,13.969309759939387,0.04128585187549904
944.0817164669005,13.974264062164448,0.04747778470323156
945.7586281543603,13.979961396328836,0.05390455353445384
947.4362235219197,13.98642994275297,0.06067517286124819
949.1145951150501,13.99371096349632,0.06762920542856897
950.7938404306697,14.001826468147748,0.07487656502423971
952.4740596068474,14.010811655950656,0.08219895916557501
954.1553570055614,14.020675531050525,0.08977790772122843
955.8378380692875,14.031448879977072,0.09755315332571023
957.5216119348847,14.043155258376157,0.10534606194619202
959.2067905658898,14.055796785809699,0.11322560301994518
960.893486180187,14.069383858172092,0.12108227669210517
962.5818122431676,14.083913731375144,0.12909502676958626
964.2718818909326,14.099405134587494,0.1371704985921205
965.963810507083,14.115865594418548,0.14537651778605926
967.6577143784133,14.133310776552875,0.15365874631935122
969.3537116715996,14.151749826111198,0.16191076499788265
971.051921650733,14.171179117910944,0.17015023994720754
972.7524631448823,14.19159714670461,0.17835709044259265
974.4554548024869,14.21299999755772,0.1866100701236791
976.1610148021938,14.235393205972562,0.19478646439121952
977.8692619869105,14.258767581699509,0.20294438438484758
979.5803140967145,14.28312090782569,0.21097679881586998
981.2942886056535,14.308438123683596,0.21893534106921733
983.0113011804955,14.334710364611901,0.22672395009951168
984.7314664242489,14.361917238623843,0.23446285488353186
986.4548964928838,14.390052781209866,0.24214941556544492
988.181702826629,14.41911071107772,0.24967512282494836
989.9119961119584,14.449071725816713,0.2570186174940749
991.6458847190564,14.479913959916002,0.264238913501656
993.3834743942464,14.511622629536202,0.27134586838647085
995.1248691097907,14.54418413374258,0.27839938810864806
996.8701712058398,14.577592060315617,0.2852655546587037
998.6194822530776,14.611823926874662,0.29200637410103564
1000.3729011243026,14.646864691766787,0.29861207004395657
1002.1305248873147,14.68269814017206,0.305033845022451
1003.8924486641353,14.719302201574756,0.31132635471249065
1005.6587649283242,14.756661364140255,0.3174155819257703
1007.429564292021,14.794751233971347,0.3234076878653522
1009.2049344400976,14.833560156515189,0.3293336449105593
1010.9849616588795,14.873080193904455,0.33508649045274697
1012.769731282148,14.913290572758784,0.3430070807447444
1014.559326150879,14.954451422448154,0.3507315698025198
1016.3538603215727,14.996539210824455,0.35819509630997515
1018.1534450268716,15.039522622381652,0.3652845361822473
1019.9581877415574,15.083356766723522,0.3719768750170095
1021.7681905535642,15.127993991725564,0.37829549901849907
1023.5835498325713,15.173389451607784,0.384375564337038
1025.4043565667641,15.219514519328229,0.3901305699364177
1027.2306983090834,15.266330187720598,0.3957172231685977
1029.06265793161,15.31381625450083,0.40101162097069787
1030.90031588215,15.361937649017314,0.40613989355746033
1032.743748400032,15.410674436244209,0.4109770565204952
1034.5930293323813,15.459991683026669,0.4156481112687644
1036.4482283343445,15.50986945637892,0.41998311932184434
1038.30941266911,15.560267430697541,0.42417738879775996
1040.1766447607938,15.611168717353273,0.4281716958077703
1042.049985006876,15.662549320850205,0.4318846939475499
1043.929490925378,15.714375484123911,0.43538148449787534
1045.815215983473,15.766621262263657,0.43860343950455305
1047.7072105349448,15.819253675004203,0.4417278559904201
1049.6055209759454,15.872261017723053,0.4447073396315232
1051.510192298072,15.925625898478836,0.44763425671540247
1053.4212674058895,15.979342009284684,0.4504692154797193
1055.3387884470037,16.03339831514225,0.453147829908831
1057.2627962448207,16.08777605473131,0.455683823512219
1059.1933293713885,16.142458113552777,0.4580809885564965
1061.1304243450147,16.197427832179557,0.46041948137485483
1063.0741156848762,16.252678169944538,0.46261692671700544
1065.0244370652695,16.30819220115058,0.4647265973110173
1066.9814201294075,16.3639593928279,0.4666540685442881
1068.945095256547,16.419957881053215,0.4684687708368529
1070.9154902022733,16.476174133553638,0.47010918243939503
1072.8926310982997,16.532587235446364,0.47168514877704676
1074.8765415665532,16.58918945329961,0.47319745813449504
1076.867244300949,16.64597314827575,0.4745752958168944
1078.8647610787423,16.70292218377378,0.47582312338443444
1080.8691117407952,16.76002095857991,0.4769919570258545
1082.8803142558247,16.817259993423015,0.4781020917841879
1084.8983854550354,16.874632244437116,0.47921172181574345
1086.9233413243678,16.932137651055005,0.4802117838342623
1088.9551978424945,16.989763065115117,0.4811618966444835
1090.9939694103084,17.047502492712454,0.4820333696664315
1093.0396697094338,17.105346497072425,0.4828023771506437
1095.0923112890825,17.1632827823305,0.4835107987537044
1097.1519052229621,17.221304078180946,0.48410561131283253
1099.218461712344,17.279396751538485,0.4846924942611631
1101.2919893225285,17.337559850849825,0.4852901515558024
1103.3724965046304,17.395794669036523,0.4858378796798386
1105.4599918649149,17.4540952145981,0.48642984737461936
1107.5544832906667,17.512466796283057,0.4870697447346915
1109.6559793062206,17.57091516565122,0.4878109767518386
1111.7644891260989,17.62945248286144,0.4884545105079412
1113.8800234240423,17.688067024122393,0.4889943499554501
1116.002591466937,17.746746346117046,0.48942339649992916
1118.1322010284712,17.805477153697037,0.48975578317011353
1120.2688582869148,17.86424784767745,0.48999808105246717
1122.412568028636,17.923047617403746,0.4901763761176274
1124.5633337427246,17.981868782537862,0.49029304955800534
1126.721157996629,18.040703948484822,0.49037602321392215
1128.8860424704471,18.09954907127049,0.4904018115692372
1131.0579883589996,18.1583972886588,0.48719576281822985
1133.2369960336387,18.21686078019699,0.48211862353075957
1135.4230193272624,18.27471501502068,0.47693580939911634
1137.615985129065,18.33194731214857,0.47162413696133904
1139.8158188065227,18.38854220858393,0.4661924279696817
1142.0224438715527,18.444485299940293,0.46064936156759695
1144.2357821075454,18.499763223328404,0.4548191561971646
1146.4557536943448,18.554341522072065,0.4487746933923907
1148.6822746769935,18.608194485279153,0.44241746724871556
1150.915258015227,18.661284581348998,0.4358718831423879
1153.1546121649887,18.713589207326084,0.4290993469847852
1155.400242869868,18.76508112896426,0.42218925314383904
1157.6520526053437,18.81574383934152,0.41506906657042414
1159.9099418660646,18.86555212732997,0.40787574555319916
1162.1738081213443,18.914497216796352,0.4004967246329142
1164.4435477873599,18.9625568237523,0.3928818182333658
1166.7190546062102,19.009702641940304,0.3852536965737124
1169.000218923243,19.05593308552915,0.37759310599749135
1171.2869308935065,19.10124425824885,0.3699621657274126
1173.5790802044962,19.14563971813614,0.3621632481244313
1175.8765569706725,19.189099307911075,0.3541763432403574
1178.1792488876217,19.231600469099916,0.34596942487809124
1180.4870409439138,19.273116800085287,0.33758453738213795
1182.799814959924,19.313626944571144,0.3291684625128147
1185.1174501932726,19.35312716007268,0.3207318095557789
1187.4398254524813,19.391614977219376,0.31226584904088206
1189.7668192497476,19.429086879104283,0.30369588163946665
1192.0983096752402,19.46553038490102,0.2951021355777967
1194.4341733214283,19.500942641170354,0.28649438838323477
1196.7742864383688,19.535321967776344,0.2779495110664834
1199.118525074502,19.56867590910432,0.2694737544182229
1201.4667661835945,19.601012759634507,0.26112854874863645
1203.8188877147506,19.632348185484343,0.25279528161028025
1206.1747694970088,19.662683619277576,0.24441168578232697
1208.5342915313222,19.692013021571455,0.23613236892165926
1210.8973330939107,19.720348905842055,0.22805941857119566
1213.2637749626117,19.7477160360706,0.22011180577620224
1215.6335008869403,19.774129452763745,0.2122160840836025
1218.006396421272,19.799595382853777,0.2043040276511636
1220.3823478672145,19.82411186617192,0.19650781652921728
1222.761241291155,19.847692804155425,0.18882487649531907
1225.1429644276539,19.870351789334862,0.18121459120415903
1227.527406642374,19.892097540279362,0.17375649741412186
1229.9144583472075,19.912948319969058,0.1664177818841791
1232.3040121456038,19.93291845379516,0.15926413921391142
1234.6959623600592,19.95203015050083,0.15219133413264677
1237.0902059781192,19.970293110596746,0.14509408170269872
1239.4866411513908,19.98770440040107,0.1381066467360254
1241.8851656794388,20.004277198009394,0.13115469716908276
1244.2856789432,20.020015761669683,0.12410436484180017
1246.6880808346004,20.034908285450697,0.11682961395260635
1249.0922698288546,20.04892783912501,0.10960740975834474
1251.4981411695496,20.06208072829601,0.10262706979323723
1253.905590856945,20.074395976671198,0.09588749703579183
1256.3145183741456,20.085902476315493,0.08937776817678152
1258.7248266713034,20.096627808496706,0.08308801579811119
1261.136422008323,20.10659837039248,0.07697939317334099
1263.5492138127702,20.11583589757328,0.07103925090692537
1265.963114120479,20.12436060768211,0.0652325957401496
1268.378037393401,20.132188519170928,0.05958980392621798
1270.7939000157014,20.139339295642074,0.05408665621580225
1273.2106207311786,20.14582969438797,0.048772769597752445
1275.6281202945052,20.1516824267397,0.04363819240432637
1278.046322185714,20.15691900982822,0.03868528295809269
1280.4651524668934,20.16156124378319,0.0338792609608618
1282.8845398161475,20.165626755098494,0.029210278259093496
1285.3044150267592,20.169131988489585,0.024722232607256315
1287.724710865378,20.172098656402458,0.020402135972316403
1290.1453627041462,20.174546912719137,0.01622875244854761
1292.5663083336726,20.176494363012964,0.012146187486712218
1294.9874876572342,20.177951905511367,0.008129455512168739
1297.4088418858955,20.178927440172828,0.004183345664104572
1299.8303131787163,20.17942944165252,0.00034407025600219896
1302.2518447117147,20.17947073008324,-0.003364146783893149
1304.6733811993247,20.17906703246917,-0.006954953210724861
1307.094869243221,20.178232438083885,-0.010440589800608533
1309.516257135791,20.17697956730781,-0.013830950033358349
1311.937494683868,20.175319853303808,-0.01710806171450219
1314.3585330662645,20.17326688589807,-0.020285146569131607
1316.7793250925722,20.170832668309775,-0.02334621625798091
1319.1998250127695,20.168031122358816,-0.026275752721587387
1321.6199887474525,20.164878032032224,-0.029094374788987576
1324.0397741112963,20.161386707057545,-0.03183481299331815
1326.4591405161432,20.157566529498347,-0.03450024987073607
1328.878048499683,20.15342649951386,-0.037062396599485244
1331.2964596796246,20.14897901192192,-0.03951015192726391
1333.7143371610553,20.14423779369065,-0.04189117317320825
1336.1316456962982,20.139210852909866,-0.04421011968429648
1338.5483509986473,20.13390563854775,-0.046465988911575065
1340.964419675273,20.12832971987836,-0.048636843318591465
1343.3798192416582,20.122493298680126,-0.050725605801717415
1345.7945184374998,20.11640622598392,-0.05274248887575083
1348.208487184618,20.110077127318828,-0.054672609830947336
1350.6216964398961,20.103516414139115,-0.05651996950183274
1353.0341184095928,20.096734017798894,-0.05829788796865327
1355.4457264917287,20.089738271242656,-0.06003499711902652
1357.8564950842779,20.082534071588373,-0.06174067399191784
1360.2663991728684,20.075125190709343,-0.06339792580315139
1362.6754141957535,20.067517439612963,-0.06501669034479808
1365.083516288507,20.059715436771587,-0.0665958500341128
1367.4906821409197,20.051723934767494,-0.06811918565757843
1369.8968890130918,20.043549632488585,-0.06955163196656117
1372.3021149689905,20.035203436652598,-0.07088027822559097
1374.7063393813887,20.026697803265527,-0.0721105208114438
1377.1095431177805,20.018044540768155,-0.0732448554597681
1379.5117084626727,20.009255158112982,-0.07429028347692049
1381.9128190816461,20.000340324095752,-0.07525723937190469
1384.3128599205377,19.991309455371123,-0.07615110558324135
1386.711817055182,19.982171322701134,-0.07697809775076332
1389.1096776139063,19.972933950971044,-0.0777298720844295
1391.5064296880228,19.963606366320914,-0.07840568012643889
1393.9020624519812,19.95419768470574,-0.07899482594475561
1396.296566174146,19.94471830559237,-0.07949900668707492
1398.6899323708171,19.93517842478992,-0.07992191605201633
1401.082153781792,19.92558779486368,-0.08027130925117379
1403.4732243171757,19.91595523775354,-0.0805485100497753
1405.8631389457062,19.906289416547565,-0.08075084383481851
1408.251893675692,19.896599315287386,-0.08088134385656186
1410.6394855935264,19.8868935540246,-0.08094801866637738
1413.0259128200094,19.877179791784634,-0.08096119770070469
1415.4111743950234,19.86746444806055,-0.0809213497921424
1417.7952701287907,19.85775388608549,-0.0808215969289561
1420.1782005951209,19.848055294454014,-0.0806540035547766
1422.5599672304554,19.83837681402744,-0.08041787627651815
1424.9405724481387,19.82872666887426,-0.08011828079819157
1427.3200196484036,19.81911247517848,-0.07975433643667942
1429.698313145425,19.809541954806075,-0.07932714268256161
1432.0754581800015,19.800022697684167,-0.07883815986952702
1434.4514609037237,19.790562118499825,-0.07828988511031794
1436.8263283579438,19.781167332286586,-0.07768064899752702
1439.2000684378181,19.77184565440688,-0.07700943311097602
1441.572689916347,19.762604522433563,-0.07628476590012584
1443.944202459039,19.753450350525547,-0.07551308864706682
1446.314616501102,19.7443887798879,-0.07469393997194342
1448.6839431546884,19.735425507091264,-0.0738268974562753
1451.0521942155394,19.72656627939651,-0.07291432145010453
1453.419382169067,19.7178165608225,-0.07196431733377229
1455.7855201563657,19.709180842742445,-0.07097552235044798
1458.1506218574948,19.700663780060392,-0.06994754918318283
1460.514701511102,19.69227007415841,-0.06888063589777253
1462.877773920001,19.68400439785068,-0.06777859879063873
1465.239854447743,19.675870965995802,-0.06664463946082405
1467.6009589636626,19.667873609260504,-0.06547935510157893
1469.9611037967738,19.660016086648316,-0.06428717782888985
1472.3203057271717,19.652301625308848,-0.06307432493379617
1474.6785819222087,19.64473270631679,-0.06184572135160582
1477.0359498469666,19.637311219754597,-0.0606027069004321
1479.3924271933372,19.630038894926546,-0.05934329867431652
1481.7480318607284,19.62291769908563,-0.05806756362294012
1484.1027819846186,19.615949591450878,-0.05677341481687219
1486.4566959355927,19.609136781672852,-0.05545925467135036
1488.8097923493935,19.60248167111229,-0.05412498669017784
1491.162090149927,19.59598667270947,-0.05277295675846996
1493.5136085506522,19.589653917898453,-0.05140674147248252
1495.8643670208,19.583485108921753,-0.05002903149695902
1498.2143852338706,19.577481625142116,-0.048643426373483414
1500.5636830288877,19.5716444139773,-0.04725354281908509
1502.9122803585649,19.56597398883901,-0.04586139422129187
1505.2601972372256,19.560470621532453,-0.04446810276690138
1507.6074537118095,19.555134449200423,-0.043073121720348155
1509.9540698457135,19.54996567459398,-0.04167705557739609
1512.3000657266648,19.544964427924693,-0.040279988453461396
1514.6454614580157,19.54013082931028,-0.03888391576880197
1516.990277157533,19.535464759418023,-0.037491260779798356
1519.334532928663,19.530965808124446,-0.03610517858650358
1521.678248825638,19.526633186694067,-0.03472732726726372
1524.0214448080415,19.522465907421996,-0.0333587702605147
1526.364140716932,19.518462854990734,-0.03200103617447846
1528.706356259531,19.514622730649798,-0.0306562473966926
1531.048110987209,19.510943980962196,-0.029326007429955794
1533.3894242649244,19.5074248600706,-0.02800987829232083
1535.730315248133,19.50406367467552,-0.02670674879248593
1538.070802889094,19.500858864820422,-0.02541670878684936
1540.4109059528726,19.497808859766,-0.02414064363187215
1542.7506430160445,19.494911982530176,-0.02287960796596759
1545.0900324539482,19.49216642957426,-0.02163363010694995
1547.4290924254972,19.48957039396143,-0.020403721432525734
1549.7678408727725,19.487121947389525,-0.0191911835188327
1552.1062955064592,19.484819005367264,-0.01799659607993813
1554.4444737871033,19.48265941383767,-0.01682019122684288
1556.782392916764,19.48064099089045,-0.015662572717687392
1559.1200698356708,19.478761482164327,-0.014525487411939283
1561.4575212135305,19.477018423674895,-0.013409848830749135
1563.7947634243715,19.475409241815207,-0.01231566870522768
1566.1318125333894,19.47393136157058,-0.011243347704103308
1568.4686842967778,19.472582159846088,-0.010193278586120446
1570.8053941559594,19.471358966415753,-0.009166030472181853
1573.1419572319294,19.470259042759093,-0.008161098602796214
1575.4783883170605,19.469279710926756,-0.007178650010270695
1577.8147018823718,19.468418272925522,-0.006219259854130686
1580.1509120751227,19.467671961743026,-0.005283660990814641
1582.4870327105318,19.46703792242413,-0.004372310079190327
1584.8230772612228,19.466513245214628,-0.0034854587982443962
1587.1590588506485,19.46609499015884,-0.0026237468198184936
1589.4949902494675,19.465780140540463,-0.0017877352887589594
1591.8308838663324,19.465565612305813,-0.0009773442302234378
1594.1667517398091,19.465448330998186,-0.00019206459006001277
1596.502605539529,19.465425283247377,0.0005690352227251923
1598.8384565735187,19.465493567474105,0.0013066001050872627
1601.1743158016156,19.465650359486716,0.0020212655512082977
1603.510193844754,19.46589291135286,0.0027131437024015504
1605.8461009941163,19.46621848859715,0.003381932974770273
1608.182047212748,19.46662432055412,0.004027235951189209
1610.5180421312145,19.467107588868263,0.0046487518471506105
1612.8540950418787,19.46766543908992,0.005246349742330299
1615.1902148945696,19.468295001059,0.005819845419187663
1617.5264102946967,19.468993382509304,0.0063692662984246315
1619.8626895005978,19.469757694465116,0.0068949976727459925
1622.1990604239336,19.470585094185846,0.007397558564132282
1624.535530635236,19.471472801213544,0.007877446428207471
1626.8721073713816,19.472418094784928,0.00833492097448886
1629.2087975427557,19.473418285301868,0.008770260301479529
1631.545607736992,19.474470716538047,0.009183459124606153
1633.8825442229765,19.475572731633,0.00957442654193991
1636.2196129507724,19.476721662818033,0.009943027205607595
1638.5568195503106,19.477914826082706,0.010289471629786382
1640.8941693294405,19.47914956267828,0.010614134693570216
1643.2316672769618,19.48042325884151,0.010917337589410252
1645.5693180680228,19.48173333935224,0.011199402632884933
1647.9071260687451,19.483077267668186,0.01146083627918089
1650.2450953408654,19.484452568021688,0.01170235239170205
1652.583229649028,19.485856850308693,0.01192457929423638
1654.9215324710651,19.487287799824003,0.012127849073896713
1657.260007007044,19.48874314171287,0.012312523169571366
1659.5986561840493,19.49022064449322,0.012478983874470015
1661.9374826613885,19.491718122558158,0.012627657574006674
1664.2764888360955,19.493233441467037,0.0127587634209233
1666.6156768490716,19.494764493077547,0.012872543358028064
1668.955048588241,19.49630919828051,0.012969420523304473
1671.2946056920346,19.497865528743308,0.01304980941868245
1673.6343495554838,19.49943150587355,0.013114059303029597
1675.9742813361886,19.50100519298991,0.013162442523749061
1678.3144019593474,19.50258468609276,0.01319537337748551
1680.6547121216786,19.50416813089806,0.013213347886555475
1682.9952122973864,19.505753732644447,0.013216792798595438
1685.3359027453037,19.50733974778028,0.013206186984251246
1687.6767835150372,19.508924490218387,0.01318199237984128
1690.0178544538635,19.51050632930397,0.013144699624484729
1692.35911521338,19.512083693258905,0.013094646508719608
1694.700565256571,19.51365505083995,0.013032123256987735
1697.0422038626718,19.51521890563079,0.012957466234845961
1699.3840301313476,19.51677380157897,0.012871062779595177
1701.726042987537,19.51831832911252,0.01277332669721257
1704.0682411870305,19.519851128316187,0.012664675088775465
1706.4106233224284,19.52137088932684,0.012545583551468991
1708.7531878291477,19.522876359353017,0.012416620412114941
1711.09593299227,19.52436635380247,0.012278353329630898
1713.4388569547264,19.525839756202025,0.012131354473397613
1715.7819577254706,19.527295518738832,0.011976106554538367
1718.1252331877192,19.528732651525377,0.011813023155039706
1720.4686811059023,19.530150214303983,0.011642397029589935
1722.8122991316188,19.531547301947533,0.011464483530434024
1725.1560848078525,19.532923039971184,0.011279573534744063
1727.500035572649,19.534276588795354,0.011088006853429581
1729.8441487633045,19.535607149617764,0.01089014890430187
1732.1884216212586,19.53691396748628,0.010686374150791938
1734.532851297357,19.538196332384377,0.01047710952173309
1736.877434857243,19.539453585526985,0.01026280952105943
1739.2221692875064,19.54068512266951,0.010043890737979407
1741.5670515022268,19.54189038955807,0.009820711906413582
1743.9120783489739,19.54306887498684,0.009593586736639067
1746.2572466139723,19.544220105395237,0.009362827748097416
1748.6025530266197,19.54534364472501,0.009128697617575628
1750.9479942639866,19.54643908843912,0.008891446759272125
1753.2935669545993,19.547506062050232,0.008651345223168403
1755.6392676820453,19.548544223477013,0.008408727297419786
1757.9850929888626,19.549553270752703,0.008163949413359801
1760.3310393813529,19.550532944682306,0.00791734861870808
1762.6771033347147,19.55148302651655,0.007669263341409148
1765.0232812978968,19.552403338117518,0.007420043198555558
1767.369569698471,19.553293743301346,0.007170021173400402
1769.715964947667,19.554154145842155,0.006919483371980486
1772.062463445168,19.55498448384679,0.006668668218677088
1774.4090615832297,19.555784724033032,0.006417829505937138
1776.7557557501136,19.556554863573744,0.006167207736257901
1779.1025423337426,19.557294928502095,0.005917026077043586
1781.449417725163,19.55800497163134,0.0056674781977987575
1783.7963783217588,19.558685069015077,0.005418770434103296
1786.1434205300407,19.55933532146717,0.0051711301098692885
1788.4905407686167,19.559955857080354,0.004924769799032501
1790.8377354714664,19.56054682945624,0.004679889964281444
1793.1850010910011,19.561108416251955,0.004436684892539975
1795.5323341009514,19.56164081843906,0.004195355679287837
1797.8797309991642,19.562144261120572,0.003956098929044657
1800.2271883104986,19.562618992992057,0.003719092714466095
1802.5747025896576,19.563065284117794,0.0034845147555997717
1804.9222704237518,19.563483425888467,0.00325252425899186
1807.2698884348583,19.563873728799546,0.003023262429544503
1809.6175532823142,19.564236520291093,0.0027968470268465257
1811.9652616647493,19.564572141934313,0.0025733956482560283
1814.3130103217813,19.564880949412103,0.0023530373776682566
1816.6607960357107,19.565163313897422,0.002135905132421509
1819.0086156333784,19.565419622513314,0.0019221340947209364
1821.3564659880801,19.565650278604682,0.0017118621794196365
1823.7043440215127,19.565855702066212,0.0015052283679639316
1826.0522467057606,19.566036329470368,0.0013023653764773283
1828.400171065297,19.566192613315547,0.0011033845613198107
1830.7481141788949,19.566325019462905,0.0009083820895418986
1833.0960731812304,19.56643402531365,0.0007174300303461365
1835.444045264268,19.566520116917292,0.0005305816295100631
1837.7920276782982,19.566583786712833,0.00034787182706726193
1840.1400177327037,19.566625531332082,0.00016933864144478642
1842.4880127964634,19.566645851969056,-4.96873088370422e-06
1844.8360102986996,19.56664525572135,-0.00017499443023516096
1847.1840077293862,19.566624256389723,-0.00034068287382650386
1849.532002640153,19.566583374444864,-0.0005019796556715037
1851.8799926450863,19.566523136886182,-0.0006588298328554077
1854.2279754215126,19.56644407730624,-0.0008111896922016372
1856.5759487107894,19.566346734543178,-0.0009590362733102574
1858.9239103189345,19.56623165019038,-0.001102361255729995
1861.2718581169574,19.566099366839694,-0.0012411630372798636
1863.6197900409782,19.565950427275222,-0.0013754409762934332
1865.967704092251,19.565785374358068,-0.0015052024234090508
1868.3155983371742,19.56560475006726,-0.0016304540398181307
1870.6634709071823,19.56540909558248,-0.0017511956352494519
1873.0113199986522,19.56519895210625,-0.0018674199352746697
1875.359143872905,19.564974861714017,-0.0019791214734573553
1877.7069408563107,19.5647373671372,-0.002086302746654472
1880.054709340367,19.564487010807603,-0.0021889706011945387
1882.402447781664,19.56422433433546,-0.002287138279107143
1884.7501547017844,19.56394987774197,-0.002380830446949503
1887.0978286871134,19.563664178088334,-0.0024700818268827193
1889.445468388484,19.56336776826911,-0.0025549332973735725
1891.7930725206763,19.563061176273425,-0.0026354242067611238
1894.1406398618292,19.562744925368616,-0.0027115990172813303
1896.4881692528734,19.56241953348654,-0.002783506059076978
1898.8356595968917,19.562085512759452,-0.0028511957939323864
1901.1831098584228,19.561743369264182,-0.0029147164617684637
1903.5305190627344,19.56139360328877,-0.0029741157028534476
1905.877886295129,19.56103670940443,-0.003029445030676591
1908.2252107002575,19.560673176000748,-0.0030807582627432667
1910.5724914813777,19.560303485009218,-0.003128111080026633
1912.919727899579,19.559928111679614,-0.003171561882159326
1915.2669192729804,19.559547524253755,-0.0020884123270460612
1917.6140649758909,19.55929691477451,0.0012200257875129917
1919.961180605664,19.55944331786901,0.004890438939399324
1922.3083138038082,19.56003017054174,0.008801763212293945
1924.6555174242733,19.561086382127215,0.012996199571065917
1927.0028477901285,19.562645926075742,0.017427220599356048
1929.3503653012576,19.564737192547664,0.022117816441997055
1931.6981337643633,19.567391330520703,0.0271016134546722
1934.0462207240257,19.570643524135264,0.03233349155830714
1936.394697946922,19.57452354312226,0.03785024450708031
1938.7436407720966,19.57906557246311,0.04356621786199675
1941.0931286407922,19.58429351860655,0.049496804567190335
1943.443243863025,19.590233135154612,0.05557832503757297
1945.7940718392435,19.59690253415912,0.06180550009140399
1948.1457001433425,19.60431919417009,0.06810275026018149
1950.498218446643,19.61249152420131,0.07456687116614978
1952.851717429547,19.621439548741247,0.08109811984258743
1955.2062901753961,19.631171323122356,0.08761022376119663
1957.5620307341708,19.6416845499737,0.0941162914968398
1959.9190328801676,19.65297850495332,0.10061431865667782
1962.277390300762,19.665052223192124,0.10718974613692887
1964.637196567545,19.677914992728557,0.11380967274044962
1966.9985463666726,19.69157215345741,0.12050351259458898
1969.3615350250875,19.706032574968763,0.127200724732677
1971.7262589340837,19.721296661936684,0.13383958721245953
1974.092814533516,19.73735741240218,0.1404276923958428
1976.4612974230042,19.75420873548968,0.1469829934096863
1978.831802471263,19.77184669469884,0.15351626356257814
1981.2044240746268,19.79026864632635,0.15997189161342662
1983.5792563121859,19.80946527331996,0.16635539051704804
1985.9563921449842,19.829427920182006,0.1726215547592053
1988.335923495406,19.850142506753112,0.17877409670811628
1990.7179405962163,19.871595398358085,0.18479596736696371
1993.1025320440192,19.893770914442122,0.19076850312430463
1995.4897845537523,19.91666313481704,0.19665490876845113
1997.8797841299304,19.940261723869252,0.20238091196045313
2000.2726155367948,19.964547433304507,0.20795825942325227
2002.6683612287914,19.989502424435297,0.2134324822512369
2005.0671015197236,20.015114322305447,0.21883215434566583
2007.4689152384003,20.041374180826928,0.22414951640276284
2009.8738801400996,20.06827212279526,0.22932029304215612
2012.282072794835,20.09579055796032,0.23438463282527594
2014.6935676617902,20.123916713899355,0.23932244713137532
2017.1084376674582,20.15263540755512,0.24412465615144419
2019.526753916365,20.181930366293294,0.24880554908153338
2021.94858556032,20.21178703218308,0.25335746934589165
2024.3740000041819,20.242189928504587,0.2578616674890197
2026.8030627956025,20.27313332860327,0.2623019784833046
2029.2358387950349,20.304609566021266,0.26740179153456256
2031.6723919429573,20.336697781005412,0.2739242838913033
2034.112795676678,20.36956869507237,0.28022971970041766
2036.5571439200867,20.40319626143642,0.28623736392942634
2039.0055274714591,20.437544745107953,0.29187577773962614
2041.458032840872,20.47256983843671,0.29714358241062205
2043.9147412214843,20.508227068325983,0.3021077665687363
2046.3757284696835,20.54448000031423,0.3068350898010243
2048.8410660697214,20.581300211090355,0.31132342861269624
2051.310822095052,20.61865902252388,0.3156390357118377
2053.785061177755,20.6565357068093,0.31974316718167467
2056.263845462572,20.6949048868711,0.3236796313657095
2058.7472340489967,20.733746442634985,0.3274075316491055
2061.235283622113,20.773035346432877,0.33095115907164674
2063.728047863685,20.812749485521476,0.3342623773957399
2066.2255778019476,20.852860970808965,0.33745313494870033
2068.7279211184446,20.89335534700281,0.3404544631153444
2071.235123760085,20.934209882576653,0.3432330430397077
2073.7472289459943,20.97539784774142,0.3458152205424088
2076.2642766877234,21.01689567420651,0.348223962455243
2078.7863041686282,21.05868254970114,0.35056263440602425
2081.3133460745926,21.10075006582986,0.35282882158573153
2083.845436082492,21.143089524420148,0.3550702742066078
2086.3826068254225,21.18569795732494,0.3572338905401994
2088.9248905803015,21.228566024189764,0.3592751859725684
2091.4723185032044,21.27167904650647,0.3612025113837995
2094.0249199887853,21.315023347872526,0.363044086234372
2096.58272279053,21.35858863822065,0.36482443141079024
2099.1457534271167,21.402367569989945,0.36650378598730876
2101.7140375355157,21.44634802430842,0.3680858518430185
2104.2875992984327,21.490518326529582,0.3695307349700927
2106.8664614976165,21.53486201472599,0.3708633882461865
2109.4506449393834,21.579365621315535,0.37207811707328664
2112.0401688139414,21.62401499536433,0.3732500422095896
2114.635050613385,21.66880500042948,0.374353923693565
2117.2353072134365,21.71372747127271,0.3753412426872518
2119.8409545099894,21.758768420395178,0.37623216813066224
2122.4520067204367,21.803916280570856,0.3770677763910615
2125.068476674105,21.849164413737785,0.3778797353996978
2127.690376403754,21.89450998198575,0.37866655051061016
2130.317717601592,21.93994996804702,0.37937216539718654
2132.9505115977577,21.985474627894682,0.3800270838773929
2135.588768553105,22.03107787795997,0.3806047640374096
2138.23249789846,22.076750449644457,0.38110401015533885
2140.8817079524174,22.122482930863097,0.38153697819402305
2143.536405904121,22.16826736824638,0.3819042874779858
2146.1965979883103,22.214095882743738,0.3822831623608958
2148.8622894942396,22.259969862227045,0.38266453515279536
2151.533485877707,22.30588960644538,0.38303761530378394
2154.2101926304804,22.351854120281835,0.38346617518219084
2156.8924151249144,22.3978700613037,0.3839687744961982
2159.580159532271,22.44394631424324,0.3845116938235685
2162.2734330899802,22.49008771750207,0.3849562956170729
2164.9722436160805,22.53628247297612,0.38529667063664824
2167.676597512838,22.582518073452515,0.38553405795421664
2170.386499681652,22.62878216040702,0.38568113880289223
2173.101953540901,22.675063897063367,0.38575154430977426
2175.8229612085483,22.72135408238054,0.3857639589809172
2178.549523698434,22.76764575745825,0.3857291352928889
2181.2816411893286,22.813933253693396,0.3856575954087269
2184.019313179772,22.860212165142443,0.38554200625964397
2186.762538639589,22.9064772058936,0.3853844205868564
2189.511315904296,22.952723336364024,0.38516256753015476
2192.26564270466,22.998942844467642,0.384888884422638
2195.025515845996,23.045129510598358,0.3845613392459831
2197.790931387268,23.091276871307876,0.3841970063767359
2200.561884611825,23.137380512073083,0.3837845643122575
2203.338370273274,23.183434659790553,0.383321221952409
2206.120382432449,23.229433206424844,0.38282033856525954
2208.9079144172197,23.275371647052676,0.3822954814492825
2211.700959014866,23.32124710482659,0.3817656665273741
2214.4995086674453,23.367058984809873,0.38123199163292937
2217.3035557456224,23.412806823805823,0.38068780964921217
2220.113092564479,23.45848936096373,0.38011693752775894
2222.9281112877943,23.50410339346706,0.3795170713591118
2225.7486036950104,23.54964544203015,0.3788929654928919
2228.574561148054,23.595112597889297,0.3782483741013699
2231.4059746598004,23.64050240278146,0.3775823041569801
2234.2428349481343,23.6858122792803,0.37688871196275875
2237.085132421648,23.73103892471583,0.376172061466465
2239.9328570926136,23.776179572091806,0.37542231136053916
2242.7859986412645,23.82123024945507,0.3746461906180551
2245.644546271199,23.866187792329235,0.37385382313341303
2248.5084888062784,23.911050251105245,0.3730531551048238
2251.377814836411,23.955816629717823,0.37224051987366436
2254.252512831977,24.000485492102662,0.371409698668905
2257.1325710910296,24.04505465594293,0.3705699000909806
2260.0179776497425,24.089523043953847,0.3697326086049804
2262.908720415017,24.133890956986445,0.3688923197359373
2265.804787329855,24.17815803535476,0.36804744350379276
2268.706166294098,24.222323728575216,0.36718950549304635
2271.612845141527,24.26638646923438,0.36632542540066715
2274.524811517835,24.31034552028246,0.3654538937926775
2277.442052980269,24.35419998753758,0.364575152200306
2280.3645569787736,24.397949005801618,0.3636967016898804
2283.29231085947,24.441592610004403,0.36282711080529495
2286.2253019726704,24.48513186330104,0.36197648233901414
2289.1635177962667,24.528569041181722,0.36114247415492245
2292.1069460812087,24.571906138080312,0.36032290549486096
2295.0555748177785,24.615144886739696,0.3595195288077913
2298.0093922041874,24.65828723019663,0.35872413783592183
2300.968386671811,24.701334126736942,0.35792729593760886
2303.9325467670196,24.744285402249456,0.35711893844050374
2306.9018610152893,24.787139674862317,0.3563020097331397
2309.876317776273,24.829895916030292,0.3554795336529373
2312.8559052861965,24.872553460068644,0.3546553930283336
2315.8406117014047,24.915112107232044,0.3538345484032446
2318.8304251542727,24.957572253040432,0.3530211758231975
2321.8253338246377,24.999934794139214,0.3522179029095312
2324.825325999934,25.042200942488357,0.3514253033019357
2327.830390113033,25.08437197888459,0.3506401117484481
2330.840514750499,25.126448792294404,0.3498611172587163
2333.8556886055744,25.16843212636545,0.34908500421345257
2336.875900460738,25.21032232687106,0.3483149238139188
2339.9011391399627,25.252120117728733,0.34755228998043886
2342.93139355409,25.293826392526388,0.3468000526198345
2345.966652721193,25.33544239884077,0.34605774002905565
2349.006905809054,25.376969327644254,0.34532675101642407
2352.052142128371,25.418408537766226,0.3446095782573233
2355.102351152903,25.459761687157105,0.3439096092450381
2358.1575225553615,25.50103084026651,0.34322837121263094
2361.2176462561933,25.542218244812023,0.34256376441898967
2364.2827124455707,25.583325896542302,0.34191264488686657
2367.3527115531556,25.624355413928726,0.3412725396085573
2370.427634202827,25.665308118681754,0.3406440536128932
2373.507471177069,25.706185405115303,0.3400275083289827
2376.592213425683,25.74698870611478,0.3394220051326944
2379.681852070417,25.787719346730704,0.33882792602512835
2382.7763783920245,25.82837869785372,0.3382449626449032
2385.875783835767,25.86896809337111,0.3376735463622934
2388.9800600069716,25.909488918934585,0.3371126028910761
2392.0891986772435,25.949942431281514,0.33656359185235285
2395.2031917689974,25.990330062303794,0.3360290412258728
2398.3220313764737,26.0306535472509,0.3355091063613983
2401.445709802144,26.07091464001427,0.3350031116334398
2404.5742195589455,26.11111501341028,0.3345108017761075
2407.707553360555,26.151256309623413,0.33403305317778426
2410.84570411771,26.19134027600475,0.3335702346303964
2413.9886649508303,26.231368704160396,0.3331199907981812
2417.1364291953296,26.27134310305618,0.3326820642135226
2420.2889903676964,26.311264950761803,0.33225596824030434
2423.446342161788,26.35113566695064,0.3318429921088991
2426.608478441822,26.39095682600371,0.3314431257794572
2429.7753932609426,26.430730001097245,0.33105689312118286
2432.947080861074,26.470456828271786,0.330685846044034
2436.123535680467,26.51013912979707,0.33033106971528925
2439.3047523760424,26.549778858162906,0.3299926716672895
2442.490725839022,26.58937797876298,0.3296691546166856
2445.6814511964735,26.62893827731698,0.32935870235194104
2448.8769237897513,26.668461321599214,0.3290598396225416
2452.077139148343,26.70794850235392,0.3287704826548931
2455.2820929686254,26.747400960272504,0.3284897766368084
2458.4917810838583,26.78681973346892,0.3282174958411055
2461.7061994518745,26.826205832969855,0.32795451045436863
2464.925344151831,26.86556037422438,0.32770152615878273
2468.149211396738,26.904884557363435,0.32745915491430744
2471.3777975436215,26.94417965595315,0.32722809906589845
2474.6110991023356,26.98344702784106,0.32700857740256745
2477.8491127456764,27.02268805712937,0.32680023996108853
2481.091835312532,27.0619040859247,0.32660230846795574
2484.339263802843,27.101096362940854,0.32641374111789806
2487.5913953663962,27.140266011875003,0.3233761445748092
2490.8482272878214,27.17907114922398,0.31994597436332267
2494.1097158257285,27.217464666147578,0.3163336190600736
2497.3758115856663,27.255424700434787,0.3124545918249694
2500.6464625497183,27.29291925145378,0.30835364530272563
2503.921612859893,27.32992168889011,0.30406171104935276
2507.2012034625595,27.36640909421603,0.2994521868323513
2510.4851725538656,27.402343356635914,0.29466454107686757
2513.773453756662,27.437703101565138,0.2895491899985224
2517.06597812885,27.47244900436496,0.2842790097112418
2520.362672009374,27.50656248553031,0.2787502259420609
2523.6634595076375,27.540012512643358,0.2731059756514864
2526.9682610091545,27.572785229721536,0.2672418348712085
2530.276995236721,27.60485424990608,0.2613577911244103
2533.58957774671,27.63621718484101,0.25527991980632103
2536.9059238088907,27.666850775217767,0.24906199208287205
2540.225945901917,27.69673821426771,0.24286904024554065
2543.549554487629,27.725882499097175,0.23663024473755523
2546.8766603875206,27.754278128465682,0.23044481406335257
2550.2071737629367,27.781931506153285,0.2241366516912276
2553.541005543675,27.80882790435623,0.2177936467639997
2556.878064892198,27.83496314196791,0.21134511034236578
2560.218260469234,27.860324555208994,0.20484107685237712
2563.561499415859,27.88490548443128,0.1983852822573467
2566.907688073991,27.90871171830216,0.19195707151419514
2570.256733480187,27.931746566883863,0.18557334316456325
2573.608543068213,27.95401536806361,0.17915147928573186
2576.9630249123807,27.9755135455779,0.17281330767798292
2580.32008653785,27.996251142499258,0.1664958162116455
2583.67963667495,28.016230640444654,0.160305162697539
2587.0415843518035,28.03546725996836,0.1541847489103855
2590.4058404229995,28.053969429837608,0.14823306396414648
2593.77231675458,28.071757397513306,0.14232068889405108
2597.1409276422814,28.088835880180593,0.13644829721120766
2600.511587947903,28.105209675845938,0.13072960042965603
2603.8842131090046,28.120897227897498,0.12518378934929386
2607.258720776352,28.13591928261941,0.11974394127726222
2610.6350310902667,28.150288555572683,0.11439756897272901
2614.013065716935,28.164016263849412,0.10907907452105513
2617.392747668597,28.177105752791938,0.10393482961909656
2620.7740003589324,28.18957793234623,0.09889441860063218
2624.156749710814,28.201445262578304,0.09396647148716154
2627.540923142323,28.212721239156764,0.08920391816510502
2630.926449691022,28.223425709336578,0.08454251995607477
2634.313260776142,28.23357081173131,0.08006355134876497
2637.70128927355,28.24317843789316,0.07564609148117762
2641.0904706860974,28.2522559688709,0.07125473516696712
2644.480741402362,28.26080653709094,0.06701161126168353
2647.872038186813,28.26884793044234,0.06023021036295289
2651.264299938466,28.276075555685896,0.053682376697063036
2654.6574290051485,28.282517440889542,0.04743781200322667
2658.0513310980555,28.28820997832993,0.04161793386667367
2661.445916295455,28.29320413039393,0.03624317109970842
2664.8411007911022,28.297553310925895,0.03128160155623043
2668.2368071884134,28.30130710311264,0.026564648855367707
2671.632964040787,28.304494860975286,0.02219302725686529
2675.029503424104,28.30715802424611,0.01797289854848033
2678.4263623870133,28.30931477207193,0.014051280810916209
2681.823480159662,28.31100092576924,0.010270406999081067
2685.220800270754,28.31223337460913,0.006780403041306753
2688.618268275707,28.313047022974086,0.0034279494062899357
2692.015833918464,28.31345837690284,0.0004251243104362233
2695.4134489236926,28.313509391820094,-0.0024750521512497178
2698.811070050711,28.313212385561943,-0.005195736151332826
2702.2086555369783,28.312588897223783,-0.0076371220205545
2705.606166204645,28.311672442581315,-0.009886759023208761
2709.003566897755,28.31048603149853,-0.011876915694193774
2712.4008252215344,28.309060801615228,-0.013833787790096221
2715.797912517728,28.30740074708042,-0.01569311680104277
2719.1948006073776,28.305517573064293,-0.01757485953018174
2722.5914627161455,28.30340858992067,-0.019424040976147146
2725.987871746936,28.301077705003532,-0.021148525922754065
2729.384001071536,28.2985398818928,-0.022763026802242268
2732.7798258573634,28.29580831867653,-0.02427041499970046
2736.1753228556045,28.292895868876567,-0.02577365313279084
2739.5704703598694,28.289803030500632,-0.027162250581299185
2742.9652467235296,28.286543560430875,-0.028507410300045184
2746.3596319507815,28.28312267119487,-0.029688029793709346
2749.753606671325,28.279560107619627,-0.030796800724492562
2753.1471538842393,28.275864491532687,-0.03174873098688117
2756.540257623223,28.27205464381426,-0.03268985165247295
2759.932904180481,28.268131861615963,-0.033619033556273756
2763.3250800038745,28.26409757758921,-0.03443912109537817
2766.716771713185,28.259964883057766,-0.03515696488187175
2770.107967499152,28.25574604727194,-0.03583996863865173
2773.4986570248248,28.251445251035303,-0.036510963839510066
2776.888830454949,28.247063935374563,-0.03724058284114804
2780.278478127194,28.242595065433626,-0.03787699648372073
2783.667589535046,28.23804982585558,-0.03849913801390094
2787.0561555141485,28.233429929293912,-0.039069912282464515
2790.444167105664,28.228741539820017,-0.03955754139110819
2793.8316160904424,28.223994634853085,-0.04002162791430634
2797.2184954466247,28.21919203950337,-0.0403923701497804
2800.6047984913653,28.214344955085394,-0.040807688534611385
2803.9905198859756,28.209448032461243,-0.04128816406219373
2807.375653649871,28.20449345277378,-0.04174796096485917
2810.760192864204,28.199483697457996,-0.042310372986900324
2814.1441309078987,28.194406452699567,-0.042972479888794116
2817.527459682223,28.18924975511291,-0.04379993387109296
2820.9101696528364,28.18399376304838,-0.044517705204071945
2824.292248904402,28.178651638423894,-0.04511873591119378
2827.673687101013,28.17323739011455,-0.045594496566695925
2831.054475587827,28.16776605052655,-0.04596609128148242
2834.43460751389,28.16225011957277,-0.046242163958644736
2837.814077528239,28.156701059897735,-0.04645802459549498
2841.192881655427,28.151126096946275,-0.04661496050656699
2844.57101678706,28.14553230168549,-0.046749462663956624
2847.9484806632627,28.139922366165813,-0.04682691996615922
2851.3252713472025,28.134303135769873,-0.04688193997352145
2854.701387723495,28.12867730297305,-0.046848967571791016
2858.076828999852,28.123055426864433,-0.046765395715676596
2861.4515956510754,28.117443579378552,-0.046604763547711765
2864.825688880601,28.111851007752826,-0.04640834298606732
2868.199111001531,28.106282006594498,-0.046161025914714646
2871.571864842322,28.100742683484732,-0.04584659882905452
2874.9439539643404,28.095241091625244,-0.045488305557154544
2878.3153828953355,28.089782494958385,-0.045094229264830706
2881.6861567947303,28.084371187446607,-0.04470069772011777
2885.056281337224,28.079007103720194,-0.04430814069813399
2888.4257621896704,28.073690126836418,-0.04391611083711767
2891.794605004891,28.068420193535964,-0.04349475784616145
2895.162815428115,28.063200822594425,-0.04303440792416012
2898.5303995268264,28.058036693643526,-0.04254299888435795
2901.8973639300634,28.052931533777404,-0.04202316072203573
2905.2637157141166,28.04788875449076,-0.04148450472016276
2908.6294623646554,28.04291061392434,-0.04090415256666311
2911.994611638326,28.038002115616344,-0.04030408384074275
2915.3591718922003,28.033165625555455,-0.039660577867533305
2918.7231517672667,28.028406356211352,-0.03898152173138276
2922.086560530012,28.023728573603588,-0.03827920946251036
2925.4494079588444,28.01913506846809,-0.03756963011712884
2928.8117041670607,28.01462671285403,-0.03685200181235589
2932.1734593726032,28.01020447263655,-0.03611209957599822
2935.5346839093195,28.00587102068743,-0.03535283841934368
2938.895388431802,28.001628680077108,-0.03460504362264509
2942.2555838734115,27.99747607484239,-0.03385221529231595
2945.6152810023927,27.99341380900731,-0.033103128102575506
2948.9744906594738,27.989441433635,-0.03233373393122697
2952.33322363151,27.985561385563255,-0.03155866984154586
2955.6914909977777,27.98177434518227,-0.030778366161274832
2959.0493039191997,27.97808094124292,-0.029988080877116036
2962.406673632149,27.974482371537665,-0.02919969317681778
2965.7636115167334,27.970978408356448,-0.028419708158191573
2969.120128925736,27.967568043377465,-0.027667459267181487
2972.476237090941,27.964247948265402,-0.02694203511586455
2975.831946844733,27.9610149040515,-0.026233361374383105
2979.187268633219,27.95786690068657,-0.025550526497243844
2982.542212661301,27.9548008375069,-0.024880187707259124
2985.896788761802,27.95181521498203,-0.02421430646095044
2989.2510065876,27.948909498206717,-0.02353036197928685
2992.6048757273848,27.9460858547692,-0.022832479409090962
2995.958406029957,27.943345957240112,-0.022124427606283265
2999.311607544826,27.940691025927357,-0.021410800221774776
3002.6644904679374,27.938121729900743,-0.020697652260853766
3006.0170650755254,27.93563801162944,-0.019991479924766294
3009.369341636921,27.93323903403847,-0.019294361801311423
3012.7213303210056,27.93092371062231,-0.01861074763321545
3016.0730411662803,27.928690420906324,-0.01793193526608485
3019.424484016789,27.926538588674394,-0.017260005307847787
3022.77566864743,27.924467388037453,-0.016584685869850672
3026.1266047339946,27.922477225733072,-0.01591264051093745
3029.4773020010825,27.920567708871758,-0.015243144102359999
3032.8277701261472,27.918738531579475,-0.014583012123986525
3036.1780187499367,27.916988570124598,-0.013930617930631618
3039.5280573783516,27.91531689597292,-0.013287618331490537
3042.8778954058685,27.91372238177314,-0.012656594583235528
3046.2275420916812,27.912203590423154,-0.012041916650868548
3049.577006522532,27.910758560425048,-0.011447402749238786
3052.926297549783,27.90938487209514,-0.010870288271047851
3056.2754237344348,27.908080437502612,-0.010306467107180564
3059.624393386935,27.90684366144975,-0.009750650529900666
3062.973214626309,27.90567358338616,-0.009203026274121227
3066.3218954563154,27.904569220233267,-0.00866568757566546
3069.670443762743,27.903529337724187,-0.008136169964677883
3073.01886728327,27.902552997328424,-0.007616317032934366
3076.3671736429496,27.901639039284472,-0.007104640911341038
3079.7153703276635,27.90078648237511,-0.006603484659695761
3083.0634647055485,27.899994064215946,-0.006110577311076671
3086.4114639932545,27.899260794938616,-0.005626624213843431
3089.7593752886473,27.898585600032956,-0.005156245647447248
3093.1072055606514,27.89796685055526,-0.004700233037711905
3096.454961582718,27.897402822590735,-0.004257462574046521
3099.802649921429,27.89689192708185,-0.0038274197265276543
3103.1502769526787,27.896432636714668,-0.003410265005776497
3106.4978488690845,27.896023404913976,-0.0030093924178499964
3109.845371677674,27.895662277823835,-0.0026199359827411535
3113.1928511510127,27.895347885505906,-0.0022428412333669575
3116.5402928972735,27.895078744557903,-0.0018761664140708966
3119.8877023466202,27.894853604588214,-0.0015228097566449565
3123.235084779171,27.894670867417418,-0.0011830332699193028
3126.5824452832608,27.894528903425027,-0.0008569327146046626
3129.929788751672,27.894426071499275,-0.0005467628884530012
3133.2771198802516,27.89436045995266,-0.00025410051828521243
3136.6244431354457,27.894329967890467,2.0239106906438574e-05
3139.9717627315927,27.894332396583295,0.00027778749620885015
3143.3190826191826,27.89436573108284,0.0005216215803118793
3146.6664065069126,27.894428325672475,0.0007528373705003929
3150.0137379059934,27.894518666156934,0.0009748892512343085
3153.361080145932,27.89463565286708,0.0011888109810607034
3156.7084364242764,27.894778310184808,0.001395569180645323
3160.0558098214988,27.894945778486484,0.0015938633612599393
3163.403203314917,27.895137042089836,0.0017825710167964938
3166.750619759968,27.895350950611853,0.0019610233152245605
3170.0980618740414,27.89558627340968,0.002128232693318964
3173.4455322268504,27.895841661332877,0.0022836674474872205
3176.7930332262104,27.896115701426577,0.0024278249726671203
3180.1405671103817,27.8964070404233,0.0025614178243913055
3183.4881359552323,27.896714410562225,0.0026863787174529583
3186.8357416844997,27.89703677600832,0.002803079676289498
3190.1833860976208,27.897373145569475,0.002912645224186111
3193.531070875089,27.897722662996376,0.0030140528389126435
3196.8787975946484,27.898084349337047,0.003107133581899296
3200.2265677165688,27.898457205366874,0.0031906165725829566
3203.574382581213,27.898840079355583,0.003264849377428361
3206.9222433907353,27.899231861280875,0.003329579127462388
3210.270151214089,27.89963141077617,0.003384916870031706
3213.618106983382,27.900037600800573,0.003430666653138877
3216.966111495478,27.90044928079895,0.0034672549359232073
3220.3141654091737,27.90086535139126,0.0034961293910594203
3223.6622692513406,27.901284886918187,0.00351854016430442
3227.010423437771,27.901707111737903,0.0035350413332632556
3230.3586282911792,27.902131316697893,0.0035458440497259814
3233.706884049183,27.90255681798386,0.003550934346786192
3237.055190867341,27.902982930105477,0.003551062114186268
3240.403548818954,27.90340905755918,0.003545810538746582
3243.7519579058608,27.90383455482383,0.003535249217642593
3247.1004180524396,27.904258784729947,0.0035194318894266464
3250.448929106607,27.904681116556677,0.003498657828505277
3253.797490840594,27.9051009554961,0.003472952756648175
3257.1461029552534,27.905517709826896,0.003441817112280752
3260.4947650804324,27.90593072788037,0.003405599486374259
3263.843476767778,27.906339399818737,0.0033647434029329443
3267.192237495756,27.906743169027088,0.003319430168284286
3270.5410466760395,27.90714150064728,0.00327003598727135
3273.889903656117,27.907533904965753,0.0032165931384747328
3277.238807724713,27.90791989614237,0.003159973227967973
3280.58775811225,27.908299092929727,0.0030999633823656746
3283.9367540034013,27.908671088535613,0.0030366048967747643
3287.2857945340256,27.909035481123226,0.0029695578019759586
3290.6348787917605,27.909391828059462,0.002898889155167112
3293.9840058111276,27.90973969475808,0.0028246779206749276
3297.3331745744986,27.91007865610856,0.0027468675205516023
3300.6823840132315,27.910408280211026,0.0026656222981846795
3304.0316330068567,27.910728154886808,0.002581465127128942
3307.380920385443,27.911037930702065,0.002495048011986569
3310.7302449371273,27.911337336463504,0.0024072208567865396
3314.079605417503,27.911626202966318,0.0023183931286942894
3317.429000561859,27.911904410141762,0.002229053152241751
3320.7784290910763,27.912171896520032,0.002139138302492571
3324.127889718659,27.91242859311633,0.0020485382333068638
3327.477381149833,27.912674417704327,0.00195702258802218
3330.8269020799576,27.91290926041489,0.0018645178314792555
3334.1764511912074,27.913133002554666,0.0017710528409210049
3337.526027151514,27.913345528895576,0.0016766806249171986
3340.8756286149815,27.913546730570566,0.0015816208383164529
3344.2252542226497,27.913736525071165,0.0014862461444937719
3347.5749026056583,27.913914874608505,0.0013909232392558877
3350.9245723906115,27.914081785397215,0.0012959548480156575
3354.274262204859,27.91423729997898,0.0012014018462090737
3357.6239706808565,27.914381468200524,0.0011073533478875362
3360.9736964570407,27.91451435060227,0.0010136245796457085
3364.323438179113,27.91463598555183,0.0009201477269752442
3367.6731944973794,27.914746403279064,0.0008267538891830153
3371.022964065773,27.914845613745765,0.0007335935056994737
3374.3727455394223,27.91493364496645,0.0006407771213681038
3377.7225375768185,27.915010538221015,0.0005484736568521646
3381.072338841405,27.91507635505984,0.00045685456784991425
3384.422148004012,27.91513117760798,0.00036619365007333296
3387.7719637453247,27.915175120845987,0.00027681331579232355
3391.1217847598264,27.915208338443882,0.00018890394888872817
3394.4716097604396,27.91523100691775,0.00010248147155700633
3397.8214374812696,27.915243304694336,1.762152624489497e-05
3401.171266677833,27.915245419277486,-6.567043757382102e-05
3404.5210961281464,27.91523753882498,-0.00014731947227573228
3407.8709246328053,27.915219860488307,-0.00022744229371754468
3411.220751016064,27.91519256741306,-0.00030603427522090374
3414.570574124153,27.915155843300035,-0.0003830483474998545
3417.920392825349,27.915109877498335,-0.00045844554694116454
3421.270206010649,27.9150548640327,-0.0005322026536473191
3424.620012594333,27.914990999714263,-0.0006043380590537867
3427.9698115142987,27.914918479147175,-0.0006747592724761353
3431.3196017317964,27.914837508034477,-0.0007433889306501518
3434.6693822327607,27.9147483013628,-0.000810200150415576
3438.019152028924,27.91465107734475,-0.0008751230901593562
3441.3689101582054,27.91454606257393,-0.0009381606629557698
3444.718655685714,27.914433483294374,-0.000999272426777984
3448.0683877037095,27.91431357060316,-0.0010585657392871222
3451.4181053321818,27.914186542714443,-0.0011160980094787273
3454.7678077173073,27.914052610953306,-0.001171917548956591
3458.117494030622,27.91391198084743,-0.0012260117778178294
3461.4671634683236,27.913764859434092,-0.0012783516806240962
3464.816815251456,27.913611457232417,-0.0013288936546446922
3468.166448626324,27.91345198999386,-0.001377556488344711
3471.5160628651233,27.913286683215258,-0.001424218861523835
3474.8656572671093,27.913115776951877,-0.0014687963939412638
3478.2152311603436,27.912939521384605,-0.001511211714567372
3481.5647839029098,27.912758175978855,-0.0015514836112886247
3484.914314884027,27.9125719979455,-0.0015896471960555108
3488.2638235237805,27.91238124028197,-0.0016258184944912516
3491.6133092726145,27.91218614206263,-0.0016600861884639756
3494.962771609662,27.911986931720016,-0.0016925201229289
3498.3122100414685,27.911783829305264,-0.0017231404332951417
3501.661624100985,27.911577052453268,-0.0017519511758655995
3505.0110133472795,27.911366818312164,-0.0017789412798730065
3508.360377365477,27.911153345358578,-0.0018040732557771703
3511.70971576692,27.910936856567883,-0.0018273146992936226
3515.059028189708,27.91071757880397,-0.0018486680541516683
3518.4083142991644,27.91049573863747,-0.0018681743926146162
3521.757573787801,27.910271557710356,-0.0018859037464502252
3525.106806374726,27.910045249260783,-0.001901916856046293
3528.4560118046375,27.90981701923806,-0.0019163051566723319
3531.805189846946,27.90958706261926,-0.0019291302873373501
3535.1543402944603,27.90935556698478,-0.0019404433070001146
3538.5034629624984,27.909122713787937,-0.0019502393408849187
3541.852557688153,27.90888868506703,-0.001958514356346771
3545.201624330361,27.908653663344268,-0.001965263790520404
3548.5506627699624,27.908417831689405,-0.001970480972140928
3551.8996729097653,27.90818137397275,-0.0019741603054195607
3555.2486546746422,27.907944474736098,-0.001976314150207795
3558.5976080116106,27.907707317038074,-0.0019769832483791288
3561.9465328896554,27.90747007904827,-0.0019762303283536752
3565.2954292991412,27.907232931408867,-0.001974096690217184
3568.6442972509103,27.906996039806042,-0.001970641317984667
3571.993136775687,27.906759562847885,-0.0019659141218028417
3575.341947923229,27.90652365315327,-0.0019599821049148614
3578.6907307616075,27.90628845530068,-0.0019528844684354033
3582.0394853762436,27.906054109164465,-0.0019446523930575063
3585.388211869343,27.905820750877297,-0.0019353210883191819
3588.7369103594483,27.9055885123467,-0.001924925138500276
3592.08558098093,27.90535752133008,-0.0019135015390828152
3595.4342238834897,27.90512790114539,-0.0019010797509682385
3598.7828392316273,27.904899771575277,-0.0018876950053110838
3602.1314272042164,27.90467324817464,-0.0018733921343348444
3605.4799879939974,27.904448441118518,-0.009632995286887353
3608.828521806932,27.90329248168409,-0.021961252608797638
3612.176916904734,27.900657131371034,-0.03471781231816135
3615.5249957604983,27.896490993892854,-0.04789064080817597
3618.8725746797654,27.890744116995872,-0.06151389108848666
3622.219463973805,27.883362450065253,-0.0754667366361673
3625.5654674678126,27.874306441668914,-0.09009009801409153
3628.910384240813,27.863495629907224,-0.10519449848610755
3632.254003716402,27.85087229008889,-0.12102261420692124
3635.596108391213,27.83634957638406,-0.1373164716245095
3638.936470340379,27.819871599789117,-0.15414299516402344
3642.2748549323537,27.801374440369433,-0.1712649709323402
3645.611019865198,27.78082264385755,-0.18878434242952022
3648.944718582461,27.75816852276601,-0.20629021154576765
3652.275698805193,27.733413697380517,-0.224029222078338
3655.6037084488785,27.706530190731115,-0.2421052016752568
3658.9284920717664,27.677477566530083,-0.25997164660152317
3662.24978937975,27.6462809689379,-0.27763115983704667
3665.5673430960223,27.612965229757457,-0.2949588802984683
3668.880898923593,27.57757016412164,-0.3123727922256493
3672.1902073432875,27.54008542905456,-0.32989458733621446
3675.4950175947743,27.500498078574214,-0.35142689586091524
3678.7950773642033,27.458326851070904,-0.37430824418491615
3682.0900765863316,27.413409861768713,-0.39607102346399997
3685.379685769744,27.365881338953034,-0.4167441328076897
3688.663591530418,27.31587204301611,-0.4364267329269061
3691.94149617558,27.26350083506488,-0.4554111963332621
3695.213116275788,27.20885149150489,-0.47373312536428624
3698.4781784547686,27.15200351646118,-0.491378980935959
3701.7364188767438,27.093038038748862,-0.5083493585167761
3704.987583441394,27.03203611572685,-0.5245890360508816
3708.231427775281,26.969085431400746,-0.5400166236650378
3711.467718027049,26.90428343656094,-0.5548354192143031
3714.6962320394364,26.837703186255226,-0.5708610207433141
3717.916756421787,26.76919986376603,-0.585865016869028
3721.129060405439,26.698896061741745,-0.5998044820980885
3724.3329279328477,26.626919523889974,-0.6130547694988878
3727.5281582757143,26.553352951550107,-0.6255373939637502
3730.7145606299005,26.478288464274456,-0.6375606474597564
3733.891955245613,26.401781186579285,-0.6488742913493745
3737.0601689880027,26.32391627161736,-0.6597276462530285
3740.219038940597,26.244748954066996,-0.6703523386668975
3743.368408815085,26.164306673426967,-0.6805973320197132
3746.508125615896,26.082634993584602,-0.6906485092134825
3749.638041815126,25.999757172478983,-0.7001174720671223
3752.7580126758235,25.915743075830928,-0.7093408386261716
3755.8679018449234,25.83062217519579,-0.7185721284422179
3758.967576505947,25.744393519782722,-0.7277713390075875
3762.056903728321,25.657060959101813,-0.7369795456877031
3765.135751043413,25.56862341361929,-0.7465037176534512
3768.2039858530475,25.479042967500874,-0.7566830512035408
3771.2614710091475,25.388241001356448,-0.7668472716872311
3774.3080599293103,25.29621932875398,-0.7766064751427355
3777.343606248761,25.20302655173685,-0.786118796608248
3780.3679694349694,25.10869229614386,-0.795571866697651
3783.3810125105065,25.013223672140143,-0.804741879370188
3786.382599351163,24.91665464661572,-0.813597245453237
3789.372597908757,24.81902297716133,-0.8223422619897636
3792.3508806660166,24.72034190572256,-0.8311730108926478
3795.3173216947034,24.620601144415442,-0.8401278258922629
3798.2717938320334,24.51978580530837,-0.8489625834229684
3801.2141681286703,24.417910295297613,-0.8575869742586856
3804.144317364106,24.31499985838657,-0.8659722978156967
3807.0621173471122,24.211083182648686,-0.8740516591981372
3809.96744732903,24.10619698354491,-0.8819266888216789
3812.8601909670556,24.000365780886305,-0.8896424277168037
3815.740234860762,23.89360868956029,-0.8972401001253272
3818.607467903509,23.78593987754525,-0.9047781057287146
3821.4617806888145,23.677366504857805,-0.9121355327364077
3824.3030646693974,23.567910240929436,-0.9196039919578178
3827.131213898309,23.4575577618945,-0.9273318247209666
3829.946120829736,23.346277942927983,-0.9354008390819137
3832.7476741828877,23.234029842238154,-0.9431829821225203
3835.5357577639566,23.12084788438345,-0.9504387142861339
3838.3102595100827,23.006795238669117,-0.9572044952133167
3841.071074938723,22.89193069924352,-0.9635211116023652
3843.8181066226325,22.776308165851237,-0.9694778498895394
3846.5512636025346,22.65997082386449,-0.9750319791086671
3849.2704601013984,22.54296698637145,-0.9803151087301035
3851.975616139763,22.42532917332384,-0.9853379638472665
3854.666655640562,22.307088617662167,-0.9899470043503854
3857.3435062746817,22.18829497714012,-0.9942764882825852
3860.0061016719383,22.06898179854621,-0.9983214842980885
3862.654379487764,21.94918322043044,-0.9973933933010117
3865.2882814742156,21.82949601323432,-0.9861059810203863
3867.907820995804,21.711163295511874,-0.9735288222047837
3870.513160591265,21.5943398368473,-0.9603399546955605
3873.1044813716867,21.479099042283835,-0.9462483065303221
3875.6819732567606,21.365549245500198,-0.9315012674081018
3878.245839166221,21.253769093411226,-0.9160140693616504
3880.79629145743,21.14384740508783,-0.899673089081824
3883.3335531460407,21.03588663439801,-0.8827676230053889
3885.8578595421686,20.929954519637363,-0.8650285169825086
3888.369454084525,20.82615109759946,-0.8468177212686718
3890.8685922162367,20.72453297104722,-0.8279825969123868
3893.355536172762,20.625175059417735,-0.8089088514466728
3895.8305571798924,20.528105997244136,-0.789631497239036
3898.2939298995616,20.433350217575452,-0.7704990334621941
3900.7459319256704,20.34089033355999,-0.7510278521936241
3903.1868387656978,20.250766991296754,-0.7316512299122724
3905.6169308046533,20.16296884370728,-0.7126809133865271
3908.036487065898,20.077447134100897,-0.6938866865134978
3910.44578072199,19.994180731719275,-0.6752499604945952
3912.8450824097963,19.913150736459922,-0.6564046159627809
3915.2346604981717,19.83438218254439,-0.637483803527695
3917.6147863600772,19.757884126121066,-0.6182629344053941
3919.9857324552117,19.68369257399242,-0.5990632883678778
3922.3477755640906,19.611804979388275,-0.5802563213012728
3924.701192161617,19.542174220832123,-0.56179633714741
3927.046253068117,19.474758660374434,-0.5435626165044911
3929.383224107362,19.409531146393896,-0.5254265325204034
3931.7123678449293,19.346479962491447,-0.5076095426591454
3934.0339454404284,19.28556681737235,-0.4900233772178421
3936.348213458513,19.22676401210621,-0.47281863738172486
3938.6554251399657,19.170025775620402,-0.4559879332984209
3940.95582823304,19.11530722362459,-0.43963825073144347
3943.249665099875,19.062550633536816,-0.42339744245423716
3945.5371711758994,19.011742940442307,-0.4073902203677546
3947.8185803287524,18.962856113998175,-0.3919121924884591
3950.094123062432,18.91582665089956,-0.37692283298815643
3952.36402226054,18.87059591094098,-0.3621862137583357
3954.628493769853,18.82713356528998,-0.3475594026962876
3956.887749797688,18.785426436966425,-0.33301794781196525
3959.1420009701237,18.74546428322899,-0.31884170909153087
3961.3914566841113,18.707203278138007,-0.30485639911576246
3963.636321077488,18.670620510244117,-0.29111330386533407
3965.8767955387175,18.635686913780276,-0.2776439506597679
3968.1130779683713,18.602369639701102,-0.26435336082813105
3970.3453623251353,18.570647236401726,-0.25128381775726
3972.5738399935035,18.540493178270854,-0.23810692749134402
3974.798699174896,18.51192034697189,-0.22485156765690922
3977.0201296165324,18.484938158853062,-0.20870791706562594
3979.2383221955947,18.459893208805187,-0.18680665019695833
3981.453509380651,18.437476410781553,-0.16576262931374264
3983.666006549945,18.417584895263904,-0.14579267130503804
3985.876116737377,18.4000897747073,-0.12713337276969006
3988.0841275103417,18.38483376997494,-0.10976402582348421
3990.2903075627387,18.37166208687612,-0.09339047929698545
3992.494907013164,18.360455229360483,-0.07772814898789548
3994.698161640687,18.351127851481934,-0.0627833443505461
3996.900296982865,18.34359385015987,-0.048304672555350064
3999.101528244884,18.337797289453228,-0.0344405688223503
4001.3020639196184,18.333664421194545,-0.021007439151374378
4003.5021036501616,18.33114352849638,-0.008173178162719013
4005.701840873581,18.330162747116855,0.004127904983441285
4007.9014604032354,18.330658095714867,0.01568208291656613
4010.1011393747212,18.332539945664855,0.026900234026553147
4012.301044168201,18.33576797374804,0.03750547406606155
4014.5013363250505,18.34026863063597,0.047381507939334634
4016.702168560727,18.34595441158869,0.05664216281146871
4018.9036830901177,18.352751471126066,0.06538352828434811
4021.106013266653,18.36059749452019,0.07397214125813178
4023.3092849659956,18.369474151471163,0.082371878255546
4025.5136218641724,18.379358776861828,0.09074496777680141
4027.7191449173956,18.390248172995044,0.09886859591246455
4029.925974698155,18.40211240450454,0.10654465893071306
4032.1342281866955,18.414897763576224,0.11377815088076311
4034.3440159183247,18.428551141681915,0.12065147428516602
4036.5554420553267,18.443029318596135,0.12725112040801234
4038.768605573558,18.458299453045097,0.1334340746229941
4040.9836015079236,18.474311541999857,0.13922659946194463
4043.2005188929634,18.49101873393529,0.14449229702346741
4045.419441141036,18.508357809578108,0.1493183508818828
4047.6404440781853,18.526276011683933,0.1536728887408756
4049.8635971995873,18.54471675833284,0.15781737753875838
4052.0889632105873,18.56365484363749,0.16165639925227554
4054.316601791824,18.583053611547765,0.16501760176834826
4056.5465682252097,18.602855723759966,0.16797791929886285
4058.778910912061,18.62301307407583,0.17068118774073388
4061.01367248095,18.643494816604715,0.17322611885527728
4063.2508918589424,18.66428195086735,0.17560415956082226
4065.4906056930463,18.685354450014646,0.17761687306463186
4067.732848227048,18.7066684747824,0.17938473305949107
4069.977648444022,18.72819464274954,0.18082731699449148
4072.225031801152,18.749893920788878,0.18195529214000722
4074.475019071647,18.77172855584568,0.18283463546666692
4076.7276264983484,18.79366871210168,0.18347490699278962
4078.9828667438005,18.815685700940815,0.18414078194200878
4081.2407490279134,18.837782594773856,0.18480238071338165
4083.5012829392863,18.859958880459462,0.18542649879886583
4085.7644780049413,18.882210060315327,0.18623629524382085
4088.030343212179,18.904558415744585,0.18728899105081714
4090.2988902220686,18.927033094670684,0.18847032729622
4092.570134193429,18.94964953394623,0.18930144396244752
4094.8440921375027,18.972365707221723,0.18976770858240793
4097.12077602237,18.99513783225161,0.1898749096619159
4099.40019256224,19.01792282141104,0.18967010940780607
4101.682343300809,19.040683234539976,0.18920211199004902
4103.967225288954,19.063387487978783,0.18853462918368297
4106.254831787512,19.086011643480827,0.18770015128919051
4108.545153184729,19.10853566163553,0.1867316590208846
4110.838177464126,19.130943460718033,0.1855988148254609
4113.133890679412,19.15321531849709,0.1843044164061211
4115.432276517631,19.175331848465824,0.18276504148048028
4117.733316339447,19.197263653443482,0.18102106257686357
4120.03698797786,19.218986180952705,0.17906184759266983
4122.3432663195745,19.240473602663826,0.1769485438913756
4124.652123151895,19.26170742793079,0.17464487099387335
4126.963528043247,19.282664812450054,0.17214792437418394
4129.277447820741,19.303322563374955,0.16950990130610305
4131.593846528346,19.323663751531686,0.16677883595490317
4133.91268617853,19.343677211846273,0.16401921902006375
4136.233927443951,19.363359518128682,0.1612319099632446
4138.557530586127,19.38270734732427,0.15839100401415634
4140.883455467805,19.401714267805968,0.1554362574256632
4143.211661179942,19.42036661869705,0.15235709199375774
4145.542105174186,19.4386494697363,0.1491707270770216
4147.874743110554,19.456549956985544,0.14589230964438935
4150.209529105392,19.47405703414287,0.1425229027583592
4152.5464159494895,19.491159782473872,0.13904502501609245
4154.885355123386,19.5078451854758,0.13547993229827252
4157.226296545643,19.524102777351594,0.13179550152891334
4159.569188878925,19.539918237535062,0.1280176238795643
4161.913979067429,19.555280352400608,0.12418308503150342
4164.260612709717,19.57018232260439,0.12032031749982902
4166.6090345884295,19.584620760704368,0.11641714535596676
4168.959189079714,19.598590818147084,0.11245332452032218
4171.311019977891,19.612085217089522,0.108463107158108
4173.664470203942,19.625100789948494,0.10448919095951985
4176.019482298736,19.637639492863638,0.100512804072788
4178.375999037879,19.64970102935237,0.09653238631601027
4180.733963161401,19.661284915710294,0.09252261733823665
4183.093317351287,19.672387629790883,0.08851417941824541
4185.454003866862,19.683009331321074,0.08450841410920631
4187.81596498662,19.693150341014178,0.0805121067163389
4190.179143027542,19.70281179382014,0.07655617179220642
4192.5434804428,19.711998534435203,0.07267157722748802
4194.908920266932,19.7207191237025,0.06889399397066642
4197.275406561776,19.728986402978983,0.0652157579486851
4199.642884930134,19.736812293932825,0.061629433517553935
4202.011302405405,19.74420782595493,0.05814161497687162
4204.38060734452,19.751184819752154,0.05472286497292642
4206.75074952289,19.757751563548904,0.05134021767399953
4209.121679710516,19.763912389669784,0.04795740884731964
4211.493349197277,19.76966727873146,0.044585423324019886
4213.865709270724,19.775017529530345,0.04123523871565621
4216.238711374268,19.779965758176225,0.03792075539578251
4218.612307265249,19.784516248823717,0.034658490174120406
4220.986449215108,19.78867526764461,0.031461265994902905
4223.361090247226,19.792450619563997,0.02833573018656026
4225.736184321573,19.795850907186384,0.02528097521388104
4228.111686430436,19.79888462421205,0.022281733708437366
4230.487552585341,19.801558432257064,0.019331376681339604
4232.863739597212,19.803878197458825,0.01641618551147736
4235.240204980907,19.805848139720204,0.013547312124020982
4237.616906757674,19.807473817175087,0.01072947947257654
4239.993803615735,19.808761354711795,0.007973969022137938
4242.3708549783,19.809718230994452,0.00527949492674517
4244.748021166019,19.81035177038566,0.002651588903943322
4247.125263378465,19.810669961054135,9.874431169007489e-05
4249.502543773791,19.810681810371538,-0.0023683100230159435
4251.879825591036,19.810397613168774,-0.004746200071867544
4254.257073304616,19.80982806916015,-0.007045141498451039
4256.634252672915,19.808982652180337,-0.00927880246163089
4259.011330591176,19.80786919588494,-0.011457845727813129
4261.388274894683,19.806494254397602,-0.013580755455080527
4263.765054205211,19.804864563742992,-0.015646202381668528
4266.14163795286,19.80298701945719,-0.017657260281784954
4268.517996395195,19.800868148223376,-0.019611941705062336
4270.894100572982,19.79851471521877,-0.02151118926057339
4273.269922338808,19.7959333725075,-0.023353124420291426
4275.645434343509,19.793130997577062,-0.025141836322094106
4278.020610063219,19.79011397721841,-0.026872348777134767
4280.395423740485,19.786889295365153,-0.02853596212407393
4282.7698504559285,19.783464979910264,-0.030132922832739318
4285.143866253517,19.779849029170336,-0.03166627884148494
4287.517448137018,19.77604907570936,-0.03313697580756067
4289.8905740261025,19.772072638612453,-0.03454156033535445
4292.263222742736,19.76792765137221,-0.03587795873366327
4294.6353740609,19.763622296324172,-0.03715411647514064
4297.007008736459,19.759163802347157,-0.03836950878106834
4299.378108392741,19.75455946129343,-0.03952458676283631
4301.748655528096,19.74981651088189,-0.040613183075199906
4304.118633509402,19.744942928912863,-0.04163429331731607
4306.488026660872,19.739946813714784,-0.042585357733254676
4308.856820278517,19.734836570786793,-0.043460650622159466
4311.225000667012,19.729621292712135,-0.04425663597721245
4313.592555222137,19.72431049639487,-0.0449733702845198
4315.959472481704,19.71891369196073,-0.04561670199687073
4318.32574212474,19.713439687721106,-0.04619358140409355
4320.691354887266,19.707896457952614,-0.04670940662733679
4323.056302462221,19.702291329157333,-0.04717179847193392
4325.42057742172,19.696630713340703,-0.047583770191409365
4327.78417310732,19.690920660917733,-0.04794623482431557
4330.14708358663,19.685167112738814,-0.04825603649591959
4332.509303640159,19.6793763883593,-0.04851087138303153
4334.870828806762,19.67355508379334,-0.04870911499247208
4337.231655416817,19.667709989994243,-0.048849129426444454
4339.591780615617,19.66184809446307,-0.048931207234782725
4341.951202386952,19.655976349594898,-0.04895782927055758
4344.309919548903,19.65010141008243,-0.04893300434605178
4346.667931718113,19.644229449560907,-0.04886152182616034
4349.025239252061,19.638366066941767,-0.0487457613920134
4351.381843180094,19.632516575574726,-0.04858741756214137
4353.737745169163,19.62668608546727,-0.04838482859345799
4356.092947499419,19.620879906036055,-0.048136975866510306
4358.447453088143,19.615103468932073,-0.047842322856815035
4360.801265504415,19.609362390189254,-0.04750197493951668
4363.154388991237,19.603662153196513,-0.04711634937419658
4365.506828449621,19.59800819127161,-0.04668639552943945
4367.858589432573,19.59240582380808,-0.04621317715477417
4370.20967813143,19.586860242549506,-0.04569992834855512
4372.5601013605365,19.581376251147677,-0.04515160244462931
4374.909866510674,19.575958058854322,-0.044572032911852216
4377.258981477737,19.5706094149049,-0.043963317868103174
4379.607454607525,19.565333816760727,-0.04332663182659977
4381.955294665537,19.560134620941536,-0.04266338032374436
4384.30251082005,19.555015015302686,-0.04197535875570313
4386.649112621886,19.549977972252,-0.041262656762876486
4388.995109978557,19.545026453440457,-0.04052634457473648
4391.34051315297,19.54016329209149,-0.03976771883140853
4393.685332748021,19.53539116583172,-0.03898829572749222
4396.029579687921,19.53071257034442,-0.038188592797703716
4398.373265196362,19.526129939208694,-0.03736890133533248
4400.716400789067,19.521645671048454,-0.03653113798007187
4403.058998269593,19.517261934490843,-0.03567705944323305
4405.401069701732,19.512980687357654,-0.03480801297658385
4407.742627384215,19.508803725800465,-0.03392533668171911
4410.083683831311,19.504732685398658,-0.033030437027969685
4412.424251753559,19.5007690329553,-0.03212527329824773
4414.764344037513,19.49691400015951,-0.03120998973874456
4417.103973717532,19.493168801390862,-0.030284890570613173
4419.4431539737,19.489534614522388,-0.0293499610807697
4421.781898127442,19.486012619192696,-0.02840598823255206
4424.120219641745,19.48260390060479,-0.0274536795803016
4426.458132109818,19.479309459055155,-0.026493705379840676
4428.795649244904,19.476130214409576,-0.025527461058677783
4431.132784870633,19.473066919082534,-0.024557091867224087
4433.469552900923,19.470120068058467,-0.023585126567744297
4435.80596730909,19.467289852870337,-0.022614025602905402
4438.142042091435,19.46457616979799,-0.02164546444068603
4440.47779123181,19.461978714065108,-0.020680753148245887
4442.813228677498,19.45949702368732,-0.019720136681095818
4445.1483683203405,19.45713060728559,-0.018763684572688906
4447.483223993215,19.454878965136867,-0.01781139744624638
4449.817809469031,19.452741597443318,-0.016863677953341014
4452.152138460724,19.450717956088916,-0.0159211484167524
4454.486224615454,19.448807418278907,-0.014984621324909023
4456.820081505648,19.447009263719917,-0.014055333891067284
4459.153722617294,19.445322623652988,-0.013134762777188919
4461.487161332132,19.443746452119726,-0.01222426480005399
4463.820410906386,19.44227954034372,-0.011324801211139024
4466.153484451228,19.440920564198382,-0.010436857994748002
4468.486394918932,19.439668141239014,-0.009560700179094501
4470.819155095881,19.438520857217522,-0.008696184779889078
4473.151777598747,19.437477315043935,-0.007843314750517505
4475.484274876552,19.436536117273874,-0.007002214925566258
4477.816659210625,19.435695851482805,-0.006173585550310808
4480.148942712804,19.43495502121677,-0.005358110286368497
4482.48113731535,19.434312047982406,-0.00455657939795198
4484.813254761108,19.433765258454653,-0.003769865559834149
4487.145306592122,19.43331287458747,-0.0029990435446032486
4489.477304137073,19.432952989362118,-0.002245117683411131
4491.809258495796,19.43268357524011,-0.0015086510020928753
4494.141180524824,19.43250253711986,-0.0007899069053322505
4496.473080829279,19.43240774829122,-8.917748376326196e-05
4498.804969759074,19.432397046993167,0.0005933222875841292
4501.136857404713,19.43246824566768,0.0012574179841979096
4503.468753594193,19.43261913582578,0.0019031755188357075
4505.800667890492,19.432847516888042,0.0025304007965345067
4508.132609592519,19.433151164983627,0.0031388428346307714
4510.464587732316,19.433527826123782,0.003728301213222978
4512.7966110714515,19.433975222269368,0.00429866944985949
4515.128688098124,19.43449106260335,0.004849852461313362
4517.460827025637,19.435073044898708,0.005381602677270648
4519.7930357910245,19.43571883721998,0.0058937806113055005
4522.125322051491,19.436426090893338,0.0063863299896344495
4524.4576931823985,19.437192450492095,0.006859201080305581
4526.790156276457,19.43801555462173,0.00731245320236889
4529.122718143012,19.438893049006015,0.007746203136446608
4531.455385308893,19.439822593382388,0.008160795384396366
4533.7881640200985,19.440801888828517,0.008556473729126471
4536.121060246758,19.441828665676013,0.008933414867767366
4538.4540796866395,19.442900675460145,0.009291676233542252
4540.787227767694,19.44401567660817,0.009631284632483634
4543.1205096488875,19.44517143076407,0.009952223101275892
4545.453930220579,19.446365697536223,0.010254389015601596
4547.787494104284,19.447596224218096,0.010537656942568002
4550.1212056511895,19.448860743051203,0.010801990187620318
4552.455068940356,19.450156981873718,0.01104746205271985
4554.789087778181,19.451482677320044,0.011274343231019633
4557.12326569946,19.452835598507768,0.011483006880415817
4559.457605971281,19.454213559333418,0.011673948142065902
4561.792111598401,19.455614433110465,0.011847593702393484
4564.126785330374,19.457036144354753,0.012004293661873083
4566.461629667697,19.458476659594176,0.01214429773263496
4568.796646866848,19.45993397532209,0.012267821995482492
4571.131838943887,19.461406113961548,0.012375044313250254
4573.467207677562,19.46289111927914,0.012466113496438096
4575.802754611876,19.46438705289871,0.012541233321454293
4578.138481058223,19.465892000897288,0.012600718246799062
4580.474388098331,19.467404087086905,0.012644988060345115
4582.810476588781,19.468921485654146,0.012674511214932108
4585.146747167059,19.470442426999938,0.012689764053765117
4587.4832002583,19.47196519868639,0.012691246558904338
4589.8198360821425,19.47348814827346,0.012679386926041047
4592.156654659935,19.475009674704587,0.012654539053587415
4594.4936558209,19.476528219391017,0.012616953441911053
4596.830839207227,19.47804225380405,0.012566883313960362
4599.168204277683,19.479550279801725,0.012504583118968826
4601.505750311259,19.481050829776002,0.01243031030798455
4603.843476410832,19.482542467012962,0.012344346729833647
4606.181381506874,19.484023788620544,0.012247037106582662
4608.519464361508,19.485493433073334,0.01213879903671334
4610.8577235734765,19.48695008895774,0.012020070060354195
4613.1961575841515,19.488392497364984,0.011891260456918192
4615.534764683835,19.489819448619816,0.01175279939030072
4617.873543017669,19.49122978454665,0.011605108674717755
4620.212490591815,19.492622397587617,0.01144861271272099
4622.551605279526,19.493996231113144,0.01128367702560531
4624.8908848272595,19.495350272356216,0.01111065765086711
4627.230326859943,19.49668355127432,0.010929920630832174
4629.569928886095,19.49799514175002,0.010741837059828301
4631.909688303105,19.4992841621972,0.010546779375723632
4634.249602402569,19.500549775722288,0.010345113328181672
4636.5896683756555,19.50179118932167,0.010137223184094954
4638.929883318374,19.503007656103758,0.009923503368709546
4641.270244237106,19.504198476508,0.009704346108600478
4643.610748054288,19.505362998041033,0.009480160047570393
4645.951391614053,19.50650061724674,0.00925135021129524
4648.292171688123,19.507610779272095,0.009018317956714816
4650.633084981636,19.5086929774269,0.008781420262744139
4652.974128138927,19.50974674785843,0.008540982550740608
4655.31529774867,19.51077166576452,0.008297305800685646
4657.656590348562,19.5117673424606,0.008050677270858595
4659.9980024296565,19.512733423733103,0.007801375622132889
4662.339530440505,19.51366958880776,0.007549680168005284
4664.681170791162,19.514575550427917,0.007295886287181857
4667.022919857213,19.51545105678238,0.007040313959674161
4669.364773984027,19.51629589445754,0.006783297368695975
4671.706729491362,19.517109890141782,0.006525186922599552
4674.048782678179,19.517892912572496,0.006266327724099109
4676.390929827688,19.518644871899387,0.0060070523705343945
4678.7331672123155,19.519365718183852,0.0057476529719555055
4681.075491098498,19.52005543654049,0.005488392348406719
4683.417897750883,19.5207140436223,0.005229511096380888
4685.760383436117,19.521341584953863,0.004971243018947394
4688.102944426311,19.521938134116137,0.004713816605171503
4690.445577002405,19.522503792108758,0.004457464421016612
4692.788277457458,19.52303868783928,0.004202437148547378
4695.131042099999,19.523542980297105,0.003949000213880524
4697.473867257635,19.52401686032277,0.003697418384111616
4699.816749280873,19.524460550528865,0.0034479422863969763
4702.159684546937,19.524874303603234,0.003200803561404173
4704.502669463369,19.5252584000306,0.002956217431060361
4706.845700471373,19.52561314612233,0.0027143688612052885
4709.188774048907,19.525938870385673,0.002475418648995558
4711.531886713354,19.526235920623552,0.002239509419994926
4713.875035023829,19.52650466175395,0.00200678329903986
4716.218215583239,19.526745475749834,0.001777383307253322
4718.561425040329,19.526958761746705,0.0015514531803776216
4720.904660091738,19.52714493612835,0.0013291422782522235
4723.247917484074,19.527304433201742,0.001110604726166967
4725.591194016058,19.527437705768882,0.0008959925148180239
4727.93448654075,19.52754522487066,0.0006854465956139976
4730.277791967735,19.527627478462133,0.000479092943384534
4732.62110726515,19.52768496961534,0.00027705092863164737
4734.964429461505,19.527718215726775,7.942694050944441e-05
4737.307755647392,19.527727746959638,-0.0001136835940849858
4739.651082977027,19.527714104928346,-0.00030219952233841727
4741.994408669618,19.527677840985668,-0.0004860445137922711
4744.337730010536,19.527619515644012,-0.0006651448970647246
4746.681044352413,19.527539698256366,-0.0008394309935408707
4749.024349116204,19.52743896653714,-0.0010088365981735733
4751.367641792188,19.52731790614536,-0.0011732992141749161
4753.710919940925,19.52717711023966,-0.0013327597761351984
4756.054181194154,19.527017179066522,-0.001487164794068044
4758.397423255642,19.526838719291234,-0.0016364687710611506
4760.740643901957,19.526642343038706,-0.0017806323185632165
4763.083840983121,19.526428667160477,-0.0019196268189392706
4765.427012423181,19.526198311942206,-0.0020534349579679188
4767.770156220614,19.52595189974725,-0.002182052730755943
4770.1132704485835,19.525690053419556,-0.0023054845353747545
4772.456353254994,19.52541339527531,-0.002423740460779497
4774.799402862427,19.525122546420018,-0.002536834288194148
4777.142417567998,19.524818126305433,-0.0026447810918357553
4779.485395743154,19.52450075257441,-0.00274759487759906
4781.828335833463,19.5241710411891,-0.0028452880854462023
4784.171236358406,19.523829606618847,-0.0029378740178988764
4786.5140959112,19.5234770617367,-0.003025370527170656
4788.856913158608,19.52311401727344,-0.0031078007626122667
4791.199686840681,19.522741081181927,-0.0031851964374717385
4793.542415770423,19.52235885760943,-0.0032575984213420225
4795.885098833336,19.521967945798867,-0.003325058245483435
4798.227734986832,19.52156893880941,-0.0033876331679923415
4800.570323259489,19.52116242282925,-0.0034453834750655154
4802.912862750229,19.520748976812243,-0.0034983699923806203
4805.255352627446,19.520329172413156,-0.0035466536385716793
4807.597792128136,19.519903573976528,-0.003590294157770434
4809.940180557012,19.519472738677596,-0.0036293500215616474
4812.282517285654,19.51903721667501,-0.0036638818539718645
4814.624801751655,19.518597550852533,-0.0036939562209095953
4816.967033457757,19.518154276106024,-0.00371964670016426
4819.30921197089,19.517707918502005,-0.003741033629759269
4821.65133692111,19.517258994466435,-0.0037582027749394203
4823.993408000446,19.516808010133442,-0.0037712459623044313
4826.335424961662,19.516355460617966,-0.0037802581060073083
4828.677387616936,19.515901829645244,-0.0037853349003299417
4831.019295836494,19.515447589457207,-0.003786570611328276
4833.361149547229,19.51499320098385,-0.003784058236811693
4835.702948731347,19.514539113995433,-0.003777890088223076
4838.044693425026,19.514085767184845,-0.003768157806261892
4840.386383717088,19.513633588248094,-0.0037549538198685425
4842.728019747678,19.51318299378971,-0.003738373026196317
4845.069601706933,19.512734389026566,-0.0037185133953453876
4847.4111298336165,19.512288167419126,-0.0036954757412481294
4849.752604413707,19.511844710330177,-0.003669362253129109
4852.094025778946,19.5114043868598,-0.0036402770609977315
4854.435394305369,19.51096755361248,-0.0036083251435351125
4856.776710411803,19.510534554595257,-0.003573611808475858
4859.117974558354,19.51010572117824,-0.0035362413985151205
4861.4591872448955,19.509681372210416,-0.0034963173200314316
4863.800349009561,19.509261814132014,-0.003453942323417161
4866.141460427257,19.508847341053205,-0.0034092184741079637
4868.482522108183,19.508438234836312,-0.003362247429224778
4870.823534696363,19.508034765144806,-0.0033131309870036477
4873.16449886818,19.507637189426365,-0.0032619714308658077
4875.505415330911,19.50724575285466,-0.0032088717688253726
4877.846284821254,19.5068606882424,-0.0031539353694129036
4880.187108103843,19.506482215998073,-0.003097266401993107
4882.527885969762,19.506110544029834,-0.0030389692764606364
4884.868619235045,19.50574586771666,-0.0029791480488071268
4887.209308739171,19.5053883699508,-0.002917905295044514
4889.549955343566,19.505038221315395,-0.002855341719603533
4891.890559930123,19.504695580309043,-0.002791555896619954
4894.231123399761,19.504360593601447,-0.002726643947858417
4896.571646670993,19.504033396327703,-0.0026606995888812167
4898.912130678552,19.503714112377036,-0.00259381475185114
4901.252576372037,19.503402854606815,-0.002526080463775945
4903.59298471459,19.503099724951163,-0.002457587358940316
4905.933356681584,19.50280481446809,-0.002388425557240509
4908.27369325932,19.50251820340122,-0.002318684796691625
4910.613995443728,19.502239961225616,-0.0022484540198110144
4912.954264239074,19.50197014674324,-0.002177820925751445
4915.294500656683,19.50170880823215,-0.0021068708723761334
4917.634705713671,19.501455983727464,-0.002035686526982445
4919.974880431718,19.501211701344225,-0.0019643477838910445
4922.315025835879,19.500975979610157,-0.0018929319354985161
4924.655142953432,19.500748827777898,-0.0018215138850504091
4926.995232812766,19.50053024611169,-0.001750166659623133
4929.335296442299,19.500320226112535,-0.0016789621979917762
4931.675334869433,19.500118750648777,-0.0016079717581751816
4934.015349119511,19.499925794037797,-0.001537265640587231
4936.355340214795,19.499741322160926,-0.0014669128544176238
4938.695309173455,19.499565292618396,-0.001396980631790316
4941.035257008569,19.49939765494258,-0.0013275341973719688
4943.3751847271615,19.499238350838894,-0.0012586361334494742
4945.715093329262,19.49908731450288,-0.0011903461257487776
4948.054983807003,19.49894447296779,-0.0011227209694913672
4950.394857143759,19.49880974645145,-0.0010558148511051286
4952.734714313333,19.498683048669317,-0.0009896796570087348
4955.0745562791735,19.498564287110476,-0.0009243652023260462
4957.414383993627,19.498453363286195,-0.0008599195782026915
4959.754198397221,19.49835017293681,-0.0007963893374410002
4962.094000417974,19.498254606216317,-0.0007338193737616309
4964.43379097072,19.498166547891465,-0.0006722527533450021
4966.773570956467,19.498085877561063,-0.000611730455647376
4969.113341261774,19.498012469906385,-0.0005522913555149895
4971.4531027581625,19.497946194943722,-0.0004939719940524582
4973.792856301556,19.497886918304435,-0.0004368065267511409
4976.132602731752,19.497834501521226,-0.00038082672957108395
4978.472342871934,19.49778880231368,-0.00032606216765004305
4980.812077528212,19.497749674853562,-0.00027254033408797467
4983.151807489195,19.49771697001347,-0.00022028675483374503
4985.491533525596,19.497690535602892,-0.00016932515151670525
4987.831256389869,19.49767021658471,-0.00011967760095574787
4990.170976815859,19.497655855272594,-7.136455829956563e-05
4992.510695518492,19.4976472915256,-2.4404843668755305e-05
4994.850413193475,19.49764436294436,2.1184447535599026e-05
4997.190130517029,19.497646905078064,6.538794802995582e-05
4999.5298481456375,19.497654751631828,0.00010819218889781229
5001.869566715834,19.497667734694495,0.00014958570922648007
5004.209286843997,19.4976856849796,0.0001895591298181943
5006.5490091261945,19.49770843207518,0.00022810506881766458
5008.888734138043,19.497735804683437,0.00026521805477256686
5011.228462434605,19.49776763085001,0.00030089443371066716
5013.5681945503065,19.497803738182057,0.00033513218956991725
5015.907930998888,19.497843954044807,0.0003679307184112439
5018.247672273374,19.49788810573102,0.00039929067383979625
5020.587418846061,19.497936020611878,0.0004292139476983615
5022.927171168534,19.497987526285602,0.00045770374394555696
5025.266929671689,19.498042450734875,0.0004847646088555855
5027.606694765776,19.49810062248794,0.0005104025380583967
5029.946466840475,19.498161870792508,0.0005346250491637347
5032.28624626497,19.498226025798406,0.0005574412510594201
5034.6260333880655,19.498292918748533,0.0005788617453384175
5036.965828538316,19.498362382157975,0.0005988984825784014
5039.305632024175,19.498434249975883,0.0006175646103514178
5041.645444134172,19.498508357729126,0.0006348743182995187
5043.985265137099,19.498584542647322,0.0006508426794240472
5046.325095282217,19.498662643768853,0.0006654855386396532
5048.66493479947,19.49874250203349,0.0006788195128141004
5051.004783899714,19.498823960375027,0.0006908620881572706
5053.3446427749595,19.498906863825606,0.0007016316808906038
5055.684511598619,19.498991059627315,0.0007111477025183142
5058.024390525774,19.49907639735162,0.0007194305673814725
5060.364279693456,19.499162729019705,0.0007265017039890426
5062.704179220938,19.499249909224183,0.0007323834695939055
5065.044089210045,19.499337795240535,0.0007370990232165644
5067.384009745474,19.49942624712332,0.0007406721951760028
5069.723940895129,19.49951512778674,0.0007431273774903231
5072.063882710463,19.49960430307204,0.0007444894429088193
5074.403835226832,19.499693641805187,0.0007447836834025115
5076.743798463848,19.499783015847196,0.0007440357971908127
5079.08377242575,19.499872300142858,0.0007422719201510102
5081.4237571017675,19.499961372773274,0.0007395186372123435
5083.763752466501,19.50005011500974,0.0007358029911059737
5086.103758480302,19.50013841136867,0.0007311524559399624
5088.443775089666,19.500226149663384,0.00072559491919296
5090.7838022276255,19.500313221053688,0.0007191586182764554
5093.123839814152,19.500399520087882,0.0007118720615638117
5095.463887756563,19.50048494473527,0.0007037639485946491
5097.803945949931,19.5005693964091,0.0006948631080168095
5100.144014277501,19.500652779982065,0.0006851984458296973
5102.484092611099,19.500735003795565,0.0006747988943116689
5104.8241808115545,19.50081597966288,0.0006636933806341267
5107.164278729114,19.50089562286856,0.0006519108261790095
5109.504386203858,19.5009738521677,0.0006394801476815487
5111.844503066119,19.50105058978542,0.0006264302594657238
5114.184629136893,19.501125761416557,0.0006127900636099647
5116.524764228263,19.50119929622419,0.0005985884528191618
5118.86490814381,19.501271126838528,0.0005838542861413089
5121.205060679031,19.501341189352864,0.0005686163453958428
5123.545221621753,19.50140942331431,0.0005529032746977665
5125.885390752551,19.501475771707273,0.0005367435275751475
5128.225567845156,19.501540180930583,0.0005201653193668025
5130.565752666867,19.50160260076891,0.0005031965743047733
5132.905944978959,19.501662984357825,0.00048586488699290016
5135.246144537082,19.501721288144264,0.0004681975118630214
5137.586351091659,19.50177747184569,0.00045022137299321146
5139.92656438828,19.501831498410446,0.00043196307877244137
5142.2667841680895,19.501883333979897,0.00041344892068811935
5144.607010168167,19.50193294785038,0.00039470487700549574
5146.947242121909,19.501980312435624,0.00037575659607375257
5149.287479759401,19.50202540322715,0.00035662936680072853
5151.627722807789,19.502068198751168,0.0003373480673682944
5153.967970991639,19.502108680519253,0.00031793711752616644
5156.3082240333015,19.502146832973356,0.00029842044116198404
5158.648481653258,19.502182643426295,0.00027882143918643224
5160.9887435704695,19.502216101998997,0.00025916297477940266
5163.32900950271,19.50224720155597,0.00023946737634964515
5165.669279166897,19.502275937641134,0.0002197564566993828
5168.009552279414,19.50230230841594,0.00020005153493605221
5170.349828556424,19.50232631460013,0.00018037344264376802
5172.690107714176,19.502347959413246,0.00016074252532898042
5175.030389469305,19.502367248516286,0.0001411786290613832
5177.370673539127,19.502384189951773,0.00012170108081847188
5179.710959641921,19.502398794081472,0.00010232865705385325
5182.051247497211,19.502411073520317,8.307955503232631e-05
5184.391536826033,19.50242104306692,6.397137434418991e-05
5186.731827351201,19.50242871963184,4.502110757407167e-05
5189.072118797557,19.50243412216475,2.6245140861116e-05
5191.412410892217,19.502437271581655,7.659260004845691e-06
5193.752703364807,19.502438190692857,-1.0721334712320907e-05
5196.09299594769,19.50243690413269,-2.8882015890685773e-05
5198.433288376185,19.502433438290783,-4.680872242273337e-05
5200.77358038878,19.502427821244094,-6.448795912548056e-05
5203.113871727329,19.502420082689,-8.190679957524325e-05
5205.454162137252,19.50241025387305,-9.905289331781505e-05
5207.794451367717,19.502398367525853,-0.00011591447710537101
5210.13473917182,19.5023844577886,-0.0001324803853782536
5212.475025306755,19.502368560142354,-0.00014874005361465453
5214.815309533972,19.50235071133592,-0.0001646835165957233
5217.155591619333,19.50233094931393,-0.00018030140342537758
5219.495871333251,19.502309313145517,-0.00019558492902583242
5221.836148450829,19.502285842954034,-0.00021052588225115845
5224.176422751983,19.502260579848166,-0.00022511660957554285
5226.516694021565,19.50223356585502,-0.0002393500030382272
5228.856962049467,19.502204843854653,-0.00025321949041792253
5231.19722663073,19.502174457515803,-0.0002667190281743373
5233.537487565633,19.502142451232423,-0.00027984309486754866
5235.877744659781,19.50210887006104,-0.000292586691618419
5238.217997724188,19.502073759658046,-0.0003049453421494272
5240.558246575347,19.502037166216986,-0.0003169150938971858
5242.898491035293,19.50199913640572,-0.0003284925123534998
5245.238730931662,19.501959717304235,-0.0003396746747558627
5247.578966097738,19.501918956343264,-0.00035045916054768817
5249.919196372499,19.501876901244,-0.00036084403808670006
5252.259421600648,19.50183359995943,-0.0003708278461501857
5254.599641632643,19.50178910061789,-0.00038040957693630424
5256.939856324718,19.50174345146866,-0.00038958866148860604
5259.280065538894,19.50169670082928,-0.0003983649588419835
5261.6202691429935,19.501648897034222,-0.00040673874819643983
5263.960467010637,19.50160008838444,-0.00041471072223036714
5266.3006590212435,19.50155032309777,-0.0004222819852887769
5268.640845060016,19.501499649259536,-0.00042945404877178507
5270.981025017927,19.501448114773684,-0.00043622882416292837
5273.3211987917,19.501395767314783,-0.00044260861183770354
5275.661366283778,19.501342654281363,-0.00044859608653250566
5278.001527402292,19.50128882275098,-0.00045419428052156127
5280.341682061022,19.501234319437316,-0.00045940656492571405
5282.681830179355,19.501179190649523,-0.000464236631379806
5285.021971682233,19.501123482253757,-0.00046868847709415925
5287.362106500103,19.501067239636505,-0.0004727663932355006
5289.70223456886,19.501010507669317,-0.00047647495616059136
5292.042355829781,19.500953330674577,-0.0004798190193525263
5294.382470229461,19.500895752392253,-0.00048280370731128454
5296.722577719748,19.500837815947374,-0.00048543440906467127
5299.062678257662,19.500779563818288,-0.0004877167674177987
5301.40277180532,19.500721037806198,-0.0004896566668098701
5303.742858329857,19.500662279006182,-0.0004912602190438211
5306.082937803338,19.500603327779896,-0.0004925337478978063
5308.423010202671,19.50054422373015,-0.0004934837735525178
5310.763075509519,19.500485005677323,-0.0004941169977638856
5313.1031337102,19.50042571163759,-0.0004944402910971449
5315.443184795597,19.500366378802656,-0.0004944606824098577
5317.783228761053,19.500307043520767,-0.0004941853496343501
5320.123265606275,19.500247741278812,-0.0004936216109629947
5322.463295335228,19.500188506685497,-0.000492776916526881
5324.803317956031,19.500129373455515,-0.0004916588397741473
5327.143333480845,19.500070374394742,-0.0004902750679491766
5329.483341925773,19.500011541386588,-0.0004886333908193034
5331.823343310739,19.49995290537969,-0.00048674168782465667
5334.1633376593845,19.499894496377152,-0.0004846079167958133
5336.50332499895,19.499836343427138,-0.0004822401004812667
5338.843305360161,19.49977847461508,-0.00047964631482960577
5341.1832787771145,19.4997209170573,-0.00047683467799947637
5343.523245287161,19.49966369689594,-0.00047381333994989014
5345.863204930789,19.499606839295147,-0.00047059047380813547
5348.2031577515045,19.49955036843829,-0.0004671742679832389
5350.543103795717,19.49949430752613,-0.00046357291870191645
5352.88304311262,19.49943867877589,-0.0004597946231344397
5355.222975754073,19.49938350342111,-0.0004558475717385619
5357.562901774483,19.4993288017125,-0.00045173994072576605
5359.9028212306885,19.499274592919615,-0.00044747988316625153
5362.242734181838,19.499220895333636,-0.00044307551987473107
5364.582640689278,19.49916772627125,-0.000438534930203461
5366.922540816431,19.499115102079625,-0.00043386614278504484
5369.26243462868,19.49906303814249,-0.0004290771263908953
5371.602322193257,19.499011548887324,-0.00042417578338204044
5373.942203579124,19.498960647793318,-0.0004191699420612498
5376.282078856859,19.49891034740027,-0.0004140673521860636
5378.621948098546,19.498860659318005,-0.00040887567996588097
5380.961811377664,19.498811594236408,-0.00040360250340636903
5383.301668768972,19.498763161935997,-0.0003982553075652048
5385.641520348405,19.498715371299088,-0.0003928414794408506
5387.981366192961,19.498668230321556,-0.00038736830198747715
5390.3212063805995,19.498621746125316,-0.00038184294783296486
5392.661040990134,19.498575924971576,-0.0003762724723032901
5395.000870101131,19.4985307722749,-0.00037066380819615347
5397.340693793804,19.498486292617915,-0.000365023758948702
5399.680512148919,19.49844248976684,-0.00035935899527059234
5402.02032524769,19.49839936668741,-0.00035367605121977016
5404.360133171693,19.49835692556126,-0.0003479813218217992
5406.69993600276,19.49831516780264,-0.0003422810603432371
5409.039733822897,19.4982740940754,-0.00033658137680582994
5411.379526714186,19.49823370431018,-0.00033088823535385104
5413.719314758703,19.498193997721938,-0.0003252074515519065
5416.0590980384295,19.498154972827752,0.0
